"","time","open","high","low","close","volume"
"1",2020-08-01 00:10:00,36.42,36.42,36.42,36.42,3
"2",2020-08-01 00:12:00,36.41,36.41,36.4,36.4,47
"3",2020-08-01 00:17:00,36.42,36.42,36.42,36.42,11
"4",2020-08-01 00:20:00,36.42,36.42,36.42,36.42,3
"5",2020-08-01 00:28:00,36.36,36.36,36.36,36.36,56
"6",2020-08-01 00:29:00,36.36,36.36,36.36,36.36,1
"7",2020-08-01 00:30:00,36.4,36.4,36.32,36.32,8
"8",2020-08-01 00:36:00,36.42,36.42,36.42,36.42,1
"9",2020-08-01 00:41:00,36.42,36.42,36.42,36.42,2
"10",2020-08-01 00:45:00,36.42,36.42,36.42,36.42,2
"11",2020-08-01 00:47:00,36.42,36.42,36.42,36.42,13
"12",2020-08-01 01:01:00,36.5,36.5,36.5,36.5,2
"13",2020-08-01 01:03:00,36.5,36.5,36.5,36.5,10
"14",2020-08-01 01:07:00,36.5,36.5,36.5,36.5,8
"15",2020-08-01 01:08:00,36.5,36.5,36.5,36.5,1
"16",2020-08-01 01:09:00,36.5,36.5,36.5,36.5,7
"17",2020-08-01 01:10:00,36.5,36.5,36.5,36.5,2
"18",2020-08-01 01:12:00,36.5,36.5,36.5,36.5,1
"19",2020-08-01 01:14:00,36.5,36.5,36.5,36.5,2
"20",2020-08-01 01:15:00,36.5,36.5,36.5,36.5,1
"21",2020-08-01 01:16:00,36.5,36.5,36.5,36.5,1
"22",2020-08-01 01:18:00,36.5,36.5,36.5,36.5,1
"23",2020-08-01 01:20:00,36.5,36.5,36.5,36.5,1
"24",2020-08-01 01:22:00,36.41,36.5,36.41,36.5,2001
"25",2020-08-01 01:23:00,36.45,36.45,36.45,36.45,2000
"26",2020-08-03 10:01:00,36.52,36.52,36.52,36.52,2
"27",2020-08-03 10:02:00,36.52,36.52,36.52,36.52,3
"28",2020-08-03 10:03:00,36.52,36.52,36.52,36.52,2
"29",2020-08-03 10:07:00,36.4,36.43,36.4,36.43,6
"30",2020-08-03 10:08:00,36.28,36.28,36.28,36.28,1
"31",2020-08-03 10:09:00,36.26,36.26,36.25,36.25,12
"32",2020-08-03 10:10:00,36.25,36.28,36.25,36.28,2
"33",2020-08-03 10:12:00,36.28,36.28,36.28,36.28,1
"34",2020-08-03 10:14:00,36.39,36.39,36.39,36.39,2
"35",2020-08-03 10:15:00,36.39,36.39,36.39,36.39,3
"36",2020-08-03 10:16:00,36.26,36.38,36.26,36.38,155
"37",2020-08-03 10:18:00,36.28,36.28,36.28,36.28,1
"38",2020-08-03 10:20:00,36.29,36.29,36.29,36.29,6
"39",2020-08-03 10:26:00,36.34,36.38,36.28,36.38,4
"40",2020-08-03 10:27:00,36.36,36.37,36.36,36.37,19
"41",2020-08-03 10:34:00,36.3,36.3,36.3,36.3,5
"42",2020-08-03 10:35:00,36.3,36.37,36.3,36.37,21
"43",2020-08-03 10:36:00,36.3,36.3,36.3,36.3,3
"44",2020-08-03 10:37:00,36.35,36.35,36.35,36.35,1
"45",2020-08-03 10:38:00,36.37,36.37,36.37,36.37,1
"46",2020-08-03 10:47:00,36.32,36.32,36.32,36.32,3
"47",2020-08-03 10:48:00,36.33,36.33,36.33,36.33,13
"48",2020-08-03 10:52:00,36.37,36.37,36.37,36.37,2
"49",2020-08-03 11:01:00,36.33,36.33,36.33,36.33,3
"50",2020-08-03 11:03:00,36.33,36.33,36.33,36.33,20
"51",2020-08-03 11:04:00,36.49,36.49,36.49,36.49,10
"52",2020-08-03 11:06:00,36.49,36.49,36.49,36.49,1
"53",2020-08-03 11:10:00,36.42,36.42,36.42,36.42,1
"54",2020-08-03 11:11:00,36.42,36.42,36.42,36.42,11
"55",2020-08-03 11:12:00,36.49,36.49,36.49,36.49,2
"56",2020-08-03 11:17:00,36.42,36.42,36.42,36.42,8
"57",2020-08-03 11:26:00,36.5,36.5,36.5,36.5,3
"58",2020-08-03 11:31:00,36.41,36.41,36.41,36.41,2
"59",2020-08-03 11:36:00,36.5,36.55,36.5,36.55,6
"60",2020-08-03 11:38:00,36.62,36.62,36.62,36.62,3
"61",2020-08-03 11:39:00,36.62,36.62,36.62,36.62,1
"62",2020-08-03 11:40:00,36.62,36.62,36.62,36.62,20
"63",2020-08-03 11:41:00,36.62,36.62,36.62,36.62,6
"64",2020-08-03 11:43:00,36.57,36.57,36.57,36.57,3
"65",2020-08-03 11:46:00,36.57,36.57,36.57,36.57,1
"66",2020-08-03 11:47:00,36.69,36.69,36.69,36.69,3
"67",2020-08-03 11:50:00,36.68,36.68,36.68,36.68,1
"68",2020-08-03 11:52:00,36.69,36.69,36.69,36.69,1
"69",2020-08-03 11:53:00,36.7,36.7,36.7,36.7,1
"70",2020-08-03 11:54:00,36.69,36.7,36.69,36.7,11
"71",2020-08-03 12:13:00,36.67,36.67,36.67,36.67,73
"72",2020-08-03 12:23:00,36.65,36.65,36.65,36.65,1
"73",2020-08-03 12:30:00,36.59,36.65,36.59,36.65,2
"74",2020-08-03 12:31:00,36.65,36.65,36.65,36.65,1
"75",2020-08-03 12:35:00,36.55,36.55,36.55,36.55,2
"76",2020-08-03 12:44:00,36.64,36.65,36.64,36.65,14
"77",2020-08-03 12:52:00,36.55,36.55,36.55,36.55,1
"78",2020-08-03 12:59:00,36.58,36.58,36.58,36.58,3
"79",2020-08-03 13:12:00,36.68,36.74,36.68,36.74,19
"80",2020-08-03 13:16:00,36.59,36.59,36.59,36.59,1
"81",2020-08-03 13:17:00,36.59,36.59,36.59,36.59,1
"82",2020-08-03 13:24:00,36.73,36.73,36.73,36.73,1
"83",2020-08-03 13:32:00,36.74,36.74,36.74,36.74,40
"84",2020-08-03 13:39:00,36.61,36.61,36.61,36.61,40
"85",2020-08-03 14:03:00,36.71,36.71,36.71,36.71,30
"86",2020-08-03 14:06:00,36.74,36.74,36.74,36.74,15
"87",2020-08-03 14:07:00,36.6,36.74,36.6,36.74,16
"88",2020-08-03 14:09:00,36.76,36.76,36.76,36.76,18
"89",2020-08-03 14:10:00,36.76,36.76,36.76,36.76,2
"90",2020-08-03 14:11:00,36.76,36.76,36.76,36.76,5
"91",2020-08-03 14:13:00,36.62,36.62,36.62,36.62,3
"92",2020-08-03 14:25:00,36.65,36.75,36.65,36.75,3
"93",2020-08-03 14:27:00,36.83,36.83,36.83,36.83,2
"94",2020-08-03 14:29:00,36.84,36.84,36.84,36.84,1
"95",2020-08-03 14:35:00,36.65,36.65,36.65,36.65,2
"96",2020-08-03 14:36:00,36.74,36.76,36.74,36.76,12
"97",2020-08-03 14:38:00,36.84,36.96,36.78,36.96,11286
"98",2020-08-03 14:39:00,36.83,36.83,36.83,36.83,100
"99",2020-08-03 14:41:00,36.83,36.83,36.83,36.83,2
"100",2020-08-03 14:46:00,36.67,36.67,36.67,36.67,1
"101",2020-08-03 14:56:00,36.66,36.66,36.66,36.66,8
"102",2020-08-03 14:57:00,36.66,36.66,36.66,36.66,1
"103",2020-08-03 14:59:00,36.65,36.65,36.65,36.65,10
"104",2020-08-03 15:06:00,36.62,36.62,36.6,36.6,53
"105",2020-08-03 15:08:00,36.61,36.61,36.61,36.61,1
"106",2020-08-03 15:12:00,36.61,36.61,36.61,36.61,6
"107",2020-08-03 15:13:00,36.66,36.66,36.66,36.66,13
"108",2020-08-03 15:14:00,36.66,36.66,36.66,36.66,50
"109",2020-08-03 15:16:00,36.66,36.66,36.66,36.66,8
"110",2020-08-03 15:17:00,36.66,36.66,36.66,36.66,3
"111",2020-08-03 15:18:00,36.62,36.62,36.61,36.61,15
"112",2020-08-03 15:20:00,36.61,36.61,36.61,36.61,100
"113",2020-08-03 15:29:00,36.66,36.66,36.66,36.66,1
"114",2020-08-03 15:30:00,36.61,36.61,36.61,36.61,1
"115",2020-08-03 15:40:00,36.65,36.65,36.65,36.65,15
"116",2020-08-03 15:42:00,36.66,36.66,36.66,36.66,1
"117",2020-08-03 15:46:00,36.65,36.65,36.65,36.65,20
"118",2020-08-03 15:47:00,36.65,36.65,36.65,36.65,3
"119",2020-08-03 15:49:00,36.62,36.65,36.62,36.65,9
"120",2020-08-03 15:52:00,36.65,36.65,36.65,36.65,10
"121",2020-08-03 15:54:00,36.66,36.79,36.66,36.79,14
"122",2020-08-03 15:57:00,36.61,36.74,36.61,36.74,7
"123",2020-08-03 15:58:00,36.75,36.75,36.75,36.75,5
"124",2020-08-03 15:59:00,36.63,36.72,36.63,36.72,21
"125",2020-08-03 16:01:00,36.7,36.7,36.69,36.69,80
"126",2020-08-03 16:02:00,36.63,36.63,36.63,36.63,25
"127",2020-08-03 16:03:00,36.63,36.63,36.63,36.63,1
"128",2020-08-03 16:04:00,36.61,36.61,36.61,36.61,3
"129",2020-08-03 16:06:00,36.62,36.62,36.62,36.62,1
"130",2020-08-03 16:09:00,36.6,36.6,36.59,36.59,106
"131",2020-08-03 16:10:00,36.59,36.59,36.59,36.59,24
"132",2020-08-03 16:11:00,36.6,36.6,36.58,36.59,19
"133",2020-08-03 16:12:00,36.61,36.61,36.61,36.61,10
"134",2020-08-03 16:14:00,36.61,36.61,36.61,36.61,87
"135",2020-08-03 16:18:00,36.74,36.74,36.74,36.74,1
"136",2020-08-03 16:19:00,36.61,36.61,36.61,36.61,1
"137",2020-08-03 16:23:00,36.74,36.74,36.7,36.7,401
"138",2020-08-03 16:28:00,36.7,36.7,36.7,36.7,50
"139",2020-08-03 16:29:00,36.65,36.65,36.59,36.59,7
"140",2020-08-03 16:30:00,36.59,36.66,36.5,36.66,30
"141",2020-08-03 16:31:00,36.5,36.5,36.39,36.41,1352
"142",2020-08-03 16:32:00,36.42,36.49,36.19,36.19,40380
"143",2020-08-03 16:33:00,36.19,36.28,36.14,36.27,37767
"144",2020-08-03 16:34:00,36.27,36.3,36.2,36.21,39112
"145",2020-08-03 16:35:00,36.2,36.31,36.11,36.12,29287
"146",2020-08-03 16:36:00,36.13,36.14,36.07,36.12,11748
"147",2020-08-03 16:37:00,36.13,36.16,36.02,36.06,26997
"148",2020-08-03 16:38:00,36.05,36.06,35.95,35.99,35114
"149",2020-08-03 16:39:00,35.97,36.07,35.97,36.06,14452
"150",2020-08-03 16:40:00,36.06,36.07,35.98,36.02,7850
"151",2020-08-03 16:41:00,36.01,36.07,35.99,36.03,12367
"152",2020-08-03 16:42:00,36.01,36.03,35.99,36.01,7289
"153",2020-08-03 16:43:00,36,36.04,35.95,35.99,12715
"154",2020-08-03 16:44:00,35.95,36,35.91,35.91,5082
"155",2020-08-03 16:45:00,35.9,35.99,35.9,35.98,8652
"156",2020-08-03 16:46:00,35.98,36.08,35.97,36.08,11719
"157",2020-08-03 16:47:00,36.08,36.08,36,36.02,9391
"158",2020-08-03 16:48:00,36.03,36.14,36.03,36.07,6124
"159",2020-08-03 16:49:00,36.07,36.1,36.05,36.05,4392
"160",2020-08-03 16:50:00,36.04,36.14,36.04,36.12,5169
"161",2020-08-03 16:51:00,36.11,36.21,36.11,36.2,5247
"162",2020-08-03 16:52:00,36.19,36.21,36.17,36.21,3833
"163",2020-08-03 16:53:00,36.22,36.24,36.2,36.21,2748
"164",2020-08-03 16:54:00,36.22,36.25,36.21,36.25,4440
"165",2020-08-03 16:55:00,36.25,36.29,36.24,36.29,2191
"166",2020-08-03 16:56:00,36.28,36.33,36.26,36.29,9517
"167",2020-08-03 16:57:00,36.29,36.34,36.28,36.29,4964
"168",2020-08-03 16:58:00,36.29,36.29,36.24,36.26,6651
"169",2020-08-03 16:59:00,36.26,36.3,36.23,36.29,6588
"170",2020-08-03 17:00:00,36.31,36.34,36.3,36.31,4074
"171",2020-08-03 17:01:00,36.3,36.36,36.3,36.35,8362
"172",2020-08-03 17:02:00,36.36,36.38,36.34,36.35,3872
"173",2020-08-03 17:03:00,36.34,36.43,36.34,36.41,9530
"174",2020-08-03 17:04:00,36.41,36.41,36.33,36.33,5006
"175",2020-08-03 17:05:00,36.32,36.32,36.25,36.27,11484
"176",2020-08-03 17:06:00,36.27,36.31,36.26,36.28,8789
"177",2020-08-03 17:07:00,36.28,36.32,36.28,36.32,13872
"178",2020-08-03 17:08:00,36.32,36.33,36.21,36.24,13544
"179",2020-08-03 17:09:00,36.24,36.28,36.24,36.26,4286
"180",2020-08-03 17:10:00,36.26,36.33,36.26,36.33,12319
"181",2020-08-03 17:11:00,36.32,36.32,36.27,36.27,6683
"182",2020-08-03 17:12:00,36.26,36.26,36.19,36.21,36224
"183",2020-08-03 17:13:00,36.21,36.23,36.2,36.23,8119
"184",2020-08-03 17:14:00,36.24,36.25,36.23,36.24,7401
"185",2020-08-03 17:15:00,36.24,36.24,36.2,36.23,7032
"186",2020-08-03 17:16:00,36.24,36.26,36.22,36.23,2758
"187",2020-08-03 17:17:00,36.22,36.24,36.2,36.22,10215
"188",2020-08-03 17:18:00,36.22,36.28,36.21,36.26,2885
"189",2020-08-03 17:19:00,36.25,36.26,36.23,36.24,9132
"190",2020-08-03 17:20:00,36.24,36.27,36.22,36.26,3572
"191",2020-08-03 17:21:00,36.28,36.28,36.27,36.27,3138
"192",2020-08-03 17:22:00,36.27,36.31,36.27,36.3,6336
"193",2020-08-03 17:23:00,36.31,36.31,36.28,36.29,4073
"194",2020-08-03 17:24:00,36.29,36.3,36.26,36.3,8099
"195",2020-08-03 17:25:00,36.3,36.3,36.29,36.29,2920
"196",2020-08-03 17:26:00,36.3,36.3,36.24,36.24,5760
"197",2020-08-03 17:27:00,36.23,36.23,36.2,36.22,4618
"198",2020-08-03 17:28:00,36.21,36.21,36.2,36.2,11525
"199",2020-08-03 17:29:00,36.19,36.19,36.13,36.15,7681
"200",2020-08-03 17:30:00,36.14,36.14,36.07,36.07,4741
"201",2020-08-03 17:31:00,36.07,36.12,36.07,36.12,13140
"202",2020-08-03 17:32:00,36.11,36.14,36.1,36.13,8106
"203",2020-08-03 17:33:00,36.13,36.13,36.06,36.1,7818
"204",2020-08-03 17:34:00,36.11,36.11,36.02,36.03,6659
"205",2020-08-03 17:35:00,36.02,36.07,36,36.06,11973
"206",2020-08-03 17:36:00,36.08,36.13,36.08,36.12,4982
"207",2020-08-03 17:37:00,36.12,36.15,36.07,36.15,12895
"208",2020-08-03 17:38:00,36.14,36.14,36.08,36.09,5115
"209",2020-08-03 17:39:00,36.09,36.1,36.08,36.1,2955
"210",2020-08-03 17:40:00,36.1,36.1,36.05,36.06,2931
"211",2020-08-03 17:41:00,36.06,36.19,36.06,36.19,22387
"212",2020-08-03 17:42:00,36.2,36.21,36.18,36.18,5929
"213",2020-08-03 17:43:00,36.17,36.18,36.13,36.14,5155
"214",2020-08-03 17:44:00,36.14,36.14,36.09,36.09,4960
"215",2020-08-03 17:45:00,36.08,36.1,36.07,36.08,5623
"216",2020-08-03 17:46:00,36.09,36.11,36.05,36.05,16171
"217",2020-08-03 17:47:00,36.04,36.07,36.02,36.02,6296
"218",2020-08-03 17:48:00,36.01,36.04,36.01,36.03,5198
"219",2020-08-03 17:49:00,36.03,36.03,35.98,35.98,10805
"220",2020-08-03 17:50:00,35.98,35.98,35.96,35.97,3787
"221",2020-08-03 17:51:00,35.97,36.02,35.97,36.02,1575
"222",2020-08-03 17:52:00,36.01,36.01,35.98,35.98,5715
"223",2020-08-03 17:53:00,35.99,36,35.96,36,4864
"224",2020-08-03 17:54:00,35.99,35.99,35.98,35.98,2999
"225",2020-08-03 17:55:00,35.98,36.01,35.98,36.01,1770
"226",2020-08-03 17:56:00,36.02,36.06,36.02,36.05,4217
"227",2020-08-03 17:57:00,36.04,36.04,35.98,35.98,4707
"228",2020-08-03 17:58:00,35.97,35.97,35.94,35.94,1038
"229",2020-08-03 17:59:00,35.94,35.97,35.94,35.97,4117
"230",2020-08-03 18:00:00,35.96,35.96,35.92,35.93,2762
"231",2020-08-03 18:01:00,35.94,35.96,35.92,35.96,3684
"232",2020-08-03 18:02:00,35.96,35.97,35.93,35.94,3546
"233",2020-08-03 18:03:00,35.93,35.97,35.92,35.97,5502
"234",2020-08-03 18:04:00,35.97,35.97,35.95,35.96,2994
"235",2020-08-03 18:05:00,35.96,36.07,35.96,36.07,7342
"236",2020-08-03 18:06:00,36.06,36.06,36.05,36.05,8344
"237",2020-08-03 18:07:00,36.06,36.07,36.06,36.06,3345
"238",2020-08-03 18:08:00,36.07,36.11,36.06,36.11,7819
"239",2020-08-03 18:09:00,36.11,36.11,36.08,36.1,6037
"240",2020-08-03 18:10:00,36.1,36.1,36.05,36.05,1972
"241",2020-08-03 18:11:00,36.06,36.07,36.05,36.05,3695
"242",2020-08-03 18:12:00,36.05,36.05,36.03,36.03,3536
"243",2020-08-03 18:13:00,36.04,36.06,36.04,36.04,6272
"244",2020-08-03 18:14:00,36.04,36.15,36.04,36.15,14909
"245",2020-08-03 18:15:00,36.15,36.15,36.08,36.08,8002
"246",2020-08-03 18:16:00,36.08,36.08,36.02,36.02,4345
"247",2020-08-03 18:17:00,36.03,36.04,36.03,36.03,3302
"248",2020-08-03 18:18:00,36.03,36.04,36.02,36.02,5826
"249",2020-08-03 18:19:00,36.02,36.04,36.02,36.04,4342
"250",2020-08-03 18:20:00,36.05,36.06,36.04,36.05,4257
"251",2020-08-03 18:21:00,36.05,36.06,36.05,36.06,3948
"252",2020-08-03 18:22:00,36.06,36.06,36.04,36.04,2686
"253",2020-08-03 18:23:00,36.04,36.06,36.04,36.05,1675
"254",2020-08-03 18:24:00,36.06,36.09,36.06,36.09,5501
"255",2020-08-03 18:25:00,36.09,36.09,36.07,36.07,2476
"256",2020-08-03 18:26:00,36.08,36.12,36.08,36.12,3239
"257",2020-08-03 18:27:00,36.12,36.12,36.08,36.08,4333
"258",2020-08-03 18:28:00,36.08,36.08,36.03,36.03,6855
"259",2020-08-03 18:29:00,36.04,36.04,36.02,36.03,4413
"260",2020-08-03 18:30:00,36.04,36.04,36.02,36.02,5881
"261",2020-08-03 18:31:00,36.03,36.03,36.02,36.02,6357
"262",2020-08-03 18:32:00,36.02,36.04,36.02,36.02,4367
"263",2020-08-03 18:33:00,36.02,36.02,36.02,36.02,2066
"264",2020-08-03 18:34:00,36.02,36.1,36.02,36.09,10161
"265",2020-08-03 18:35:00,36.09,36.11,36.09,36.11,12434
"266",2020-08-03 18:36:00,36.11,36.13,36.11,36.13,2627
"267",2020-08-03 18:37:00,36.13,36.18,36.13,36.17,22617
"268",2020-08-03 18:38:00,36.17,36.17,36.1,36.1,13778
"269",2020-08-03 18:39:00,36.1,36.1,36.06,36.06,7105
"270",2020-08-03 18:40:00,36.07,36.13,36.07,36.13,7341
"271",2020-08-03 18:41:00,36.12,36.16,36.12,36.16,2753
"272",2020-08-03 18:42:00,36.16,36.18,36.14,36.17,24388
"273",2020-08-03 18:43:00,36.18,36.18,36.16,36.17,3542
"274",2020-08-03 18:44:00,36.16,36.18,36.15,36.18,7163
"275",2020-08-03 18:45:00,36.19,36.21,36.17,36.17,9439
"276",2020-08-03 18:46:00,36.17,36.17,36.16,36.16,2861
"277",2020-08-03 18:47:00,36.18,36.18,36.16,36.18,3137
"278",2020-08-03 18:48:00,36.18,36.2,36.18,36.2,6382
"279",2020-08-03 18:49:00,36.2,36.23,36.2,36.23,11118
"280",2020-08-03 18:50:00,36.24,36.24,36.23,36.23,1549
"281",2020-08-03 18:51:00,36.24,36.25,36.22,36.22,8617
"282",2020-08-03 18:52:00,36.23,36.23,36.21,36.21,4779
"283",2020-08-03 18:53:00,36.2,36.2,36.2,36.2,3243
"284",2020-08-03 18:54:00,36.2,36.2,36.18,36.18,2606
"285",2020-08-03 18:55:00,36.18,36.24,36.18,36.22,3972
"286",2020-08-03 18:56:00,36.22,36.22,36.2,36.21,2800
"287",2020-08-03 18:57:00,36.2,36.2,36.18,36.19,3106
"288",2020-08-03 18:58:00,36.19,36.22,36.18,36.21,6663
"289",2020-08-03 18:59:00,36.2,36.24,36.2,36.23,4418
"290",2020-08-03 19:00:00,36.23,36.25,36.22,36.25,5376
"291",2020-08-03 19:01:00,36.25,36.26,36.25,36.26,2228
"292",2020-08-03 19:02:00,36.25,36.25,36.21,36.22,7349
"293",2020-08-03 19:03:00,36.22,36.22,36.21,36.21,1982
"294",2020-08-03 19:04:00,36.2,36.2,36.19,36.19,4437
"295",2020-08-03 19:05:00,36.19,36.19,36.16,36.17,7383
"296",2020-08-03 19:06:00,36.16,36.23,36.16,36.23,8821
"297",2020-08-03 19:07:00,36.23,36.25,36.23,36.24,875
"298",2020-08-03 19:08:00,36.23,36.25,36.22,36.25,3132
"299",2020-08-03 19:09:00,36.25,36.26,36.25,36.26,1225
"300",2020-08-03 19:10:00,36.26,36.29,36.25,36.25,4487
"301",2020-08-03 19:11:00,36.26,36.26,36.22,36.23,5798
"302",2020-08-03 19:12:00,36.22,36.24,36.21,36.23,10464
"303",2020-08-03 19:13:00,36.23,36.23,36.22,36.22,2284
"304",2020-08-03 19:14:00,36.22,36.22,36.21,36.22,1411
"305",2020-08-03 19:15:00,36.21,36.25,36.21,36.23,4441
"306",2020-08-03 19:16:00,36.24,36.25,36.22,36.24,3539
"307",2020-08-03 19:17:00,36.26,36.27,36.25,36.25,4867
"308",2020-08-03 19:18:00,36.25,36.25,36.2,36.2,2934
"309",2020-08-03 19:19:00,36.2,36.21,36.2,36.21,3798
"310",2020-08-03 19:20:00,36.22,36.22,36.21,36.22,1574
"311",2020-08-03 19:21:00,36.22,36.25,36.22,36.25,4722
"312",2020-08-03 19:22:00,36.25,36.25,36.24,36.24,3199
"313",2020-08-03 19:23:00,36.24,36.26,36.24,36.26,2160
"314",2020-08-03 19:24:00,36.27,36.28,36.27,36.28,941
"315",2020-08-03 19:25:00,36.28,36.28,36.26,36.26,4262
"316",2020-08-03 19:26:00,36.27,36.28,36.27,36.27,6264
"317",2020-08-03 19:27:00,36.26,36.32,36.26,36.31,4229
"318",2020-08-03 19:28:00,36.31,36.32,36.3,36.31,2286
"319",2020-08-03 19:29:00,36.31,36.32,36.3,36.32,3618
"320",2020-08-03 19:30:00,36.31,36.31,36.29,36.29,1896
"321",2020-08-03 19:31:00,36.28,36.29,36.28,36.29,1246
"322",2020-08-03 19:32:00,36.3,36.34,36.3,36.34,5526
"323",2020-08-03 19:33:00,36.34,36.34,36.34,36.34,1277
"324",2020-08-03 19:34:00,36.34,36.34,36.32,36.32,2744
"325",2020-08-03 19:35:00,36.32,36.33,36.32,36.33,1948
"326",2020-08-03 19:36:00,36.32,36.32,36.32,36.32,2732
"327",2020-08-03 19:37:00,36.32,36.34,36.32,36.34,2240
"328",2020-08-03 19:38:00,36.34,36.36,36.33,36.35,4415
"329",2020-08-03 19:39:00,36.35,36.35,36.33,36.33,1788
"330",2020-08-03 19:40:00,36.32,36.33,36.32,36.33,1808
"331",2020-08-03 19:41:00,36.32,36.32,36.31,36.32,3444
"332",2020-08-03 19:42:00,36.32,36.32,36.32,36.32,3
"333",2020-08-03 19:43:00,36.33,36.38,36.33,36.37,7036
"334",2020-08-03 19:44:00,36.37,36.37,36.35,36.35,2523
"335",2020-08-03 19:45:00,36.34,36.34,36.3,36.3,1577
"336",2020-08-03 19:46:00,36.3,36.34,36.3,36.33,8361
"337",2020-08-03 19:47:00,36.34,36.36,36.33,36.36,2854
"338",2020-08-03 19:48:00,36.36,36.37,36.34,36.34,5113
"339",2020-08-03 19:49:00,36.33,36.34,36.33,36.34,1688
"340",2020-08-03 19:50:00,36.34,36.36,36.34,36.35,2306
"341",2020-08-03 19:51:00,36.33,36.34,36.32,36.32,1184
"342",2020-08-03 19:52:00,36.31,36.33,36.3,36.32,3974
"343",2020-08-03 19:53:00,36.31,36.32,36.29,36.32,3459
"344",2020-08-03 19:54:00,36.32,36.34,36.32,36.33,2493
"345",2020-08-03 19:55:00,36.32,36.32,36.32,36.32,2447
"346",2020-08-03 19:56:00,36.32,36.32,36.3,36.3,1709
"347",2020-08-03 19:57:00,36.31,36.31,36.26,36.27,3955
"348",2020-08-03 19:58:00,36.28,36.31,36.28,36.31,4781
"349",2020-08-03 19:59:00,36.31,36.36,36.31,36.36,2571
"350",2020-08-03 20:00:00,36.36,36.36,36.33,36.36,4595
"351",2020-08-03 20:01:00,36.36,36.38,36.36,36.38,1530
"352",2020-08-03 20:02:00,36.38,36.4,36.37,36.38,4953
"353",2020-08-03 20:03:00,36.39,36.4,36.38,36.38,1094
"354",2020-08-03 20:04:00,36.4,36.44,36.4,36.44,13327
"355",2020-08-03 20:05:00,36.44,36.44,36.44,36.44,2913
"356",2020-08-03 20:06:00,36.44,36.47,36.44,36.46,3101
"357",2020-08-03 20:07:00,36.46,36.46,36.45,36.46,1646
"358",2020-08-03 20:08:00,36.46,36.46,36.44,36.45,1035
"359",2020-08-03 20:09:00,36.46,36.47,36.45,36.47,411
"360",2020-08-03 20:10:00,36.47,36.47,36.46,36.46,2522
"361",2020-08-03 20:11:00,36.46,36.46,36.45,36.45,1414
"362",2020-08-03 20:12:00,36.46,36.47,36.46,36.47,2265
"363",2020-08-03 20:13:00,36.48,36.48,36.48,36.48,2653
"364",2020-08-03 20:14:00,36.49,36.49,36.48,36.48,100
"365",2020-08-03 20:15:00,36.49,36.5,36.49,36.49,4433
"366",2020-08-03 20:16:00,36.49,36.52,36.49,36.52,3523
"367",2020-08-03 20:17:00,36.51,36.51,36.49,36.49,2763
"368",2020-08-03 20:18:00,36.48,36.49,36.48,36.49,4461
"369",2020-08-03 20:19:00,36.5,36.52,36.5,36.52,5707
"370",2020-08-03 20:20:00,36.53,36.58,36.53,36.58,4435
"371",2020-08-03 20:21:00,36.58,36.67,36.58,36.65,16266
"372",2020-08-03 20:22:00,36.66,36.69,36.66,36.68,27167
"373",2020-08-03 20:23:00,36.69,36.72,36.69,36.71,16047
"374",2020-08-03 20:24:00,36.72,36.73,36.72,36.73,5281
"375",2020-08-03 20:25:00,36.74,36.76,36.72,36.73,6559
"376",2020-08-03 20:26:00,36.72,36.72,36.65,36.65,3842
"377",2020-08-03 20:27:00,36.65,36.68,36.65,36.68,3620
"378",2020-08-03 20:28:00,36.68,36.71,36.68,36.71,2558
"379",2020-08-03 20:29:00,36.7,36.72,36.7,36.7,1252
"380",2020-08-03 20:30:00,36.7,36.73,36.68,36.71,5982
"381",2020-08-03 20:31:00,36.7,36.71,36.7,36.7,3572
"382",2020-08-03 20:32:00,36.7,36.72,36.7,36.72,735
"383",2020-08-03 20:33:00,36.72,36.73,36.72,36.72,2884
"384",2020-08-03 20:34:00,36.73,36.76,36.73,36.74,4275
"385",2020-08-03 20:35:00,36.73,36.74,36.69,36.69,4320
"386",2020-08-03 20:36:00,36.69,36.69,36.67,36.68,1592
"387",2020-08-03 20:37:00,36.68,36.72,36.68,36.72,3268
"388",2020-08-03 20:38:00,36.7,36.71,36.7,36.71,3721
"389",2020-08-03 20:39:00,36.7,36.72,36.7,36.72,13063
"390",2020-08-03 20:40:00,36.72,36.72,36.69,36.71,14292
"391",2020-08-03 20:41:00,36.71,36.71,36.7,36.7,2805
"392",2020-08-03 20:42:00,36.7,36.7,36.7,36.7,915
"393",2020-08-03 20:43:00,36.71,36.71,36.71,36.71,10001
"394",2020-08-03 20:44:00,36.71,36.74,36.71,36.73,5169
"395",2020-08-03 20:45:00,36.73,36.76,36.72,36.74,6688
"396",2020-08-03 20:46:00,36.73,36.73,36.73,36.73,1123
"397",2020-08-03 20:47:00,36.73,36.74,36.73,36.74,1824
"398",2020-08-03 20:48:00,36.75,36.8,36.75,36.8,3832
"399",2020-08-03 20:49:00,36.8,36.83,36.8,36.81,1706
"400",2020-08-03 20:50:00,36.82,36.82,36.81,36.82,950
"401",2020-08-03 20:51:00,36.82,36.83,36.82,36.83,1722
"402",2020-08-03 20:52:00,36.84,36.87,36.84,36.86,19677
"403",2020-08-03 20:53:00,36.87,36.88,36.87,36.87,2416
"404",2020-08-03 20:54:00,36.88,36.88,36.84,36.84,5284
"405",2020-08-03 20:55:00,36.85,36.86,36.82,36.82,2997
"406",2020-08-03 20:56:00,36.82,36.84,36.81,36.84,2635
"407",2020-08-03 20:57:00,36.84,36.84,36.78,36.78,1989
"408",2020-08-03 20:58:00,36.78,36.78,36.76,36.76,1265
"409",2020-08-03 20:59:00,36.77,36.77,36.74,36.74,5391
"410",2020-08-03 21:00:00,36.75,36.77,36.75,36.77,1603
"411",2020-08-03 21:01:00,36.78,36.8,36.76,36.76,2884
"412",2020-08-03 21:02:00,36.76,36.77,36.75,36.75,2466
"413",2020-08-03 21:03:00,36.75,36.78,36.75,36.78,8284
"414",2020-08-03 21:04:00,36.77,36.77,36.72,36.73,9027
"415",2020-08-03 21:05:00,36.73,36.73,36.69,36.71,9251
"416",2020-08-03 21:06:00,36.72,36.72,36.69,36.7,3103
"417",2020-08-03 21:07:00,36.71,36.71,36.7,36.7,2886
"418",2020-08-03 21:08:00,36.71,36.72,36.71,36.71,1473
"419",2020-08-03 21:09:00,36.71,36.71,36.63,36.63,3643
"420",2020-08-03 21:10:00,36.63,36.63,36.62,36.63,1664
"421",2020-08-03 21:11:00,36.63,36.64,36.63,36.64,530
"422",2020-08-03 21:12:00,36.63,36.64,36.62,36.64,5332
"423",2020-08-03 21:13:00,36.65,36.66,36.64,36.64,3169
"424",2020-08-03 21:14:00,36.64,36.66,36.64,36.65,2517
"425",2020-08-03 21:15:00,36.64,36.67,36.64,36.67,1971
"426",2020-08-03 21:16:00,36.66,36.66,36.59,36.62,6050
"427",2020-08-03 21:17:00,36.62,36.63,36.61,36.63,3412
"428",2020-08-03 21:18:00,36.61,36.61,36.56,36.57,5751
"429",2020-08-03 21:19:00,36.58,36.59,36.58,36.59,413
"430",2020-08-03 21:20:00,36.6,36.61,36.6,36.61,703
"431",2020-08-03 21:21:00,36.6,36.6,36.58,36.6,3895
"432",2020-08-03 21:22:00,36.59,36.6,36.59,36.59,1380
"433",2020-08-03 21:23:00,36.6,36.6,36.58,36.58,1438
"434",2020-08-03 21:24:00,36.58,36.59,36.58,36.58,3178
"435",2020-08-03 21:25:00,36.58,36.58,36.57,36.57,1204
"436",2020-08-03 21:26:00,36.57,36.59,36.57,36.59,1521
"437",2020-08-03 21:27:00,36.6,36.6,36.6,36.6,901
"438",2020-08-03 21:28:00,36.6,36.6,36.6,36.6,100
"439",2020-08-03 21:29:00,36.59,36.59,36.58,36.58,1720
"440",2020-08-03 21:30:00,36.57,36.58,36.56,36.57,6692
"441",2020-08-03 21:31:00,36.58,36.58,36.54,36.55,3637
"442",2020-08-03 21:32:00,36.54,36.54,36.53,36.53,2635
"443",2020-08-03 21:33:00,36.53,36.55,36.53,36.53,4954
"444",2020-08-03 21:34:00,36.54,36.55,36.52,36.54,1853
"445",2020-08-03 21:35:00,36.53,36.53,36.52,36.52,4477
"446",2020-08-03 21:36:00,36.53,36.54,36.53,36.54,4413
"447",2020-08-03 21:37:00,36.53,36.57,36.52,36.57,5248
"448",2020-08-03 21:38:00,36.57,36.58,36.56,36.57,1415
"449",2020-08-03 21:39:00,36.58,36.62,36.58,36.62,6621
"450",2020-08-03 21:40:00,36.62,36.63,36.62,36.63,1902
"451",2020-08-03 21:41:00,36.63,36.64,36.62,36.62,2806
"452",2020-08-03 21:42:00,36.62,36.65,36.6,36.65,5215
"453",2020-08-03 21:43:00,36.66,36.67,36.65,36.65,2418
"454",2020-08-03 21:44:00,36.65,36.65,36.63,36.64,1194
"455",2020-08-03 21:45:00,36.64,36.64,36.62,36.62,2509
"456",2020-08-03 21:46:00,36.62,36.66,36.62,36.66,1522
"457",2020-08-03 21:47:00,36.66,36.66,36.64,36.66,2015
"458",2020-08-03 21:48:00,36.66,36.66,36.64,36.64,3108
"459",2020-08-03 21:49:00,36.63,36.64,36.62,36.63,2185
"460",2020-08-03 21:50:00,36.64,36.64,36.63,36.63,1534
"461",2020-08-03 21:51:00,36.63,36.65,36.62,36.65,3250
"462",2020-08-03 21:52:00,36.64,36.65,36.64,36.64,2601
"463",2020-08-03 21:53:00,36.65,36.67,36.64,36.67,1707
"464",2020-08-03 21:54:00,36.68,36.68,36.67,36.67,2208
"465",2020-08-03 21:55:00,36.68,36.7,36.68,36.68,1709
"466",2020-08-03 21:56:00,36.69,36.7,36.68,36.68,2017
"467",2020-08-03 21:57:00,36.68,36.68,36.65,36.65,872
"468",2020-08-03 21:58:00,36.66,36.66,36.66,36.66,1474
"469",2020-08-03 21:59:00,36.66,36.66,36.65,36.66,1947
"470",2020-08-03 22:00:00,36.65,36.66,36.64,36.65,1427
"471",2020-08-03 22:01:00,36.64,36.66,36.64,36.66,2076
"472",2020-08-03 22:02:00,36.66,36.66,36.64,36.65,1905
"473",2020-08-03 22:03:00,36.65,36.65,36.64,36.64,1011
"474",2020-08-03 22:04:00,36.63,36.63,36.62,36.63,1809
"475",2020-08-03 22:05:00,36.64,36.65,36.64,36.64,711
"476",2020-08-03 22:06:00,36.65,36.68,36.65,36.66,3855
"477",2020-08-03 22:07:00,36.66,36.68,36.66,36.68,701
"478",2020-08-03 22:08:00,36.69,36.72,36.69,36.71,2213
"479",2020-08-03 22:09:00,36.71,36.72,36.68,36.69,2239
"480",2020-08-03 22:10:00,36.67,36.68,36.67,36.67,5146
"481",2020-08-03 22:11:00,36.66,36.66,36.64,36.64,928
"482",2020-08-03 22:12:00,36.65,36.65,36.61,36.61,2380
"483",2020-08-03 22:13:00,36.61,36.61,36.58,36.58,4749
"484",2020-08-03 22:14:00,36.58,36.59,36.58,36.59,3013
"485",2020-08-03 22:15:00,36.6,36.6,36.57,36.58,1267
"486",2020-08-03 22:16:00,36.58,36.58,36.54,36.54,4920
"487",2020-08-03 22:17:00,36.54,36.54,36.5,36.51,6238
"488",2020-08-03 22:18:00,36.5,36.53,36.5,36.53,2509
"489",2020-08-03 22:19:00,36.54,36.54,36.54,36.54,500
"490",2020-08-03 22:20:00,36.53,36.53,36.51,36.51,3823
"491",2020-08-03 22:21:00,36.51,36.51,36.5,36.5,4570
"492",2020-08-03 22:22:00,36.51,36.51,36.46,36.49,9966
"493",2020-08-03 22:23:00,36.49,36.5,36.48,36.48,3929
"494",2020-08-03 22:24:00,36.48,36.48,36.48,36.48,3482
"495",2020-08-03 22:25:00,36.48,36.5,36.48,36.5,1946
"496",2020-08-03 22:26:00,36.5,36.52,36.5,36.51,2269
"497",2020-08-03 22:27:00,36.5,36.51,36.5,36.5,1246
"498",2020-08-03 22:28:00,36.49,36.5,36.49,36.5,2021
"499",2020-08-03 22:29:00,36.5,36.5,36.5,36.5,410
"500",2020-08-03 22:30:00,36.5,36.5,36.5,36.5,3100
"501",2020-08-03 22:31:00,36.5,36.52,36.48,36.48,12098
"502",2020-08-03 22:32:00,36.49,36.49,36.47,36.48,2693
"503",2020-08-03 22:33:00,36.48,36.49,36.46,36.48,2564
"504",2020-08-03 22:34:00,36.48,36.48,36.42,36.42,9092
"505",2020-08-03 22:35:00,36.4,36.45,36.4,36.44,3513
"506",2020-08-03 22:36:00,36.44,36.46,36.44,36.46,2521
"507",2020-08-03 22:37:00,36.47,36.48,36.47,36.47,2418
"508",2020-08-03 22:38:00,36.46,36.47,36.45,36.47,3235
"509",2020-08-03 22:39:00,36.47,36.48,36.46,36.46,2353
"510",2020-08-03 22:40:00,36.46,36.46,36.44,36.45,5622
"511",2020-08-03 22:41:00,36.45,36.45,36.43,36.44,1902
"512",2020-08-03 22:42:00,36.46,36.48,36.46,36.46,3893
"513",2020-08-03 22:43:00,36.46,36.48,36.46,36.47,1476
"514",2020-08-03 22:44:00,36.47,36.47,36.44,36.44,12017
"515",2020-08-03 22:45:00,36.44,36.44,36.42,36.42,9252
"516",2020-08-03 22:46:00,36.42,36.45,36.42,36.44,6788
"517",2020-08-03 22:47:00,36.44,36.44,36.42,36.43,3908
"518",2020-08-03 22:48:00,36.44,36.44,36.42,36.42,3947
"519",2020-08-03 22:49:00,36.43,36.44,36.42,36.42,3183
"520",2020-08-03 22:50:00,36.42,36.43,36.41,36.42,11686
"521",2020-08-03 22:51:00,36.41,36.41,36.34,36.35,14863
"522",2020-08-03 22:52:00,36.34,36.37,36.34,36.37,8204
"523",2020-08-03 22:53:00,36.37,36.39,36.36,36.38,6610
"524",2020-08-03 22:54:00,36.39,36.4,36.37,36.37,4663
"525",2020-08-03 22:55:00,36.37,36.38,36.34,36.36,10189
"526",2020-08-03 22:56:00,36.36,36.36,36.34,36.35,5114
"527",2020-08-03 22:57:00,36.34,36.37,36.34,36.34,4182
"528",2020-08-03 22:58:00,36.34,36.36,36.33,36.35,10914
"529",2020-08-03 22:59:00,36.34,36.34,36.3,36.3,8666
"530",2020-08-03 23:00:00,36.3,36.4,36.28,36.36,35293
"531",2020-08-03 23:01:00,36.29,36.29,36.28,36.28,231
"532",2020-08-03 23:02:00,36.28,36.28,36.28,36.28,8
"533",2020-08-03 23:05:00,36.39,36.39,36.37,36.37,5144
"534",2020-08-03 23:09:00,36.37,36.37,36.37,36.37,132
"535",2020-08-03 23:10:00,36.37,36.37,36.37,36.37,1
"536",2020-08-03 23:11:00,36.6,36.6,36.37,36.37,3
"537",2020-08-03 23:12:00,36.37,36.37,36.37,36.37,7
"538",2020-08-03 23:14:00,36.37,36.37,36.37,36.37,4
"539",2020-08-03 23:15:00,36.37,36.37,36.37,36.37,1
"540",2020-08-03 23:17:00,36.37,36.37,36.37,36.37,726
"541",2020-08-03 23:18:00,36.48,36.48,36.48,36.48,40
"542",2020-08-03 23:19:00,36.5,36.5,36.5,36.5,2
"543",2020-08-03 23:23:00,36.5,36.5,36.37,36.37,2
"544",2020-08-03 23:31:00,36.37,36.37,36.37,36.37,1
"545",2020-08-03 23:43:00,36.7,36.7,36.7,36.7,3
"546",2020-08-03 23:53:00,36.7,36.7,36.7,36.7,1
"547",2020-08-04 00:15:00,36.37,36.37,36.37,36.37,1
"548",2020-08-04 00:20:00,36.37,36.37,36.37,36.37,22
"549",2020-08-04 00:41:00,36.33,36.33,36.33,36.33,1500
"550",2020-08-04 00:42:00,36.45,36.45,36.45,36.45,1500
"551",2020-08-04 00:58:00,36.31,36.45,35.36,35.8,8846
"552",2020-08-04 00:59:00,36.7,36.7,35.5,35.77,1387
"553",2020-08-04 01:00:00,35.85,36.32,35.85,36.32,34
"554",2020-08-04 01:01:00,36.32,36.32,36.01,36.01,366
"555",2020-08-04 01:02:00,36.06,36.06,36,36,8
"556",2020-08-04 01:03:00,36,36,35.9,35.9,755
"557",2020-08-04 01:07:00,36.26,36.26,36.26,36.26,2
"558",2020-08-04 01:13:00,36.2,36.2,36.2,36.2,40
"559",2020-08-04 01:16:00,36.2,36.2,36.2,36.2,1
"560",2020-08-04 01:17:00,36.2,36.2,35.94,35.94,6
"561",2020-08-04 01:20:00,36,36,35.95,35.95,100
"562",2020-08-04 01:26:00,35.95,35.95,35.95,35.95,1
"563",2020-08-04 01:36:00,35.96,35.96,35.91,35.94,686
"564",2020-08-04 01:37:00,35.86,35.94,35.86,35.94,600
"565",2020-08-04 01:40:00,35.85,35.9,35.85,35.9,46
"566",2020-08-04 01:41:00,35.8,35.8,35.8,35.8,18
"567",2020-08-04 01:42:00,35.86,35.86,35.8,35.8,10
"568",2020-08-04 10:01:00,35.99,35.99,35.81,35.98,93
"569",2020-08-04 10:02:00,36.07,36.08,36.07,36.08,72
"570",2020-08-04 10:03:00,36.08,36.08,36.08,36.08,10
"571",2020-08-04 10:04:00,35.97,35.97,35.97,35.97,810
"572",2020-08-04 10:05:00,35.97,36,35.97,36,412
"573",2020-08-04 10:06:00,36,36,36,36,8
"574",2020-08-04 10:07:00,36,36,36,36,6
"575",2020-08-04 10:08:00,36,36,35.9,35.9,749
"576",2020-08-04 10:10:00,35.95,36,35.89,35.89,22
"577",2020-08-04 10:11:00,35.89,35.89,35.88,35.88,43
"578",2020-08-04 10:13:00,35.9,35.9,35.9,35.9,7
"579",2020-08-04 10:15:00,35.87,35.87,35.87,35.87,3
"580",2020-08-04 10:16:00,35.91,35.91,35.87,35.89,5
"581",2020-08-04 10:17:00,35.89,35.89,35.89,35.89,13
"582",2020-08-04 10:18:00,35.91,35.92,35.91,35.92,2
"583",2020-08-04 10:19:00,35.92,35.92,35.92,35.92,5
"584",2020-08-04 10:20:00,35.91,35.91,35.91,35.91,60
"585",2020-08-04 10:22:00,36,36,36,36,1
"586",2020-08-04 10:23:00,36,36,36,36,15
"587",2020-08-04 10:26:00,36,36,36,36,1
"588",2020-08-04 10:27:00,36,36,36,36,2
"589",2020-08-04 10:28:00,36,36,36,36,21
"590",2020-08-04 10:30:00,36.05,36.05,36.05,36.05,1
"591",2020-08-04 10:32:00,36,36,36,36,2
"592",2020-08-04 10:35:00,36.05,36.05,36.05,36.05,1
"593",2020-08-04 10:38:00,36.19,36.19,36.19,36.19,2
"594",2020-08-04 10:41:00,36.1,36.1,36.1,36.1,2
"595",2020-08-04 10:47:00,36.17,36.17,36.12,36.12,11
"596",2020-08-04 10:48:00,36.16,36.16,36.16,36.16,1
"597",2020-08-04 10:51:00,36.1,36.1,36.1,36.1,1
"598",2020-08-04 10:52:00,36.1,36.1,36.1,36.1,4
"599",2020-08-04 11:00:00,36.1,36.11,36.1,36.11,31
"600",2020-08-04 11:01:00,36.1,36.1,36.1,36.1,1293
"601",2020-08-04 11:02:00,36.1,36.1,36.1,36.1,8683
"602",2020-08-04 11:04:00,36.03,36.03,35.89,35.89,257
"603",2020-08-04 11:07:00,35.95,35.95,35.95,35.95,14
"604",2020-08-04 11:10:00,35.9,35.9,35.9,35.9,7
"605",2020-08-04 11:13:00,36.05,36.05,36.05,36.05,1
"606",2020-08-04 11:15:00,36.05,36.05,36.05,36.05,1
"607",2020-08-04 11:19:00,35.94,35.94,35.93,35.93,10
"608",2020-08-04 11:21:00,35.99,35.99,35.99,35.99,1
"609",2020-08-04 11:24:00,35.99,35.99,35.99,35.99,1
"610",2020-08-04 11:27:00,35.99,35.99,35.99,35.99,5
"611",2020-08-04 11:30:00,35.93,36,35.89,36,59
"612",2020-08-04 11:31:00,35.9,35.9,35.89,35.89,100
"613",2020-08-04 11:33:00,35.91,35.91,35.89,35.89,100
"614",2020-08-04 11:35:00,36.1,36.1,36.1,36.1,1
"615",2020-08-04 11:38:00,36.1,36.1,36.1,36.1,11
"616",2020-08-04 11:43:00,36.1,36.1,36.1,36.1,1
"617",2020-08-04 11:49:00,36.1,36.1,36.1,36.1,2
"618",2020-08-04 11:50:00,36.1,36.1,36.1,36.1,10
"619",2020-08-04 11:58:00,36.11,36.11,36.11,36.11,1
"620",2020-08-04 12:03:00,36.1,36.1,36.1,36.1,30
"621",2020-08-04 12:11:00,36.11,36.17,36.11,36.17,10
"622",2020-08-04 12:13:00,36.17,36.17,36.17,36.17,1
"623",2020-08-04 12:14:00,36.17,36.17,36.17,36.17,20
"624",2020-08-04 12:16:00,36.02,36.02,36.01,36.01,35
"625",2020-08-04 12:23:00,36.01,36.01,36.01,36.01,10
"626",2020-08-04 12:28:00,36.05,36.05,36.05,36.05,5
"627",2020-08-04 12:29:00,36.01,36.01,36.01,36.01,10
"628",2020-08-04 12:30:00,36.15,36.15,36.15,36.15,2
"629",2020-08-04 12:32:00,36.05,36.05,36.05,36.05,2
"630",2020-08-04 12:33:00,36.15,36.17,36.15,36.17,50
"631",2020-08-04 12:40:00,36.05,36.05,36.05,36.05,1
"632",2020-08-04 12:44:00,36.15,36.15,36.15,36.15,3
"633",2020-08-04 12:51:00,36.17,36.17,36.17,36.17,1
"634",2020-08-04 13:06:00,36.17,36.17,36.17,36.17,1
"635",2020-08-04 13:07:00,36.09,36.09,36.09,36.09,1
"636",2020-08-04 13:12:00,36.16,36.16,36.16,36.16,1
"637",2020-08-04 13:13:00,36.07,36.07,36.07,36.07,3
"638",2020-08-04 13:14:00,36.15,36.15,36.15,36.15,1
"639",2020-08-04 13:22:00,36.08,36.08,36.08,36.08,8
"640",2020-08-04 13:26:00,36.15,36.15,36.15,36.15,1
"641",2020-08-04 13:32:00,36.13,36.13,36.13,36.13,56
"642",2020-08-04 13:36:00,36.14,36.14,36.14,36.14,10
"643",2020-08-04 13:37:00,36.14,36.14,36.14,36.14,1
"644",2020-08-04 13:42:00,36.08,36.08,36.08,36.08,4
"645",2020-08-04 13:47:00,36.13,36.13,36.13,36.13,1
"646",2020-08-04 13:53:00,36.14,36.14,36.14,36.14,1
"647",2020-08-04 13:54:00,36.14,36.14,36.14,36.14,2
"648",2020-08-04 13:58:00,36.14,36.14,36.14,36.14,1
"649",2020-08-04 14:01:00,36.08,36.08,36.08,36.08,4
"650",2020-08-04 14:09:00,36.06,36.06,36.04,36.04,27
"651",2020-08-04 14:14:00,36.04,36.04,36.04,36.04,200
"652",2020-08-04 14:16:00,36.02,36.02,36,36,100
"653",2020-08-04 14:18:00,36,36.01,36,36.01,11
"654",2020-08-04 14:21:00,36.03,36.03,36.03,36.03,15
"655",2020-08-04 14:28:00,36,36,36,36,1
"656",2020-08-04 14:32:00,35.95,35.95,35.95,35.95,16
"657",2020-08-04 14:33:00,35.93,35.93,35.92,35.92,100
"658",2020-08-04 14:34:00,35.88,35.88,35.88,35.88,15
"659",2020-08-04 14:35:00,35.9,35.9,35.9,35.9,3
"660",2020-08-04 14:36:00,35.86,35.88,35.86,35.86,24
"661",2020-08-04 14:37:00,35.85,35.85,35.85,35.85,23
"662",2020-08-04 14:39:00,35.85,35.85,35.85,35.85,50
"663",2020-08-04 14:40:00,35.89,35.89,35.89,35.89,14
"664",2020-08-04 14:41:00,35.85,35.88,35.85,35.88,64
"665",2020-08-04 14:42:00,35.9,35.9,35.9,35.9,46
"666",2020-08-04 14:44:00,35.87,35.87,35.87,35.87,1
"667",2020-08-04 14:48:00,35.87,35.9,35.87,35.9,45
"668",2020-08-04 14:49:00,35.87,35.87,35.87,35.87,200
"669",2020-08-04 14:52:00,35.9,35.9,35.89,35.89,21
"670",2020-08-04 14:53:00,35.89,35.9,35.89,35.9,199
"671",2020-08-04 14:55:00,35.88,35.88,35.88,35.88,3
"672",2020-08-04 14:57:00,35.9,35.9,35.9,35.9,59
"673",2020-08-04 14:59:00,35.98,35.98,35.98,35.98,1
"674",2020-08-04 15:01:00,35.9,35.9,35.9,35.9,500
"675",2020-08-04 15:03:00,35.9,35.91,35.9,35.9,2033
"676",2020-08-04 15:04:00,35.91,35.91,35.91,35.91,499
"677",2020-08-04 15:05:00,35.91,35.91,35.91,35.91,999
"678",2020-08-04 15:06:00,35.91,35.91,35.91,35.91,999
"679",2020-08-04 15:07:00,35.98,35.98,35.9,35.91,1637
"680",2020-08-04 15:08:00,35.91,35.91,35.91,35.91,999
"681",2020-08-04 15:09:00,35.9,35.92,35.9,35.9,3999
"682",2020-08-04 15:11:00,35.93,35.93,35.93,35.93,10
"683",2020-08-04 15:13:00,35.89,35.89,35.88,35.88,16
"684",2020-08-04 15:17:00,35.9,35.94,35.9,35.94,310
"685",2020-08-04 15:24:00,35.93,35.93,35.93,35.93,1
"686",2020-08-04 15:26:00,35.87,35.87,35.87,35.87,1
"687",2020-08-04 15:28:00,35.93,35.93,35.93,35.93,50
"688",2020-08-04 15:29:00,35.92,35.92,35.89,35.89,222
"689",2020-08-04 15:30:00,35.88,35.88,35.88,35.88,1
"690",2020-08-04 15:31:00,35.86,35.86,35.86,35.86,999
"691",2020-08-04 15:32:00,35.88,35.88,35.88,35.88,4
"692",2020-08-04 15:33:00,35.9,35.9,35.9,35.9,7
"693",2020-08-04 15:37:00,35.85,35.88,35.85,35.88,901
"694",2020-08-04 15:38:00,35.85,35.85,35.85,35.85,28
"695",2020-08-04 15:39:00,35.87,35.87,35.87,35.87,37
"696",2020-08-04 15:41:00,35.86,35.86,35.86,35.86,9
"697",2020-08-04 15:42:00,35.86,35.86,35.86,35.86,22
"698",2020-08-04 15:44:00,35.85,35.86,35.8,35.85,1692
"699",2020-08-04 15:45:00,35.85,35.85,35.83,35.85,16
"700",2020-08-04 15:48:00,35.85,35.85,35.8,35.8,57
"701",2020-08-04 15:49:00,35.85,35.85,35.85,35.85,442
"702",2020-08-04 15:50:00,35.85,35.88,35.85,35.88,11
"703",2020-08-04 15:51:00,35.92,35.92,35.92,35.92,1
"704",2020-08-04 15:52:00,35.9,35.9,35.9,35.9,3
"705",2020-08-04 15:56:00,35.95,35.95,35.95,35.95,510
"706",2020-08-04 15:57:00,35.98,35.98,35.98,35.98,2
"707",2020-08-04 15:58:00,35.94,35.94,35.94,35.94,50
"708",2020-08-04 16:00:00,35.98,35.98,35.98,35.98,194
"709",2020-08-04 16:02:00,35.97,35.97,35.95,35.95,90
"710",2020-08-04 16:05:00,35.95,35.95,35.95,35.95,2
"711",2020-08-04 16:06:00,36,36,36,36,1
"712",2020-08-04 16:07:00,35.94,35.94,35.94,35.94,1
"713",2020-08-04 16:08:00,35.99,35.99,35.99,35.99,2
"714",2020-08-04 16:09:00,35.99,35.99,35.94,35.94,55
"715",2020-08-04 16:11:00,35.99,35.99,35.99,35.99,1
"716",2020-08-04 16:13:00,36,36,35.99,35.99,421
"717",2020-08-04 16:14:00,35.99,35.99,35.99,35.99,32
"718",2020-08-04 16:15:00,35.99,36,35.99,35.99,101
"719",2020-08-04 16:18:00,35.94,35.94,35.94,35.94,8
"720",2020-08-04 16:22:00,35.97,35.97,35.97,35.97,1
"721",2020-08-04 16:23:00,35.93,35.93,35.9,35.9,163
"722",2020-08-04 16:25:00,35.89,35.89,35.89,35.89,100
"723",2020-08-04 16:27:00,35.9,35.93,35.9,35.93,1799
"724",2020-08-04 16:28:00,35.93,35.94,35.93,35.94,431
"725",2020-08-04 16:29:00,35.93,35.94,35.93,35.94,600
"726",2020-08-04 16:30:00,35.9,35.94,35.9,35.94,833
"727",2020-08-04 16:31:00,35.93,36.01,35.92,35.97,11708
"728",2020-08-04 16:32:00,36.02,36.07,36,36.07,8851
"729",2020-08-04 16:33:00,36.07,36.2,36.03,36.14,32505
"730",2020-08-04 16:34:00,36.13,36.23,36.1,36.11,19621
"731",2020-08-04 16:35:00,36.11,36.24,36.1,36.24,20128
"732",2020-08-04 16:36:00,36.23,36.23,36.02,36.03,13704
"733",2020-08-04 16:37:00,36.04,36.04,35.91,35.91,15124
"734",2020-08-04 16:38:00,35.92,35.92,35.79,35.84,17434
"735",2020-08-04 16:39:00,35.84,35.87,35.66,35.67,13166
"736",2020-08-04 16:40:00,35.69,35.83,35.67,35.83,12799
"737",2020-08-04 16:41:00,35.83,35.85,35.74,35.8,22979
"738",2020-08-04 16:42:00,35.75,35.84,35.7,35.82,12413
"739",2020-08-04 16:43:00,35.82,35.82,35.73,35.76,9539
"740",2020-08-04 16:44:00,35.75,35.82,35.74,35.81,4726
"741",2020-08-04 16:45:00,35.82,35.84,35.77,35.84,4810
"742",2020-08-04 16:46:00,35.84,35.95,35.84,35.93,15959
"743",2020-08-04 16:47:00,35.94,36.03,35.93,36.03,10608
"744",2020-08-04 16:48:00,36.04,36.11,36,36.09,10562
"745",2020-08-04 16:49:00,36.06,36.06,36.01,36.02,5003
"746",2020-08-04 16:50:00,36.03,36.12,36,36.1,6350
"747",2020-08-04 16:51:00,36.09,36.15,36.09,36.12,7588
"748",2020-08-04 16:52:00,36.13,36.22,36.12,36.2,16504
"749",2020-08-04 16:53:00,36.2,36.25,36.18,36.22,15596
"750",2020-08-04 16:54:00,36.22,36.33,36.21,36.33,23799
"751",2020-08-04 16:55:00,36.34,36.34,36.22,36.23,9454
"752",2020-08-04 16:56:00,36.24,36.25,36.18,36.18,5808
"753",2020-08-04 16:57:00,36.13,36.16,36.11,36.16,4501
"754",2020-08-04 16:58:00,36.16,36.17,36.14,36.16,2321
"755",2020-08-04 16:59:00,36.16,36.23,36.16,36.23,3222
"756",2020-08-04 17:00:00,36.25,36.25,36.21,36.22,4529
"757",2020-08-04 17:01:00,36.21,36.21,36.11,36.15,8445
"758",2020-08-04 17:02:00,36.15,36.2,36.13,36.13,4852
"759",2020-08-04 17:03:00,36.11,36.12,36.09,36.11,7297
"760",2020-08-04 17:04:00,36.1,36.16,36.06,36.16,5727
"761",2020-08-04 17:05:00,36.15,36.17,36.13,36.15,3652
"762",2020-08-04 17:06:00,36.14,36.26,36.14,36.26,5354
"763",2020-08-04 17:07:00,36.26,36.32,36.25,36.31,6262
"764",2020-08-04 17:08:00,36.31,36.31,36.28,36.3,1773
"765",2020-08-04 17:09:00,36.29,36.38,36.28,36.38,13119
"766",2020-08-04 17:10:00,36.37,36.38,36.34,36.37,3008
"767",2020-08-04 17:11:00,36.36,36.36,36.3,36.35,2722
"768",2020-08-04 17:12:00,36.35,36.41,36.35,36.36,5322
"769",2020-08-04 17:13:00,36.35,36.38,36.34,36.36,5544
"770",2020-08-04 17:14:00,36.36,36.38,36.35,36.35,3240
"771",2020-08-04 17:15:00,36.35,36.47,36.35,36.45,6432
"772",2020-08-04 17:16:00,36.47,36.47,36.42,36.44,5557
"773",2020-08-04 17:17:00,36.44,36.48,36.44,36.44,5150
"774",2020-08-04 17:18:00,36.45,36.48,36.45,36.47,5957
"775",2020-08-04 17:19:00,36.46,36.46,36.39,36.46,8625
"776",2020-08-04 17:20:00,36.46,36.52,36.46,36.5,6784
"777",2020-08-04 17:21:00,36.51,36.52,36.45,36.45,5416
"778",2020-08-04 17:22:00,36.43,36.43,36.36,36.41,6846
"779",2020-08-04 17:23:00,36.39,36.43,36.38,36.43,5407
"780",2020-08-04 17:24:00,36.42,36.42,36.38,36.38,1057
"781",2020-08-04 17:25:00,36.36,36.36,36.28,36.28,5315
"782",2020-08-04 17:26:00,36.28,36.32,36.28,36.31,2858
"783",2020-08-04 17:27:00,36.3,36.34,36.3,36.34,2182
"784",2020-08-04 17:28:00,36.34,36.35,36.32,36.33,3993
"785",2020-08-04 17:29:00,36.34,36.34,36.28,36.32,3152
"786",2020-08-04 17:30:00,36.32,36.32,36.28,36.29,6423
"787",2020-08-04 17:31:00,36.3,36.34,36.3,36.3,5249
"788",2020-08-04 17:32:00,36.29,36.3,36.26,36.29,4533
"789",2020-08-04 17:33:00,36.3,36.4,36.3,36.39,6840
"790",2020-08-04 17:34:00,36.4,36.43,36.37,36.37,3501
"791",2020-08-04 17:35:00,36.35,36.38,36.34,36.36,1312
"792",2020-08-04 17:36:00,36.35,36.37,36.34,36.37,1113
"793",2020-08-04 17:37:00,36.39,36.42,36.38,36.41,1415
"794",2020-08-04 17:38:00,36.42,36.44,36.42,36.44,2398
"795",2020-08-04 17:39:00,36.44,36.47,36.44,36.46,1434
"796",2020-08-04 17:40:00,36.48,36.52,36.48,36.5,3672
"797",2020-08-04 17:41:00,36.5,36.51,36.46,36.46,2248
"798",2020-08-04 17:42:00,36.46,36.48,36.44,36.47,2739
"799",2020-08-04 17:43:00,36.48,36.49,36.47,36.47,2225
"800",2020-08-04 17:44:00,36.48,36.54,36.47,36.54,9198
"801",2020-08-04 17:45:00,36.55,36.56,36.46,36.48,6125
"802",2020-08-04 17:46:00,36.46,36.47,36.42,36.43,7025
"803",2020-08-04 17:47:00,36.42,36.48,36.41,36.48,3353
"804",2020-08-04 17:48:00,36.48,36.53,36.48,36.52,3355
"805",2020-08-04 17:49:00,36.52,36.53,36.46,36.49,7202
"806",2020-08-04 17:50:00,36.48,36.48,36.42,36.42,1514
"807",2020-08-04 17:51:00,36.44,36.44,36.38,36.4,7547
"808",2020-08-04 17:52:00,36.39,36.45,36.38,36.45,4930
"809",2020-08-04 17:53:00,36.47,36.49,36.47,36.49,2415
"810",2020-08-04 17:54:00,36.48,36.52,36.48,36.52,3026
"811",2020-08-04 17:55:00,36.52,36.53,36.51,36.52,5771
"812",2020-08-04 17:56:00,36.52,36.54,36.5,36.5,3213
"813",2020-08-04 17:57:00,36.5,36.54,36.5,36.54,1072
"814",2020-08-04 17:58:00,36.54,36.56,36.52,36.52,3209
"815",2020-08-04 17:59:00,36.52,36.52,36.5,36.5,637
"816",2020-08-04 18:00:00,36.5,36.52,36.46,36.46,2314
"817",2020-08-04 18:01:00,36.46,36.46,36.4,36.42,6687
"818",2020-08-04 18:02:00,36.42,36.42,36.38,36.38,2498
"819",2020-08-04 18:03:00,36.37,36.42,36.37,36.4,5153
"820",2020-08-04 18:04:00,36.4,36.46,36.38,36.46,17704
"821",2020-08-04 18:05:00,36.47,36.5,36.47,36.5,3181
"822",2020-08-04 18:06:00,36.5,36.51,36.48,36.51,6880
"823",2020-08-04 18:07:00,36.51,36.51,36.44,36.47,2661
"824",2020-08-04 18:08:00,36.47,36.47,36.44,36.47,4484
"825",2020-08-04 18:09:00,36.47,36.47,36.45,36.46,888
"826",2020-08-04 18:10:00,36.46,36.48,36.45,36.45,1101
"827",2020-08-04 18:11:00,36.45,36.49,36.45,36.49,1230
"828",2020-08-04 18:12:00,36.5,36.54,36.5,36.54,2410
"829",2020-08-04 18:13:00,36.53,36.53,36.49,36.5,3429
"830",2020-08-04 18:14:00,36.51,36.53,36.51,36.52,1103
"831",2020-08-04 18:15:00,36.52,36.58,36.5,36.58,5943
"832",2020-08-04 18:16:00,36.57,36.57,36.55,36.56,2025
"833",2020-08-04 18:17:00,36.56,36.6,36.56,36.6,1741
"834",2020-08-04 18:18:00,36.6,36.6,36.56,36.56,4126
"835",2020-08-04 18:19:00,36.55,36.56,36.54,36.55,1131
"836",2020-08-04 18:20:00,36.55,36.55,36.52,36.55,1495
"837",2020-08-04 18:21:00,36.56,36.56,36.51,36.51,1410
"838",2020-08-04 18:22:00,36.5,36.51,36.5,36.51,2782
"839",2020-08-04 18:23:00,36.5,36.54,36.5,36.52,3629
"840",2020-08-04 18:24:00,36.53,36.55,36.53,36.55,3284
"841",2020-08-04 18:25:00,36.55,36.59,36.54,36.57,8208
"842",2020-08-04 18:26:00,36.58,36.6,36.56,36.56,4720
"843",2020-08-04 18:27:00,36.56,36.57,36.5,36.52,3826
"844",2020-08-04 18:28:00,36.51,36.51,36.4,36.41,3726
"845",2020-08-04 18:29:00,36.42,36.45,36.42,36.43,3331
"846",2020-08-04 18:30:00,36.43,36.43,36.39,36.39,1537
"847",2020-08-04 18:31:00,36.38,36.38,36.36,36.38,1859
"848",2020-08-04 18:32:00,36.37,36.37,36.35,36.35,973
"849",2020-08-04 18:33:00,36.35,36.38,36.34,36.38,1434
"850",2020-08-04 18:34:00,36.4,36.4,36.38,36.39,1020
"851",2020-08-04 18:35:00,36.39,36.39,36.36,36.39,2995
"852",2020-08-04 18:36:00,36.38,36.39,36.38,36.39,1405
"853",2020-08-04 18:37:00,36.39,36.42,36.39,36.41,1830
"854",2020-08-04 18:38:00,36.41,36.41,36.4,36.4,2901
"855",2020-08-04 18:39:00,36.4,36.42,36.36,36.36,4841
"856",2020-08-04 18:40:00,36.36,36.38,36.36,36.38,998
"857",2020-08-04 18:41:00,36.39,36.44,36.39,36.43,5712
"858",2020-08-04 18:42:00,36.44,36.46,36.44,36.46,2552
"859",2020-08-04 18:43:00,36.46,36.46,36.42,36.42,4223
"860",2020-08-04 18:44:00,36.4,36.42,36.38,36.38,1080
"861",2020-08-04 18:45:00,36.37,36.38,36.37,36.37,1239
"862",2020-08-04 18:46:00,36.37,36.37,36.36,36.36,1951
"863",2020-08-04 18:47:00,36.36,36.37,36.34,36.37,2074
"864",2020-08-04 18:48:00,36.37,36.37,36.33,36.35,4116
"865",2020-08-04 18:49:00,36.33,36.34,36.33,36.33,663
"866",2020-08-04 18:50:00,36.34,36.36,36.34,36.35,1600
"867",2020-08-04 18:51:00,36.35,36.4,36.35,36.39,4936
"868",2020-08-04 18:52:00,36.39,36.39,36.35,36.36,2401
"869",2020-08-04 18:53:00,36.35,36.41,36.34,36.41,5558
"870",2020-08-04 18:54:00,36.41,36.42,36.39,36.4,2523
"871",2020-08-04 18:55:00,36.39,36.39,36.36,36.36,2597
"872",2020-08-04 18:56:00,36.34,36.36,36.34,36.34,3379
"873",2020-08-04 18:57:00,36.34,36.35,36.34,36.35,1816
"874",2020-08-04 18:58:00,36.33,36.35,36.33,36.35,1046
"875",2020-08-04 18:59:00,36.35,36.35,36.32,36.33,2567
"876",2020-08-04 19:00:00,36.34,36.36,36.34,36.36,594
"877",2020-08-04 19:01:00,36.36,36.36,36.35,36.36,7224
"878",2020-08-04 19:02:00,36.36,36.38,36.35,36.37,9973
"879",2020-08-04 19:03:00,36.36,36.37,36.35,36.35,3681
"880",2020-08-04 19:04:00,36.34,36.35,36.31,36.32,5407
"881",2020-08-04 19:05:00,36.31,36.31,36.28,36.28,1874
"882",2020-08-04 19:06:00,36.28,36.28,36.26,36.26,2012
"883",2020-08-04 19:07:00,36.26,36.27,36.25,36.26,4987
"884",2020-08-04 19:08:00,36.27,36.29,36.26,36.29,1263
"885",2020-08-04 19:09:00,36.28,36.28,36.24,36.24,8170
"886",2020-08-04 19:10:00,36.23,36.26,36.23,36.25,4059
"887",2020-08-04 19:11:00,36.24,36.25,36.21,36.21,3400
"888",2020-08-04 19:12:00,36.21,36.22,36.21,36.22,5239
"889",2020-08-04 19:13:00,36.22,36.22,36.19,36.19,1861
"890",2020-08-04 19:14:00,36.19,36.22,36.18,36.18,3464
"891",2020-08-04 19:15:00,36.18,36.2,36.18,36.18,2386
"892",2020-08-04 19:16:00,36.17,36.18,36.15,36.17,4721
"893",2020-08-04 19:17:00,36.18,36.22,36.18,36.21,4616
"894",2020-08-04 19:18:00,36.21,36.21,36.19,36.19,1043
"895",2020-08-04 19:19:00,36.2,36.23,36.2,36.21,4452
"896",2020-08-04 19:20:00,36.21,36.22,36.2,36.2,4493
"897",2020-08-04 19:21:00,36.2,36.24,36.19,36.24,3550
"898",2020-08-04 19:22:00,36.24,36.25,36.23,36.24,1770
"899",2020-08-04 19:23:00,36.24,36.25,36.21,36.21,5890
"900",2020-08-04 19:24:00,36.21,36.24,36.2,36.24,3407
"901",2020-08-04 19:25:00,36.24,36.26,36.24,36.24,1971
"902",2020-08-04 19:26:00,36.23,36.24,36.22,36.23,1346
"903",2020-08-04 19:27:00,36.23,36.23,36.2,36.21,2259
"904",2020-08-04 19:28:00,36.22,36.22,36.2,36.21,4826
"905",2020-08-04 19:29:00,36.22,36.26,36.22,36.26,2477
"906",2020-08-04 19:30:00,36.28,36.3,36.28,36.3,2194
"907",2020-08-04 19:31:00,36.3,36.33,36.3,36.33,7438
"908",2020-08-04 19:32:00,36.32,36.32,36.3,36.31,4255
"909",2020-08-04 19:33:00,36.3,36.31,36.29,36.31,2370
"910",2020-08-04 19:34:00,36.32,36.36,36.32,36.36,2239
"911",2020-08-04 19:35:00,36.36,36.39,36.36,36.38,5493
"912",2020-08-04 19:36:00,36.38,36.43,36.38,36.4,7857
"913",2020-08-04 19:37:00,36.38,36.39,36.35,36.36,2847
"914",2020-08-04 19:38:00,36.34,36.34,36.33,36.33,2334
"915",2020-08-04 19:39:00,36.33,36.35,36.33,36.35,800
"916",2020-08-04 19:40:00,36.36,36.38,36.34,36.37,11600
"917",2020-08-04 19:41:00,36.35,36.35,36.34,36.34,1358
"918",2020-08-04 19:42:00,36.34,36.34,36.34,36.34,658
"919",2020-08-04 19:43:00,36.34,36.34,36.32,36.32,847
"920",2020-08-04 19:44:00,36.32,36.32,36.31,36.32,425
"921",2020-08-04 19:45:00,36.31,36.32,36.31,36.32,1041
"922",2020-08-04 19:46:00,36.33,36.39,36.33,36.39,4772
"923",2020-08-04 19:47:00,36.37,36.38,36.36,36.38,1185
"924",2020-08-04 19:48:00,36.37,36.39,36.37,36.39,988
"925",2020-08-04 19:49:00,36.38,36.38,36.35,36.35,1397
"926",2020-08-04 19:50:00,36.32,36.32,36.29,36.3,1916
"927",2020-08-04 19:51:00,36.3,36.31,36.3,36.31,562
"928",2020-08-04 19:52:00,36.31,36.32,36.3,36.3,1276
"929",2020-08-04 19:53:00,36.3,36.31,36.29,36.29,1582
"930",2020-08-04 19:54:00,36.29,36.29,36.25,36.25,1692
"931",2020-08-04 19:55:00,36.26,36.26,36.25,36.25,736
"932",2020-08-04 19:56:00,36.25,36.26,36.24,36.26,1759
"933",2020-08-04 19:57:00,36.26,36.28,36.26,36.28,2916
"934",2020-08-04 19:58:00,36.28,36.28,36.24,36.26,1165
"935",2020-08-04 19:59:00,36.25,36.25,36.23,36.24,580
"936",2020-08-04 20:00:00,36.24,36.25,36.22,36.24,1964
"937",2020-08-04 20:01:00,36.26,36.26,36.24,36.24,2597
"938",2020-08-04 20:02:00,36.24,36.24,36.22,36.23,1613
"939",2020-08-04 20:03:00,36.23,36.23,36.22,36.22,986
"940",2020-08-04 20:04:00,36.22,36.22,36.18,36.2,1999
"941",2020-08-04 20:05:00,36.2,36.2,36.18,36.18,2658
"942",2020-08-04 20:06:00,36.19,36.22,36.19,36.22,2601
"943",2020-08-04 20:07:00,36.23,36.24,36.23,36.24,1006
"944",2020-08-04 20:08:00,36.25,36.25,36.22,36.23,1676
"945",2020-08-04 20:09:00,36.22,36.23,36.21,36.23,639
"946",2020-08-04 20:10:00,36.23,36.25,36.23,36.25,1322
"947",2020-08-04 20:11:00,36.24,36.24,36.23,36.23,374
"948",2020-08-04 20:12:00,36.22,36.23,36.21,36.22,1331
"949",2020-08-04 20:13:00,36.23,36.26,36.23,36.26,1584
"950",2020-08-04 20:14:00,36.26,36.28,36.26,36.26,520
"951",2020-08-04 20:15:00,36.25,36.26,36.25,36.26,14512
"952",2020-08-04 20:16:00,36.26,36.28,36.24,36.28,4895
"953",2020-08-04 20:17:00,36.28,36.3,36.28,36.29,2023
"954",2020-08-04 20:18:00,36.28,36.29,36.28,36.29,2322
"955",2020-08-04 20:19:00,36.29,36.31,36.26,36.31,8985
"956",2020-08-04 20:20:00,36.31,36.31,36.3,36.3,3479
"957",2020-08-04 20:21:00,36.32,36.32,36.3,36.3,709
"958",2020-08-04 20:22:00,36.3,36.31,36.3,36.3,449
"959",2020-08-04 20:23:00,36.3,36.31,36.3,36.31,1108
"960",2020-08-04 20:24:00,36.31,36.31,36.3,36.3,1636
"961",2020-08-04 20:25:00,36.3,36.34,36.3,36.32,2031
"962",2020-08-04 20:26:00,36.31,36.32,36.3,36.32,2065
"963",2020-08-04 20:27:00,36.33,36.34,36.32,36.32,1023
"964",2020-08-04 20:28:00,36.32,36.34,36.32,36.33,1202
"965",2020-08-04 20:29:00,36.33,36.34,36.33,36.34,944
"966",2020-08-04 20:30:00,36.33,36.33,36.32,36.32,721
"967",2020-08-04 20:31:00,36.32,36.34,36.32,36.33,2520
"968",2020-08-04 20:32:00,36.33,36.33,36.32,36.32,482
"969",2020-08-04 20:33:00,36.32,36.34,36.32,36.34,947
"970",2020-08-04 20:34:00,36.34,36.34,36.34,36.34,353
"971",2020-08-04 20:35:00,36.34,36.34,36.34,36.34,215
"972",2020-08-04 20:36:00,36.33,36.35,36.32,36.35,2673
"973",2020-08-04 20:37:00,36.36,36.48,36.36,36.46,20269
"974",2020-08-04 20:38:00,36.46,36.48,36.46,36.48,4111
"975",2020-08-04 20:39:00,36.48,36.48,36.44,36.46,3495
"976",2020-08-04 20:40:00,36.46,36.48,36.46,36.48,1766
"977",2020-08-04 20:41:00,36.48,36.48,36.47,36.47,960
"978",2020-08-04 20:42:00,36.47,36.47,36.43,36.44,3622
"979",2020-08-04 20:43:00,36.44,36.45,36.44,36.44,695
"980",2020-08-04 20:44:00,36.45,36.45,36.44,36.44,1715
"981",2020-08-04 20:45:00,36.44,36.44,36.42,36.43,1378
"982",2020-08-04 20:46:00,36.43,36.43,36.42,36.42,1740
"983",2020-08-04 20:47:00,36.43,36.44,36.43,36.44,1406
"984",2020-08-04 20:48:00,36.43,36.43,36.41,36.42,2046
"985",2020-08-04 20:49:00,36.41,36.42,36.41,36.42,1193
"986",2020-08-04 20:50:00,36.41,36.42,36.4,36.4,1133
"987",2020-08-04 20:51:00,36.41,36.42,36.4,36.42,1123
"988",2020-08-04 20:52:00,36.41,36.41,36.4,36.4,1070
"989",2020-08-04 20:53:00,36.41,36.41,36.4,36.4,608
"990",2020-08-04 20:54:00,36.4,36.4,36.39,36.39,1208
"991",2020-08-04 20:55:00,36.4,36.4,36.4,36.4,1036
"992",2020-08-04 20:56:00,36.4,36.4,36.4,36.4,834
"993",2020-08-04 20:57:00,36.39,36.39,36.38,36.38,1334
"994",2020-08-04 20:58:00,36.38,36.4,36.38,36.4,1101
"995",2020-08-04 20:59:00,36.4,36.4,36.39,36.39,1119
"996",2020-08-04 21:00:00,36.38,36.38,36.37,36.38,874
"997",2020-08-04 21:01:00,36.37,36.38,36.36,36.38,2430
"998",2020-08-04 21:02:00,36.38,36.38,36.38,36.38,422
"999",2020-08-04 21:03:00,36.38,36.39,36.38,36.39,1000
"1000",2020-08-04 21:04:00,36.38,36.39,36.38,36.38,521
"1001",2020-08-04 21:05:00,36.38,36.38,36.38,36.38,200
"1002",2020-08-04 21:06:00,36.38,36.38,36.36,36.36,1784
"1003",2020-08-04 21:07:00,36.36,36.37,36.36,36.37,2013
"1004",2020-08-04 21:08:00,36.39,36.39,36.39,36.39,1300
"1005",2020-08-04 21:09:00,36.39,36.39,36.35,36.35,1099
"1006",2020-08-04 21:10:00,36.36,36.38,36.36,36.38,522
"1007",2020-08-04 21:11:00,36.38,36.41,36.38,36.4,3138
"1008",2020-08-04 21:12:00,36.39,36.39,36.37,36.37,710
"1009",2020-08-04 21:13:00,36.36,36.37,36.36,36.36,1395
"1010",2020-08-04 21:14:00,36.36,36.36,36.34,36.35,1126
"1011",2020-08-04 21:15:00,36.34,36.34,36.34,36.34,1930
"1012",2020-08-04 21:16:00,36.34,36.42,36.34,36.42,4280
"1013",2020-08-04 21:17:00,36.42,36.43,36.42,36.42,6455
"1014",2020-08-04 21:18:00,36.42,36.43,36.42,36.43,7047
"1015",2020-08-04 21:19:00,36.43,36.44,36.43,36.43,3791
"1016",2020-08-04 21:20:00,36.43,36.43,36.42,36.43,2826
"1017",2020-08-04 21:21:00,36.43,36.45,36.42,36.45,994
"1018",2020-08-04 21:22:00,36.46,36.46,36.44,36.46,1697
"1019",2020-08-04 21:23:00,36.45,36.46,36.44,36.45,1043
"1020",2020-08-04 21:24:00,36.44,36.45,36.44,36.45,2770
"1021",2020-08-04 21:25:00,36.46,36.47,36.46,36.46,2555
"1022",2020-08-04 21:26:00,36.46,36.48,36.46,36.47,1740
"1023",2020-08-04 21:27:00,36.46,36.46,36.46,36.46,303
"1024",2020-08-04 21:28:00,36.47,36.47,36.46,36.46,12
"1025",2020-08-04 21:29:00,36.46,36.46,36.45,36.45,5605
"1026",2020-08-04 21:30:00,36.45,36.46,36.44,36.45,6186
"1027",2020-08-04 21:31:00,36.44,36.44,36.34,36.34,5515
"1028",2020-08-04 21:32:00,36.32,36.33,36.29,36.31,7275
"1029",2020-08-04 21:33:00,36.31,36.31,36.26,36.26,4390
"1030",2020-08-04 21:34:00,36.25,36.26,36.24,36.26,2503
"1031",2020-08-04 21:35:00,36.25,36.25,36.21,36.24,3186
"1032",2020-08-04 21:36:00,36.21,36.22,36.2,36.2,2440
"1033",2020-08-04 21:37:00,36.19,36.2,36.17,36.17,3946
"1034",2020-08-04 21:38:00,36.17,36.18,36.14,36.16,11205
"1035",2020-08-04 21:39:00,36.16,36.16,36.14,36.15,2098
"1036",2020-08-04 21:40:00,36.16,36.16,36.1,36.13,12093
"1037",2020-08-04 21:41:00,36.13,36.19,36.13,36.19,4432
"1038",2020-08-04 21:42:00,36.2,36.23,36.19,36.22,3443
"1039",2020-08-04 21:43:00,36.23,36.24,36.21,36.21,1711
"1040",2020-08-04 21:44:00,36.2,36.2,36.2,36.2,2714
"1041",2020-08-04 21:45:00,36.2,36.22,36.2,36.22,1013
"1042",2020-08-04 21:46:00,36.22,36.24,36.22,36.23,2567
"1043",2020-08-04 21:47:00,36.24,36.24,36.22,36.22,2411
"1044",2020-08-04 21:48:00,36.22,36.22,36.22,36.22,100
"1045",2020-08-04 21:49:00,36.22,36.24,36.22,36.24,869
"1046",2020-08-04 21:50:00,36.24,36.25,36.23,36.25,3173
"1047",2020-08-04 21:51:00,36.26,36.29,36.26,36.28,5022
"1048",2020-08-04 21:52:00,36.27,36.27,36.26,36.26,1394
"1049",2020-08-04 21:53:00,36.26,36.26,36.26,36.26,800
"1050",2020-08-04 21:54:00,36.26,36.26,36.25,36.25,1202
"1051",2020-08-04 21:55:00,36.26,36.26,36.25,36.25,2100
"1052",2020-08-04 21:56:00,36.26,36.28,36.26,36.28,715
"1053",2020-08-04 21:57:00,36.27,36.28,36.27,36.28,904
"1054",2020-08-04 21:58:00,36.27,36.27,36.26,36.27,2527
"1055",2020-08-04 21:59:00,36.27,36.28,36.26,36.27,2235
"1056",2020-08-04 22:00:00,36.27,36.28,36.27,36.28,1404
"1057",2020-08-04 22:01:00,36.28,36.31,36.28,36.31,1588
"1058",2020-08-04 22:02:00,36.3,36.33,36.3,36.33,2693
"1059",2020-08-04 22:03:00,36.33,36.33,36.29,36.3,3034
"1060",2020-08-04 22:04:00,36.29,36.29,36.27,36.27,1809
"1061",2020-08-04 22:05:00,36.28,36.3,36.28,36.3,3326
"1062",2020-08-04 22:06:00,36.3,36.31,36.3,36.3,779
"1063",2020-08-04 22:07:00,36.3,36.3,36.29,36.29,2214
"1064",2020-08-04 22:08:00,36.29,36.29,36.29,36.29,1526
"1065",2020-08-04 22:09:00,36.28,36.28,36.28,36.28,1178
"1066",2020-08-04 22:10:00,36.28,36.29,36.28,36.29,1659
"1067",2020-08-04 22:11:00,36.31,36.32,36.3,36.3,4766
"1068",2020-08-04 22:12:00,36.3,36.3,36.29,36.29,882
"1069",2020-08-04 22:13:00,36.29,36.3,36.28,36.3,5511
"1070",2020-08-04 22:14:00,36.3,36.3,36.3,36.3,909
"1071",2020-08-04 22:15:00,36.3,36.3,36.29,36.29,2184
"1072",2020-08-04 22:16:00,36.3,36.32,36.3,36.31,6291
"1073",2020-08-04 22:17:00,36.31,36.31,36.3,36.3,1479
"1074",2020-08-04 22:18:00,36.3,36.3,36.29,36.29,1800
"1075",2020-08-04 22:19:00,36.28,36.3,36.28,36.29,960
"1076",2020-08-04 22:20:00,36.29,36.3,36.29,36.3,2678
"1077",2020-08-04 22:21:00,36.31,36.32,36.3,36.3,1629
"1078",2020-08-04 22:22:00,36.3,36.3,36.29,36.29,1687
"1079",2020-08-04 22:23:00,36.29,36.3,36.29,36.3,500
"1080",2020-08-04 22:24:00,36.3,36.31,36.3,36.31,2078
"1081",2020-08-04 22:25:00,36.3,36.32,36.3,36.32,781
"1082",2020-08-04 22:26:00,36.32,36.34,36.32,36.33,3357
"1083",2020-08-04 22:27:00,36.33,36.33,36.31,36.31,1007
"1084",2020-08-04 22:28:00,36.31,36.31,36.28,36.28,2123
"1085",2020-08-04 22:29:00,36.28,36.29,36.26,36.26,3003
"1086",2020-08-04 22:30:00,36.27,36.27,36.27,36.27,557
"1087",2020-08-04 22:31:00,36.28,36.32,36.28,36.3,8799
"1088",2020-08-04 22:32:00,36.29,36.29,36.26,36.26,4456
"1089",2020-08-04 22:33:00,36.27,36.27,36.26,36.26,700
"1090",2020-08-04 22:34:00,36.26,36.27,36.26,36.27,1613
"1091",2020-08-04 22:35:00,36.27,36.28,36.27,36.28,1155
"1092",2020-08-04 22:36:00,36.28,36.28,36.27,36.27,1201
"1093",2020-08-04 22:37:00,36.28,36.28,36.26,36.26,3819
"1094",2020-08-04 22:38:00,36.26,36.28,36.26,36.28,4215
"1095",2020-08-04 22:39:00,36.28,36.29,36.27,36.29,2435
"1096",2020-08-04 22:40:00,36.29,36.3,36.28,36.29,3433
"1097",2020-08-04 22:41:00,36.28,36.29,36.27,36.28,2160
"1098",2020-08-04 22:42:00,36.28,36.28,36.28,36.28,1283
"1099",2020-08-04 22:43:00,36.29,36.29,36.28,36.28,1567
"1100",2020-08-04 22:44:00,36.28,36.29,36.28,36.29,1385
"1101",2020-08-04 22:45:00,36.29,36.29,36.28,36.28,4110
"1102",2020-08-04 22:46:00,36.28,36.3,36.28,36.29,854
"1103",2020-08-04 22:47:00,36.3,36.3,36.3,36.3,13753
"1104",2020-08-04 22:48:00,36.29,36.29,36.27,36.28,7273
"1105",2020-08-04 22:49:00,36.27,36.27,36.22,36.24,4978
"1106",2020-08-04 22:50:00,36.24,36.25,36.22,36.23,3074
"1107",2020-08-04 22:51:00,36.23,36.25,36.22,36.24,4548
"1108",2020-08-04 22:52:00,36.24,36.24,36.22,36.22,4898
"1109",2020-08-04 22:53:00,36.22,36.22,36.21,36.21,4028
"1110",2020-08-04 22:54:00,36.22,36.26,36.2,36.22,24068
"1111",2020-08-04 22:55:00,36.22,36.22,36.2,36.21,3804
"1112",2020-08-04 22:56:00,36.2,36.24,36.2,36.24,3499
"1113",2020-08-04 22:57:00,36.23,36.24,36.22,36.24,5682
"1114",2020-08-04 22:58:00,36.23,36.23,36.22,36.22,8957
"1115",2020-08-04 22:59:00,36.22,36.28,36.22,36.28,22780
"1116",2020-08-04 23:00:00,36.28,36.36,36.28,36.36,19721
"1117",2020-08-04 23:01:00,36.33,36.33,36.33,36.33,25
"1118",2020-08-04 23:02:00,36.37,36.37,36.37,36.37,500
"1119",2020-08-04 23:05:00,36.35,36.35,36.35,36.35,7959
"1120",2020-08-04 23:13:00,36.45,36.45,36.45,36.45,1
"1121",2020-08-04 23:15:00,36.37,36.37,36.37,36.37,9
"1122",2020-08-04 23:19:00,36.41,36.41,36.41,36.41,300
"1123",2020-08-04 23:20:00,36.41,36.41,36.41,36.41,700
"1124",2020-08-04 23:24:00,36.4,36.5,36.4,36.5,7
"1125",2020-08-04 23:35:00,36.37,36.37,36.37,36.37,91
"1126",2020-08-04 23:37:00,36.37,36.37,36.37,36.37,300
"1127",2020-08-04 23:48:00,36.49,36.49,36.49,36.49,1
"1128",2020-08-05 00:00:00,36.49,36.49,36.49,36.49,6
"1129",2020-08-05 00:03:00,36.49,36.49,36.39,36.39,48
"1130",2020-08-05 00:04:00,36.37,36.37,36.37,36.37,100
"1131",2020-08-05 00:06:00,36.37,36.37,36.37,36.37,25
"1132",2020-08-05 00:08:00,36.37,36.37,36.37,36.37,3
"1133",2020-08-05 00:09:00,36.37,36.37,36.37,36.37,3
"1134",2020-08-05 00:12:00,36.37,36.37,36.37,36.37,1
"1135",2020-08-05 00:14:00,36.37,36.37,36.37,36.37,94
"1136",2020-08-05 01:06:00,36.31,36.31,36.31,36.31,9
"1137",2020-08-05 01:27:00,36.31,36.31,36.31,36.31,200
"1138",2020-08-05 01:37:00,36.31,36.31,36.31,36.31,1
"1139",2020-08-05 10:01:00,36.62,36.67,36.61,36.67,13
"1140",2020-08-05 10:02:00,36.66,36.67,36.66,36.67,100
"1141",2020-08-05 10:05:00,36.59,36.59,36.27,36.27,14
"1142",2020-08-05 10:07:00,36.29,36.29,36.28,36.28,6
"1143",2020-08-05 10:08:00,36.3,36.3,36.26,36.26,8
"1144",2020-08-05 10:09:00,36.58,36.58,36.58,36.58,3
"1145",2020-08-05 10:10:00,36.56,36.56,36.56,36.56,6
"1146",2020-08-05 10:12:00,36.3,36.3,36.3,36.3,2
"1147",2020-08-05 10:14:00,36.56,36.56,36.56,36.56,2
"1148",2020-08-05 10:18:00,36.56,36.56,36.56,36.56,25
"1149",2020-08-05 10:20:00,36.33,36.33,36.33,36.33,1
"1150",2020-08-05 10:21:00,36.55,36.55,36.55,36.55,2
"1151",2020-08-05 10:23:00,36.54,36.54,36.54,36.54,2
"1152",2020-08-05 10:24:00,36.33,36.33,36.33,36.33,1
"1153",2020-08-05 10:25:00,36.57,36.57,36.57,36.57,1
"1154",2020-08-05 10:26:00,36.58,36.58,36.58,36.58,2
"1155",2020-08-05 10:27:00,36.33,36.33,36.33,36.33,4
"1156",2020-08-05 10:28:00,36.58,36.58,36.58,36.58,1
"1157",2020-08-05 10:29:00,36.59,36.59,36.59,36.59,2
"1158",2020-08-05 10:32:00,36.59,36.59,36.59,36.59,1
"1159",2020-08-05 10:39:00,36.35,36.35,36.35,36.35,1
"1160",2020-08-05 10:53:00,36.39,36.39,36.39,36.39,5
"1161",2020-08-05 10:56:00,36.49,36.49,36.49,36.49,1
"1162",2020-08-05 11:04:00,36.37,36.37,36.37,36.37,1
"1163",2020-08-05 11:05:00,36.47,36.5,36.47,36.5,4
"1164",2020-08-05 11:09:00,36.5,36.5,36.5,36.5,10
"1165",2020-08-05 11:10:00,36.5,36.5,36.5,36.5,1
"1166",2020-08-05 11:16:00,36.58,36.58,36.58,36.58,5
"1167",2020-08-05 11:18:00,36.58,36.59,36.58,36.59,5
"1168",2020-08-05 11:20:00,36.59,36.59,36.59,36.59,2
"1169",2020-08-05 11:22:00,36.59,36.59,36.59,36.59,12
"1170",2020-08-05 11:23:00,36.5,36.5,36.5,36.5,2
"1171",2020-08-05 11:37:00,36.6,36.6,36.52,36.52,6
"1172",2020-08-05 11:42:00,36.52,36.52,36.52,36.52,1
"1173",2020-08-05 11:46:00,36.52,36.52,36.51,36.51,40
"1174",2020-08-05 11:51:00,36.51,36.51,36.51,36.51,2
"1175",2020-08-05 11:54:00,36.5,36.5,36.5,36.5,5
"1176",2020-08-05 11:56:00,36.5,36.5,36.5,36.5,1
"1177",2020-08-05 11:58:00,36.57,36.57,36.5,36.5,210
"1178",2020-08-05 12:08:00,36.5,36.5,36.5,36.5,2
"1179",2020-08-05 12:12:00,36.51,36.51,36.51,36.51,224
"1180",2020-08-05 12:13:00,36.51,36.56,36.51,36.56,50
"1181",2020-08-05 12:28:00,36.55,36.55,36.55,36.55,4
"1182",2020-08-05 12:29:00,36.55,36.55,36.55,36.55,1
"1183",2020-08-05 12:32:00,36.55,36.55,36.55,36.55,1
"1184",2020-08-05 12:36:00,36.59,36.59,36.59,36.59,5
"1185",2020-08-05 12:38:00,36.6,36.6,36.6,36.6,2
"1186",2020-08-05 12:57:00,36.66,36.66,36.66,36.66,2
"1187",2020-08-05 13:03:00,36.55,36.55,36.55,36.55,5
"1188",2020-08-05 13:05:00,36.55,36.55,36.55,36.55,4
"1189",2020-08-05 13:07:00,36.65,36.65,36.65,36.65,1
"1190",2020-08-05 13:14:00,36.55,36.55,36.55,36.55,1
"1191",2020-08-05 13:15:00,36.55,36.55,36.55,36.55,2
"1192",2020-08-05 13:20:00,36.6,36.6,36.6,36.6,1
"1193",2020-08-05 13:22:00,36.55,36.55,36.55,36.55,10
"1194",2020-08-05 13:33:00,36.55,36.55,36.55,36.55,10
"1195",2020-08-05 13:36:00,36.6,36.6,36.55,36.55,2
"1196",2020-08-05 13:38:00,36.55,36.55,36.55,36.55,7
"1197",2020-08-05 13:48:00,36.54,36.54,36.54,36.54,7
"1198",2020-08-05 13:56:00,36.51,36.51,36.51,36.51,1
"1199",2020-08-05 13:57:00,36.55,36.55,36.55,36.55,2
"1200",2020-08-05 13:59:00,36.51,36.51,36.51,36.51,1
"1201",2020-08-05 14:00:00,36.55,36.55,36.51,36.51,30
"1202",2020-08-05 14:02:00,36.51,36.51,36.51,36.51,11
"1203",2020-08-05 14:06:00,36.51,36.51,36.51,36.51,12
"1204",2020-08-05 14:20:00,36.51,36.51,36.4,36.45,12
"1205",2020-08-05 14:30:00,36.54,36.54,36.54,36.54,7
"1206",2020-08-05 14:31:00,36.55,36.55,36.55,36.55,5
"1207",2020-08-05 14:42:00,36.5,36.5,36.5,36.5,2
"1208",2020-08-05 14:43:00,36.5,36.5,36.5,36.5,1
"1209",2020-08-05 14:55:00,36.55,36.55,36.55,36.55,7
"1210",2020-08-05 15:01:00,36.55,36.55,36.54,36.54,12
"1211",2020-08-05 15:06:00,36.5,36.5,36.5,36.5,70
"1212",2020-08-05 15:14:00,36.55,36.55,36.55,36.55,2
"1213",2020-08-05 15:15:00,36.55,36.55,36.55,36.55,1
"1214",2020-08-05 15:16:00,36.5,36.5,36.5,36.5,36
"1215",2020-08-05 15:24:00,36.46,36.46,36.46,36.46,100
"1216",2020-08-05 15:25:00,36.5,36.5,36.5,36.5,30
"1217",2020-08-05 15:26:00,36.5,36.5,36.5,36.5,10
"1218",2020-08-05 15:28:00,36.49,36.49,36.49,36.49,100
"1219",2020-08-05 15:35:00,36.49,36.49,36.49,36.49,102
"1220",2020-08-05 15:38:00,36.4,36.4,36.4,36.4,1
"1221",2020-08-05 15:42:00,36.39,36.39,36.36,36.36,4
"1222",2020-08-05 15:43:00,36.38,36.38,36.38,36.38,9
"1223",2020-08-05 15:45:00,36.49,36.49,36.49,36.49,1
"1224",2020-08-05 15:51:00,36.48,36.48,36.48,36.48,1
"1225",2020-08-05 15:57:00,36.48,36.48,36.48,36.48,10
"1226",2020-08-05 16:03:00,36.35,36.35,36.33,36.33,453
"1227",2020-08-05 16:09:00,36.36,36.36,36.36,36.36,3
"1228",2020-08-05 16:10:00,36.35,36.35,36.35,36.35,1
"1229",2020-08-05 16:12:00,36.31,36.31,36.31,36.31,100
"1230",2020-08-05 16:13:00,36.33,36.33,36.33,36.33,1
"1231",2020-08-05 16:14:00,36.33,36.33,36.33,36.33,6
"1232",2020-08-05 16:15:00,36.33,36.33,36.33,36.33,8
"1233",2020-08-05 16:18:00,36.33,36.36,36.33,36.36,435
"1234",2020-08-05 16:19:00,36.36,36.36,36.36,36.36,6
"1235",2020-08-05 16:21:00,36.36,36.4,36.36,36.4,30
"1236",2020-08-05 16:24:00,36.4,36.4,36.4,36.4,3
"1237",2020-08-05 16:26:00,36.39,36.4,36.39,36.4,2
"1238",2020-08-05 16:28:00,36.4,36.4,36.4,36.4,503
"1239",2020-08-05 16:29:00,36.4,36.43,36.37,36.37,60
"1240",2020-08-05 16:30:00,36.37,36.56,36.37,36.49,396
"1241",2020-08-05 16:31:00,36.54,36.57,36.5,36.5,1527
"1242",2020-08-05 16:32:00,36.54,36.54,36.41,36.43,7615
"1243",2020-08-05 16:33:00,36.41,36.7,36.41,36.7,16653
"1244",2020-08-05 16:34:00,36.72,36.73,36.64,36.64,12879
"1245",2020-08-05 16:35:00,36.65,36.65,36.57,36.58,7970
"1246",2020-08-05 16:36:00,36.55,36.62,36.53,36.61,9018
"1247",2020-08-05 16:37:00,36.6,36.6,36.55,36.57,5038
"1248",2020-08-05 16:38:00,36.59,36.59,36.48,36.49,8027
"1249",2020-08-05 16:39:00,36.48,36.63,36.48,36.63,3596
"1250",2020-08-05 16:40:00,36.63,36.63,36.55,36.56,3367
"1251",2020-08-05 16:41:00,36.56,36.59,36.56,36.56,11984
"1252",2020-08-05 16:42:00,36.55,36.55,36.49,36.53,5491
"1253",2020-08-05 16:43:00,36.52,36.54,36.49,36.54,4129
"1254",2020-08-05 16:44:00,36.54,36.62,36.54,36.62,2943
"1255",2020-08-05 16:45:00,36.62,36.67,36.62,36.64,6946
"1256",2020-08-05 16:46:00,36.64,36.66,36.61,36.62,6372
"1257",2020-08-05 16:47:00,36.62,36.62,36.57,36.61,2698
"1258",2020-08-05 16:48:00,36.6,36.61,36.53,36.53,2170
"1259",2020-08-05 16:49:00,36.54,36.59,36.52,36.59,8404
"1260",2020-08-05 16:50:00,36.59,36.77,36.59,36.77,5925
"1261",2020-08-05 16:51:00,36.76,36.82,36.74,36.8,9866
"1262",2020-08-05 16:52:00,36.79,36.82,36.74,36.74,6823
"1263",2020-08-05 16:53:00,36.76,36.78,36.72,36.72,5000
"1264",2020-08-05 16:54:00,36.71,36.75,36.68,36.72,21969
"1265",2020-08-05 16:55:00,36.73,36.73,36.69,36.72,2661
"1266",2020-08-05 16:56:00,36.72,36.74,36.71,36.71,3776
"1267",2020-08-05 16:57:00,36.72,36.79,36.72,36.79,4626
"1268",2020-08-05 16:58:00,36.79,36.8,36.77,36.78,5245
"1269",2020-08-05 16:59:00,36.78,36.87,36.78,36.86,4612
"1270",2020-08-05 17:00:00,36.88,36.89,36.87,36.88,4510
"1271",2020-08-05 17:01:00,36.89,36.95,36.89,36.95,10800
"1272",2020-08-05 17:02:00,36.93,36.93,36.88,36.93,6423
"1273",2020-08-05 17:03:00,36.93,36.96,36.93,36.95,1874
"1274",2020-08-05 17:04:00,36.96,36.96,36.92,36.93,2751
"1275",2020-08-05 17:05:00,36.92,36.94,36.86,36.93,5226
"1276",2020-08-05 17:06:00,36.95,37.04,36.95,37.02,13790
"1277",2020-08-05 17:07:00,37.03,37.1,37.03,37.09,17221
"1278",2020-08-05 17:08:00,37.1,37.16,37.1,37.11,14867
"1279",2020-08-05 17:09:00,37.11,37.12,37.08,37.11,12577
"1280",2020-08-05 17:10:00,37.12,37.14,37.1,37.12,13818
"1281",2020-08-05 17:11:00,37.13,37.13,37.06,37.06,14575
"1282",2020-08-05 17:12:00,37.06,37.06,37.03,37.04,9020
"1283",2020-08-05 17:13:00,37.04,37.05,37.03,37.05,1297
"1284",2020-08-05 17:14:00,37.06,37.09,37.06,37.09,1315
"1285",2020-08-05 17:15:00,37.08,37.08,36.94,36.96,7626
"1286",2020-08-05 17:16:00,36.96,36.96,36.93,36.96,2405
"1287",2020-08-05 17:17:00,36.97,37,36.96,36.99,2201
"1288",2020-08-05 17:18:00,37,37,36.95,36.96,4576
"1289",2020-08-05 17:19:00,36.96,36.97,36.95,36.97,1655
"1290",2020-08-05 17:20:00,36.98,36.98,36.93,36.98,3356
"1291",2020-08-05 17:21:00,36.98,36.98,36.91,36.92,2906
"1292",2020-08-05 17:22:00,36.92,36.94,36.91,36.93,1149
"1293",2020-08-05 17:23:00,36.94,37.02,36.94,37.02,4236
"1294",2020-08-05 17:24:00,37.02,37.02,36.94,36.94,8367
"1295",2020-08-05 17:25:00,36.94,36.94,36.85,36.87,9604
"1296",2020-08-05 17:26:00,36.86,36.88,36.82,36.88,3830
"1297",2020-08-05 17:27:00,36.88,36.92,36.87,36.9,2923
"1298",2020-08-05 17:28:00,36.93,36.93,36.91,36.91,4278
"1299",2020-08-05 17:29:00,36.91,36.94,36.9,36.94,3820
"1300",2020-08-05 17:30:00,36.95,37.02,36.95,37.02,4514
"1301",2020-08-05 17:31:00,37.03,37.06,37.01,37.01,4912
"1302",2020-08-05 17:32:00,36.99,36.99,36.95,36.97,6220
"1303",2020-08-05 17:33:00,36.95,36.98,36.94,36.98,1446
"1304",2020-08-05 17:34:00,36.98,36.98,36.94,36.97,2258
"1305",2020-08-05 17:35:00,36.97,37,36.97,37,1504
"1306",2020-08-05 17:36:00,36.98,36.99,36.96,36.96,1181
"1307",2020-08-05 17:37:00,36.96,36.96,36.91,36.91,926
"1308",2020-08-05 17:38:00,36.9,36.9,36.89,36.9,984
"1309",2020-08-05 17:39:00,36.9,36.9,36.87,36.9,1781
"1310",2020-08-05 17:40:00,36.91,36.91,36.88,36.9,1174
"1311",2020-08-05 17:41:00,36.91,36.95,36.91,36.95,6999
"1312",2020-08-05 17:42:00,36.95,36.96,36.9,36.9,3324
"1313",2020-08-05 17:43:00,36.9,36.94,36.9,36.94,1209
"1314",2020-08-05 17:44:00,36.97,37,36.94,36.95,3998
"1315",2020-08-05 17:45:00,36.95,36.95,36.89,36.89,4049
"1316",2020-08-05 17:46:00,36.89,36.97,36.89,36.97,3302
"1317",2020-08-05 17:47:00,36.98,37.01,36.98,36.99,6994
"1318",2020-08-05 17:48:00,36.98,37.02,36.98,37.02,2664
"1319",2020-08-05 17:49:00,37.03,37.05,37.02,37.05,1733
"1320",2020-08-05 17:50:00,37.04,37.05,37.02,37.04,1431
"1321",2020-08-05 17:51:00,37.04,37.06,37.03,37.05,1739
"1322",2020-08-05 17:52:00,37.05,37.06,37.05,37.05,1858
"1323",2020-08-05 17:53:00,37.06,37.08,37.06,37.06,4353
"1324",2020-08-05 17:54:00,37.06,37.09,37.06,37.09,3434
"1325",2020-08-05 17:55:00,37.09,37.09,37.06,37.07,1645
"1326",2020-08-05 17:56:00,37.06,37.06,37.03,37.05,841
"1327",2020-08-05 17:57:00,37.05,37.07,37.05,37.07,3078
"1328",2020-08-05 17:58:00,37.08,37.08,37.06,37.08,3129
"1329",2020-08-05 17:59:00,37.08,37.08,37.06,37.08,4462
"1330",2020-08-05 18:00:00,37.09,37.18,37.09,37.16,10219
"1331",2020-08-05 18:01:00,37.16,37.16,37.13,37.14,4245
"1332",2020-08-05 18:02:00,37.15,37.15,37.1,37.1,6143
"1333",2020-08-05 18:03:00,37.11,37.12,37.1,37.1,1992
"1334",2020-08-05 18:04:00,37.1,37.2,37.1,37.18,13069
"1335",2020-08-05 18:05:00,37.18,37.19,37.17,37.17,1239
"1336",2020-08-05 18:06:00,37.16,37.2,37.15,37.2,1761
"1337",2020-08-05 18:07:00,37.19,37.2,37.19,37.19,10028
"1338",2020-08-05 18:08:00,37.2,37.25,37.2,37.24,33472
"1339",2020-08-05 18:09:00,37.24,37.25,37.23,37.25,1674
"1340",2020-08-05 18:10:00,37.25,37.26,37.2,37.2,2958
"1341",2020-08-05 18:11:00,37.2,37.22,37.2,37.2,1477
"1342",2020-08-05 18:12:00,37.2,37.2,37.18,37.19,3391
"1343",2020-08-05 18:13:00,37.19,37.21,37.18,37.2,3465
"1344",2020-08-05 18:14:00,37.2,37.21,37.19,37.19,3306
"1345",2020-08-05 18:15:00,37.18,37.18,37.15,37.18,4396
"1346",2020-08-05 18:16:00,37.18,37.19,37.16,37.16,5744
"1347",2020-08-05 18:17:00,37.16,37.16,37.14,37.15,1566
"1348",2020-08-05 18:18:00,37.16,37.17,37.14,37.14,11383
"1349",2020-08-05 18:19:00,37.12,37.13,37.11,37.13,4114
"1350",2020-08-05 18:20:00,37.14,37.16,37.14,37.16,489
"1351",2020-08-05 18:21:00,37.16,37.17,37.14,37.14,2555
"1352",2020-08-05 18:22:00,37.14,37.14,37.1,37.1,2539
"1353",2020-08-05 18:23:00,37.1,37.12,37.1,37.12,1986
"1354",2020-08-05 18:24:00,37.13,37.15,37.13,37.15,1094
"1355",2020-08-05 18:25:00,37.16,37.17,37.16,37.16,1466
"1356",2020-08-05 18:26:00,37.17,37.2,37.17,37.19,3598
"1357",2020-08-05 18:27:00,37.18,37.19,37.08,37.08,2211
"1358",2020-08-05 18:28:00,37.08,37.08,37.01,37.04,3230
"1359",2020-08-05 18:29:00,37.03,37.05,37.02,37.05,1259
"1360",2020-08-05 18:30:00,37.05,37.05,37.03,37.03,1254
"1361",2020-08-05 18:31:00,37.02,37.03,37.02,37.03,1248
"1362",2020-08-05 18:32:00,37.03,37.03,37.01,37.02,381
"1363",2020-08-05 18:33:00,37.03,37.03,37.01,37.02,2095
"1364",2020-08-05 18:34:00,37.02,37.04,37.02,37.04,1842
"1365",2020-08-05 18:35:00,37.04,37.07,37.04,37.06,3326
"1366",2020-08-05 18:36:00,37.07,37.1,37.07,37.09,6503
"1367",2020-08-05 18:37:00,37.09,37.1,37.08,37.09,6216
"1368",2020-08-05 18:38:00,37.09,37.12,37.09,37.12,2622
"1369",2020-08-05 18:39:00,37.12,37.14,37.12,37.14,2196
"1370",2020-08-05 18:40:00,37.14,37.15,37.13,37.15,4200
"1371",2020-08-05 18:41:00,37.16,37.17,37.16,37.17,6758
"1372",2020-08-05 18:42:00,37.17,37.19,37.13,37.13,12180
"1373",2020-08-05 18:43:00,37.13,37.13,37.07,37.08,6929
"1374",2020-08-05 18:44:00,37.08,37.11,37.08,37.1,3865
"1375",2020-08-05 18:45:00,37.1,37.13,37.1,37.13,816
"1376",2020-08-05 18:46:00,37.14,37.14,37.11,37.13,2956
"1377",2020-08-05 18:47:00,37.13,37.13,37.12,37.13,1587
"1378",2020-08-05 18:48:00,37.14,37.14,37.11,37.11,1828
"1379",2020-08-05 18:49:00,37.1,37.1,37.07,37.08,715
"1380",2020-08-05 18:50:00,37.08,37.09,37.08,37.09,480
"1381",2020-08-05 18:51:00,37.11,37.12,37.1,37.1,605
"1382",2020-08-05 18:52:00,37.09,37.1,37.09,37.1,996
"1383",2020-08-05 18:53:00,37.09,37.12,37.09,37.12,2652
"1384",2020-08-05 18:54:00,37.13,37.13,37.09,37.09,2605
"1385",2020-08-05 18:55:00,37.08,37.08,37.07,37.07,6741
"1386",2020-08-05 18:56:00,37.07,37.1,37.06,37.1,1302
"1387",2020-08-05 18:57:00,37.11,37.14,37.11,37.14,3876
"1388",2020-08-05 18:58:00,37.14,37.16,37.14,37.14,1045
"1389",2020-08-05 18:59:00,37.14,37.14,37.12,37.13,1146
"1390",2020-08-05 19:00:00,37.14,37.14,37.13,37.13,2292
"1391",2020-08-05 19:01:00,37.14,37.17,37.14,37.17,1861
"1392",2020-08-05 19:02:00,37.18,37.22,37.18,37.21,5793
"1393",2020-08-05 19:03:00,37.21,37.22,37.21,37.22,1896
"1394",2020-08-05 19:04:00,37.22,37.22,37.21,37.21,199
"1395",2020-08-05 19:05:00,37.21,37.21,37.21,37.21,300
"1396",2020-08-05 19:06:00,37.21,37.21,37.18,37.18,906
"1397",2020-08-05 19:07:00,37.15,37.15,37.13,37.15,1743
"1398",2020-08-05 19:08:00,37.16,37.16,37.16,37.16,16
"1399",2020-08-05 19:09:00,37.15,37.15,37.15,37.15,582
"1400",2020-08-05 19:10:00,37.15,37.16,37.15,37.16,724
"1401",2020-08-05 19:11:00,37.16,37.17,37.16,37.16,1142
"1402",2020-08-05 19:12:00,37.14,37.14,37.14,37.14,40
"1403",2020-08-05 19:13:00,37.14,37.14,37.14,37.14,960
"1404",2020-08-05 19:14:00,37.14,37.14,37.1,37.12,4988
"1405",2020-08-05 19:15:00,37.1,37.11,37.1,37.1,1427
"1406",2020-08-05 19:16:00,37.1,37.12,37.1,37.1,3107
"1407",2020-08-05 19:17:00,37.11,37.16,37.1,37.16,4516
"1408",2020-08-05 19:18:00,37.15,37.16,37.14,37.15,208
"1409",2020-08-05 19:19:00,37.15,37.15,37.14,37.14,632
"1410",2020-08-05 19:20:00,37.14,37.16,37.14,37.16,123
"1411",2020-08-05 19:21:00,37.15,37.16,37.14,37.16,2669
"1412",2020-08-05 19:22:00,37.17,37.18,37.17,37.18,961
"1413",2020-08-05 19:23:00,37.17,37.17,37.15,37.15,1272
"1414",2020-08-05 19:24:00,37.14,37.14,37.13,37.13,3
"1415",2020-08-05 19:25:00,37.11,37.11,37.1,37.1,1221
"1416",2020-08-05 19:26:00,37.1,37.11,37.1,37.1,2138
"1417",2020-08-05 19:27:00,37.09,37.09,37.08,37.09,1417
"1418",2020-08-05 19:28:00,37.08,37.1,37.07,37.07,3223
"1419",2020-08-05 19:29:00,37.06,37.08,37.06,37.08,1205
"1420",2020-08-05 19:30:00,37.07,37.07,37.06,37.06,512
"1421",2020-08-05 19:31:00,37.05,37.05,37.02,37.05,6335
"1422",2020-08-05 19:32:00,37.04,37.05,37.04,37.04,1173
"1423",2020-08-05 19:33:00,37.06,37.07,37.06,37.07,400
"1424",2020-08-05 19:34:00,37.06,37.06,37.04,37.04,502
"1425",2020-08-05 19:35:00,37.05,37.06,37.05,37.05,776
"1426",2020-08-05 19:36:00,37.06,37.06,37.05,37.06,982
"1427",2020-08-05 19:37:00,37.07,37.07,37.06,37.06,1907
"1428",2020-08-05 19:38:00,37.06,37.07,37.06,37.07,2543
"1429",2020-08-05 19:39:00,37.08,37.08,37.08,37.08,613
"1430",2020-08-05 19:40:00,37.08,37.09,37.08,37.09,864
"1431",2020-08-05 19:41:00,37.08,37.08,37.08,37.08,256
"1432",2020-08-05 19:42:00,37.07,37.08,37.07,37.08,3617
"1433",2020-08-05 19:43:00,37.09,37.09,37.09,37.09,1593
"1434",2020-08-05 19:44:00,37.09,37.11,37.09,37.09,9688
"1435",2020-08-05 19:45:00,37.1,37.16,37.1,37.16,20492
"1436",2020-08-05 19:46:00,37.16,37.21,37.16,37.21,6528
"1437",2020-08-05 19:47:00,37.22,37.22,37.22,37.22,1923
"1438",2020-08-05 19:48:00,37.22,37.27,37.22,37.26,13259
"1439",2020-08-05 19:49:00,37.26,37.29,37.26,37.28,12389
"1440",2020-08-05 19:50:00,37.29,37.31,37.29,37.3,12908
"1441",2020-08-05 19:51:00,37.31,37.31,37.3,37.3,10693
"1442",2020-08-05 19:52:00,37.31,37.33,37.31,37.31,5458
"1443",2020-08-05 19:53:00,37.31,37.32,37.31,37.32,1262
"1444",2020-08-05 19:54:00,37.32,37.33,37.32,37.32,2240
"1445",2020-08-05 19:55:00,37.32,37.32,37.3,37.3,1606
"1446",2020-08-05 19:56:00,37.31,37.33,37.31,37.31,3671
"1447",2020-08-05 19:57:00,37.3,37.3,37.3,37.3,2802
"1448",2020-08-05 19:58:00,37.31,37.34,37.31,37.32,5158
"1449",2020-08-05 19:59:00,37.32,37.33,37.29,37.3,5933
"1450",2020-08-05 20:00:00,37.3,37.32,37.28,37.31,3768
"1451",2020-08-05 20:01:00,37.31,37.31,37.3,37.31,1668
"1452",2020-08-05 20:02:00,37.32,37.32,37.29,37.3,3356
"1453",2020-08-05 20:03:00,37.3,37.3,37.3,37.3,600
"1454",2020-08-05 20:04:00,37.3,37.3,37.3,37.3,593
"1455",2020-08-05 20:05:00,37.29,37.29,37.27,37.27,3026
"1456",2020-08-05 20:06:00,37.26,37.26,37.23,37.23,2668
"1457",2020-08-05 20:07:00,37.24,37.24,37.22,37.23,1833
"1458",2020-08-05 20:08:00,37.24,37.26,37.24,37.26,1116
"1459",2020-08-05 20:09:00,37.27,37.27,37.27,37.27,1945
"1460",2020-08-05 20:10:00,37.28,37.3,37.28,37.3,929
"1461",2020-08-05 20:11:00,37.31,37.32,37.31,37.31,4627
"1462",2020-08-05 20:12:00,37.31,37.31,37.28,37.28,3400
"1463",2020-08-05 20:13:00,37.26,37.26,37.26,37.26,1028
"1464",2020-08-05 20:14:00,37.26,37.26,37.25,37.25,1199
"1465",2020-08-05 20:15:00,37.25,37.28,37.25,37.28,942
"1466",2020-08-05 20:16:00,37.29,37.29,37.28,37.28,1210
"1467",2020-08-05 20:18:00,37.28,37.29,37.28,37.29,1218
"1468",2020-08-05 20:19:00,37.29,37.3,37.29,37.3,318
"1469",2020-08-05 20:20:00,37.3,37.3,37.29,37.29,2304
"1470",2020-08-05 20:21:00,37.29,37.29,37.28,37.28,210
"1471",2020-08-05 20:22:00,37.3,37.3,37.29,37.29,554
"1472",2020-08-05 20:23:00,37.28,37.28,37.25,37.25,4165
"1473",2020-08-05 20:24:00,37.26,37.26,37.26,37.26,322
"1474",2020-08-05 20:25:00,37.25,37.26,37.25,37.26,836
"1475",2020-08-05 20:26:00,37.26,37.26,37.26,37.26,401
"1476",2020-08-05 20:27:00,37.26,37.26,37.23,37.23,2607
"1477",2020-08-05 20:28:00,37.23,37.23,37.22,37.22,1584
"1478",2020-08-05 20:29:00,37.23,37.23,37.22,37.22,895
"1479",2020-08-05 20:30:00,37.21,37.21,37.17,37.17,4474
"1480",2020-08-05 20:31:00,37.17,37.17,37.14,37.14,4414
"1481",2020-08-05 20:32:00,37.15,37.2,37.15,37.2,2459
"1482",2020-08-05 20:33:00,37.19,37.2,37.19,37.19,66
"1483",2020-08-05 20:34:00,37.19,37.23,37.19,37.23,2222
"1484",2020-08-05 20:35:00,37.23,37.23,37.22,37.22,426
"1485",2020-08-05 20:36:00,37.23,37.25,37.23,37.24,1947
"1486",2020-08-05 20:37:00,37.25,37.25,37.23,37.23,1454
"1487",2020-08-05 20:38:00,37.23,37.24,37.17,37.17,2599
"1488",2020-08-05 20:39:00,37.16,37.16,37.14,37.14,1377
"1489",2020-08-05 20:40:00,37.14,37.14,37.1,37.1,3606
"1490",2020-08-05 20:41:00,37.1,37.12,37.1,37.12,1791
"1491",2020-08-05 20:42:00,37.11,37.11,37.1,37.11,1648
"1492",2020-08-05 20:43:00,37.11,37.11,37.1,37.11,1380
"1493",2020-08-05 20:44:00,37.11,37.12,37.1,37.11,3156
"1494",2020-08-05 20:45:00,37.09,37.1,37.08,37.08,2158
"1495",2020-08-05 20:46:00,37.07,37.1,37.07,37.09,1209
"1496",2020-08-05 20:47:00,37.09,37.09,37.08,37.08,8960
"1497",2020-08-05 20:48:00,37.08,37.1,37.08,37.1,4769
"1498",2020-08-05 20:49:00,37.11,37.11,37.1,37.1,2230
"1499",2020-08-05 20:50:00,37.1,37.12,37.1,37.12,4621
"1500",2020-08-05 20:51:00,37.13,37.13,37.12,37.12,2738
"1501",2020-08-05 20:52:00,37.13,37.14,37.13,37.14,384
"1502",2020-08-05 20:53:00,37.15,37.16,37.14,37.16,3595
"1503",2020-08-05 20:54:00,37.16,37.16,37.15,37.15,1302
"1504",2020-08-05 20:55:00,37.15,37.16,37.15,37.15,370
"1505",2020-08-05 20:56:00,37.16,37.19,37.16,37.19,2300
"1506",2020-08-05 20:57:00,37.19,37.21,37.19,37.19,9132
"1507",2020-08-05 20:58:00,37.19,37.19,37.18,37.18,10776
"1508",2020-08-05 20:59:00,37.18,37.19,37.18,37.19,832
"1509",2020-08-05 21:00:00,37.2,37.2,37.19,37.2,4834
"1510",2020-08-05 21:01:00,37.2,37.22,37.2,37.2,1893
"1511",2020-08-05 21:02:00,37.19,37.19,37.19,37.19,1200
"1512",2020-08-05 21:03:00,37.18,37.18,37.18,37.18,502
"1513",2020-08-05 21:04:00,37.18,37.18,37.18,37.18,796
"1514",2020-08-05 21:05:00,37.18,37.19,37.18,37.19,184
"1515",2020-08-05 21:06:00,37.18,37.19,37.18,37.19,176
"1516",2020-08-05 21:07:00,37.19,37.2,37.19,37.2,1278
"1517",2020-08-05 21:08:00,37.19,37.19,37.18,37.18,4454
"1518",2020-08-05 21:09:00,37.18,37.18,37.17,37.18,946
"1519",2020-08-05 21:10:00,37.17,37.18,37.17,37.18,6552
"1520",2020-08-05 21:11:00,37.19,37.19,37.18,37.18,1410
"1521",2020-08-05 21:12:00,37.19,37.19,37.18,37.19,573
"1522",2020-08-05 21:13:00,37.19,37.19,37.18,37.19,538
"1523",2020-08-05 21:14:00,37.18,37.18,37.16,37.16,3576
"1524",2020-08-05 21:15:00,37.16,37.16,37.13,37.14,2179
"1525",2020-08-05 21:16:00,37.15,37.17,37.15,37.17,2000
"1526",2020-08-05 21:17:00,37.16,37.17,37.16,37.16,2855
"1527",2020-08-05 21:18:00,37.16,37.16,37.14,37.15,3682
"1528",2020-08-05 21:19:00,37.15,37.17,37.14,37.16,5775
"1529",2020-08-05 21:20:00,37.16,37.16,37.16,37.16,100
"1530",2020-08-05 21:21:00,37.15,37.15,37.15,37.15,1513
"1531",2020-08-05 21:22:00,37.14,37.15,37.14,37.15,5457
"1532",2020-08-05 21:23:00,37.16,37.16,37.16,37.16,20
"1533",2020-08-05 21:24:00,37.16,37.16,37.16,37.16,181
"1534",2020-08-05 21:25:00,37.16,37.18,37.16,37.18,3341
"1535",2020-08-05 21:26:00,37.18,37.19,37.18,37.18,3037
"1536",2020-08-05 21:27:00,37.18,37.2,37.18,37.2,2887
"1537",2020-08-05 21:28:00,37.2,37.2,37.2,37.2,115
"1538",2020-08-05 21:29:00,37.2,37.22,37.2,37.22,2030
"1539",2020-08-05 21:30:00,37.22,37.23,37.22,37.23,58
"1540",2020-08-05 21:31:00,37.22,37.22,37.2,37.21,4250
"1541",2020-08-05 21:32:00,37.22,37.22,37.21,37.21,1801
"1542",2020-08-05 21:33:00,37.21,37.21,37.2,37.2,274
"1543",2020-08-05 21:34:00,37.2,37.2,37.2,37.2,26
"1544",2020-08-05 21:35:00,37.2,37.22,37.2,37.22,316
"1545",2020-08-05 21:36:00,37.22,37.22,37.22,37.22,841
"1546",2020-08-05 21:37:00,37.22,37.22,37.21,37.21,542
"1547",2020-08-05 21:38:00,37.22,37.22,37.22,37.22,193
"1548",2020-08-05 21:39:00,37.22,37.22,37.22,37.22,2836
"1549",2020-08-05 21:40:00,37.22,37.23,37.22,37.22,2382
"1550",2020-08-05 21:41:00,37.21,37.21,37.18,37.18,4881
"1551",2020-08-05 21:42:00,37.17,37.17,37.12,37.12,2942
"1552",2020-08-05 21:43:00,37.11,37.12,37.1,37.1,3125
"1553",2020-08-05 21:44:00,37.1,37.1,37.08,37.09,3880
"1554",2020-08-05 21:45:00,37.08,37.1,37.08,37.09,3692
"1555",2020-08-05 21:46:00,37.1,37.13,37.1,37.12,4256
"1556",2020-08-05 21:47:00,37.13,37.14,37.11,37.11,901
"1557",2020-08-05 21:48:00,37.11,37.11,37.1,37.1,681
"1558",2020-08-05 21:49:00,37.1,37.11,37.1,37.1,1743
"1559",2020-08-05 21:50:00,37.1,37.1,37.1,37.1,21
"1560",2020-08-05 21:51:00,37.11,37.11,37.1,37.1,1384
"1561",2020-08-05 21:52:00,37.11,37.12,37.1,37.12,975
"1562",2020-08-05 21:53:00,37.12,37.14,37.12,37.14,604
"1563",2020-08-05 21:54:00,37.13,37.14,37.12,37.14,1247
"1564",2020-08-05 21:55:00,37.13,37.14,37.11,37.12,1696
"1565",2020-08-05 21:56:00,37.11,37.11,37.1,37.11,2667
"1566",2020-08-05 21:57:00,37.11,37.13,37.1,37.11,2643
"1567",2020-08-05 21:58:00,37.11,37.12,37.1,37.11,938
"1568",2020-08-05 21:59:00,37.1,37.1,37.08,37.08,1904
"1569",2020-08-05 22:00:00,37.09,37.1,37.09,37.1,823
"1570",2020-08-05 22:01:00,37.11,37.12,37.11,37.12,5109
"1571",2020-08-05 22:02:00,37.13,37.15,37.13,37.15,311
"1572",2020-08-05 22:03:00,37.16,37.16,37.16,37.16,300
"1573",2020-08-05 22:04:00,37.16,37.17,37.16,37.17,354
"1574",2020-08-05 22:05:00,37.16,37.16,37.14,37.14,2125
"1575",2020-08-05 22:06:00,37.13,37.15,37.13,37.13,1078
"1576",2020-08-05 22:07:00,37.13,37.14,37.13,37.14,1360
"1577",2020-08-05 22:08:00,37.14,37.15,37.11,37.11,3628
"1578",2020-08-05 22:09:00,37.12,37.13,37.12,37.12,1207
"1579",2020-08-05 22:10:00,37.11,37.11,37.08,37.09,4275
"1580",2020-08-05 22:11:00,37.1,37.1,37.1,37.1,1195
"1581",2020-08-05 22:12:00,37.09,37.11,37.09,37.11,1587
"1582",2020-08-05 22:13:00,37.12,37.14,37.12,37.13,2962
"1583",2020-08-05 22:14:00,37.13,37.14,37.12,37.13,997
"1584",2020-08-05 22:15:00,37.13,37.14,37.13,37.14,3058
"1585",2020-08-05 22:16:00,37.14,37.15,37.14,37.14,2732
"1586",2020-08-05 22:17:00,37.13,37.14,37.12,37.12,4349
"1587",2020-08-05 22:18:00,37.13,37.14,37.13,37.13,991
"1588",2020-08-05 22:19:00,37.13,37.13,37.1,37.1,2199
"1589",2020-08-05 22:20:00,37.1,37.1,37.1,37.1,1071
"1590",2020-08-05 22:21:00,37.09,37.09,37.05,37.06,2977
"1591",2020-08-05 22:22:00,37.05,37.06,37.04,37.04,3865
"1592",2020-08-05 22:23:00,37.04,37.04,37.02,37.02,5054
"1593",2020-08-05 22:24:00,37.02,37.04,37.02,37.04,1920
"1594",2020-08-05 22:25:00,37.05,37.06,37.05,37.06,801
"1595",2020-08-05 22:26:00,37.06,37.06,37.02,37.02,9012
"1596",2020-08-05 22:27:00,37.02,37.03,37.01,37.02,4578
"1597",2020-08-05 22:28:00,37.02,37.02,37,37,5806
"1598",2020-08-05 22:29:00,37,37,37,37,1790
"1599",2020-08-05 22:30:00,37.01,37.02,37,37.02,784
"1600",2020-08-05 22:31:00,37.02,37.02,37,37,1112
"1601",2020-08-05 22:32:00,37,37,36.98,36.99,6731
"1602",2020-08-05 22:33:00,36.99,37,36.99,37,1361
"1603",2020-08-05 22:34:00,37,37,37,37,1
"1604",2020-08-05 22:35:00,37,37.01,37,37.01,3876
"1605",2020-08-05 22:36:00,37.01,37.02,37,37.02,1563
"1606",2020-08-05 22:37:00,37.01,37.01,36.98,36.98,1864
"1607",2020-08-05 22:38:00,36.97,36.97,36.94,36.94,3209
"1608",2020-08-05 22:39:00,36.95,36.95,36.94,36.94,2310
"1609",2020-08-05 22:40:00,36.93,36.93,36.9,36.9,1619
"1610",2020-08-05 22:41:00,36.9,36.93,36.9,36.92,3614
"1611",2020-08-05 22:42:00,36.92,36.92,36.91,36.92,2950
"1612",2020-08-05 22:43:00,36.92,36.92,36.82,36.82,22313
"1613",2020-08-05 22:44:00,36.82,36.83,36.78,36.79,6383
"1614",2020-08-05 22:45:00,36.78,36.82,36.78,36.82,3249
"1615",2020-08-05 22:46:00,36.83,36.86,36.83,36.86,3400
"1616",2020-08-05 22:47:00,36.86,36.86,36.84,36.86,1929
"1617",2020-08-05 22:48:00,36.85,36.87,36.84,36.87,7058
"1618",2020-08-05 22:49:00,36.87,36.87,36.84,36.84,2176
"1619",2020-08-05 22:50:00,36.84,36.84,36.77,36.78,3929
"1620",2020-08-05 22:51:00,36.76,36.78,36.74,36.76,7090
"1621",2020-08-05 22:52:00,36.76,36.8,36.76,36.79,4165
"1622",2020-08-05 22:53:00,36.79,36.79,36.75,36.76,22440
"1623",2020-08-05 22:54:00,36.76,36.82,36.76,36.79,5672
"1624",2020-08-05 22:55:00,36.78,36.84,36.78,36.82,4830
"1625",2020-08-05 22:56:00,36.82,36.87,36.82,36.87,4899
"1626",2020-08-05 22:57:00,36.87,36.88,36.85,36.88,6635
"1627",2020-08-05 22:58:00,36.88,36.88,36.86,36.86,8298
"1628",2020-08-05 22:59:00,36.86,36.86,36.82,36.84,23431
"1629",2020-08-05 23:00:00,36.83,36.85,36.79,36.79,14867
"1630",2020-08-05 23:01:00,36.9,36.9,36.8,36.8,3
"1631",2020-08-05 23:02:00,36.72,36.72,36.72,36.72,200
"1632",2020-08-05 23:03:00,36.72,36.72,36.72,36.72,2
"1633",2020-08-05 23:05:00,36.72,36.79,36.7,36.7,4650
"1634",2020-08-05 23:32:00,36.79,36.79,36.79,36.79,13
"1635",2020-08-05 23:33:00,36.79,36.79,36.78,36.78,2
"1636",2020-08-05 23:36:00,36.78,36.78,36.78,36.78,2
"1637",2020-08-05 23:37:00,36.79,36.79,36.79,36.79,4
"1638",2020-08-05 23:40:00,36.78,36.78,36.78,36.78,320
"1639",2020-08-05 23:42:00,36.78,36.8,36.78,36.8,1505
"1640",2020-08-05 23:45:00,36.79,36.79,36.79,36.79,1
"1641",2020-08-05 23:47:00,36.79,36.79,36.79,36.79,1
"1642",2020-08-05 23:48:00,36.79,36.79,36.79,36.79,1
"1643",2020-08-05 23:49:00,36.79,36.79,36.7,36.7,79
"1644",2020-08-06 00:11:00,36.71,36.71,36.71,36.71,2
"1645",2020-08-06 00:12:00,36.71,36.71,36.71,36.71,1
"1646",2020-08-06 00:18:00,36.71,36.71,36.71,36.71,1
"1647",2020-08-06 00:19:00,36.71,36.71,36.71,36.71,4
"1648",2020-08-06 00:24:00,36.8,36.8,36.8,36.8,410
"1649",2020-08-06 00:29:00,36.77,36.77,36.77,36.77,10
"1650",2020-08-06 00:35:00,36.7,36.7,36.7,36.7,25
"1651",2020-08-06 00:41:00,37,37.06,37,37.06,8
"1652",2020-08-06 00:42:00,36.77,36.77,36.77,36.77,4
"1653",2020-08-06 00:45:00,37.05,37.05,37.05,37.05,1
"1654",2020-08-06 01:03:00,36.95,36.95,36.95,36.95,15
"1655",2020-08-06 01:04:00,36.85,36.85,36.85,36.85,15
"1656",2020-08-06 01:38:00,37.06,37.06,37.06,37.06,2
"1657",2020-08-06 10:04:00,36.82,36.82,36.82,36.82,21
"1658",2020-08-06 10:05:00,36.8,36.8,36.8,36.8,10
"1659",2020-08-06 10:07:00,36.8,36.8,36.8,36.8,2
"1660",2020-08-06 10:13:00,36.81,36.82,36.81,36.82,3
"1661",2020-08-06 10:14:00,36.85,36.85,36.85,36.85,54
"1662",2020-08-06 10:23:00,36.84,36.84,36.84,36.84,16
"1663",2020-08-06 10:29:00,36.89,36.89,36.89,36.89,40
"1664",2020-08-06 10:31:00,36.89,36.89,36.89,36.89,2
"1665",2020-08-06 10:32:00,36.89,36.9,36.89,36.9,11
"1666",2020-08-06 10:33:00,37,37,36.9,36.9,15
"1667",2020-08-06 10:35:00,36.99,36.99,36.99,36.99,1
"1668",2020-08-06 10:44:00,36.94,36.94,36.94,36.94,1
"1669",2020-08-06 10:47:00,36.9,36.9,36.9,36.9,5
"1670",2020-08-06 10:48:00,36.9,36.9,36.9,36.9,1
"1671",2020-08-06 10:51:00,36.88,36.94,36.88,36.94,4
"1672",2020-08-06 10:52:00,36.86,36.86,36.86,36.86,1
"1673",2020-08-06 11:01:00,36.94,37.04,36.94,37.04,10
"1674",2020-08-06 11:19:00,36.81,36.81,36.81,36.81,2
"1675",2020-08-06 11:20:00,36.89,36.9,36.89,36.9,2
"1676",2020-08-06 11:31:00,36.9,36.9,36.9,36.9,1
"1677",2020-08-06 11:32:00,36.9,36.9,36.9,36.9,2
"1678",2020-08-06 11:33:00,36.9,36.9,36.9,36.9,3
"1679",2020-08-06 11:38:00,36.9,36.9,36.9,36.9,1
"1680",2020-08-06 11:40:00,36.9,36.9,36.9,36.9,1
"1681",2020-08-06 11:51:00,36.81,36.81,36.81,36.81,5
"1682",2020-08-06 11:54:00,36.81,36.81,36.81,36.81,27
"1683",2020-08-06 12:08:00,36.8,36.8,36.8,36.8,1
"1684",2020-08-06 12:09:00,36.8,36.8,36.8,36.8,1
"1685",2020-08-06 12:31:00,36.8,36.8,36.8,36.8,1
"1686",2020-08-06 12:32:00,36.89,36.89,36.89,36.89,2
"1687",2020-08-06 12:35:00,36.89,36.89,36.89,36.89,1
"1688",2020-08-06 12:38:00,36.89,36.89,36.89,36.89,12
"1689",2020-08-06 12:44:00,36.9,36.9,36.89,36.89,6
"1690",2020-08-06 12:50:00,36.89,36.89,36.89,36.89,2
"1691",2020-08-06 12:53:00,36.89,36.89,36.89,36.89,2
"1692",2020-08-06 12:54:00,36.9,36.96,36.9,36.96,20
"1693",2020-08-06 12:57:00,36.96,36.96,36.96,36.96,18
"1694",2020-08-06 13:00:00,36.81,36.81,36.81,36.81,9
"1695",2020-08-06 13:06:00,36.93,36.93,36.93,36.93,1
"1696",2020-08-06 13:08:00,36.95,36.95,36.95,36.95,3
"1697",2020-08-06 13:14:00,36.95,36.95,36.95,36.95,2
"1698",2020-08-06 13:21:00,36.9,36.9,36.9,36.9,1
"1699",2020-08-06 13:28:00,36.81,36.81,36.81,36.81,1
"1700",2020-08-06 13:31:00,36.91,36.91,36.91,36.91,1
"1701",2020-08-06 13:37:00,36.8,36.8,36.8,36.8,1
"1702",2020-08-06 13:43:00,36.81,36.81,36.81,36.81,70
"1703",2020-08-06 13:52:00,36.8,36.8,36.8,36.8,600
"1704",2020-08-06 13:53:00,36.86,36.86,36.8,36.8,5
"1705",2020-08-06 14:02:00,36.8,36.8,36.8,36.8,5
"1706",2020-08-06 14:05:00,36.88,36.88,36.88,36.88,3
"1707",2020-08-06 14:09:00,36.81,36.81,36.8,36.8,50
"1708",2020-08-06 14:14:00,36.8,36.8,36.8,36.8,5
"1709",2020-08-06 14:17:00,36.87,36.87,36.8,36.8,2
"1710",2020-08-06 14:18:00,36.87,36.87,36.87,36.87,2
"1711",2020-08-06 14:25:00,36.8,36.8,36.8,36.8,9
"1712",2020-08-06 14:27:00,36.8,36.8,36.8,36.8,30
"1713",2020-08-06 14:39:00,36.8,36.8,36.8,36.8,4
"1714",2020-08-06 14:43:00,36.8,36.8,36.8,36.8,5
"1715",2020-08-06 14:45:00,36.8,36.8,36.8,36.8,4
"1716",2020-08-06 14:46:00,36.8,36.8,36.8,36.8,1
"1717",2020-08-06 14:48:00,36.8,36.8,36.8,36.8,1
"1718",2020-08-06 14:51:00,36.8,36.8,36.71,36.71,2263
"1719",2020-08-06 14:54:00,36.65,36.71,36.63,36.63,102
"1720",2020-08-06 14:56:00,36.65,36.65,36.65,36.65,1
"1721",2020-08-06 14:59:00,36.6,36.6,36.6,36.6,1
"1722",2020-08-06 15:01:00,36.71,36.74,36.71,36.74,100
"1723",2020-08-06 15:03:00,36.67,36.67,36.67,36.67,12
"1724",2020-08-06 15:06:00,36.65,36.65,36.65,36.65,86
"1725",2020-08-06 15:07:00,36.65,36.65,36.65,36.65,109
"1726",2020-08-06 15:09:00,36.7,36.7,36.7,36.7,5
"1727",2020-08-06 15:13:00,36.72,36.72,36.72,36.72,24
"1728",2020-08-06 15:14:00,36.72,36.72,36.72,36.72,100
"1729",2020-08-06 15:20:00,36.7,36.7,36.7,36.7,63
"1730",2020-08-06 15:22:00,36.6,36.6,36.6,36.6,6
"1731",2020-08-06 15:27:00,36.72,36.72,36.72,36.72,2
"1732",2020-08-06 15:29:00,36.71,36.71,36.71,36.71,164
"1733",2020-08-06 15:32:00,36.72,36.72,36.72,36.72,50
"1734",2020-08-06 15:34:00,36.69,36.69,36.69,36.69,2090
"1735",2020-08-06 15:35:00,36.69,36.76,36.69,36.76,3327
"1736",2020-08-06 15:37:00,36.63,36.63,36.63,36.63,1
"1737",2020-08-06 15:41:00,36.69,36.69,36.69,36.69,708
"1738",2020-08-06 15:42:00,36.69,36.69,36.69,36.69,1292
"1739",2020-08-06 15:43:00,36.69,36.69,36.69,36.69,3
"1740",2020-08-06 15:45:00,36.69,36.69,36.69,36.69,1
"1741",2020-08-06 15:48:00,36.76,36.76,36.76,36.76,769
"1742",2020-08-06 15:50:00,36.8,36.8,36.8,36.8,751
"1743",2020-08-06 15:51:00,36.96,36.96,36.96,36.96,8
"1744",2020-08-06 15:55:00,36.87,36.87,36.87,36.87,1
"1745",2020-08-06 15:59:00,36.79,36.79,36.79,36.79,1
"1746",2020-08-06 16:01:00,36.81,36.81,36.81,36.81,1
"1747",2020-08-06 16:02:00,36.82,36.82,36.82,36.82,1
"1748",2020-08-06 16:03:00,36.8,36.8,36.8,36.8,1
"1749",2020-08-06 16:04:00,36.81,36.85,36.81,36.85,2
"1750",2020-08-06 16:05:00,36.82,36.95,36.82,36.95,3
"1751",2020-08-06 16:06:00,36.81,36.81,36.81,36.81,1
"1752",2020-08-06 16:07:00,36.81,36.81,36.8,36.8,2
"1753",2020-08-06 16:09:00,36.8,36.8,36.8,36.8,123
"1754",2020-08-06 16:12:00,36.81,36.81,36.81,36.81,100
"1755",2020-08-06 16:17:00,36.95,36.95,36.81,36.81,26
"1756",2020-08-06 16:19:00,36.95,36.95,36.95,36.95,150
"1757",2020-08-06 16:22:00,36.95,36.98,36.95,36.98,35
"1758",2020-08-06 16:25:00,36.9,36.9,36.9,36.9,245
"1759",2020-08-06 16:27:00,36.88,36.88,36.88,36.88,2
"1760",2020-08-06 16:28:00,36.9,36.9,36.9,36.9,130
"1761",2020-08-06 16:29:00,36.9,37,36.9,37,460
"1762",2020-08-06 16:30:00,36.9,37,36.89,36.89,1948
"1763",2020-08-06 16:31:00,36.93,36.94,36.85,36.85,44
"1764",2020-08-06 16:32:00,36.85,36.9,36.84,36.9,3328
"1765",2020-08-06 16:33:00,36.91,36.93,36.75,36.83,13288
"1766",2020-08-06 16:34:00,36.84,36.84,36.75,36.76,14286
"1767",2020-08-06 16:35:00,36.77,36.77,36.63,36.68,28520
"1768",2020-08-06 16:36:00,36.67,36.68,36.52,36.53,16737
"1769",2020-08-06 16:37:00,36.51,36.61,36.49,36.57,7164
"1770",2020-08-06 16:38:00,36.57,36.7,36.57,36.7,10885
"1771",2020-08-06 16:39:00,36.68,36.74,36.68,36.71,24293
"1772",2020-08-06 16:40:00,36.72,36.72,36.65,36.69,10867
"1773",2020-08-06 16:41:00,36.66,36.72,36.65,36.71,13027
"1774",2020-08-06 16:42:00,36.71,36.85,36.71,36.82,8399
"1775",2020-08-06 16:43:00,36.8,36.82,36.73,36.82,5555
"1776",2020-08-06 16:44:00,36.79,36.9,36.79,36.89,4744
"1777",2020-08-06 16:45:00,36.88,36.97,36.88,36.97,7381
"1778",2020-08-06 16:46:00,36.98,36.99,36.92,36.95,21096
"1779",2020-08-06 16:47:00,36.96,36.99,36.87,36.89,11081
"1780",2020-08-06 16:48:00,36.89,36.99,36.89,36.98,3235
"1781",2020-08-06 16:49:00,36.95,36.95,36.88,36.88,4209
"1782",2020-08-06 16:50:00,36.9,36.94,36.88,36.92,2824
"1783",2020-08-06 16:51:00,36.93,36.95,36.83,36.83,3877
"1784",2020-08-06 16:52:00,36.83,36.87,36.83,36.86,1921
"1785",2020-08-06 16:53:00,36.86,36.88,36.86,36.87,2540
"1786",2020-08-06 16:54:00,36.87,36.89,36.87,36.88,3833
"1787",2020-08-06 16:55:00,36.88,36.88,36.84,36.84,1278
"1788",2020-08-06 16:56:00,36.82,36.82,36.79,36.81,3812
"1789",2020-08-06 16:57:00,36.82,36.88,36.82,36.88,3422
"1790",2020-08-06 16:58:00,36.86,36.86,36.84,36.86,2483
"1791",2020-08-06 16:59:00,36.87,36.87,36.84,36.86,799
"1792",2020-08-06 17:00:00,36.87,36.95,36.87,36.94,2517
"1793",2020-08-06 17:01:00,36.94,36.98,36.91,36.92,5359
"1794",2020-08-06 17:02:00,36.92,36.93,36.86,36.93,3807
"1795",2020-08-06 17:03:00,36.93,36.94,36.91,36.94,2572
"1796",2020-08-06 17:04:00,36.96,36.99,36.96,36.98,3083
"1797",2020-08-06 17:05:00,36.98,36.98,36.94,36.96,2396
"1798",2020-08-06 17:06:00,36.94,36.95,36.91,36.91,3929
"1799",2020-08-06 17:07:00,36.93,36.95,36.93,36.94,1825
"1800",2020-08-06 17:08:00,36.96,36.99,36.96,36.98,2338
"1801",2020-08-06 17:09:00,36.97,36.97,36.93,36.97,4056
"1802",2020-08-06 17:10:00,36.97,37.08,36.97,37.08,4585
"1803",2020-08-06 17:11:00,37.08,37.08,37.03,37.05,2144
"1804",2020-08-06 17:12:00,37.06,37.06,37.03,37.03,1353
"1805",2020-08-06 17:13:00,37.04,37.07,37.04,37.06,1324
"1806",2020-08-06 17:14:00,37.05,37.05,37.04,37.04,703
"1807",2020-08-06 17:15:00,37.05,37.19,37.05,37.19,6232
"1808",2020-08-06 17:16:00,37.2,37.22,37.19,37.21,15861
"1809",2020-08-06 17:17:00,37.22,37.22,37.16,37.17,3642
"1810",2020-08-06 17:18:00,37.18,37.23,37.18,37.23,4522
"1811",2020-08-06 17:19:00,37.22,37.23,37.15,37.21,6721
"1812",2020-08-06 17:20:00,37.22,37.22,37.19,37.19,10885
"1813",2020-08-06 17:21:00,37.2,37.22,37.15,37.22,11770
"1814",2020-08-06 17:22:00,37.21,37.22,37.2,37.21,6609
"1815",2020-08-06 17:23:00,37.19,37.19,37.09,37.12,4827
"1816",2020-08-06 17:24:00,37.13,37.15,37.11,37.13,1982
"1817",2020-08-06 17:25:00,37.14,37.17,37.13,37.17,2971
"1818",2020-08-06 17:26:00,37.18,37.18,37.14,37.14,1443
"1819",2020-08-06 17:27:00,37.13,37.13,37.06,37.09,3756
"1820",2020-08-06 17:28:00,37.1,37.12,37.08,37.08,925
"1821",2020-08-06 17:29:00,37.09,37.1,37.05,37.05,3037
"1822",2020-08-06 17:30:00,37.06,37.12,37.06,37.06,3394
"1823",2020-08-06 17:31:00,37.05,37.05,37.01,37.02,3260
"1824",2020-08-06 17:32:00,37.02,37.05,37.02,37.05,1376
"1825",2020-08-06 17:33:00,37.06,37.07,37.06,37.07,1184
"1826",2020-08-06 17:34:00,37.08,37.09,37.06,37.07,1893
"1827",2020-08-06 17:35:00,37.07,37.07,37.06,37.07,2206
"1828",2020-08-06 17:36:00,37.08,37.1,37.08,37.1,1824
"1829",2020-08-06 17:37:00,37.1,37.13,37.1,37.12,1607
"1830",2020-08-06 17:38:00,37.12,37.12,37.08,37.08,1250
"1831",2020-08-06 17:39:00,37.07,37.08,37.05,37.07,1938
"1832",2020-08-06 17:40:00,37.06,37.06,37.05,37.05,900
"1833",2020-08-06 17:41:00,37.01,37.02,37,37.02,2628
"1834",2020-08-06 17:42:00,37.01,37.04,37.01,37.02,3175
"1835",2020-08-06 17:43:00,37.01,37.01,36.95,36.96,3422
"1836",2020-08-06 17:44:00,36.96,36.96,36.93,36.94,1628
"1837",2020-08-06 17:45:00,36.93,36.93,36.89,36.91,3701
"1838",2020-08-06 17:46:00,36.91,36.95,36.91,36.95,2128
"1839",2020-08-06 17:47:00,36.96,37,36.96,36.99,1243
"1840",2020-08-06 17:48:00,36.99,37.02,36.98,36.99,4256
"1841",2020-08-06 17:49:00,36.99,37,36.98,36.98,320
"1842",2020-08-06 17:50:00,36.97,36.99,36.97,36.99,3156
"1843",2020-08-06 17:51:00,36.99,36.99,36.95,36.95,935
"1844",2020-08-06 17:52:00,36.95,36.95,36.93,36.94,2069
"1845",2020-08-06 17:53:00,36.94,36.96,36.94,36.94,2347
"1846",2020-08-06 17:54:00,36.93,36.95,36.93,36.94,1816
"1847",2020-08-06 17:55:00,36.95,37,36.95,37,866
"1848",2020-08-06 17:56:00,37,37.01,36.97,36.99,4207
"1849",2020-08-06 17:57:00,36.99,36.99,36.99,36.99,966
"1850",2020-08-06 17:58:00,37,37,36.98,37,636
"1851",2020-08-06 17:59:00,37,37.02,36.97,36.98,6976
"1852",2020-08-06 18:00:00,36.99,36.99,36.96,36.96,4096
"1853",2020-08-06 18:01:00,36.96,36.96,36.94,36.95,1100
"1854",2020-08-06 18:02:00,36.96,36.96,36.96,36.96,400
"1855",2020-08-06 18:03:00,36.97,36.98,36.96,36.96,2428
"1856",2020-08-06 18:04:00,36.97,37,36.97,37,2534
"1857",2020-08-06 18:05:00,37,37,36.98,36.98,811
"1858",2020-08-06 18:06:00,36.99,37,36.98,36.98,2483
"1859",2020-08-06 18:07:00,36.99,37,36.99,37,2604
"1860",2020-08-06 18:08:00,37.01,37.07,37.01,37.07,2646
"1861",2020-08-06 18:09:00,37.06,37.1,37.06,37.1,2370
"1862",2020-08-06 18:10:00,37.09,37.1,37.09,37.1,2242
"1863",2020-08-06 18:11:00,37.12,37.15,37.11,37.13,4912
"1864",2020-08-06 18:12:00,37.13,37.13,37.1,37.1,792
"1865",2020-08-06 18:13:00,37.1,37.11,37.07,37.07,1039
"1866",2020-08-06 18:14:00,37.07,37.07,37.05,37.06,1121
"1867",2020-08-06 18:15:00,37.07,37.09,37.07,37.07,2349
"1868",2020-08-06 18:16:00,37.08,37.1,37.08,37.08,1120
"1869",2020-08-06 18:17:00,37.08,37.13,37.08,37.13,2395
"1870",2020-08-06 18:18:00,37.14,37.17,37.11,37.11,2898
"1871",2020-08-06 18:19:00,37.12,37.14,37.12,37.14,2523
"1872",2020-08-06 18:20:00,37.14,37.14,37.11,37.12,1452
"1873",2020-08-06 18:21:00,37.12,37.14,37.12,37.12,1895
"1874",2020-08-06 18:22:00,37.11,37.11,37.1,37.1,1586
"1875",2020-08-06 18:23:00,37.1,37.12,37.1,37.11,1391
"1876",2020-08-06 18:24:00,37.11,37.13,37.11,37.12,2000
"1877",2020-08-06 18:25:00,37.12,37.13,37.11,37.11,1610
"1878",2020-08-06 18:26:00,37.1,37.1,37.07,37.08,2855
"1879",2020-08-06 18:27:00,37.08,37.09,37.04,37.04,2561
"1880",2020-08-06 18:28:00,37.03,37.04,36.94,36.94,5684
"1881",2020-08-06 18:29:00,36.95,36.97,36.95,36.97,1428
"1882",2020-08-06 18:30:00,36.97,36.97,36.93,36.93,15048
"1883",2020-08-06 18:31:00,36.93,36.98,36.92,36.98,4781
"1884",2020-08-06 18:32:00,36.98,37.05,36.98,37.05,6204
"1885",2020-08-06 18:33:00,37.05,37.07,37.03,37.07,2000
"1886",2020-08-06 18:34:00,37.06,37.1,37.06,37.1,3624
"1887",2020-08-06 18:35:00,37.11,37.12,37.09,37.12,2068
"1888",2020-08-06 18:36:00,37.12,37.14,37.12,37.14,1699
"1889",2020-08-06 18:37:00,37.13,37.14,37.13,37.14,2028
"1890",2020-08-06 18:38:00,37.14,37.15,37.13,37.14,2307
"1891",2020-08-06 18:39:00,37.15,37.19,37.15,37.19,4275
"1892",2020-08-06 18:40:00,37.19,37.24,37.19,37.23,6368
"1893",2020-08-06 18:41:00,37.23,37.27,37.19,37.19,4591
"1894",2020-08-06 18:42:00,37.19,37.21,37.18,37.21,1575
"1895",2020-08-06 18:43:00,37.21,37.21,37.18,37.18,675
"1896",2020-08-06 18:44:00,37.18,37.19,37.16,37.16,1295
"1897",2020-08-06 18:45:00,37.14,37.16,37.14,37.15,919
"1898",2020-08-06 18:46:00,37.15,37.18,37.15,37.17,1327
"1899",2020-08-06 18:47:00,37.17,37.19,37.17,37.19,938
"1900",2020-08-06 18:48:00,37.17,37.21,37.17,37.19,3516
"1901",2020-08-06 18:49:00,37.2,37.2,37.18,37.19,3457
"1902",2020-08-06 18:50:00,37.19,37.22,37.19,37.22,1741
"1903",2020-08-06 18:51:00,37.22,37.22,37.18,37.2,3925
"1904",2020-08-06 18:52:00,37.2,37.22,37.2,37.22,560
"1905",2020-08-06 18:53:00,37.22,37.22,37.19,37.19,1771
"1906",2020-08-06 18:54:00,37.19,37.2,37.19,37.2,1603
"1907",2020-08-06 18:55:00,37.22,37.25,37.22,37.25,2937
"1908",2020-08-06 18:56:00,37.23,37.24,37.21,37.24,2253
"1909",2020-08-06 18:57:00,37.24,37.26,37.23,37.25,1807
"1910",2020-08-06 18:58:00,37.26,37.26,37.24,37.25,1764
"1911",2020-08-06 18:59:00,37.25,37.25,37.23,37.24,2025
"1912",2020-08-06 19:00:00,37.25,37.25,37.25,37.25,972
"1913",2020-08-06 19:01:00,37.25,37.27,37.24,37.27,3681
"1914",2020-08-06 19:02:00,37.28,37.3,37.27,37.27,10715
"1915",2020-08-06 19:03:00,37.23,37.3,37.23,37.28,5175
"1916",2020-08-06 19:04:00,37.29,37.32,37.29,37.32,2034
"1917",2020-08-06 19:05:00,37.34,37.38,37.34,37.37,9644
"1918",2020-08-06 19:06:00,37.37,37.39,37.34,37.34,4867
"1919",2020-08-06 19:07:00,37.34,37.37,37.34,37.37,2430
"1920",2020-08-06 19:08:00,37.37,37.4,37.37,37.4,3928
"1921",2020-08-06 19:09:00,37.41,37.44,37.4,37.44,1966
"1922",2020-08-06 19:10:00,37.44,37.45,37.42,37.42,5026
"1923",2020-08-06 19:11:00,37.43,37.44,37.42,37.43,2713
"1924",2020-08-06 19:12:00,37.42,37.43,37.42,37.43,2917
"1925",2020-08-06 19:13:00,37.43,37.43,37.39,37.39,2614
"1926",2020-08-06 19:14:00,37.4,37.43,37.4,37.43,1524
"1927",2020-08-06 19:15:00,37.43,37.44,37.4,37.41,9006
"1928",2020-08-06 19:16:00,37.42,37.44,37.41,37.44,1867
"1929",2020-08-06 19:17:00,37.43,37.43,37.38,37.42,6559
"1930",2020-08-06 19:18:00,37.43,37.46,37.43,37.44,4724
"1931",2020-08-06 19:19:00,37.42,37.42,37.36,37.36,4337
"1932",2020-08-06 19:20:00,37.35,37.39,37.35,37.39,747
"1933",2020-08-06 19:21:00,37.37,37.42,37.37,37.42,2469
"1934",2020-08-06 19:22:00,37.42,37.43,37.38,37.38,819
"1935",2020-08-06 19:23:00,37.37,37.39,37.37,37.39,2105
"1936",2020-08-06 19:24:00,37.38,37.44,37.38,37.44,1456
"1937",2020-08-06 19:25:00,37.44,37.44,37.42,37.43,1115
"1938",2020-08-06 19:26:00,37.42,37.42,37.39,37.4,1653
"1939",2020-08-06 19:27:00,37.39,37.42,37.38,37.42,3242
"1940",2020-08-06 19:28:00,37.43,37.43,37.4,37.4,469
"1941",2020-08-06 19:29:00,37.4,37.4,37.4,37.4,900
"1942",2020-08-06 19:30:00,37.4,37.4,37.4,37.4,1059
"1943",2020-08-06 19:31:00,37.4,37.4,37.4,37.4,212
"1944",2020-08-06 19:32:00,37.39,37.42,37.39,37.42,2448
"1945",2020-08-06 19:33:00,37.42,37.43,37.42,37.42,1623
"1946",2020-08-06 19:34:00,37.4,37.41,37.4,37.4,1003
"1947",2020-08-06 19:35:00,37.41,37.43,37.41,37.43,800
"1948",2020-08-06 19:36:00,37.44,37.44,37.42,37.42,590
"1949",2020-08-06 19:37:00,37.42,37.42,37.41,37.42,1211
"1950",2020-08-06 19:38:00,37.44,37.44,37.42,37.42,625
"1951",2020-08-06 19:39:00,37.43,37.44,37.42,37.42,1131
"1952",2020-08-06 19:40:00,37.42,37.42,37.41,37.41,808
"1953",2020-08-06 19:41:00,37.42,37.42,37.42,37.42,1655
"1954",2020-08-06 19:42:00,37.42,37.44,37.41,37.41,2137
"1955",2020-08-06 19:43:00,37.41,37.41,37.4,37.4,836
"1956",2020-08-06 19:44:00,37.4,37.4,37.39,37.39,207
"1957",2020-08-06 19:45:00,37.39,37.44,37.39,37.43,2257
"1958",2020-08-06 19:46:00,37.44,37.44,37.44,37.44,775
"1959",2020-08-06 19:47:00,37.44,37.45,37.44,37.45,1049
"1960",2020-08-06 19:48:00,37.45,37.45,37.44,37.44,866
"1961",2020-08-06 19:49:00,37.44,37.45,37.44,37.45,2638
"1962",2020-08-06 19:50:00,37.44,37.55,37.44,37.55,10541
"1963",2020-08-06 19:51:00,37.55,37.66,37.55,37.66,15785
"1964",2020-08-06 19:52:00,37.66,37.7,37.66,37.67,11840
"1965",2020-08-06 19:53:00,37.68,37.71,37.65,37.68,9262
"1966",2020-08-06 19:54:00,37.67,37.67,37.64,37.65,5284
"1967",2020-08-06 19:55:00,37.64,37.64,37.62,37.64,6069
"1968",2020-08-06 19:56:00,37.64,37.72,37.64,37.68,8861
"1969",2020-08-06 19:57:00,37.68,37.68,37.62,37.65,4159
"1970",2020-08-06 19:58:00,37.63,37.63,37.59,37.59,1863
"1971",2020-08-06 19:59:00,37.6,37.63,37.6,37.62,511
"1972",2020-08-06 20:00:00,37.64,37.64,37.64,37.64,2214
"1973",2020-08-06 20:01:00,37.65,37.69,37.65,37.69,5389
"1974",2020-08-06 20:02:00,37.71,37.74,37.7,37.74,7309
"1975",2020-08-06 20:03:00,37.74,37.76,37.74,37.74,5262
"1976",2020-08-06 20:04:00,37.74,37.78,37.74,37.78,1404
"1977",2020-08-06 20:05:00,37.78,37.78,37.76,37.77,3728
"1978",2020-08-06 20:06:00,37.76,37.76,37.72,37.73,6336
"1979",2020-08-06 20:07:00,37.73,37.74,37.72,37.74,628
"1980",2020-08-06 20:08:00,37.74,37.75,37.72,37.75,2329
"1981",2020-08-06 20:09:00,37.76,37.78,37.73,37.73,2388
"1982",2020-08-06 20:10:00,37.75,37.76,37.74,37.76,2869
"1983",2020-08-06 20:11:00,37.76,37.77,37.71,37.71,5341
"1984",2020-08-06 20:12:00,37.71,37.71,37.7,37.7,127
"1985",2020-08-06 20:13:00,37.72,37.72,37.71,37.71,1004
"1986",2020-08-06 20:14:00,37.72,37.72,37.71,37.72,1116
"1987",2020-08-06 20:15:00,37.72,37.73,37.72,37.72,2330
"1988",2020-08-06 20:16:00,37.72,37.72,37.71,37.71,829
"1989",2020-08-06 20:17:00,37.7,37.7,37.66,37.66,3118
"1990",2020-08-06 20:18:00,37.66,37.66,37.62,37.62,1418
"1991",2020-08-06 20:19:00,37.62,37.62,37.6,37.61,3794
"1992",2020-08-06 20:20:00,37.61,37.61,37.6,37.61,1122
"1993",2020-08-06 20:21:00,37.61,37.64,37.61,37.64,2516
"1994",2020-08-06 20:22:00,37.64,37.66,37.64,37.64,3985
"1995",2020-08-06 20:23:00,37.65,37.66,37.65,37.66,1071
"1996",2020-08-06 20:24:00,37.66,37.66,37.66,37.66,157
"1997",2020-08-06 20:25:00,37.66,37.67,37.64,37.67,4687
"1998",2020-08-06 20:26:00,37.66,37.66,37.61,37.61,1473
"1999",2020-08-06 20:27:00,37.62,37.63,37.61,37.61,2078
"2000",2020-08-06 20:28:00,37.6,37.6,37.58,37.6,1206
"2001",2020-08-06 20:29:00,37.59,37.59,37.59,37.59,491
"2002",2020-08-06 20:30:00,37.59,37.61,37.58,37.61,2972
"2003",2020-08-06 20:31:00,37.62,37.63,37.62,37.63,930
"2004",2020-08-06 20:32:00,37.62,37.62,37.62,37.62,382
"2005",2020-08-06 20:33:00,37.61,37.61,37.6,37.6,239
"2006",2020-08-06 20:34:00,37.59,37.6,37.59,37.6,1952
"2007",2020-08-06 20:35:00,37.6,37.6,37.59,37.6,837
"2008",2020-08-06 20:36:00,37.59,37.61,37.59,37.61,724
"2009",2020-08-06 20:37:00,37.61,37.62,37.56,37.57,5723
"2010",2020-08-06 20:38:00,37.57,37.57,37.55,37.56,3298
"2011",2020-08-06 20:39:00,37.56,37.57,37.56,37.56,958
"2012",2020-08-06 20:40:00,37.56,37.57,37.54,37.54,2641
"2013",2020-08-06 20:41:00,37.54,37.56,37.54,37.56,4011
"2014",2020-08-06 20:42:00,37.54,37.54,37.54,37.54,207
"2015",2020-08-06 20:43:00,37.53,37.56,37.53,37.54,1622
"2016",2020-08-06 20:44:00,37.53,37.53,37.52,37.53,1966
"2017",2020-08-06 20:45:00,37.53,37.54,37.52,37.53,1126
"2018",2020-08-06 20:46:00,37.53,37.54,37.53,37.54,341
"2019",2020-08-06 20:47:00,37.53,37.54,37.53,37.53,624
"2020",2020-08-06 20:48:00,37.54,37.54,37.53,37.53,116
"2021",2020-08-06 20:49:00,37.54,37.54,37.53,37.53,1061
"2022",2020-08-06 20:50:00,37.55,37.55,37.54,37.55,2111
"2023",2020-08-06 20:51:00,37.55,37.56,37.54,37.56,1981
"2024",2020-08-06 20:52:00,37.55,37.55,37.54,37.54,2101
"2025",2020-08-06 20:53:00,37.54,37.54,37.52,37.52,1374
"2026",2020-08-06 20:54:00,37.53,37.53,37.51,37.52,3097
"2027",2020-08-06 20:55:00,37.51,37.52,37.51,37.52,339
"2028",2020-08-06 20:56:00,37.52,37.54,37.52,37.54,821
"2029",2020-08-06 20:57:00,37.54,37.54,37.54,37.54,1033
"2030",2020-08-06 20:58:00,37.53,37.53,37.52,37.52,1262
"2031",2020-08-06 20:59:00,37.52,37.52,37.52,37.52,331
"2032",2020-08-06 21:00:00,37.53,37.53,37.52,37.52,1347
"2033",2020-08-06 21:01:00,37.53,37.53,37.53,37.53,125
"2034",2020-08-06 21:02:00,37.54,37.55,37.54,37.55,3109
"2035",2020-08-06 21:03:00,37.56,37.58,37.56,37.57,3156
"2036",2020-08-06 21:04:00,37.57,37.61,37.57,37.6,3838
"2037",2020-08-06 21:05:00,37.59,37.59,37.57,37.58,3386
"2038",2020-08-06 21:06:00,37.59,37.6,37.59,37.6,2513
"2039",2020-08-06 21:07:00,37.59,37.6,37.59,37.6,503
"2040",2020-08-06 21:08:00,37.6,37.6,37.58,37.58,1529
"2041",2020-08-06 21:09:00,37.58,37.58,37.58,37.58,236
"2042",2020-08-06 21:10:00,37.58,37.6,37.58,37.59,1002
"2043",2020-08-06 21:11:00,37.6,37.6,37.59,37.6,2899
"2044",2020-08-06 21:12:00,37.59,37.59,37.59,37.59,206
"2045",2020-08-06 21:13:00,37.59,37.59,37.59,37.59,324
"2046",2020-08-06 21:14:00,37.6,37.61,37.6,37.61,4400
"2047",2020-08-06 21:15:00,37.61,37.68,37.61,37.68,7840
"2048",2020-08-06 21:16:00,37.68,37.74,37.68,37.74,14226
"2049",2020-08-06 21:17:00,37.74,37.74,37.72,37.72,2294
"2050",2020-08-06 21:18:00,37.74,37.76,37.73,37.76,3856
"2051",2020-08-06 21:19:00,37.75,37.77,37.74,37.77,1586
"2052",2020-08-06 21:20:00,37.76,37.76,37.76,37.76,461
"2053",2020-08-06 21:21:00,37.76,37.78,37.76,37.77,2533
"2054",2020-08-06 21:22:00,37.77,37.77,37.74,37.76,4320
"2055",2020-08-06 21:23:00,37.75,37.76,37.73,37.73,1438
"2056",2020-08-06 21:24:00,37.74,37.74,37.71,37.71,1777
"2057",2020-08-06 21:25:00,37.71,37.72,37.71,37.72,3887
"2058",2020-08-06 21:26:00,37.71,37.74,37.71,37.74,1942
"2059",2020-08-06 21:27:00,37.74,37.75,37.74,37.75,1917
"2060",2020-08-06 21:28:00,37.76,37.78,37.76,37.78,2531
"2061",2020-08-06 21:29:00,37.77,37.79,37.76,37.79,3174
"2062",2020-08-06 21:30:00,37.78,37.8,37.77,37.78,8536
"2063",2020-08-06 21:31:00,37.79,37.79,37.77,37.78,1198
"2064",2020-08-06 21:32:00,37.79,37.8,37.79,37.79,1556
"2065",2020-08-06 21:33:00,37.8,37.8,37.77,37.78,2793
"2066",2020-08-06 21:34:00,37.78,37.79,37.74,37.75,1313
"2067",2020-08-06 21:35:00,37.75,37.76,37.73,37.76,2629
"2068",2020-08-06 21:36:00,37.75,37.75,37.72,37.73,1379
"2069",2020-08-06 21:37:00,37.73,37.73,37.71,37.72,1841
"2070",2020-08-06 21:38:00,37.72,37.79,37.72,37.79,5605
"2071",2020-08-06 21:39:00,37.8,37.8,37.77,37.78,1928
"2072",2020-08-06 21:40:00,37.79,37.8,37.79,37.79,1165
"2073",2020-08-06 21:41:00,37.78,37.79,37.78,37.78,773
"2074",2020-08-06 21:42:00,37.79,37.8,37.79,37.8,4720
"2075",2020-08-06 21:43:00,37.79,37.79,37.77,37.78,2703
"2076",2020-08-06 21:44:00,37.77,37.78,37.77,37.77,2429
"2077",2020-08-06 21:45:00,37.76,37.76,37.76,37.76,1687
"2078",2020-08-06 21:46:00,37.76,37.77,37.73,37.77,4450
"2079",2020-08-06 21:47:00,37.76,37.76,37.76,37.76,621
"2080",2020-08-06 21:48:00,37.76,37.78,37.76,37.77,1050
"2081",2020-08-06 21:49:00,37.76,37.77,37.76,37.77,3027
"2082",2020-08-06 21:50:00,37.78,37.78,37.78,37.78,334
"2083",2020-08-06 21:51:00,37.78,37.8,37.78,37.8,2388
"2084",2020-08-06 21:52:00,37.8,37.8,37.78,37.78,1931
"2085",2020-08-06 21:53:00,37.78,37.78,37.78,37.78,797
"2086",2020-08-06 21:54:00,37.77,37.77,37.69,37.7,4704
"2087",2020-08-06 21:55:00,37.7,37.7,37.68,37.68,3216
"2088",2020-08-06 21:56:00,37.68,37.69,37.66,37.67,3226
"2089",2020-08-06 21:57:00,37.68,37.68,37.66,37.66,2737
"2090",2020-08-06 21:58:00,37.66,37.66,37.65,37.66,822
"2091",2020-08-06 21:59:00,37.66,37.66,37.64,37.64,2792
"2092",2020-08-06 22:00:00,37.64,37.64,37.63,37.64,1548
"2093",2020-08-06 22:01:00,37.64,37.66,37.64,37.66,3773
"2094",2020-08-06 22:02:00,37.66,37.66,37.64,37.64,2297
"2095",2020-08-06 22:03:00,37.65,37.65,37.64,37.64,763
"2096",2020-08-06 22:04:00,37.64,37.65,37.64,37.65,4093
"2097",2020-08-06 22:05:00,37.65,37.65,37.64,37.64,1801
"2098",2020-08-06 22:06:00,37.64,37.64,37.64,37.64,1277
"2099",2020-08-06 22:07:00,37.63,37.63,37.63,37.63,332
"2100",2020-08-06 22:08:00,37.62,37.62,37.62,37.62,1520
"2101",2020-08-06 22:09:00,37.61,37.61,37.58,37.58,1934
"2102",2020-08-06 22:10:00,37.58,37.62,37.58,37.61,3458
"2103",2020-08-06 22:11:00,37.6,37.6,37.6,37.6,1322
"2104",2020-08-06 22:12:00,37.61,37.63,37.6,37.63,1381
"2105",2020-08-06 22:13:00,37.64,37.65,37.64,37.64,4207
"2106",2020-08-06 22:14:00,37.65,37.65,37.61,37.61,5592
"2107",2020-08-06 22:15:00,37.62,37.62,37.57,37.58,6181
"2108",2020-08-06 22:16:00,37.57,37.62,37.57,37.62,2664
"2109",2020-08-06 22:17:00,37.62,37.63,37.62,37.63,1606
"2110",2020-08-06 22:18:00,37.64,37.66,37.63,37.66,1155
"2111",2020-08-06 22:19:00,37.66,37.73,37.66,37.72,21684
"2112",2020-08-06 22:20:00,37.72,37.74,37.71,37.74,1691
"2113",2020-08-06 22:21:00,37.74,37.74,37.73,37.74,2696
"2114",2020-08-06 22:22:00,37.74,37.74,37.73,37.73,1284
"2115",2020-08-06 22:23:00,37.73,37.73,37.7,37.7,4861
"2116",2020-08-06 22:24:00,37.7,37.7,37.68,37.68,2025
"2117",2020-08-06 22:25:00,37.68,37.68,37.66,37.67,3389
"2118",2020-08-06 22:26:00,37.67,37.68,37.66,37.66,2391
"2119",2020-08-06 22:27:00,37.66,37.66,37.64,37.66,5985
"2120",2020-08-06 22:28:00,37.67,37.68,37.67,37.67,1324
"2121",2020-08-06 22:29:00,37.67,37.69,37.67,37.69,408
"2122",2020-08-06 22:30:00,37.68,37.68,37.67,37.68,1998
"2123",2020-08-06 22:31:00,37.69,37.7,37.69,37.7,2839
"2124",2020-08-06 22:32:00,37.69,37.7,37.69,37.7,3239
"2125",2020-08-06 22:33:00,37.7,37.72,37.7,37.71,1982
"2126",2020-08-06 22:34:00,37.7,37.7,37.66,37.67,2748
"2127",2020-08-06 22:35:00,37.67,37.68,37.66,37.66,2414
"2128",2020-08-06 22:36:00,37.66,37.66,37.65,37.66,3522
"2129",2020-08-06 22:37:00,37.66,37.67,37.65,37.67,1978
"2130",2020-08-06 22:38:00,37.68,37.68,37.68,37.68,3006
"2131",2020-08-06 22:39:00,37.68,37.7,37.68,37.68,1708
"2132",2020-08-06 22:40:00,37.68,37.7,37.68,37.69,1376
"2133",2020-08-06 22:41:00,37.69,37.69,37.67,37.67,3448
"2134",2020-08-06 22:42:00,37.67,37.67,37.66,37.66,2884
"2135",2020-08-06 22:43:00,37.66,37.67,37.66,37.66,4619
"2136",2020-08-06 22:44:00,37.66,37.66,37.64,37.64,1029
"2137",2020-08-06 22:45:00,37.64,37.65,37.63,37.63,2626
"2138",2020-08-06 22:46:00,37.63,37.63,37.59,37.62,4284
"2139",2020-08-06 22:47:00,37.62,37.64,37.62,37.64,1283
"2140",2020-08-06 22:48:00,37.63,37.64,37.62,37.62,2627
"2141",2020-08-06 22:49:00,37.62,37.62,37.59,37.61,2257
"2142",2020-08-06 22:50:00,37.61,37.62,37.59,37.6,5398
"2143",2020-08-06 22:51:00,37.59,37.6,37.56,37.6,9677
"2144",2020-08-06 22:52:00,37.6,37.63,37.6,37.63,3594
"2145",2020-08-06 22:53:00,37.63,37.64,37.62,37.64,2661
"2146",2020-08-06 22:54:00,37.65,37.67,37.64,37.67,8131
"2147",2020-08-06 22:55:00,37.68,37.68,37.66,37.67,12531
"2148",2020-08-06 22:56:00,37.66,37.66,37.63,37.63,11365
"2149",2020-08-06 22:57:00,37.64,37.65,37.64,37.64,4589
"2150",2020-08-06 22:58:00,37.64,37.64,37.62,37.62,8903
"2151",2020-08-06 22:59:00,37.62,37.64,37.62,37.62,10445
"2152",2020-08-06 23:00:00,37.62,37.69,37.62,37.68,36302
"2153",2020-08-06 23:01:00,37.68,37.68,37.68,37.68,1
"2154",2020-08-06 23:02:00,37.68,37.68,37.68,37.68,1
"2155",2020-08-06 23:03:00,37.6,37.69,37.5,37.5,2185
"2156",2020-08-06 23:17:00,37.58,37.58,37.58,37.58,63
"2157",2020-08-06 23:18:00,37.58,37.58,37.56,37.56,2
"2158",2020-08-06 23:20:00,37.58,37.58,37.58,37.58,4
"2159",2020-08-06 23:21:00,37.58,37.59,37.58,37.59,83
"2160",2020-08-06 23:25:00,37.59,37.59,37.59,37.59,14
"2161",2020-08-06 23:26:00,37.56,37.59,37.56,37.59,11
"2162",2020-08-06 23:27:00,37.56,37.59,37.56,37.59,6
"2163",2020-08-06 23:28:00,37.59,37.59,37.56,37.59,49
"2164",2020-08-06 23:29:00,37.59,37.59,37.59,37.59,131
"2165",2020-08-06 23:31:00,37.56,37.66,37.56,37.66,2
"2166",2020-08-06 23:34:00,37.56,37.56,37.56,37.56,1
"2167",2020-08-06 23:39:00,37.56,37.56,37.56,37.56,36
"2168",2020-08-06 23:40:00,37.56,37.56,37.56,37.56,100
"2169",2020-08-06 23:41:00,37.64,37.64,37.64,37.64,100
"2170",2020-08-06 23:54:00,37.58,37.6,37.56,37.6,800
"2171",2020-08-06 23:56:00,37.6,37.6,37.6,37.6,5
"2172",2020-08-06 23:57:00,37.6,37.6,37.6,37.6,1
"2173",2020-08-06 23:58:00,37.6,37.6,37.6,37.6,1
"2174",2020-08-07 00:00:00,37.6,37.6,37.6,37.6,1
"2175",2020-08-07 00:01:00,37.6,37.6,37.6,37.6,1
"2176",2020-08-07 00:16:00,37.6,37.6,37.6,37.6,50
"2177",2020-08-07 00:20:00,37.69,37.69,37.69,37.69,2
"2178",2020-08-07 00:22:00,37.6,37.6,37.6,37.6,3
"2179",2020-08-07 00:24:00,37.6,37.6,37.6,37.6,1
"2180",2020-08-07 00:25:00,37.6,37.6,37.6,37.6,88
"2181",2020-08-07 00:26:00,37.58,37.58,37.58,37.58,5
"2182",2020-08-07 00:27:00,37.58,37.58,37.58,37.58,5
"2183",2020-08-07 00:28:00,37.58,37.58,37.58,37.58,1
"2184",2020-08-07 00:29:00,37.58,37.58,37.58,37.58,2
"2185",2020-08-07 00:32:00,37.58,37.58,37.58,37.58,167
"2186",2020-08-07 10:02:00,37.33,37.33,37.33,37.33,5
"2187",2020-08-07 10:04:00,37.44,37.44,37.44,37.44,10
"2188",2020-08-07 10:10:00,37.4,37.4,37.4,37.4,23
"2189",2020-08-07 10:12:00,37.36,37.36,37.36,37.36,1
"2190",2020-08-07 10:13:00,37.38,37.38,37.38,37.38,27
"2191",2020-08-07 10:15:00,37.55,37.55,37.4,37.4,7
"2192",2020-08-07 10:17:00,37.4,37.4,37.4,37.4,8
"2193",2020-08-07 10:26:00,37.45,37.45,37.45,37.45,2
"2194",2020-08-07 10:27:00,37.45,37.45,37.45,37.45,20
"2195",2020-08-07 10:29:00,37.44,37.44,37.44,37.44,10
"2196",2020-08-07 10:30:00,37.4,37.4,37.4,37.4,11
"2197",2020-08-07 10:32:00,37.42,37.42,37.42,37.42,2
"2198",2020-08-07 10:33:00,37.4,37.43,37.4,37.43,3
"2199",2020-08-07 10:39:00,37.54,37.54,37.54,37.54,1
"2200",2020-08-07 10:41:00,37.54,37.54,37.54,37.54,1
"2201",2020-08-07 10:42:00,37.54,37.54,37.54,37.54,3
"2202",2020-08-07 10:47:00,37.5,37.5,37.5,37.5,1
"2203",2020-08-07 10:49:00,37.42,37.42,37.42,37.42,1
"2204",2020-08-07 10:52:00,37.4,37.4,37.4,37.4,19
"2205",2020-08-07 10:54:00,37.49,37.49,37.49,37.49,2
"2206",2020-08-07 10:55:00,37.4,37.4,37.4,37.4,6
"2207",2020-08-07 11:03:00,37.41,37.41,37.41,37.41,1
"2208",2020-08-07 11:04:00,37.49,37.54,37.49,37.54,37
"2209",2020-08-07 11:06:00,37.5,37.5,37.5,37.5,60
"2210",2020-08-07 11:07:00,37.54,37.6,37.54,37.6,226
"2211",2020-08-07 11:08:00,37.62,37.62,37.62,37.62,1
"2212",2020-08-07 11:09:00,37.62,37.62,37.62,37.62,4
"2213",2020-08-07 11:12:00,37.62,37.65,37.62,37.65,51
"2214",2020-08-07 11:22:00,37.54,37.54,37.54,37.54,1
"2215",2020-08-07 11:24:00,37.54,37.54,37.54,37.54,5
"2216",2020-08-07 11:25:00,37.54,37.54,37.54,37.54,4
"2217",2020-08-07 11:26:00,37.54,37.54,37.54,37.54,1
"2218",2020-08-07 11:40:00,37.4,37.4,37.37,37.37,2
"2219",2020-08-07 11:41:00,37.28,37.28,37.27,37.27,34
"2220",2020-08-07 11:44:00,37.34,37.34,37.34,37.34,75
"2221",2020-08-07 11:50:00,37.32,37.32,37.32,37.32,5
"2222",2020-08-07 11:52:00,37.33,37.33,37.33,37.33,6
"2223",2020-08-07 11:58:00,37.4,37.4,37.4,37.4,1
"2224",2020-08-07 12:00:00,37.4,37.4,37.4,37.4,10
"2225",2020-08-07 12:06:00,37.39,37.39,37.39,37.39,50
"2226",2020-08-07 12:15:00,37.32,37.39,37.32,37.39,4
"2227",2020-08-07 12:27:00,37.39,37.39,37.39,37.39,24
"2228",2020-08-07 12:29:00,37.29,37.29,37.29,37.29,1
"2229",2020-08-07 12:31:00,37.29,37.29,37.29,37.29,2
"2230",2020-08-07 12:45:00,37.35,37.35,37.35,37.35,1
"2231",2020-08-07 12:46:00,37.33,37.33,37.33,37.33,7
"2232",2020-08-07 12:50:00,37.3,37.3,37.3,37.3,1
"2233",2020-08-07 12:55:00,37.33,37.33,37.33,37.33,2
"2234",2020-08-07 13:00:00,37.33,37.33,37.33,37.33,3
"2235",2020-08-07 13:05:00,37.35,37.35,37.35,37.35,1
"2236",2020-08-07 13:06:00,37.25,37.25,37.25,37.25,3
"2237",2020-08-07 13:15:00,37.34,37.35,37.34,37.35,8
"2238",2020-08-07 13:26:00,37.25,37.25,37.25,37.25,10
"2239",2020-08-07 13:28:00,37.25,37.25,37.22,37.22,25
"2240",2020-08-07 13:33:00,37.2,37.2,37.2,37.2,3
"2241",2020-08-07 13:34:00,37.21,37.21,37.21,37.21,120
"2242",2020-08-07 13:56:00,37.36,37.36,37.36,37.36,14
"2243",2020-08-07 13:59:00,37.29,37.29,37.29,37.29,2
"2244",2020-08-07 14:00:00,37.36,37.37,37.36,37.37,22
"2245",2020-08-07 14:05:00,37.37,37.39,37.37,37.39,22
"2246",2020-08-07 14:07:00,37.32,37.41,37.32,37.41,4
"2247",2020-08-07 14:11:00,37.33,37.33,37.33,37.33,1
"2248",2020-08-07 14:12:00,37.35,37.35,37.35,37.35,3
"2249",2020-08-07 14:13:00,37.34,37.41,37.34,37.41,52
"2250",2020-08-07 14:21:00,37.37,37.37,37.37,37.37,10
"2251",2020-08-07 14:22:00,37.45,37.45,37.45,37.45,5
"2252",2020-08-07 14:40:00,37.41,37.41,37.41,37.41,5
"2253",2020-08-07 14:43:00,37.35,37.35,37.35,37.35,1
"2254",2020-08-07 14:48:00,37.38,37.38,37.38,37.38,1
"2255",2020-08-07 15:03:00,37.45,37.45,37.45,37.45,20
"2256",2020-08-07 15:06:00,37.45,37.45,37.45,37.45,100
"2257",2020-08-07 15:11:00,37.39,37.39,37.39,37.39,4
"2258",2020-08-07 15:15:00,37.39,37.39,37.39,37.39,1
"2259",2020-08-07 15:18:00,37.39,37.39,37.39,37.39,25
"2260",2020-08-07 15:20:00,37.39,37.39,37.38,37.38,1524
"2261",2020-08-07 15:21:00,37.38,37.38,37.38,37.38,662
"2262",2020-08-07 15:23:00,37.45,37.45,37.45,37.45,50
"2263",2020-08-07 15:24:00,37.31,37.31,37.31,37.31,1
"2264",2020-08-07 15:33:00,37.45,37.45,37.45,37.45,1031
"2265",2020-08-07 15:34:00,37.5,37.56,37.46,37.5,110
"2266",2020-08-07 15:36:00,37.65,37.65,37.65,37.65,40
"2267",2020-08-07 15:38:00,37.6,37.6,37.6,37.6,1
"2268",2020-08-07 15:40:00,37.6,37.6,37.6,37.6,100
"2269",2020-08-07 15:43:00,37.57,37.57,37.57,37.57,2
"2270",2020-08-07 15:44:00,37.45,37.45,37.45,37.45,1
"2271",2020-08-07 15:47:00,37.45,37.45,37.45,37.45,3
"2272",2020-08-07 15:56:00,37.56,37.56,37.45,37.45,2
"2273",2020-08-07 15:57:00,37.45,37.45,37.45,37.45,2
"2274",2020-08-07 15:58:00,37.45,37.45,37.45,37.45,1
"2275",2020-08-07 15:59:00,37.5,37.5,37.5,37.5,1
"2276",2020-08-07 16:01:00,37.55,37.55,37.55,37.55,3
"2277",2020-08-07 16:02:00,37.59,37.59,37.59,37.59,2
"2278",2020-08-07 16:04:00,37.59,37.59,37.59,37.59,96
"2279",2020-08-07 16:05:00,37.48,37.48,37.42,37.42,310
"2280",2020-08-07 16:10:00,37.61,37.61,37.61,37.61,100
"2281",2020-08-07 16:11:00,37.58,37.58,37.58,37.58,2
"2282",2020-08-07 16:14:00,37.59,37.59,37.51,37.51,89
"2283",2020-08-07 16:20:00,37.56,37.56,37.5,37.5,222
"2284",2020-08-07 16:23:00,37.5,37.5,37.43,37.43,400
"2285",2020-08-07 16:24:00,37.51,37.51,37.51,37.51,20
"2286",2020-08-07 16:25:00,37.51,37.51,37.51,37.51,2
"2287",2020-08-07 16:26:00,37.5,37.51,37.5,37.51,13
"2288",2020-08-07 16:28:00,37.51,37.51,37.4,37.4,174
"2289",2020-08-07 16:29:00,37.49,37.49,37.49,37.49,43
"2290",2020-08-07 16:30:00,37.41,37.5,37.4,37.5,464
"2291",2020-08-07 16:31:00,37.5,37.5,37.44,37.47,521
"2292",2020-08-07 16:32:00,37.45,37.48,37.4,37.48,2240
"2293",2020-08-07 16:33:00,37.46,37.59,37.44,37.52,22430
"2294",2020-08-07 16:34:00,37.51,37.53,37.38,37.39,11042
"2295",2020-08-07 16:35:00,37.4,37.46,37.38,37.4,6936
"2296",2020-08-07 16:36:00,37.36,37.39,37.33,37.37,5588
"2297",2020-08-07 16:37:00,37.34,37.35,37.3,37.32,8251
"2298",2020-08-07 16:38:00,37.31,37.39,37.3,37.36,11270
"2299",2020-08-07 16:39:00,37.36,37.38,37.28,37.36,7611
"2300",2020-08-07 16:40:00,37.38,37.38,37.17,37.18,11273
"2301",2020-08-07 16:41:00,37.17,37.31,37.17,37.3,8348
"2302",2020-08-07 16:42:00,37.27,37.38,37.27,37.38,5458
"2303",2020-08-07 16:43:00,37.4,37.54,37.4,37.53,2808
"2304",2020-08-07 16:44:00,37.53,37.53,37.46,37.5,4068
"2305",2020-08-07 16:45:00,37.47,37.48,37.43,37.45,4057
"2306",2020-08-07 16:46:00,37.45,37.49,37.39,37.39,6884
"2307",2020-08-07 16:47:00,37.41,37.44,37.34,37.34,9331
"2308",2020-08-07 16:48:00,37.33,37.33,37.28,37.28,4871
"2309",2020-08-07 16:49:00,37.28,37.35,37.28,37.34,4684
"2310",2020-08-07 16:50:00,37.34,37.36,37.31,37.36,1829
"2311",2020-08-07 16:51:00,37.39,37.44,37.37,37.43,2620
"2312",2020-08-07 16:52:00,37.42,37.43,37.36,37.38,4823
"2313",2020-08-07 16:53:00,37.38,37.41,37.35,37.35,4208
"2314",2020-08-07 16:54:00,37.36,37.36,37.28,37.3,3525
"2315",2020-08-07 16:55:00,37.28,37.31,37.25,37.31,2387
"2316",2020-08-07 16:56:00,37.33,37.35,37.31,37.34,6196
"2317",2020-08-07 16:57:00,37.33,37.33,37.27,37.27,1211
"2318",2020-08-07 16:58:00,37.29,37.46,37.28,37.45,10294
"2319",2020-08-07 16:59:00,37.46,37.46,37.42,37.44,2844
"2320",2020-08-07 17:00:00,37.45,37.45,37.38,37.39,1664
"2321",2020-08-07 17:01:00,37.39,37.4,37.29,37.29,5141
"2322",2020-08-07 17:02:00,37.27,37.27,37.21,37.27,4648
"2323",2020-08-07 17:03:00,37.26,37.28,37.23,37.28,3298
"2324",2020-08-07 17:04:00,37.3,37.3,37.28,37.29,1798
"2325",2020-08-07 17:05:00,37.29,37.33,37.25,37.32,1813
"2326",2020-08-07 17:06:00,37.33,37.33,37.21,37.21,3303
"2327",2020-08-07 17:07:00,37.2,37.24,37.19,37.23,1385
"2328",2020-08-07 17:08:00,37.23,37.23,37.18,37.2,2513
"2329",2020-08-07 17:09:00,37.21,37.23,37.2,37.23,3444
"2330",2020-08-07 17:10:00,37.22,37.27,37.21,37.27,3264
"2331",2020-08-07 17:11:00,37.27,37.28,37.23,37.26,1608
"2332",2020-08-07 17:12:00,37.28,37.29,37.27,37.29,2687
"2333",2020-08-07 17:13:00,37.29,37.29,37.24,37.26,2269
"2334",2020-08-07 17:14:00,37.26,37.26,37.25,37.25,1565
"2335",2020-08-07 17:15:00,37.23,37.3,37.23,37.28,3268
"2336",2020-08-07 17:16:00,37.29,37.3,37.28,37.3,1502
"2337",2020-08-07 17:17:00,37.31,37.33,37.27,37.27,8244
"2338",2020-08-07 17:18:00,37.25,37.26,37.25,37.25,1182
"2339",2020-08-07 17:19:00,37.24,37.27,37.22,37.27,2341
"2340",2020-08-07 17:20:00,37.28,37.28,37.21,37.21,5105
"2341",2020-08-07 17:21:00,37.22,37.23,37.19,37.2,9911
"2342",2020-08-07 17:22:00,37.18,37.23,37.18,37.2,3404
"2343",2020-08-07 17:23:00,37.2,37.21,37.18,37.21,3390
"2344",2020-08-07 17:24:00,37.22,37.24,37.18,37.2,4115
"2345",2020-08-07 17:25:00,37.19,37.24,37.19,37.24,4077
"2346",2020-08-07 17:26:00,37.24,37.26,37.22,37.24,3200
"2347",2020-08-07 17:27:00,37.24,37.24,37.19,37.23,5147
"2348",2020-08-07 17:28:00,37.24,37.31,37.24,37.31,3712
"2349",2020-08-07 17:29:00,37.32,37.33,37.31,37.31,6295
"2350",2020-08-07 17:30:00,37.31,37.35,37.3,37.34,4490
"2351",2020-08-07 17:31:00,37.34,37.43,37.34,37.4,5002
"2352",2020-08-07 17:32:00,37.4,37.44,37.39,37.42,3352
"2353",2020-08-07 17:33:00,37.41,37.45,37.41,37.45,1419
"2354",2020-08-07 17:34:00,37.46,37.5,37.45,37.48,4042
"2355",2020-08-07 17:35:00,37.48,37.57,37.48,37.57,3968
"2356",2020-08-07 17:36:00,37.57,37.57,37.51,37.51,6057
"2357",2020-08-07 17:37:00,37.51,37.58,37.51,37.55,3912
"2358",2020-08-07 17:38:00,37.56,37.61,37.56,37.59,3928
"2359",2020-08-07 17:39:00,37.58,37.58,37.55,37.57,4200
"2360",2020-08-07 17:40:00,37.6,37.6,37.57,37.59,2165
"2361",2020-08-07 17:41:00,37.59,37.6,37.57,37.6,6555
"2362",2020-08-07 17:42:00,37.59,37.65,37.59,37.65,5674
"2363",2020-08-07 17:43:00,37.64,37.66,37.62,37.66,8671
"2364",2020-08-07 17:44:00,37.66,37.68,37.66,37.68,6963
"2365",2020-08-07 17:45:00,37.71,37.77,37.68,37.7,6286
"2366",2020-08-07 17:46:00,37.73,37.76,37.71,37.71,3690
"2367",2020-08-07 17:47:00,37.74,37.74,37.69,37.72,2517
"2368",2020-08-07 17:48:00,37.72,37.74,37.72,37.73,1813
"2369",2020-08-07 17:49:00,37.74,37.76,37.74,37.75,11653
"2370",2020-08-07 17:50:00,37.75,37.79,37.75,37.76,2889
"2371",2020-08-07 17:51:00,37.76,37.77,37.71,37.75,6247
"2372",2020-08-07 17:52:00,37.76,37.83,37.76,37.83,3881
"2373",2020-08-07 17:53:00,37.84,37.88,37.84,37.86,9508
"2374",2020-08-07 17:54:00,37.87,37.88,37.84,37.87,10692
"2375",2020-08-07 17:55:00,37.86,37.98,37.86,37.98,9671
"2376",2020-08-07 17:56:00,37.97,38.02,37.96,37.98,19484
"2377",2020-08-07 17:57:00,37.98,38,37.96,37.96,8176
"2378",2020-08-07 17:58:00,37.94,37.95,37.91,37.92,3417
"2379",2020-08-07 17:59:00,37.94,37.98,37.93,37.94,5606
"2380",2020-08-07 18:00:00,37.94,37.94,37.88,37.89,3288
"2381",2020-08-07 18:01:00,37.9,37.94,37.9,37.93,4000
"2382",2020-08-07 18:02:00,37.93,37.93,37.86,37.88,3561
"2383",2020-08-07 18:03:00,37.85,37.85,37.81,37.85,2204
"2384",2020-08-07 18:04:00,37.84,37.86,37.81,37.81,7435
"2385",2020-08-07 18:05:00,37.81,37.86,37.81,37.84,2525
"2386",2020-08-07 18:06:00,37.85,37.86,37.78,37.79,1638
"2387",2020-08-07 18:07:00,37.79,37.82,37.78,37.8,2730
"2388",2020-08-07 18:08:00,37.79,37.82,37.78,37.8,1638
"2389",2020-08-07 18:09:00,37.8,37.83,37.8,37.83,1646
"2390",2020-08-07 18:10:00,37.84,37.86,37.78,37.79,6188
"2391",2020-08-07 18:11:00,37.79,37.79,37.72,37.78,2297
"2392",2020-08-07 18:12:00,37.77,37.8,37.77,37.79,597
"2393",2020-08-07 18:13:00,37.76,37.81,37.76,37.8,745
"2394",2020-08-07 18:14:00,37.79,37.8,37.77,37.79,1249
"2395",2020-08-07 18:15:00,37.79,37.83,37.79,37.81,1545
"2396",2020-08-07 18:16:00,37.8,37.84,37.79,37.84,8197
"2397",2020-08-07 18:17:00,37.83,37.84,37.8,37.8,2150
"2398",2020-08-07 18:18:00,37.8,37.8,37.77,37.77,1960
"2399",2020-08-07 18:19:00,37.78,37.82,37.76,37.79,17169
"2400",2020-08-07 18:20:00,37.79,37.8,37.79,37.8,1203
"2401",2020-08-07 18:21:00,37.8,37.82,37.79,37.8,4278
"2402",2020-08-07 18:22:00,37.79,37.82,37.79,37.82,1850
"2403",2020-08-07 18:23:00,37.84,37.85,37.84,37.85,936
"2404",2020-08-07 18:24:00,37.86,37.87,37.85,37.85,4189
"2405",2020-08-07 18:25:00,37.84,37.84,37.79,37.8,2043
"2406",2020-08-07 18:26:00,37.79,37.81,37.77,37.77,6425
"2407",2020-08-07 18:27:00,37.78,37.81,37.78,37.79,1684
"2408",2020-08-07 18:28:00,37.78,37.81,37.78,37.8,7012
"2409",2020-08-07 18:29:00,37.81,37.82,37.78,37.78,9768
"2410",2020-08-07 18:30:00,37.79,37.79,37.76,37.78,5425
"2411",2020-08-07 18:31:00,37.76,37.8,37.76,37.79,3629
"2412",2020-08-07 18:32:00,37.79,37.81,37.79,37.8,1980
"2413",2020-08-07 18:33:00,37.79,37.81,37.79,37.79,3394
"2414",2020-08-07 18:34:00,37.8,37.82,37.79,37.81,2746
"2415",2020-08-07 18:35:00,37.81,37.82,37.78,37.78,1932
"2416",2020-08-07 18:36:00,37.78,37.8,37.78,37.79,1528
"2417",2020-08-07 18:37:00,37.78,37.82,37.78,37.81,4210
"2418",2020-08-07 18:38:00,37.81,37.81,37.72,37.72,4464
"2419",2020-08-07 18:39:00,37.7,37.7,37.63,37.63,5651
"2420",2020-08-07 18:40:00,37.65,37.67,37.64,37.64,4716
"2421",2020-08-07 18:41:00,37.65,37.7,37.65,37.69,2644
"2422",2020-08-07 18:42:00,37.7,37.73,37.7,37.73,3792
"2423",2020-08-07 18:43:00,37.74,37.75,37.74,37.75,1654
"2424",2020-08-07 18:44:00,37.76,37.76,37.72,37.73,1010
"2425",2020-08-07 18:45:00,37.72,37.72,37.67,37.68,2468
"2426",2020-08-07 18:46:00,37.69,37.7,37.69,37.69,847
"2427",2020-08-07 18:47:00,37.68,37.7,37.68,37.7,2573
"2428",2020-08-07 18:48:00,37.7,37.7,37.7,37.7,700
"2429",2020-08-07 18:49:00,37.7,37.71,37.7,37.71,1843
"2430",2020-08-07 18:50:00,37.7,37.7,37.66,37.67,1256
"2431",2020-08-07 18:51:00,37.67,37.67,37.63,37.63,2009
"2432",2020-08-07 18:52:00,37.61,37.62,37.61,37.61,1769
"2433",2020-08-07 18:53:00,37.62,37.63,37.61,37.61,3064
"2434",2020-08-07 18:54:00,37.6,37.6,37.56,37.57,3545
"2435",2020-08-07 18:55:00,37.56,37.57,37.54,37.55,2303
"2436",2020-08-07 18:56:00,37.55,37.56,37.41,37.46,18013
"2437",2020-08-07 18:57:00,37.45,37.48,37.45,37.46,3319
"2438",2020-08-07 18:58:00,37.46,37.46,37.39,37.39,3603
"2439",2020-08-07 18:59:00,37.39,37.41,37.39,37.41,1932
"2440",2020-08-07 19:00:00,37.43,37.43,37.35,37.36,5173
"2441",2020-08-07 19:01:00,37.35,37.38,37.34,37.38,2651
"2442",2020-08-07 19:02:00,37.39,37.4,37.37,37.39,4131
"2443",2020-08-07 19:03:00,37.38,37.43,37.38,37.42,2404
"2444",2020-08-07 19:04:00,37.42,37.44,37.42,37.44,810
"2445",2020-08-07 19:05:00,37.45,37.45,37.42,37.42,1301
"2446",2020-08-07 19:06:00,37.41,37.42,37.41,37.41,1041
"2447",2020-08-07 19:07:00,37.41,37.44,37.41,37.44,816
"2448",2020-08-07 19:08:00,37.44,37.44,37.43,37.44,1128
"2449",2020-08-07 19:09:00,37.43,37.43,37.4,37.4,932
"2450",2020-08-07 19:10:00,37.41,37.44,37.41,37.44,317
"2451",2020-08-07 19:11:00,37.42,37.46,37.42,37.46,1616
"2452",2020-08-07 19:13:00,37.48,37.5,37.46,37.5,1750
"2453",2020-08-07 19:14:00,37.5,37.53,37.5,37.5,2401
"2454",2020-08-07 19:15:00,37.49,37.51,37.48,37.48,3117
"2455",2020-08-07 19:16:00,37.48,37.49,37.47,37.49,1114
"2456",2020-08-07 19:17:00,37.49,37.51,37.49,37.51,433
"2457",2020-08-07 19:18:00,37.51,37.52,37.51,37.52,604
"2458",2020-08-07 19:19:00,37.53,37.53,37.51,37.51,744
"2459",2020-08-07 19:20:00,37.51,37.51,37.46,37.46,900
"2460",2020-08-07 19:21:00,37.46,37.46,37.44,37.44,2850
"2461",2020-08-07 19:22:00,37.44,37.46,37.44,37.44,2728
"2462",2020-08-07 19:23:00,37.46,37.46,37.45,37.45,1300
"2463",2020-08-07 19:24:00,37.44,37.44,37.41,37.41,2303
"2464",2020-08-07 19:25:00,37.41,37.44,37.39,37.44,2401
"2465",2020-08-07 19:26:00,37.45,37.5,37.45,37.5,1070
"2466",2020-08-07 19:27:00,37.51,37.53,37.51,37.53,1811
"2467",2020-08-07 19:28:00,37.52,37.56,37.52,37.55,2856
"2468",2020-08-07 19:29:00,37.55,37.56,37.55,37.56,1192
"2469",2020-08-07 19:30:00,37.55,37.58,37.55,37.57,2593
"2470",2020-08-07 19:31:00,37.56,37.58,37.55,37.56,4718
"2471",2020-08-07 19:32:00,37.56,37.56,37.5,37.5,3862
"2472",2020-08-07 19:33:00,37.5,37.52,37.49,37.52,970
"2473",2020-08-07 19:34:00,37.53,37.54,37.53,37.54,830
"2474",2020-08-07 19:35:00,37.54,37.55,37.53,37.54,3123
"2475",2020-08-07 19:36:00,37.55,37.56,37.54,37.56,1586
"2476",2020-08-07 19:37:00,37.56,37.57,37.56,37.56,1401
"2477",2020-08-07 19:38:00,37.58,37.58,37.54,37.54,1839
"2478",2020-08-07 19:39:00,37.53,37.53,37.52,37.53,1234
"2479",2020-08-07 19:40:00,37.53,37.54,37.51,37.51,3402
"2480",2020-08-07 19:41:00,37.51,37.51,37.5,37.5,2311
"2481",2020-08-07 19:42:00,37.49,37.54,37.48,37.54,1134
"2482",2020-08-07 19:43:00,37.55,37.56,37.55,37.55,1282
"2483",2020-08-07 19:44:00,37.56,37.56,37.53,37.53,1307
"2484",2020-08-07 19:45:00,37.51,37.51,37.48,37.48,1785
"2485",2020-08-07 19:46:00,37.48,37.48,37.46,37.46,1500
"2486",2020-08-07 19:47:00,37.46,37.5,37.46,37.5,1735
"2487",2020-08-07 19:48:00,37.49,37.51,37.47,37.47,1447
"2488",2020-08-07 19:49:00,37.48,37.5,37.48,37.5,2633
"2489",2020-08-07 19:50:00,37.49,37.49,37.44,37.44,2621
"2490",2020-08-07 19:51:00,37.43,37.45,37.42,37.45,2202
"2491",2020-08-07 19:52:00,37.46,37.47,37.43,37.45,4344
"2492",2020-08-07 19:53:00,37.44,37.44,37.4,37.41,7220
"2493",2020-08-07 19:54:00,37.41,37.46,37.41,37.45,2182
"2494",2020-08-07 19:55:00,37.46,37.46,37.44,37.44,562
"2495",2020-08-07 19:56:00,37.43,37.44,37.41,37.41,1404
"2496",2020-08-07 19:57:00,37.41,37.44,37.41,37.42,3924
"2497",2020-08-07 19:58:00,37.42,37.44,37.42,37.44,401
"2498",2020-08-07 19:59:00,37.44,37.45,37.42,37.42,2232
"2499",2020-08-07 20:00:00,37.42,37.44,37.42,37.43,479
"2500",2020-08-07 20:01:00,37.43,37.43,37.4,37.41,2428
"2501",2020-08-07 20:02:00,37.41,37.41,37.36,37.37,3915
"2502",2020-08-07 20:03:00,37.38,37.41,37.38,37.41,1899
"2503",2020-08-07 20:04:00,37.4,37.41,37.4,37.4,1662
"2504",2020-08-07 20:05:00,37.39,37.39,37.36,37.37,666
"2505",2020-08-07 20:06:00,37.38,37.38,37.35,37.35,2561
"2506",2020-08-07 20:07:00,37.36,37.39,37.36,37.39,90
"2507",2020-08-07 20:08:00,37.39,37.4,37.38,37.4,2707
"2508",2020-08-07 20:09:00,37.39,37.39,37.36,37.36,1832
"2509",2020-08-07 20:10:00,37.34,37.34,37.32,37.34,1266
"2510",2020-08-07 20:11:00,37.33,37.33,37.28,37.32,4444
"2511",2020-08-07 20:12:00,37.32,37.34,37.32,37.33,5683
"2512",2020-08-07 20:13:00,37.33,37.35,37.33,37.33,3311
"2513",2020-08-07 20:14:00,37.32,37.36,37.32,37.36,3717
"2514",2020-08-07 20:15:00,37.35,37.36,37.33,37.33,1442
"2515",2020-08-07 20:16:00,37.34,37.34,37.3,37.32,2305
"2516",2020-08-07 20:17:00,37.31,37.36,37.31,37.36,1310
"2517",2020-08-07 20:18:00,37.36,37.36,37.33,37.36,1002
"2518",2020-08-07 20:19:00,37.35,37.36,37.34,37.36,1614
"2519",2020-08-07 20:20:00,37.36,37.38,37.36,37.37,1123
"2520",2020-08-07 20:21:00,37.37,37.37,37.35,37.36,2264
"2521",2020-08-07 20:22:00,37.36,37.36,37.35,37.35,1293
"2522",2020-08-07 20:23:00,37.36,37.36,37.33,37.33,1400
"2523",2020-08-07 20:24:00,37.34,37.34,37.3,37.31,2754
"2524",2020-08-07 20:25:00,37.32,37.33,37.32,37.33,2292
"2525",2020-08-07 20:26:00,37.33,37.36,37.33,37.36,2188
"2526",2020-08-07 20:27:00,37.36,37.38,37.36,37.38,1613
"2527",2020-08-07 20:28:00,37.38,37.39,37.38,37.39,610
"2528",2020-08-07 20:29:00,37.39,37.4,37.38,37.4,935
"2529",2020-08-07 20:30:00,37.39,37.4,37.38,37.38,939
"2530",2020-08-07 20:31:00,37.39,37.39,37.37,37.39,3325
"2531",2020-08-07 20:32:00,37.4,37.42,37.4,37.42,1708
"2532",2020-08-07 20:33:00,37.42,37.42,37.4,37.4,622
"2533",2020-08-07 20:34:00,37.42,37.42,37.4,37.41,1054
"2534",2020-08-07 20:35:00,37.42,37.43,37.42,37.43,2317
"2535",2020-08-07 20:36:00,37.44,37.46,37.44,37.46,1007
"2536",2020-08-07 20:37:00,37.47,37.49,37.47,37.49,690
"2537",2020-08-07 20:38:00,37.48,37.48,37.47,37.48,1131
"2538",2020-08-07 20:39:00,37.48,37.48,37.46,37.46,1226
"2539",2020-08-07 20:40:00,37.46,37.48,37.46,37.48,585
"2540",2020-08-07 20:41:00,37.47,37.48,37.47,37.48,1045
"2541",2020-08-07 20:42:00,37.49,37.5,37.47,37.47,3746
"2542",2020-08-07 20:43:00,37.46,37.46,37.42,37.42,2037
"2543",2020-08-07 20:44:00,37.41,37.42,37.41,37.42,645
"2544",2020-08-07 20:45:00,37.42,37.43,37.42,37.42,1509
"2545",2020-08-07 20:46:00,37.42,37.42,37.4,37.4,2313
"2546",2020-08-07 20:47:00,37.4,37.4,37.33,37.34,3666
"2547",2020-08-07 20:48:00,37.34,37.37,37.34,37.37,2192
"2548",2020-08-07 20:49:00,37.37,37.37,37.32,37.32,4839
"2549",2020-08-07 20:50:00,37.32,37.32,37.29,37.29,1788
"2550",2020-08-07 20:51:00,37.3,37.3,37.24,37.28,2980
"2551",2020-08-07 20:52:00,37.27,37.28,37.26,37.28,1015
"2552",2020-08-07 20:53:00,37.28,37.28,37.26,37.26,1114
"2553",2020-08-07 20:54:00,37.25,37.29,37.25,37.28,1779
"2554",2020-08-07 20:55:00,37.27,37.27,37.25,37.26,1486
"2555",2020-08-07 20:56:00,37.27,37.3,37.27,37.3,1564
"2556",2020-08-07 20:57:00,37.31,37.31,37.25,37.25,13800
"2557",2020-08-07 20:58:00,37.24,37.24,37.21,37.24,7581
"2558",2020-08-07 20:59:00,37.24,37.24,37.22,37.24,5247
"2559",2020-08-07 21:00:00,37.23,37.23,37.19,37.19,3947
"2560",2020-08-07 21:01:00,37.2,37.2,37.17,37.18,14446
"2561",2020-08-07 21:02:00,37.17,37.18,37.11,37.11,15054
"2562",2020-08-07 21:03:00,37.11,37.17,37.11,37.13,11103
"2563",2020-08-07 21:04:00,37.12,37.12,37.04,37.04,9381
"2564",2020-08-07 21:05:00,37.04,37.09,37.04,37.09,11764
"2565",2020-08-07 21:06:00,37.1,37.11,37.08,37.08,1648
"2566",2020-08-07 21:07:00,37.08,37.09,37.07,37.09,1556
"2567",2020-08-07 21:08:00,37.07,37.07,36.98,36.99,8812
"2568",2020-08-07 21:09:00,37,37.04,36.99,37,4601
"2569",2020-08-07 21:10:00,36.99,37,36.98,37,2245
"2570",2020-08-07 21:11:00,37,37.01,37,37.01,3593
"2571",2020-08-07 21:12:00,37,37.01,36.98,36.98,3319
"2572",2020-08-07 21:13:00,36.97,37,36.97,37,2912
"2573",2020-08-07 21:14:00,37,37.05,37,37.05,3083
"2574",2020-08-07 21:15:00,37.04,37.06,37.03,37.04,1428
"2575",2020-08-07 21:16:00,37.04,37.04,36.99,36.99,2310
"2576",2020-08-07 21:17:00,36.99,36.99,36.96,36.96,1316
"2577",2020-08-07 21:18:00,36.97,36.98,36.94,36.94,2754
"2578",2020-08-07 21:19:00,36.94,36.96,36.94,36.95,1783
"2579",2020-08-07 21:20:00,36.93,36.95,36.93,36.95,1713
"2580",2020-08-07 21:21:00,36.96,36.96,36.91,36.91,1688
"2581",2020-08-07 21:22:00,36.92,36.93,36.91,36.91,1704
"2582",2020-08-07 21:23:00,36.9,36.91,36.89,36.89,1713
"2583",2020-08-07 21:24:00,36.88,36.9,36.86,36.86,3212
"2584",2020-08-07 21:25:00,36.86,36.89,36.86,36.88,3816
"2585",2020-08-07 21:26:00,36.86,36.88,36.86,36.88,1360
"2586",2020-08-07 21:27:00,36.88,36.92,36.88,36.91,3777
"2587",2020-08-07 21:28:00,36.89,36.89,36.87,36.87,2930
"2588",2020-08-07 21:29:00,36.86,36.87,36.83,36.84,5703
"2589",2020-08-07 21:30:00,36.82,36.84,36.79,36.83,4700
"2590",2020-08-07 21:31:00,36.83,36.84,36.81,36.82,2644
"2591",2020-08-07 21:32:00,36.83,36.89,36.82,36.89,3017
"2592",2020-08-07 21:33:00,36.89,36.89,36.88,36.89,2260
"2593",2020-08-07 21:34:00,36.9,36.91,36.89,36.91,1282
"2594",2020-08-07 21:35:00,36.9,36.92,36.9,36.91,1483
"2595",2020-08-07 21:36:00,36.91,36.92,36.9,36.92,3434
"2596",2020-08-07 21:37:00,36.92,36.92,36.9,36.91,1703
"2597",2020-08-07 21:38:00,36.92,36.94,36.91,36.92,3569
"2598",2020-08-07 21:39:00,36.93,36.93,36.89,36.9,1569
"2599",2020-08-07 21:40:00,36.9,36.91,36.9,36.9,2354
"2600",2020-08-07 21:41:00,36.9,36.9,36.86,36.86,2641
"2601",2020-08-07 21:42:00,36.84,36.84,36.81,36.81,2954
"2602",2020-08-07 21:43:00,36.8,36.81,36.79,36.8,2158
"2603",2020-08-07 21:44:00,36.8,36.82,36.79,36.79,3634
"2604",2020-08-07 21:45:00,36.79,36.84,36.79,36.83,2058
"2605",2020-08-07 21:46:00,36.82,36.82,36.79,36.81,3215
"2606",2020-08-07 21:47:00,36.8,36.8,36.8,36.8,1163
"2607",2020-08-07 21:48:00,36.8,36.84,36.8,36.84,5640
"2608",2020-08-07 21:49:00,36.84,36.88,36.84,36.87,3450
"2609",2020-08-07 21:50:00,36.85,36.87,36.84,36.84,1342
"2610",2020-08-07 21:51:00,36.84,36.84,36.82,36.84,1967
"2611",2020-08-07 21:52:00,36.84,36.86,36.84,36.85,959
"2612",2020-08-07 21:53:00,36.85,36.88,36.85,36.87,2171
"2613",2020-08-07 21:54:00,36.87,36.89,36.87,36.89,842
"2614",2020-08-07 21:55:00,36.88,36.88,36.86,36.86,3650
"2615",2020-08-07 21:56:00,36.85,36.86,36.84,36.85,3261
"2616",2020-08-07 21:57:00,36.86,36.88,36.86,36.88,1557
"2617",2020-08-07 21:58:00,36.86,36.86,36.86,36.86,691
"2618",2020-08-07 21:59:00,36.86,36.87,36.86,36.86,1524
"2619",2020-08-07 22:00:00,36.86,36.86,36.86,36.86,710
"2620",2020-08-07 22:01:00,36.85,36.88,36.85,36.86,4152
"2621",2020-08-07 22:02:00,36.86,36.88,36.86,36.88,457
"2622",2020-08-07 22:03:00,36.88,36.9,36.88,36.89,1867
"2623",2020-08-07 22:04:00,36.88,36.93,36.88,36.93,4477
"2624",2020-08-07 22:05:00,36.94,36.99,36.94,36.99,3835
"2625",2020-08-07 22:06:00,36.99,36.99,36.93,36.93,1929
"2626",2020-08-07 22:07:00,36.93,36.94,36.92,36.92,2459
"2627",2020-08-07 22:08:00,36.92,36.93,36.92,36.93,906
"2628",2020-08-07 22:09:00,36.92,36.95,36.92,36.95,2454
"2629",2020-08-07 22:10:00,36.94,36.94,36.94,36.94,930
"2630",2020-08-07 22:11:00,36.92,36.92,36.83,36.84,7363
"2631",2020-08-07 22:12:00,36.84,36.88,36.84,36.85,3151
"2632",2020-08-07 22:13:00,36.83,36.83,36.8,36.8,1523
"2633",2020-08-07 22:14:00,36.8,36.82,36.75,36.75,6802
"2634",2020-08-07 22:15:00,36.76,36.77,36.74,36.77,4650
"2635",2020-08-07 22:16:00,36.78,36.84,36.78,36.84,1126
"2636",2020-08-07 22:17:00,36.84,36.86,36.83,36.83,2591
"2637",2020-08-07 22:18:00,36.83,36.91,36.83,36.88,8411
"2638",2020-08-07 22:19:00,36.88,36.92,36.88,36.9,2157
"2639",2020-08-07 22:20:00,36.9,36.9,36.88,36.89,2713
"2640",2020-08-07 22:21:00,36.89,36.9,36.88,36.88,2342
"2641",2020-08-07 22:22:00,36.88,36.9,36.88,36.9,2884
"2642",2020-08-07 22:23:00,36.9,36.9,36.9,36.9,1751
"2643",2020-08-07 22:24:00,36.9,36.94,36.9,36.94,4197
"2644",2020-08-07 22:25:00,36.93,36.94,36.9,36.91,1086
"2645",2020-08-07 22:26:00,36.92,36.96,36.92,36.92,2095
"2646",2020-08-07 22:27:00,36.91,36.94,36.91,36.94,1800
"2647",2020-08-07 22:28:00,36.94,36.94,36.88,36.88,4294
"2648",2020-08-07 22:29:00,36.88,36.89,36.88,36.88,1572
"2649",2020-08-07 22:30:00,36.88,36.91,36.88,36.9,2399
"2650",2020-08-07 22:31:00,36.9,36.92,36.89,36.9,5223
"2651",2020-08-07 22:32:00,36.89,36.89,36.87,36.87,2611
"2652",2020-08-07 22:33:00,36.87,36.9,36.87,36.89,5071
"2653",2020-08-07 22:34:00,36.9,36.93,36.9,36.93,5065
"2654",2020-08-07 22:35:00,36.94,36.96,36.94,36.95,2386
"2655",2020-08-07 22:36:00,36.94,36.96,36.93,36.93,2643
"2656",2020-08-07 22:37:00,36.93,36.95,36.92,36.92,9281
"2657",2020-08-07 22:38:00,36.92,36.95,36.92,36.95,4034
"2658",2020-08-07 22:39:00,36.95,36.98,36.95,36.96,3404
"2659",2020-08-07 22:40:00,36.98,36.98,36.93,36.98,11391
"2660",2020-08-07 22:41:00,36.98,37.04,36.98,37.04,5477
"2661",2020-08-07 22:42:00,37.04,37.07,37.04,37.07,3262
"2662",2020-08-07 22:43:00,37.07,37.07,37.03,37.06,4936
"2663",2020-08-07 22:44:00,37.07,37.1,37.06,37.09,3235
"2664",2020-08-07 22:45:00,37.09,37.1,37.08,37.09,3848
"2665",2020-08-07 22:46:00,37.1,37.1,37.08,37.08,3228
"2666",2020-08-07 22:47:00,37.09,37.1,37.08,37.08,8435
"2667",2020-08-07 22:48:00,37.09,37.11,37.09,37.11,3998
"2668",2020-08-07 22:49:00,37.11,37.16,37.11,37.15,10601
"2669",2020-08-07 22:50:00,37.15,37.2,37.14,37.19,13296
"2670",2020-08-07 22:51:00,37.18,37.19,37.14,37.14,29761
"2671",2020-08-07 22:52:00,37.14,37.14,37.1,37.1,12400
"2672",2020-08-07 22:53:00,37.1,37.14,37.1,37.14,11331
"2673",2020-08-07 22:54:00,37.14,37.14,37.11,37.11,4565
"2674",2020-08-07 22:55:00,37.11,37.18,37.11,37.18,14564
"2675",2020-08-07 22:56:00,37.18,37.18,37.16,37.16,13557
"2676",2020-08-07 22:57:00,37.16,37.18,37.15,37.16,12786
"2677",2020-08-07 22:58:00,37.17,37.17,37.14,37.14,11729
"2678",2020-08-07 22:59:00,37.15,37.15,37.06,37.06,41675
"2679",2020-08-07 23:00:00,37.06,37.14,37.05,37.14,49190
"2680",2020-08-07 23:01:00,37.14,37.14,37.14,37.14,34
"2681",2020-08-07 23:03:00,37.14,37.14,37.14,37.14,4958
"2682",2020-08-07 23:10:00,37.07,37.07,37.07,37.07,4
"2683",2020-08-07 23:15:00,37.2,37.2,37.2,37.2,1
"2684",2020-08-07 23:21:00,37.06,37.06,37.06,37.06,410
"2685",2020-08-07 23:33:00,37.07,37.07,37.07,37.07,1
"2686",2020-08-07 23:38:00,37.06,37.06,37.06,37.06,60
"2687",2020-08-07 23:44:00,37.1,37.14,37.1,37.14,3
"2688",2020-08-07 23:48:00,37.15,37.15,37.15,37.15,3
"2689",2020-08-07 23:49:00,37.15,37.15,37.15,37.15,1
"2690",2020-08-07 23:53:00,37.2,37.2,37.2,37.2,1
"2691",2020-08-07 23:54:00,37.15,37.15,37.15,37.15,1
"2692",2020-08-08 00:01:00,37.2,37.2,37.14,37.14,115
"2693",2020-08-08 00:14:00,37.25,37.25,37.25,37.25,4
"2694",2020-08-08 00:15:00,37.28,37.28,37.28,37.28,6
"2695",2020-08-08 00:34:00,37.09,37.09,37.09,37.09,40
"2696",2020-08-08 00:47:00,37.14,37.14,37.14,37.14,2
"2697",2020-08-08 00:48:00,37.11,37.11,37.11,37.11,40
"2698",2020-08-08 01:03:00,37.27,37.27,37.27,37.27,3
"2699",2020-08-10 10:01:00,38.14,38.14,37.74,38,180
"2700",2020-08-10 10:02:00,38.08,38.34,38.08,38.32,567
"2701",2020-08-10 10:03:00,38.11,38.33,38,38,69
"2702",2020-08-10 10:04:00,38.01,38.01,37.77,38,235
"2703",2020-08-10 10:05:00,38,38,38,38,1
"2704",2020-08-10 10:06:00,38,38,37.77,37.97,160
"2705",2020-08-10 10:07:00,37.97,37.99,37.78,37.99,70
"2706",2020-08-10 10:08:00,37.99,37.99,37.99,37.99,51
"2707",2020-08-10 10:09:00,37.99,37.99,37.78,37.78,10
"2708",2020-08-10 10:10:00,37.98,37.98,37.98,37.98,4
"2709",2020-08-10 10:11:00,37.93,38,37.93,38,5
"2710",2020-08-10 10:12:00,38,38,37.98,37.98,13
"2711",2020-08-10 10:13:00,37.98,38,37.95,38,84
"2712",2020-08-10 10:14:00,37.85,38,37.81,37.81,41
"2713",2020-08-10 10:15:00,37.81,38,37.81,38,47
"2714",2020-08-10 10:17:00,37.99,38,37.99,38,341
"2715",2020-08-10 10:18:00,37.99,38,37.89,37.89,152
"2716",2020-08-10 10:19:00,38.15,38.15,38.01,38.01,4
"2717",2020-08-10 10:21:00,38.14,38.14,38.1,38.14,4
"2718",2020-08-10 10:22:00,38.12,38.12,38.05,38.05,12
"2719",2020-08-10 10:23:00,38.05,38.05,38.05,38.05,79
"2720",2020-08-10 10:24:00,38.12,38.12,38.05,38.05,252
"2721",2020-08-10 10:25:00,38.13,38.13,38.11,38.11,201
"2722",2020-08-10 10:26:00,38.11,38.11,38.01,38.01,48
"2723",2020-08-10 10:27:00,38.04,38.04,38.01,38.04,36
"2724",2020-08-10 10:28:00,38.01,38.04,38.01,38.04,5
"2725",2020-08-10 10:29:00,38.05,38.05,38.05,38.05,19
"2726",2020-08-10 10:30:00,38.05,38.05,38.05,38.05,2
"2727",2020-08-10 10:31:00,38.05,38.05,38.05,38.05,55
"2728",2020-08-10 10:32:00,38.01,38.01,38.01,38.01,10
"2729",2020-08-10 10:33:00,38.01,38.01,38.01,38.01,16
"2730",2020-08-10 10:35:00,38.01,38.01,38.01,38.01,1
"2731",2020-08-10 10:37:00,38.05,38.05,38.05,38.05,2
"2732",2020-08-10 10:38:00,38.05,38.05,38.05,38.05,10
"2733",2020-08-10 10:39:00,38.05,38.05,38.01,38.01,14
"2734",2020-08-10 10:40:00,38.01,38.01,38.01,38.01,1
"2735",2020-08-10 10:41:00,38.01,38.05,38.01,38.05,13
"2736",2020-08-10 10:42:00,38.05,38.05,38.05,38.05,2
"2737",2020-08-10 10:44:00,38.05,38.05,38.05,38.05,2
"2738",2020-08-10 10:46:00,38.05,38.05,38.05,38.05,3
"2739",2020-08-10 10:47:00,38.02,38.05,38,38.05,18
"2740",2020-08-10 10:48:00,38.05,38.05,38.05,38.05,2
"2741",2020-08-10 10:53:00,38.05,38.05,38.05,38.05,75
"2742",2020-08-10 10:54:00,38.05,38.05,38.05,38.05,2
"2743",2020-08-10 10:55:00,38.05,38.05,38.05,38.05,4
"2744",2020-08-10 10:56:00,38.05,38.05,38.05,38.05,19
"2745",2020-08-10 10:57:00,38.16,38.16,38.16,38.16,1
"2746",2020-08-10 10:58:00,38.16,38.16,38.16,38.16,30
"2747",2020-08-10 10:59:00,38.17,39.32,38.17,39.32,1069
"2748",2020-08-10 11:00:00,39.39,39.5,39.39,39.4,181
"2749",2020-08-10 11:01:00,39.39,40.5,38.83,40,2476
"2750",2020-08-10 11:02:00,39.13,40.28,39.13,39.95,114
"2751",2020-08-10 11:03:00,40,40.28,39.61,40.28,486
"2752",2020-08-10 11:04:00,40.28,40.28,40,40.27,31
"2753",2020-08-10 11:05:00,40.27,40.27,40,40,136
"2754",2020-08-10 11:06:00,40,40,39.95,39.95,74
"2755",2020-08-10 11:07:00,39.73,39.92,39.63,39.92,70
"2756",2020-08-10 11:08:00,39.92,39.92,39.92,39.92,93
"2757",2020-08-10 11:09:00,39.93,39.94,39.78,39.78,198
"2758",2020-08-10 11:10:00,39.89,39.89,39.77,39.77,52
"2759",2020-08-10 11:11:00,39.79,39.89,39.6,39.6,36
"2760",2020-08-10 11:12:00,39.6,39.6,39.3,39.4,119
"2761",2020-08-10 11:13:00,39.5,39.51,39.4,39.51,101
"2762",2020-08-10 11:14:00,39.54,39.54,39.54,39.54,4
"2763",2020-08-10 11:15:00,39.6,39.9,39.6,39.9,213
"2764",2020-08-10 11:16:00,39.88,39.88,39.63,39.84,49
"2765",2020-08-10 11:17:00,39.79,39.85,39.79,39.85,28
"2766",2020-08-10 11:18:00,39.9,40.06,39.9,40.06,330
"2767",2020-08-10 11:19:00,40.22,40.32,39.97,40.22,442
"2768",2020-08-10 11:20:00,40.33,40.44,40.2,40.2,501
"2769",2020-08-10 11:21:00,40.09,40.19,40.08,40.1,39
"2770",2020-08-10 11:22:00,40.19,40.2,40.18,40.2,341
"2771",2020-08-10 11:23:00,40.26,40.26,40.03,40.09,491
"2772",2020-08-10 11:24:00,40.09,40.09,40,40,45
"2773",2020-08-10 11:25:00,40,40.19,40,40.19,277
"2774",2020-08-10 11:26:00,40.03,40.27,40.02,40.27,354
"2775",2020-08-10 11:27:00,40.26,40.26,40,40.03,281
"2776",2020-08-10 11:28:00,40.02,40.19,40,40.19,222
"2777",2020-08-10 11:29:00,40.19,40.24,40.19,40.19,59
"2778",2020-08-10 11:30:00,40.14,40.19,40.14,40.19,7
"2779",2020-08-10 11:31:00,40.11,40.11,40.04,40.04,3
"2780",2020-08-10 11:33:00,40.02,40.09,40.02,40.02,25
"2781",2020-08-10 11:34:00,40.08,40.08,40.04,40.08,433
"2782",2020-08-10 11:35:00,40.05,40.05,40.05,40.05,142
"2783",2020-08-10 11:36:00,40.04,40.04,39.99,39.99,15
"2784",2020-08-10 11:37:00,40,40,39.99,39.99,333
"2785",2020-08-10 11:38:00,39.99,39.99,39.99,39.99,36
"2786",2020-08-10 11:40:00,40,40,39.85,39.85,54
"2787",2020-08-10 11:41:00,39.87,39.87,39.75,39.75,260
"2788",2020-08-10 11:42:00,39.75,39.78,39.61,39.7,40
"2789",2020-08-10 11:43:00,39.7,39.7,39.7,39.7,52
"2790",2020-08-10 11:44:00,39.71,39.77,39.63,39.63,75
"2791",2020-08-10 11:45:00,39.74,39.74,39.74,39.74,1
"2792",2020-08-10 11:46:00,39.74,39.74,39.7,39.7,2
"2793",2020-08-10 11:47:00,39.65,39.74,39.65,39.65,806
"2794",2020-08-10 11:48:00,39.63,39.63,39.6,39.6,50
"2795",2020-08-10 11:49:00,39.6,39.6,39.6,39.6,1
"2796",2020-08-10 11:50:00,39.51,39.51,39.4,39.4,151
"2797",2020-08-10 11:51:00,39.36,39.36,39.06,39.06,261
"2798",2020-08-10 11:52:00,39.11,39.11,39.11,39.11,1
"2799",2020-08-10 11:54:00,39.27,39.28,39.27,39.28,68
"2800",2020-08-10 11:55:00,39.28,39.29,39.28,39.29,32
"2801",2020-08-10 11:57:00,39.29,39.29,39.29,39.29,7
"2802",2020-08-10 11:58:00,39.28,39.29,39.28,39.29,2
"2803",2020-08-10 12:01:00,39.3,39.49,39.3,39.34,16
"2804",2020-08-10 12:02:00,39.31,39.34,39.29,39.34,118
"2805",2020-08-10 12:03:00,39.29,39.29,39.29,39.29,7
"2806",2020-08-10 12:04:00,39.29,39.29,39.29,39.29,53
"2807",2020-08-10 12:05:00,39.33,39.33,39.33,39.33,24
"2808",2020-08-10 12:06:00,39.29,39.33,39.29,39.33,51
"2809",2020-08-10 12:07:00,39.34,39.34,39.06,39.06,350
"2810",2020-08-10 12:08:00,39.05,39.05,39.05,39.05,1
"2811",2020-08-10 12:10:00,39.14,39.14,39.1,39.1,5
"2812",2020-08-10 12:12:00,39.1,39.1,39.05,39.05,15
"2813",2020-08-10 12:14:00,39.1,39.1,39.1,39.1,15
"2814",2020-08-10 12:15:00,39.23,39.23,39.23,39.23,10
"2815",2020-08-10 12:16:00,39.19,39.19,39.19,39.19,7
"2816",2020-08-10 12:17:00,39.19,39.19,39.1,39.1,29
"2817",2020-08-10 12:18:00,39.18,39.24,39.15,39.19,335
"2818",2020-08-10 12:19:00,39.19,39.2,39.13,39.2,417
"2819",2020-08-10 12:21:00,39.16,39.16,39.13,39.13,156
"2820",2020-08-10 12:22:00,39.13,39.24,39.13,39.24,13
"2821",2020-08-10 12:23:00,39.22,39.22,39.22,39.22,5
"2822",2020-08-10 12:25:00,39.09,39.09,39,39,609
"2823",2020-08-10 12:26:00,39.03,39.03,39.03,39.03,12
"2824",2020-08-10 12:28:00,39.09,39.09,39.09,39.09,5
"2825",2020-08-10 12:29:00,39.09,39.09,39.09,39.09,5
"2826",2020-08-10 12:30:00,39.05,39.05,39.05,39.05,2
"2827",2020-08-10 12:33:00,39.09,39.1,39.09,39.1,3
"2828",2020-08-10 12:34:00,39.25,39.25,39.12,39.25,35
"2829",2020-08-10 12:36:00,39.25,39.25,39.25,39.25,10
"2830",2020-08-10 12:37:00,39.24,39.24,39.24,39.24,18
"2831",2020-08-10 12:38:00,39.24,39.24,39.24,39.24,30
"2832",2020-08-10 12:39:00,39.25,39.25,39.25,39.25,3
"2833",2020-08-10 12:40:00,39.24,39.25,39.24,39.25,6
"2834",2020-08-10 12:42:00,39.25,39.25,39.25,39.25,10
"2835",2020-08-10 12:45:00,39.25,39.25,39.25,39.25,1
"2836",2020-08-10 12:47:00,39.24,39.24,39.24,39.24,1
"2837",2020-08-10 12:49:00,39.24,39.24,39.2,39.2,12
"2838",2020-08-10 12:50:00,39.19,39.19,39.11,39.11,43
"2839",2020-08-10 12:51:00,39.12,39.12,39.08,39.08,25
"2840",2020-08-10 12:52:00,39.05,39.05,38.91,39,119
"2841",2020-08-10 12:55:00,38.98,38.98,38.91,38.98,7
"2842",2020-08-10 13:01:00,38.98,38.98,38.75,38.75,122
"2843",2020-08-10 13:02:00,38.92,38.99,38.92,38.99,15
"2844",2020-08-10 13:03:00,38.99,38.99,38.76,38.76,10
"2845",2020-08-10 13:04:00,38.76,38.98,38.76,38.98,2
"2846",2020-08-10 13:05:00,38.98,38.99,38.98,38.99,30
"2847",2020-08-10 13:06:00,38.98,38.99,38.98,38.99,10
"2848",2020-08-10 13:07:00,38.99,38.99,38.99,38.99,14
"2849",2020-08-10 13:09:00,38.98,38.98,38.98,38.98,2
"2850",2020-08-10 13:10:00,38.81,38.81,38.75,38.75,34
"2851",2020-08-10 13:11:00,38.76,38.89,38.75,38.89,21
"2852",2020-08-10 13:12:00,38.89,38.89,38.89,38.89,10
"2853",2020-08-10 13:13:00,38.9,38.9,38.89,38.89,19
"2854",2020-08-10 13:18:00,38.99,38.99,38.99,38.99,3
"2855",2020-08-10 13:19:00,38.98,38.98,38.98,38.98,17
"2856",2020-08-10 13:20:00,38.99,39,38.99,39,9
"2857",2020-08-10 13:21:00,39.09,39.09,39.09,39.09,8
"2858",2020-08-10 13:22:00,39.09,39.09,39,39,33
"2859",2020-08-10 13:23:00,39.02,39.02,38.9,38.9,10
"2860",2020-08-10 13:24:00,38.93,39.07,38.93,39.07,11
"2861",2020-08-10 13:26:00,39.06,39.07,39.06,39.07,105
"2862",2020-08-10 13:27:00,39.07,39.07,39.07,39.07,6
"2863",2020-08-10 13:29:00,39.07,39.1,39.07,39.1,42
"2864",2020-08-10 13:33:00,39.15,39.15,39.15,39.15,5
"2865",2020-08-10 13:34:00,39.14,39.14,39.14,39.14,68
"2866",2020-08-10 13:35:00,39.09,39.09,39.09,39.09,3
"2867",2020-08-10 13:36:00,38.94,38.94,38.94,38.94,1
"2868",2020-08-10 13:40:00,39.05,39.05,38.94,38.94,11
"2869",2020-08-10 13:41:00,39.07,39.07,39.07,39.07,1
"2870",2020-08-10 13:42:00,39.08,39.08,39.08,39.08,3
"2871",2020-08-10 13:45:00,38.93,38.93,38.9,38.9,22
"2872",2020-08-10 13:46:00,38.93,39.05,38.93,39.05,50
"2873",2020-08-10 13:47:00,38.87,38.87,38.84,38.84,15
"2874",2020-08-10 13:48:00,38.72,38.84,38.72,38.84,13
"2875",2020-08-10 13:49:00,38.8,38.83,38.72,38.72,21
"2876",2020-08-10 13:50:00,38.73,38.73,38.73,38.73,2
"2877",2020-08-10 13:52:00,38.75,38.88,38.7,38.88,42
"2878",2020-08-10 13:53:00,38.88,38.88,38.88,38.88,3
"2879",2020-08-10 13:54:00,38.88,38.88,38.88,38.88,20
"2880",2020-08-10 13:55:00,38.88,38.88,38.88,38.88,22
"2881",2020-08-10 13:56:00,38.98,38.98,38.98,38.98,1
"2882",2020-08-10 13:57:00,38.98,38.98,38.98,38.98,1
"2883",2020-08-10 13:58:00,38.98,38.98,38.98,38.98,5
"2884",2020-08-10 13:59:00,38.9,38.9,38.9,38.9,1
"2885",2020-08-10 14:01:00,38.91,38.91,38.9,38.9,14
"2886",2020-08-10 14:02:00,38.88,38.88,38.88,38.88,93
"2887",2020-08-10 14:03:00,38.82,38.82,38.82,38.82,10
"2888",2020-08-10 14:04:00,38.82,38.82,38.74,38.74,6
"2889",2020-08-10 14:05:00,38.7,38.7,38.44,38.48,421
"2890",2020-08-10 14:06:00,38.59,38.59,38.51,38.51,22
"2891",2020-08-10 14:07:00,38.51,38.51,38.49,38.49,24
"2892",2020-08-10 14:08:00,38.41,38.41,38.1,38.1,192
"2893",2020-08-10 14:09:00,38.21,38.26,38.2,38.2,74
"2894",2020-08-10 14:10:00,38.28,38.28,38.24,38.24,9
"2895",2020-08-10 14:12:00,38.15,38.2,38.15,38.2,11
"2896",2020-08-10 14:14:00,38.25,38.32,38.21,38.32,12
"2897",2020-08-10 14:15:00,38.28,38.28,38.21,38.26,42
"2898",2020-08-10 14:16:00,38.25,38.25,38.25,38.25,200
"2899",2020-08-10 14:18:00,38.26,38.26,38.2,38.23,213
"2900",2020-08-10 14:19:00,38.25,38.25,38.25,38.25,1
"2901",2020-08-10 14:20:00,38.24,38.24,38.24,38.24,3
"2902",2020-08-10 14:21:00,38.24,38.28,38.21,38.21,35
"2903",2020-08-10 14:22:00,38.22,38.22,38.22,38.22,20
"2904",2020-08-10 14:25:00,38.32,38.32,38.32,38.32,5
"2905",2020-08-10 14:28:00,38.4,38.4,38.4,38.4,1
"2906",2020-08-10 14:29:00,38.27,38.51,38.27,38.51,21
"2907",2020-08-10 14:30:00,38.5,38.5,38.5,38.5,50
"2908",2020-08-10 14:31:00,38.34,38.34,38.25,38.3,521
"2909",2020-08-10 14:32:00,38.25,38.29,38.21,38.21,194
"2910",2020-08-10 14:33:00,38.29,38.29,38.25,38.25,302
"2911",2020-08-10 14:34:00,38.25,38.25,38.22,38.23,1147
"2912",2020-08-10 14:35:00,38.23,38.4,38.22,38.4,1568
"2913",2020-08-10 14:36:00,38.33,38.38,38.27,38.38,616
"2914",2020-08-10 14:37:00,38.37,38.37,38.36,38.36,296
"2915",2020-08-10 14:38:00,38.37,38.37,38.25,38.25,194
"2916",2020-08-10 14:40:00,38.25,38.25,38.25,38.25,6
"2917",2020-08-10 14:41:00,38.33,38.33,38.33,38.33,2
"2918",2020-08-10 14:42:00,38.31,38.33,38.31,38.33,501
"2919",2020-08-10 14:43:00,38.33,38.45,38.31,38.45,3052
"2920",2020-08-10 14:44:00,38.45,38.45,38.4,38.44,4015
"2921",2020-08-10 14:45:00,38.44,38.44,38.29,38.39,2583
"2922",2020-08-10 14:46:00,38.38,38.39,38.37,38.39,796
"2923",2020-08-10 14:47:00,38.39,38.39,38.38,38.38,203
"2924",2020-08-10 14:48:00,38.35,38.35,38.35,38.35,506
"2925",2020-08-10 14:49:00,38.35,38.35,38.35,38.35,1496
"2926",2020-08-10 14:51:00,38.38,38.43,38.38,38.38,209
"2927",2020-08-10 14:52:00,38.38,38.38,38.38,38.38,600
"2928",2020-08-10 14:53:00,38.31,38.38,38.31,38.36,291
"2929",2020-08-10 14:55:00,38.35,38.35,38.35,38.35,84
"2930",2020-08-10 14:56:00,38.35,38.35,38.35,38.35,348
"2931",2020-08-10 14:57:00,38.38,38.38,38.35,38.35,58
"2932",2020-08-10 14:58:00,38.34,38.35,38.33,38.34,476
"2933",2020-08-10 14:59:00,38.31,38.31,38.3,38.3,374
"2934",2020-08-10 15:00:00,38.2,38.23,38.15,38.18,1057
"2935",2020-08-10 15:01:00,38.15,38.15,37.86,38,6852
"2936",2020-08-10 15:02:00,37.88,37.91,37.7,37.72,2510
"2937",2020-08-10 15:03:00,37.7,37.89,37.68,37.7,2049
"2938",2020-08-10 15:04:00,37.75,37.86,37.7,37.86,2058
"2939",2020-08-10 15:05:00,37.86,37.95,37.86,37.9,2037
"2940",2020-08-10 15:06:00,37.9,38,37.9,37.9,891
"2941",2020-08-10 15:07:00,37.9,37.97,37.85,37.85,503
"2942",2020-08-10 15:08:00,37.9,38,37.85,37.85,1306
"2943",2020-08-10 15:09:00,38,38,38,38,26
"2944",2020-08-10 15:10:00,37.94,38,37.9,38,2334
"2945",2020-08-10 15:11:00,38.01,38.25,38,38,1614
"2946",2020-08-10 15:12:00,38.04,38.25,38.04,38.04,4352
"2947",2020-08-10 15:13:00,38.1,38.2,38.01,38.12,5902
"2948",2020-08-10 15:14:00,38.15,38.2,38.01,38.01,2250
"2949",2020-08-10 15:15:00,38.1,38.1,38.03,38.1,612
"2950",2020-08-10 15:16:00,38.1,38.1,38.06,38.06,741
"2951",2020-08-10 15:17:00,38.12,38.12,38.01,38.1,7194
"2952",2020-08-10 15:18:00,38.16,38.16,38,38.02,230
"2953",2020-08-10 15:19:00,38,38.16,38,38.16,152
"2954",2020-08-10 15:20:00,38.1,38.1,37.9,37.99,2635
"2955",2020-08-10 15:21:00,38.1,38.1,37.78,37.78,7720
"2956",2020-08-10 15:23:00,38.05,38.05,38,38,6
"2957",2020-08-10 15:24:00,38.05,38.05,37.91,37.91,209
"2958",2020-08-10 15:25:00,38.04,38.09,38.04,38.09,6
"2959",2020-08-10 15:26:00,38.09,38.09,38,38,235
"2960",2020-08-10 15:29:00,38.02,38.02,38,38,156
"2961",2020-08-10 15:30:00,37.98,37.98,37.95,37.95,354
"2962",2020-08-10 15:31:00,37.91,38,37.89,37.98,885
"2963",2020-08-10 15:32:00,37.98,38.02,37.98,38.02,384
"2964",2020-08-10 15:33:00,37.98,38.02,37.98,37.98,586
"2965",2020-08-10 15:34:00,37.99,37.99,37.99,37.99,90
"2966",2020-08-10 15:35:00,37.99,38.09,37.98,38.09,48
"2967",2020-08-10 15:36:00,38.09,38.09,38,38,11
"2968",2020-08-10 15:37:00,38,38.04,38,38.04,102
"2969",2020-08-10 15:38:00,38,38.9,38,38.04,1705
"2970",2020-08-10 15:39:00,38.03,38.09,38.03,38.09,34
"2971",2020-08-10 15:40:00,38.09,38.1,38.08,38.09,1416
"2972",2020-08-10 15:41:00,38.1,38.11,38.09,38.11,1081
"2973",2020-08-10 15:42:00,38.13,38.15,38.1,38.11,897
"2974",2020-08-10 15:43:00,38.11,38.15,38.11,38.15,65
"2975",2020-08-10 15:44:00,38.13,38.15,38.09,38.15,1591
"2976",2020-08-10 15:45:00,38.12,38.12,38.09,38.09,2054
"2977",2020-08-10 15:46:00,38.1,38.1,38.08,38.1,4154
"2978",2020-08-10 15:47:00,38.05,38.1,38.01,38.08,804
"2979",2020-08-10 15:48:00,38.09,38.09,38,38,2744
"2980",2020-08-10 15:50:00,38.08,38.09,38.08,38.09,59
"2981",2020-08-10 15:51:00,38.07,38.07,38.06,38.06,36
"2982",2020-08-10 15:52:00,38.05,38.13,38,38.13,479
"2983",2020-08-10 15:53:00,38.13,38.13,38,38,414
"2984",2020-08-10 15:54:00,38.1,38.1,38,38,5374
"2985",2020-08-10 15:55:00,38.02,38.1,37.91,37.96,5499
"2986",2020-08-10 15:56:00,37.86,37.98,37.7,37.75,799
"2987",2020-08-10 15:57:00,37.91,37.94,37.91,37.94,500
"2988",2020-08-10 15:58:00,37.94,37.95,37.8,37.85,2378
"2989",2020-08-10 15:59:00,37.85,37.85,37.85,37.85,2136
"2990",2020-08-10 16:00:00,37.85,37.85,37.8,37.85,1597
"2991",2020-08-10 16:01:00,37.94,38.07,37.93,38.07,1397
"2992",2020-08-10 16:02:00,38.07,38.15,37.97,38.14,3400
"2993",2020-08-10 16:03:00,38.1,38.2,38,38.15,1488
"2994",2020-08-10 16:04:00,38.2,38.24,38.05,38.13,526
"2995",2020-08-10 16:05:00,38.24,38.24,38.05,38.14,536
"2996",2020-08-10 16:06:00,38.14,38.15,38.14,38.15,46
"2997",2020-08-10 16:07:00,38.1,38.14,38.1,38.14,56
"2998",2020-08-10 16:08:00,38.12,38.12,38.05,38.1,967
"2999",2020-08-10 16:09:00,38.1,38.12,38.05,38.11,748
"3000",2020-08-10 16:10:00,38.11,38.11,38.03,38.1,2404
"3001",2020-08-10 16:11:00,38.11,38.15,38,38.08,824
"3002",2020-08-10 16:12:00,38.13,38.21,38.04,38.21,1051
"3003",2020-08-10 16:13:00,38.2,38.2,38.05,38.1,1801
"3004",2020-08-10 16:14:00,38.08,38.08,38,38.04,2217
"3005",2020-08-10 16:15:00,38,38.01,37.9,38,1451
"3006",2020-08-10 16:16:00,38,38,37.98,38,1722
"3007",2020-08-10 16:17:00,38.03,38.06,38,38.05,4127
"3008",2020-08-10 16:18:00,38.05,38.2,38.05,38.15,2767
"3009",2020-08-10 16:19:00,38.15,38.18,38.08,38.08,1955
"3010",2020-08-10 16:20:00,38.14,38.15,38.12,38.14,1388
"3011",2020-08-10 16:21:00,38.14,38.15,38.05,38.05,11305
"3012",2020-08-10 16:22:00,38.1,38.15,38.08,38.08,704
"3013",2020-08-10 16:23:00,38.07,38.07,37.98,38,1910
"3014",2020-08-10 16:24:00,38,38.01,38,38,2204
"3015",2020-08-10 16:25:00,38,38,38,38,1141
"3016",2020-08-10 16:26:00,38,38.05,38,38.05,2270
"3017",2020-08-10 16:27:00,38.05,38.05,38.05,38.05,1092
"3018",2020-08-10 16:28:00,38.05,38.2,38.05,38.2,1196
"3019",2020-08-10 16:29:00,38.2,38.27,38.18,38.22,2569
"3020",2020-08-10 16:30:00,38.22,38.39,38.22,38.37,5635
"3021",2020-08-10 16:31:00,38.44,38.44,38.23,38.31,16953
"3022",2020-08-10 16:32:00,38.35,38.35,38.13,38.24,72649
"3023",2020-08-10 16:33:00,38.23,38.36,38.18,38.33,55475
"3024",2020-08-10 16:34:00,38.34,38.49,38.19,38.24,58132
"3025",2020-08-10 16:35:00,38.24,38.27,38.01,38.24,62436
"3026",2020-08-10 16:36:00,38.25,38.7,38.23,38.7,59915
"3027",2020-08-10 16:37:00,38.71,38.99,38.71,38.87,66248
"3028",2020-08-10 16:38:00,38.84,39,38.72,38.96,54245
"3029",2020-08-10 16:39:00,38.98,39.17,38.96,39.07,51492
"3030",2020-08-10 16:40:00,39.09,39.14,38.7,38.71,42639
"3031",2020-08-10 16:41:00,38.71,38.88,38.6,38.82,91335
"3032",2020-08-10 16:42:00,38.82,38.87,38.77,38.79,29008
"3033",2020-08-10 16:43:00,38.82,38.82,38.56,38.57,30564
"3034",2020-08-10 16:44:00,38.59,38.73,38.58,38.64,23932
"3035",2020-08-10 16:45:00,38.64,38.66,38.54,38.59,17155
"3036",2020-08-10 16:46:00,38.59,38.69,38.59,38.63,17608
"3037",2020-08-10 16:47:00,38.63,38.82,38.63,38.76,17437
"3038",2020-08-10 16:48:00,38.79,38.79,38.6,38.6,23725
"3039",2020-08-10 16:49:00,38.6,38.65,38.53,38.58,39603
"3040",2020-08-10 16:50:00,38.58,38.6,38.54,38.54,9183
"3041",2020-08-10 16:51:00,38.54,38.7,38.51,38.67,15785
"3042",2020-08-10 16:52:00,38.68,38.73,38.67,38.69,12708
"3043",2020-08-10 16:53:00,38.7,38.7,38.55,38.57,7995
"3044",2020-08-10 16:54:00,38.57,38.6,38.42,38.42,17170
"3045",2020-08-10 16:55:00,38.42,38.48,38.32,38.34,27202
"3046",2020-08-10 16:56:00,38.36,38.39,38.26,38.34,35107
"3047",2020-08-10 16:57:00,38.35,38.35,38.16,38.16,22666
"3048",2020-08-10 16:58:00,38.15,38.18,38.09,38.1,17488
"3049",2020-08-10 16:59:00,38.09,38.13,38.04,38.08,14196
"3050",2020-08-10 17:00:00,38.08,38.12,38,38.05,43284
"3051",2020-08-10 17:01:00,38.05,38.13,38.03,38.13,14676
"3052",2020-08-10 17:02:00,38.13,38.13,37.95,38.04,28178
"3053",2020-08-10 17:03:00,38.04,38.07,37.94,37.95,10299
"3054",2020-08-10 17:04:00,37.98,38.03,37.96,38,9372
"3055",2020-08-10 17:05:00,38.02,38.12,38.02,38.03,6704
"3056",2020-08-10 17:06:00,38,38.03,37.96,38.01,8292
"3057",2020-08-10 17:07:00,38.01,38.05,37.97,37.97,9757
"3058",2020-08-10 17:08:00,37.98,38.06,37.96,38.02,5805
"3059",2020-08-10 17:09:00,38,38.01,37.96,37.99,5982
"3060",2020-08-10 17:10:00,37.99,38.02,37.98,38,4115
"3061",2020-08-10 17:11:00,37.98,38.01,37.96,38,7485
"3062",2020-08-10 17:12:00,38,38,37.96,37.99,6157
"3063",2020-08-10 17:13:00,37.99,38,37.89,37.99,28071
"3064",2020-08-10 17:14:00,37.98,37.98,37.91,37.97,6535
"3065",2020-08-10 17:15:00,37.96,38,37.94,37.97,6483
"3066",2020-08-10 17:16:00,37.96,38.02,37.93,37.98,12401
"3067",2020-08-10 17:17:00,37.97,37.97,37.86,37.88,10662
"3068",2020-08-10 17:18:00,37.88,37.92,37.79,37.82,12324
"3069",2020-08-10 17:19:00,37.8,37.9,37.78,37.9,24205
"3070",2020-08-10 17:20:00,37.89,37.9,37.87,37.87,12448
"3071",2020-08-10 17:21:00,37.88,37.9,37.85,37.9,13635
"3072",2020-08-10 17:22:00,37.88,37.9,37.79,37.8,3930
"3073",2020-08-10 17:23:00,37.8,37.86,37.8,37.81,12740
"3074",2020-08-10 17:24:00,37.8,37.81,37.73,37.75,12157
"3075",2020-08-10 17:25:00,37.74,37.81,37.72,37.72,8703
"3076",2020-08-10 17:26:00,37.72,37.9,37.72,37.9,9763
"3077",2020-08-10 17:27:00,37.9,37.98,37.89,37.97,10448
"3078",2020-08-10 17:28:00,37.96,37.97,37.9,37.97,5401
"3079",2020-08-10 17:29:00,37.97,38.01,37.94,37.95,9842
"3080",2020-08-10 17:30:00,37.95,37.96,37.93,37.94,6803
"3081",2020-08-10 17:31:00,37.94,37.97,37.92,37.92,4703
"3082",2020-08-10 17:32:00,37.92,37.92,37.84,37.86,7171
"3083",2020-08-10 17:33:00,37.85,37.85,37.81,37.82,3250
"3084",2020-08-10 17:34:00,37.82,37.89,37.8,37.88,6246
"3085",2020-08-10 17:35:00,37.87,37.9,37.84,37.88,6240
"3086",2020-08-10 17:36:00,37.88,37.89,37.83,37.83,5968
"3087",2020-08-10 17:37:00,37.83,37.83,37.74,37.75,11468
"3088",2020-08-10 17:38:00,37.73,37.74,37.68,37.72,13163
"3089",2020-08-10 17:39:00,37.72,37.74,37.69,37.72,4283
"3090",2020-08-10 17:40:00,37.72,37.75,37.72,37.72,4634
"3091",2020-08-10 17:41:00,37.73,37.83,37.71,37.8,9334
"3092",2020-08-10 17:42:00,37.81,37.81,37.76,37.79,10403
"3093",2020-08-10 17:43:00,37.78,37.87,37.76,37.86,7782
"3094",2020-08-10 17:44:00,37.88,37.89,37.83,37.83,7578
"3095",2020-08-10 17:45:00,37.84,37.86,37.81,37.81,3962
"3096",2020-08-10 17:46:00,37.79,37.83,37.73,37.73,5664
"3097",2020-08-10 17:47:00,37.74,37.76,37.72,37.76,6353
"3098",2020-08-10 17:48:00,37.75,37.76,37.64,37.67,9041
"3099",2020-08-10 17:49:00,37.67,37.68,37.64,37.64,3260
"3100",2020-08-10 17:50:00,37.66,37.69,37.64,37.64,5296
"3101",2020-08-10 17:51:00,37.64,37.66,37.58,37.61,8833
"3102",2020-08-10 17:52:00,37.62,37.66,37.56,37.56,7437
"3103",2020-08-10 17:53:00,37.57,37.61,37.54,37.57,6579
"3104",2020-08-10 17:54:00,37.58,37.59,37.51,37.53,14760
"3105",2020-08-10 17:55:00,37.51,37.51,37.44,37.48,12761
"3106",2020-08-10 17:56:00,37.45,37.47,37.38,37.47,10301
"3107",2020-08-10 17:57:00,37.48,37.52,37.46,37.48,2048
"3108",2020-08-10 17:58:00,37.48,37.5,37.45,37.47,4942
"3109",2020-08-10 17:59:00,37.47,37.48,37.38,37.38,5691
"3110",2020-08-10 18:00:00,37.38,37.38,37.32,37.35,4807
"3111",2020-08-10 18:01:00,37.34,37.36,37.33,37.35,7684
"3112",2020-08-10 18:02:00,37.37,37.51,37.37,37.51,7763
"3113",2020-08-10 18:03:00,37.51,37.59,37.49,37.58,15704
"3114",2020-08-10 18:04:00,37.58,37.59,37.54,37.58,6571
"3115",2020-08-10 18:05:00,37.59,37.6,37.48,37.51,7151
"3116",2020-08-10 18:06:00,37.49,37.49,37.45,37.48,3744
"3117",2020-08-10 18:07:00,37.48,37.53,37.48,37.53,3377
"3118",2020-08-10 18:08:00,37.51,37.56,37.51,37.55,3195
"3119",2020-08-10 18:09:00,37.56,37.58,37.56,37.58,2158
"3120",2020-08-10 18:10:00,37.56,37.6,37.55,37.6,5176
"3121",2020-08-10 18:11:00,37.61,37.7,37.61,37.67,21280
"3122",2020-08-10 18:12:00,37.66,37.69,37.65,37.68,5528
"3123",2020-08-10 18:13:00,37.68,37.74,37.68,37.72,9206
"3124",2020-08-10 18:14:00,37.72,37.74,37.69,37.7,4978
"3125",2020-08-10 18:15:00,37.69,37.69,37.66,37.68,4111
"3126",2020-08-10 18:16:00,37.68,37.7,37.64,37.67,7069
"3127",2020-08-10 18:17:00,37.66,37.69,37.63,37.63,4167
"3128",2020-08-10 18:18:00,37.63,37.63,37.56,37.57,4808
"3129",2020-08-10 18:19:00,37.58,37.65,37.58,37.63,4000
"3130",2020-08-10 18:20:00,37.62,37.62,37.56,37.56,2817
"3131",2020-08-10 18:21:00,37.56,37.59,37.53,37.53,3907
"3132",2020-08-10 18:22:00,37.51,37.52,37.47,37.48,5495
"3133",2020-08-10 18:23:00,37.51,37.55,37.5,37.5,6612
"3134",2020-08-10 18:24:00,37.49,37.5,37.47,37.49,24449
"3135",2020-08-10 18:25:00,37.49,37.54,37.48,37.54,10154
"3136",2020-08-10 18:26:00,37.57,37.62,37.56,37.61,5751
"3137",2020-08-10 18:27:00,37.62,37.64,37.59,37.59,2628
"3138",2020-08-10 18:28:00,37.59,37.69,37.59,37.69,4312
"3139",2020-08-10 18:29:00,37.69,37.7,37.67,37.69,2158
"3140",2020-08-10 18:30:00,37.69,37.7,37.63,37.64,5924
"3141",2020-08-10 18:31:00,37.64,37.64,37.58,37.62,40734
"3142",2020-08-10 18:32:00,37.63,37.66,37.63,37.66,6897
"3143",2020-08-10 18:33:00,37.65,37.66,37.61,37.66,6612
"3144",2020-08-10 18:34:00,37.67,37.69,37.65,37.69,23552
"3145",2020-08-10 18:35:00,37.68,37.68,37.6,37.62,10368
"3146",2020-08-10 18:36:00,37.61,37.63,37.57,37.59,28168
"3147",2020-08-10 18:37:00,37.6,37.61,37.55,37.55,4206
"3148",2020-08-10 18:38:00,37.54,37.6,37.52,37.6,6846
"3149",2020-08-10 18:39:00,37.6,37.65,37.58,37.65,3194
"3150",2020-08-10 18:40:00,37.65,37.65,37.6,37.63,1906
"3151",2020-08-10 18:41:00,37.62,37.62,37.59,37.59,1399
"3152",2020-08-10 18:42:00,37.6,37.68,37.6,37.68,1693
"3153",2020-08-10 18:43:00,37.69,37.75,37.69,37.7,8942
"3154",2020-08-10 18:44:00,37.7,37.7,37.63,37.67,6101
"3155",2020-08-10 18:45:00,37.68,37.7,37.66,37.68,4830
"3156",2020-08-10 18:46:00,37.7,37.7,37.61,37.61,2780
"3157",2020-08-10 18:47:00,37.62,37.65,37.62,37.65,1103
"3158",2020-08-10 18:48:00,37.64,37.87,37.64,37.82,29751
"3159",2020-08-10 18:49:00,37.81,37.97,37.76,37.94,40902
"3160",2020-08-10 18:50:00,37.94,37.96,37.83,37.84,30613
"3161",2020-08-10 18:51:00,37.83,38.01,37.83,37.97,33551
"3162",2020-08-10 18:52:00,37.97,38.04,37.96,38,18312
"3163",2020-08-10 18:53:00,38.01,38.08,38,38,22002
"3164",2020-08-10 18:54:00,38.01,38.11,37.98,38.1,8820
"3165",2020-08-10 18:55:00,38.1,38.12,38.05,38.05,14902
"3166",2020-08-10 18:56:00,38.04,38.04,37.96,37.98,6447
"3167",2020-08-10 18:57:00,37.96,37.96,37.9,37.94,11013
"3168",2020-08-10 18:58:00,37.94,38,37.92,37.98,4966
"3169",2020-08-10 18:59:00,37.97,38.01,37.96,38.01,4639
"3170",2020-08-10 19:00:00,38.01,38.02,37.98,37.99,2360
"3171",2020-08-10 19:01:00,37.98,38,37.97,37.99,4126
"3172",2020-08-10 19:02:00,37.98,38.04,37.96,38.04,10006
"3173",2020-08-10 19:03:00,38.03,38.03,37.98,37.98,3857
"3174",2020-08-10 19:04:00,37.97,38,37.94,37.95,5308
"3175",2020-08-10 19:05:00,37.94,37.95,37.94,37.94,4739
"3176",2020-08-10 19:06:00,37.95,37.96,37.93,37.94,5741
"3177",2020-08-10 19:07:00,37.94,37.96,37.94,37.96,5202
"3178",2020-08-10 19:08:00,37.95,37.95,37.86,37.87,7069
"3179",2020-08-10 19:09:00,37.87,37.87,37.84,37.85,16026
"3180",2020-08-10 19:10:00,37.84,37.88,37.79,37.85,13247
"3181",2020-08-10 19:11:00,37.84,37.84,37.81,37.83,4685
"3182",2020-08-10 19:12:00,37.83,37.83,37.78,37.78,1310
"3183",2020-08-10 19:13:00,37.77,37.82,37.76,37.81,3295
"3184",2020-08-10 19:14:00,37.81,37.9,37.81,37.9,15996
"3185",2020-08-10 19:15:00,37.91,37.94,37.91,37.93,4587
"3186",2020-08-10 19:16:00,37.94,37.95,37.93,37.93,1517
"3187",2020-08-10 19:17:00,37.93,37.93,37.9,37.91,3838
"3188",2020-08-10 19:18:00,37.9,37.93,37.9,37.92,995
"3189",2020-08-10 19:19:00,37.91,37.92,37.9,37.91,1381
"3190",2020-08-10 19:20:00,37.91,37.92,37.91,37.92,1103
"3191",2020-08-10 19:21:00,37.93,37.95,37.93,37.95,935
"3192",2020-08-10 19:22:00,37.94,37.98,37.94,37.96,1704
"3193",2020-08-10 19:23:00,37.95,37.95,37.88,37.88,831
"3194",2020-08-10 19:24:00,37.88,37.88,37.87,37.88,1059
"3195",2020-08-10 19:25:00,37.88,37.89,37.88,37.88,1276
"3196",2020-08-10 19:26:00,37.89,37.89,37.86,37.86,1403
"3197",2020-08-10 19:27:00,37.86,37.86,37.85,37.85,487
"3198",2020-08-10 19:28:00,37.85,37.86,37.85,37.86,899
"3199",2020-08-10 19:29:00,37.85,37.86,37.83,37.83,1994
"3200",2020-08-10 19:30:00,37.84,37.84,37.82,37.82,2307
"3201",2020-08-10 19:31:00,37.84,37.86,37.84,37.86,1892
"3202",2020-08-10 19:32:00,37.86,37.88,37.86,37.88,2495
"3203",2020-08-10 19:33:00,37.88,37.9,37.85,37.85,13505
"3204",2020-08-10 19:34:00,37.85,37.86,37.81,37.81,3665
"3205",2020-08-10 19:35:00,37.8,37.84,37.79,37.84,2511
"3206",2020-08-10 19:36:00,37.84,37.86,37.82,37.85,6375
"3207",2020-08-10 19:37:00,37.85,37.86,37.85,37.85,1610
"3208",2020-08-10 19:38:00,37.85,37.85,37.83,37.85,1769
"3209",2020-08-10 19:39:00,37.83,37.85,37.81,37.81,2121
"3210",2020-08-10 19:40:00,37.8,37.81,37.79,37.8,2140
"3211",2020-08-10 19:41:00,37.8,37.82,37.8,37.81,2327
"3212",2020-08-10 19:42:00,37.82,37.88,37.82,37.86,3097
"3213",2020-08-10 19:43:00,37.86,37.88,37.86,37.88,804
"3214",2020-08-10 19:44:00,37.88,37.89,37.86,37.87,4632
"3215",2020-08-10 19:45:00,37.88,37.9,37.88,37.89,773
"3216",2020-08-10 19:46:00,37.89,37.89,37.88,37.88,652
"3217",2020-08-10 19:47:00,37.88,37.9,37.88,37.89,4701
"3218",2020-08-10 19:48:00,37.89,37.9,37.89,37.89,634
"3219",2020-08-10 19:49:00,37.89,37.97,37.89,37.96,2951
"3220",2020-08-10 19:50:00,37.96,37.98,37.95,37.97,2715
"3221",2020-08-10 19:51:00,37.97,37.98,37.94,37.94,2722
"3222",2020-08-10 19:52:00,37.94,37.97,37.93,37.97,3400
"3223",2020-08-10 19:53:00,37.97,37.98,37.97,37.97,4719
"3224",2020-08-10 19:54:00,37.97,38,37.97,38,2884
"3225",2020-08-10 19:55:00,38.01,38.01,37.94,37.94,3388
"3226",2020-08-10 19:56:00,37.95,37.98,37.94,37.98,1153
"3227",2020-08-10 19:57:00,37.99,38.02,37.98,38.02,3221
"3228",2020-08-10 19:58:00,38.02,38.03,37.95,37.95,4075
"3229",2020-08-10 19:59:00,37.96,38,37.95,37.96,3605
"3230",2020-08-10 20:00:00,37.96,37.98,37.96,37.98,2911
"3231",2020-08-10 20:01:00,37.99,37.99,37.97,37.99,324
"3232",2020-08-10 20:02:00,37.98,37.98,37.97,37.98,706
"3233",2020-08-10 20:03:00,37.98,38,37.98,38,1544
"3234",2020-08-10 20:04:00,38,38.01,37.99,37.99,508
"3235",2020-08-10 20:05:00,37.99,38,37.97,37.99,2296
"3236",2020-08-10 20:06:00,37.99,38,37.99,38,2116
"3237",2020-08-10 20:07:00,38,38.01,37.98,38,1412
"3238",2020-08-10 20:08:00,38,38,37.97,37.98,3315
"3239",2020-08-10 20:09:00,37.99,38,37.99,38,4257
"3240",2020-08-10 20:10:00,38.01,38.07,38.01,38.07,6515
"3241",2020-08-10 20:11:00,38.07,38.09,38.07,38.09,6701
"3242",2020-08-10 20:12:00,38.1,38.18,38.1,38.16,7731
"3243",2020-08-10 20:13:00,38.14,38.14,38.11,38.13,2256
"3244",2020-08-10 20:14:00,38.14,38.15,38.14,38.15,2766
"3245",2020-08-10 20:15:00,38.14,38.14,38.1,38.11,2376
"3246",2020-08-10 20:16:00,38.11,38.14,38.11,38.13,791
"3247",2020-08-10 20:17:00,38.12,38.12,38.08,38.1,2210
"3248",2020-08-10 20:18:00,38.11,38.11,38.06,38.06,2010
"3249",2020-08-10 20:19:00,38.05,38.1,38.04,38.1,3564
"3250",2020-08-10 20:20:00,38.08,38.11,38.08,38.1,4749
"3251",2020-08-10 20:21:00,38.09,38.13,38.09,38.13,2540
"3252",2020-08-10 20:22:00,38.12,38.17,38.12,38.14,7114
"3253",2020-08-10 20:23:00,38.13,38.17,38.13,38.17,2391
"3254",2020-08-10 20:24:00,38.17,38.19,38.17,38.19,706
"3255",2020-08-10 20:25:00,38.19,38.21,38.19,38.2,1776
"3256",2020-08-10 20:26:00,38.2,38.23,38.2,38.23,6469
"3257",2020-08-10 20:27:00,38.22,38.22,38.12,38.13,5727
"3258",2020-08-10 20:28:00,38.13,38.13,38.04,38.04,6130
"3259",2020-08-10 20:29:00,38.03,38.03,37.99,38.03,13994
"3260",2020-08-10 20:30:00,38,38.01,37.98,37.99,2704
"3261",2020-08-10 20:31:00,37.99,38.02,37.99,38,3006
"3262",2020-08-10 20:32:00,38,38,37.94,37.94,4122
"3263",2020-08-10 20:33:00,37.93,37.98,37.93,37.94,7782
"3264",2020-08-10 20:34:00,37.95,37.97,37.94,37.97,2387
"3265",2020-08-10 20:35:00,37.98,37.98,37.95,37.97,1088
"3266",2020-08-10 20:36:00,37.95,37.96,37.89,37.89,4966
"3267",2020-08-10 20:37:00,37.9,37.9,37.83,37.86,13438
"3268",2020-08-10 20:38:00,37.86,37.87,37.83,37.83,3905
"3269",2020-08-10 20:39:00,37.83,37.83,37.76,37.76,5887
"3270",2020-08-10 20:40:00,37.77,37.81,37.77,37.81,3321
"3271",2020-08-10 20:41:00,37.82,37.82,37.78,37.78,1757
"3272",2020-08-10 20:42:00,37.79,37.79,37.76,37.78,1325
"3273",2020-08-10 20:43:00,37.79,37.83,37.79,37.83,800
"3274",2020-08-10 20:44:00,37.83,37.83,37.79,37.79,1919
"3275",2020-08-10 20:45:00,37.77,37.77,37.74,37.76,3305
"3276",2020-08-10 20:46:00,37.75,37.75,37.69,37.7,4482
"3277",2020-08-10 20:47:00,37.68,37.7,37.68,37.7,6487
"3278",2020-08-10 20:48:00,37.7,37.7,37.65,37.65,4930
"3279",2020-08-10 20:49:00,37.65,37.69,37.64,37.69,5790
"3280",2020-08-10 20:50:00,37.7,37.71,37.7,37.71,920
"3281",2020-08-10 20:51:00,37.7,37.7,37.64,37.67,4868
"3282",2020-08-10 20:52:00,37.68,37.68,37.67,37.67,1744
"3283",2020-08-10 20:53:00,37.68,37.68,37.67,37.67,208
"3284",2020-08-10 20:54:00,37.66,37.68,37.66,37.68,2065
"3285",2020-08-10 20:55:00,37.68,37.68,37.67,37.67,313
"3286",2020-08-10 20:56:00,37.67,37.68,37.66,37.66,1445
"3287",2020-08-10 20:57:00,37.65,37.68,37.64,37.68,2112
"3288",2020-08-10 20:58:00,37.67,37.68,37.66,37.67,2327
"3289",2020-08-10 20:59:00,37.68,37.68,37.64,37.64,782
"3290",2020-08-10 21:00:00,37.64,37.66,37.63,37.66,3577
"3291",2020-08-10 21:01:00,37.65,37.69,37.65,37.69,2540
"3292",2020-08-10 21:02:00,37.69,37.7,37.69,37.7,3864
"3293",2020-08-10 21:03:00,37.69,37.7,37.67,37.68,5255
"3294",2020-08-10 21:04:00,37.68,37.69,37.66,37.66,3395
"3295",2020-08-10 21:05:00,37.66,37.68,37.66,37.68,3600
"3296",2020-08-10 21:06:00,37.68,37.7,37.67,37.69,6630
"3297",2020-08-10 21:07:00,37.7,37.7,37.66,37.66,1308
"3298",2020-08-10 21:08:00,37.66,37.68,37.64,37.64,6727
"3299",2020-08-10 21:09:00,37.64,37.68,37.64,37.67,2517
"3300",2020-08-10 21:10:00,37.67,37.68,37.65,37.65,1787
"3301",2020-08-10 21:11:00,37.64,37.64,37.6,37.6,4377
"3302",2020-08-10 21:12:00,37.61,37.68,37.61,37.66,7180
"3303",2020-08-10 21:13:00,37.66,37.68,37.64,37.66,3597
"3304",2020-08-10 21:14:00,37.66,37.68,37.66,37.67,1849
"3305",2020-08-10 21:15:00,37.66,37.66,37.65,37.65,1420
"3306",2020-08-10 21:16:00,37.65,37.67,37.65,37.66,1985
"3307",2020-08-10 21:17:00,37.68,37.68,37.64,37.64,3135
"3308",2020-08-10 21:18:00,37.64,37.66,37.64,37.65,2608
"3309",2020-08-10 21:19:00,37.65,37.66,37.65,37.66,309
"3310",2020-08-10 21:20:00,37.66,37.68,37.66,37.68,1512
"3311",2020-08-10 21:21:00,37.68,37.69,37.68,37.68,2164
"3312",2020-08-10 21:22:00,37.67,37.67,37.65,37.66,2621
"3313",2020-08-10 21:23:00,37.66,37.66,37.63,37.64,1226
"3314",2020-08-10 21:24:00,37.64,37.68,37.64,37.68,1075
"3315",2020-08-10 21:25:00,37.68,37.68,37.68,37.68,402
"3316",2020-08-10 21:26:00,37.67,37.67,37.64,37.64,1488
"3317",2020-08-10 21:27:00,37.64,37.67,37.64,37.67,579
"3318",2020-08-10 21:28:00,37.66,37.66,37.63,37.63,1958
"3319",2020-08-10 21:29:00,37.64,37.66,37.63,37.65,3411
"3320",2020-08-10 21:30:00,37.65,37.68,37.65,37.68,1499
"3321",2020-08-10 21:31:00,37.68,37.69,37.68,37.68,442
"3322",2020-08-10 21:32:00,37.68,37.68,37.65,37.66,1488
"3323",2020-08-10 21:33:00,37.67,37.67,37.63,37.63,1825
"3324",2020-08-10 21:34:00,37.63,37.65,37.63,37.64,1807
"3325",2020-08-10 21:35:00,37.64,37.64,37.62,37.64,1294
"3326",2020-08-10 21:36:00,37.64,37.65,37.64,37.64,3166
"3327",2020-08-10 21:37:00,37.63,37.63,37.62,37.63,648
"3328",2020-08-10 21:38:00,37.63,37.63,37.59,37.6,4769
"3329",2020-08-10 21:39:00,37.59,37.63,37.59,37.63,7224
"3330",2020-08-10 21:40:00,37.62,37.63,37.62,37.63,1486
"3331",2020-08-10 21:41:00,37.64,37.65,37.63,37.63,3124
"3332",2020-08-10 21:42:00,37.64,37.64,37.62,37.62,2350
"3333",2020-08-10 21:43:00,37.61,37.62,37.6,37.62,1471
"3334",2020-08-10 21:44:00,37.62,37.63,37.6,37.6,1707
"3335",2020-08-10 21:45:00,37.6,37.6,37.56,37.57,3750
"3336",2020-08-10 21:46:00,37.58,37.6,37.57,37.59,2037
"3337",2020-08-10 21:47:00,37.58,37.58,37.58,37.58,1382
"3338",2020-08-10 21:48:00,37.58,37.59,37.58,37.59,372
"3339",2020-08-10 21:49:00,37.6,37.62,37.6,37.6,2465
"3340",2020-08-10 21:50:00,37.61,37.62,37.61,37.62,226
"3341",2020-08-10 21:51:00,37.63,37.63,37.53,37.53,8245
"3342",2020-08-10 21:52:00,37.54,37.56,37.52,37.56,3399
"3343",2020-08-10 21:53:00,37.56,37.56,37.52,37.52,20385
"3344",2020-08-10 21:54:00,37.52,37.56,37.52,37.56,586
"3345",2020-08-10 21:55:00,37.55,37.57,37.54,37.57,1649
"3346",2020-08-10 21:56:00,37.57,37.59,37.56,37.59,3292
"3347",2020-08-10 21:57:00,37.59,37.62,37.59,37.62,808
"3348",2020-08-10 21:58:00,37.63,37.64,37.58,37.58,3372
"3349",2020-08-10 21:59:00,37.58,37.59,37.57,37.59,4535
"3350",2020-08-10 22:00:00,37.6,37.61,37.6,37.6,850
"3351",2020-08-10 22:01:00,37.6,37.61,37.59,37.59,2497
"3352",2020-08-10 22:02:00,37.59,37.59,37.56,37.58,2916
"3353",2020-08-10 22:03:00,37.58,37.6,37.57,37.6,1423
"3354",2020-08-10 22:04:00,37.6,37.64,37.6,37.64,2774
"3355",2020-08-10 22:05:00,37.63,37.64,37.61,37.63,2936
"3356",2020-08-10 22:06:00,37.63,37.63,37.61,37.63,2995
"3357",2020-08-10 22:07:00,37.62,37.63,37.62,37.62,371
"3358",2020-08-10 22:08:00,37.62,37.62,37.6,37.61,3266
"3359",2020-08-10 22:09:00,37.61,37.62,37.6,37.6,1943
"3360",2020-08-10 22:10:00,37.6,37.6,37.59,37.6,1036
"3361",2020-08-10 22:11:00,37.6,37.62,37.59,37.59,920
"3362",2020-08-10 22:12:00,37.6,37.6,37.57,37.57,1620
"3363",2020-08-10 22:13:00,37.57,37.58,37.56,37.56,1517
"3364",2020-08-10 22:14:00,37.56,37.56,37.53,37.53,502
"3365",2020-08-10 22:15:00,37.54,37.59,37.54,37.58,4403
"3366",2020-08-10 22:16:00,37.58,37.59,37.53,37.54,2886
"3367",2020-08-10 22:17:00,37.54,37.56,37.53,37.56,2129
"3368",2020-08-10 22:18:00,37.56,37.56,37.54,37.55,1182
"3369",2020-08-10 22:19:00,37.55,37.55,37.55,37.55,504
"3370",2020-08-10 22:20:00,37.54,37.54,37.46,37.51,11441
"3371",2020-08-10 22:21:00,37.52,37.57,37.52,37.56,1461
"3372",2020-08-10 22:22:00,37.57,37.58,37.56,37.57,3523
"3373",2020-08-10 22:23:00,37.57,37.59,37.54,37.59,2791
"3374",2020-08-10 22:24:00,37.58,37.6,37.56,37.56,3840
"3375",2020-08-10 22:25:00,37.55,37.6,37.55,37.57,2957
"3376",2020-08-10 22:26:00,37.58,37.59,37.55,37.56,2237
"3377",2020-08-10 22:27:00,37.57,37.57,37.53,37.53,2903
"3378",2020-08-10 22:28:00,37.54,37.54,37.49,37.5,3444
"3379",2020-08-10 22:29:00,37.48,37.49,37.48,37.48,3362
"3380",2020-08-10 22:30:00,37.49,37.51,37.48,37.49,3372
"3381",2020-08-10 22:31:00,37.48,37.52,37.48,37.5,4661
"3382",2020-08-10 22:32:00,37.5,37.51,37.49,37.5,1269
"3383",2020-08-10 22:33:00,37.49,37.51,37.49,37.5,4249
"3384",2020-08-10 22:34:00,37.49,37.53,37.49,37.53,4970
"3385",2020-08-10 22:35:00,37.53,37.53,37.5,37.5,2776
"3386",2020-08-10 22:36:00,37.5,37.5,37.45,37.45,4184
"3387",2020-08-10 22:37:00,37.46,37.46,37.42,37.43,3664
"3388",2020-08-10 22:38:00,37.44,37.47,37.44,37.45,2891
"3389",2020-08-10 22:39:00,37.46,37.47,37.46,37.46,2043
"3390",2020-08-10 22:40:00,37.44,37.46,37.44,37.46,4702
"3391",2020-08-10 22:41:00,37.47,37.48,37.46,37.46,4151
"3392",2020-08-10 22:42:00,37.46,37.49,37.46,37.48,4111
"3393",2020-08-10 22:43:00,37.48,37.5,37.46,37.46,4238
"3394",2020-08-10 22:44:00,37.47,37.47,37.46,37.47,2987
"3395",2020-08-10 22:45:00,37.47,37.47,37.46,37.46,2554
"3396",2020-08-10 22:46:00,37.47,37.48,37.46,37.46,3166
"3397",2020-08-10 22:47:00,37.46,37.47,37.46,37.46,2270
"3398",2020-08-10 22:48:00,37.46,37.46,37.43,37.43,10333
"3399",2020-08-10 22:49:00,37.42,37.47,37.42,37.46,7413
"3400",2020-08-10 22:50:00,37.47,37.48,37.44,37.45,1989
"3401",2020-08-10 22:51:00,37.44,37.5,37.44,37.47,5249
"3402",2020-08-10 22:52:00,37.48,37.5,37.48,37.5,5936
"3403",2020-08-10 22:53:00,37.51,37.51,37.49,37.5,5106
"3404",2020-08-10 22:54:00,37.5,37.52,37.48,37.5,4559
"3405",2020-08-10 22:55:00,37.5,37.55,37.5,37.54,6223
"3406",2020-08-10 22:56:00,37.53,37.54,37.49,37.5,19716
"3407",2020-08-10 22:57:00,37.49,37.51,37.48,37.5,18561
"3408",2020-08-10 22:58:00,37.5,37.5,37.44,37.46,24475
"3409",2020-08-10 22:59:00,37.46,37.48,37.45,37.46,12039
"3410",2020-08-10 23:00:00,37.47,37.47,37.4,37.45,47447
"3411",2020-08-10 23:01:00,37.4,37.4,37.4,37.4,177
"3412",2020-08-10 23:02:00,37.45,37.45,37.45,37.45,457
"3413",2020-08-10 23:03:00,37.45,37.45,37.45,37.45,53
"3414",2020-08-10 23:05:00,37.44,37.53,37.44,37.53,1876
"3415",2020-08-10 23:06:00,37.5,37.52,37.5,37.52,3
"3416",2020-08-10 23:12:00,37.45,37.46,37.45,37.45,222
"3417",2020-08-10 23:13:00,37.49,37.49,37.45,37.49,35
"3418",2020-08-10 23:15:00,37.5,37.58,37.42,37.5,5
"3419",2020-08-10 23:16:00,37.42,37.42,37.42,37.42,24
"3420",2020-08-10 23:17:00,37.42,37.49,37.42,37.49,16
"3421",2020-08-10 23:18:00,37.49,37.49,37.49,37.49,3
"3422",2020-08-10 23:20:00,37.5,37.5,37.5,37.5,1
"3423",2020-08-10 23:21:00,37.5,37.5,37.49,37.49,107
"3424",2020-08-10 23:23:00,37.5,37.5,37.5,37.5,1
"3425",2020-08-10 23:24:00,37.45,37.45,37.45,37.45,5
"3426",2020-08-10 23:26:00,37.5,37.5,37.5,37.5,30
"3427",2020-08-10 23:30:00,37.5,37.5,37.5,37.5,1
"3428",2020-08-10 23:32:00,37.51,37.51,37.51,37.51,5
"3429",2020-08-10 23:36:00,37.5,37.5,37.5,37.5,15
"3430",2020-08-10 23:37:00,37.5,37.5,37.5,37.5,5
"3431",2020-08-10 23:38:00,37.51,37.51,37.51,37.51,5
"3432",2020-08-10 23:39:00,37.51,37.51,37.5,37.5,33
"3433",2020-08-10 23:41:00,37.51,37.51,37.51,37.51,15
"3434",2020-08-10 23:43:00,37.51,37.51,37.51,37.51,10
"3435",2020-08-10 23:48:00,37.48,37.48,37.48,37.48,10
"3436",2020-08-10 23:51:00,37.5,37.5,37.5,37.5,33
"3437",2020-08-10 23:55:00,37.5,37.5,37.47,37.47,10
"3438",2020-08-10 23:56:00,37.54,37.54,37.54,37.54,1
"3439",2020-08-11 00:03:00,37.48,37.48,37.48,37.48,15
"3440",2020-08-11 00:04:00,37.51,37.51,37.51,37.51,3
"3441",2020-08-11 00:08:00,37.51,37.51,37.51,37.51,1
"3442",2020-08-11 00:10:00,37.51,37.51,37.5,37.5,38
"3443",2020-08-11 00:11:00,37.5,37.5,37.5,37.5,4
"3444",2020-08-11 00:12:00,37.5,37.5,37.5,37.5,1
"3445",2020-08-11 00:13:00,37.5,37.5,37.5,37.5,1
"3446",2020-08-11 00:14:00,37.5,37.5,37.5,37.5,3
"3447",2020-08-11 00:15:00,37.5,37.5,37.45,37.45,208
"3448",2020-08-11 00:16:00,37.45,37.45,37.45,37.45,19
"3449",2020-08-11 00:17:00,37.45,37.45,37.45,37.45,128
"3450",2020-08-11 00:18:00,37.45,37.5,37.45,37.5,305
"3451",2020-08-11 00:19:00,37.45,37.45,37.45,37.45,94
"3452",2020-08-11 00:20:00,37.45,37.45,37.45,37.45,6
"3453",2020-08-11 00:26:00,37.5,37.5,37.5,37.5,7
"3454",2020-08-11 00:27:00,37.45,37.49,37.45,37.49,415
"3455",2020-08-11 00:29:00,37.49,37.49,37.49,37.49,1
"3456",2020-08-11 00:30:00,37.45,37.45,37.45,37.45,2
"3457",2020-08-11 00:31:00,37.48,37.48,37.48,37.48,3
"3458",2020-08-11 00:32:00,37.48,37.48,37.48,37.48,1
"3459",2020-08-11 00:34:00,37.48,37.48,37.48,37.48,1
"3460",2020-08-11 00:44:00,37.48,37.48,37.48,37.48,1
"3461",2020-08-11 00:45:00,37.48,37.48,37.48,37.48,100
"3462",2020-08-11 00:46:00,37.48,37.48,37.48,37.48,117
"3463",2020-08-11 00:48:00,37.48,37.48,37.48,37.48,3
"3464",2020-08-11 00:49:00,37.48,37.48,37.48,37.48,6
"3465",2020-08-11 00:50:00,37.48,37.48,37.48,37.48,2
"3466",2020-08-11 00:51:00,37.48,37.48,37.48,37.48,101
"3467",2020-08-11 00:52:00,37.48,37.48,37.48,37.48,171
"3468",2020-08-11 00:54:00,37.49,37.49,37.49,37.49,399
"3469",2020-08-11 00:55:00,37.5,37.5,37.5,37.5,3
"3470",2020-08-11 00:56:00,37.5,37.5,37.5,37.5,150
"3471",2020-08-11 00:59:00,37.45,37.48,37.27,37.48,1270
"3472",2020-08-11 01:00:00,37.45,37.45,37.35,37.35,198
"3473",2020-08-11 01:02:00,37.48,37.48,37.48,37.48,200
"3474",2020-08-11 01:11:00,37.49,37.5,37.49,37.5,320
"3475",2020-08-11 01:13:00,37.51,37.51,37.51,37.51,10
"3476",2020-08-11 01:19:00,37.52,37.52,37.52,37.52,3
"3477",2020-08-11 01:22:00,37.5,37.5,37.5,37.5,3
"3478",2020-08-11 01:42:00,37.51,37.51,37.51,37.51,814
"3479",2020-08-11 01:44:00,37.5,37.5,37.5,37.5,400
"3480",2020-08-11 10:02:00,37.7,37.7,37.44,37.44,3
"3481",2020-08-11 10:03:00,37.74,37.74,37.74,37.74,1
"3482",2020-08-11 10:04:00,37.74,37.74,37.74,37.74,3
"3483",2020-08-11 10:05:00,37.74,37.74,37.56,37.56,9
"3484",2020-08-11 10:06:00,37.56,37.56,37.56,37.56,1
"3485",2020-08-11 10:08:00,37.56,37.56,37.56,37.56,1
"3486",2020-08-11 10:10:00,37.56,37.56,37.55,37.56,49
"3487",2020-08-11 10:11:00,37.73,37.74,37.73,37.74,11
"3488",2020-08-11 10:12:00,37.74,37.74,37.74,37.74,27
"3489",2020-08-11 10:13:00,37.76,38.3,37.76,38.3,693
"3490",2020-08-11 10:14:00,37.69,37.75,37.69,37.75,8
"3491",2020-08-11 10:15:00,37.77,37.77,37.77,37.77,34
"3492",2020-08-11 10:16:00,37.75,37.81,37.75,37.81,31
"3493",2020-08-11 10:17:00,37.82,37.82,37.81,37.81,57
"3494",2020-08-11 10:20:00,37.8,37.8,37.8,37.8,2
"3495",2020-08-11 10:21:00,37.8,37.81,37.8,37.81,43
"3496",2020-08-11 10:22:00,37.81,37.82,37.59,37.59,11
"3497",2020-08-11 10:23:00,37.82,37.82,37.82,37.82,1
"3498",2020-08-11 10:24:00,37.81,37.82,37.62,37.81,23
"3499",2020-08-11 10:25:00,37.8,37.82,37.8,37.82,6
"3500",2020-08-11 10:26:00,37.82,37.82,37.82,37.82,1
"3501",2020-08-11 10:28:00,37.82,37.82,37.82,37.82,5
"3502",2020-08-11 10:29:00,37.82,37.82,37.81,37.82,52
"3503",2020-08-11 10:30:00,37.82,37.82,37.82,37.82,2
"3504",2020-08-11 10:31:00,37.82,37.82,37.8,37.8,20
"3505",2020-08-11 10:34:00,37.82,37.82,37.82,37.82,10
"3506",2020-08-11 10:39:00,37.75,37.75,37.55,37.56,35
"3507",2020-08-11 10:40:00,37.7,37.7,37.7,37.7,1
"3508",2020-08-11 10:42:00,37.74,37.74,37.74,37.74,7
"3509",2020-08-11 10:44:00,37.74,37.74,37.74,37.74,1
"3510",2020-08-11 10:45:00,37.63,37.63,37.63,37.63,1
"3511",2020-08-11 10:46:00,37.74,37.74,37.74,37.74,6
"3512",2020-08-11 10:47:00,37.74,37.74,37.74,37.74,3
"3513",2020-08-11 10:48:00,37.74,37.74,37.74,37.74,5
"3514",2020-08-11 10:50:00,37.74,37.74,37.63,37.63,6
"3515",2020-08-11 10:52:00,37.73,37.73,37.73,37.73,1
"3516",2020-08-11 10:53:00,37.74,37.74,37.7,37.7,24
"3517",2020-08-11 10:54:00,37.7,37.7,37.7,37.7,6
"3518",2020-08-11 10:55:00,37.7,37.7,37.69,37.69,2
"3519",2020-08-11 10:56:00,37.69,37.69,37.55,37.55,10
"3520",2020-08-11 10:57:00,37.56,37.56,37.56,37.56,4
"3521",2020-08-11 10:59:00,37.64,37.65,37.64,37.65,2
"3522",2020-08-11 11:00:00,37.74,37.74,37.74,37.74,1
"3523",2020-08-11 11:02:00,37.69,37.69,37.69,37.69,2
"3524",2020-08-11 11:04:00,37.69,37.69,37.69,37.69,4
"3525",2020-08-11 11:05:00,37.69,37.69,37.69,37.69,1
"3526",2020-08-11 11:10:00,37.74,37.74,37.74,37.74,2
"3527",2020-08-11 11:11:00,37.74,37.74,37.74,37.74,24
"3528",2020-08-11 11:12:00,37.65,37.65,37.65,37.65,8
"3529",2020-08-11 11:13:00,37.64,37.64,37.64,37.64,4
"3530",2020-08-11 11:14:00,37.57,37.57,37.57,37.57,7
"3531",2020-08-11 11:15:00,37.73,37.73,37.73,37.73,2
"3532",2020-08-11 11:16:00,37.58,37.58,37.57,37.57,21
"3533",2020-08-11 11:17:00,37.73,37.73,37.73,37.73,1
"3534",2020-08-11 11:19:00,37.73,37.73,37.73,37.73,5
"3535",2020-08-11 11:20:00,37.72,37.74,37.72,37.74,3
"3536",2020-08-11 11:21:00,37.74,37.74,37.74,37.74,1
"3537",2020-08-11 11:22:00,37.61,37.61,37.61,37.61,14
"3538",2020-08-11 11:25:00,37.74,37.74,37.74,37.74,30
"3539",2020-08-11 11:26:00,37.74,37.82,37.74,37.82,56
"3540",2020-08-11 11:28:00,37.82,37.82,37.82,37.82,1
"3541",2020-08-11 11:29:00,37.62,37.62,37.62,37.62,1
"3542",2020-08-11 11:30:00,37.62,37.62,37.62,37.62,1
"3543",2020-08-11 11:31:00,37.62,37.62,37.62,37.62,1
"3544",2020-08-11 11:34:00,37.62,37.62,37.61,37.61,71
"3545",2020-08-11 11:36:00,37.62,37.62,37.61,37.61,20
"3546",2020-08-11 11:38:00,37.7,37.7,37.7,37.7,1
"3547",2020-08-11 11:39:00,37.7,37.82,37.7,37.82,5
"3548",2020-08-11 11:41:00,37.62,37.62,37.62,37.62,1
"3549",2020-08-11 11:42:00,37.82,37.82,37.82,37.82,2
"3550",2020-08-11 11:43:00,37.82,37.82,37.82,37.82,5
"3551",2020-08-11 11:44:00,37.82,37.97,37.63,37.63,9
"3552",2020-08-11 11:45:00,37.96,38,37.96,38,11
"3553",2020-08-11 11:46:00,37.63,37.63,37.63,37.63,2
"3554",2020-08-11 11:47:00,37.89,37.89,37.89,37.89,1
"3555",2020-08-11 11:51:00,37.79,37.79,37.79,37.79,2
"3556",2020-08-11 11:55:00,37.79,37.79,37.79,37.79,2
"3557",2020-08-11 11:57:00,37.7,37.8,37.7,37.8,3
"3558",2020-08-11 11:58:00,37.8,37.8,37.8,37.8,2
"3559",2020-08-11 12:01:00,37.8,37.8,37.8,37.8,2
"3560",2020-08-11 12:06:00,37.8,37.8,37.8,37.8,4
"3561",2020-08-11 12:08:00,37.68,37.68,37.68,37.68,5
"3562",2020-08-11 12:09:00,37.79,37.79,37.79,37.79,1
"3563",2020-08-11 12:11:00,37.79,37.79,37.79,37.79,1
"3564",2020-08-11 12:15:00,37.7,37.7,37.7,37.7,7
"3565",2020-08-11 12:18:00,37.77,37.78,37.77,37.78,12
"3566",2020-08-11 12:20:00,37.78,37.78,37.78,37.78,10
"3567",2020-08-11 12:21:00,37.78,37.78,37.78,37.78,3
"3568",2020-08-11 12:22:00,37.8,37.8,37.8,37.8,4
"3569",2020-08-11 12:23:00,37.8,37.8,37.7,37.7,2
"3570",2020-08-11 12:24:00,37.8,37.8,37.8,37.8,1
"3571",2020-08-11 12:25:00,37.67,37.67,37.67,37.67,3
"3572",2020-08-11 12:26:00,37.79,37.8,37.79,37.8,25
"3573",2020-08-11 12:30:00,37.84,37.89,37.68,37.68,27
"3574",2020-08-11 12:31:00,37.88,37.88,37.88,37.88,1
"3575",2020-08-11 12:34:00,37.71,37.88,37.71,37.72,9
"3576",2020-08-11 12:35:00,37.7,37.7,37.7,37.7,10
"3577",2020-08-11 12:38:00,37.88,37.88,37.88,37.88,2
"3578",2020-08-11 12:39:00,37.88,37.89,37.88,37.89,2
"3579",2020-08-11 12:41:00,37.88,37.89,37.88,37.89,14
"3580",2020-08-11 12:42:00,37.71,37.71,37.71,37.71,3
"3581",2020-08-11 12:43:00,37.88,37.88,37.88,37.88,1
"3582",2020-08-11 12:44:00,37.89,37.89,37.89,37.89,50
"3583",2020-08-11 12:45:00,37.71,37.89,37.71,37.89,5
"3584",2020-08-11 12:46:00,37.89,37.89,37.89,37.89,1
"3585",2020-08-11 12:47:00,37.89,37.89,37.89,37.89,1
"3586",2020-08-11 12:54:00,38,38,38,38,2
"3587",2020-08-11 12:57:00,37.82,37.82,37.82,37.82,1
"3588",2020-08-11 12:58:00,37.81,37.81,37.81,37.81,2
"3589",2020-08-11 13:00:00,37.9,37.9,37.89,37.89,25
"3590",2020-08-11 13:02:00,37.9,37.9,37.9,37.9,1
"3591",2020-08-11 13:03:00,37.9,37.9,37.9,37.9,6
"3592",2020-08-11 13:04:00,37.9,37.9,37.9,37.9,1
"3593",2020-08-11 13:25:00,37.9,38,37.9,38,77
"3594",2020-08-11 13:27:00,37.82,37.82,37.81,37.81,10
"3595",2020-08-11 13:29:00,37.81,37.81,37.81,37.81,12
"3596",2020-08-11 13:31:00,37.8,37.8,37.8,37.8,2
"3597",2020-08-11 13:33:00,37.81,37.81,37.81,37.81,13
"3598",2020-08-11 13:34:00,37.81,37.81,37.81,37.81,5
"3599",2020-08-11 13:35:00,37.89,37.89,37.89,37.89,1
"3600",2020-08-11 13:37:00,37.88,37.88,37.88,37.88,4
"3601",2020-08-11 13:43:00,37.87,37.87,37.87,37.87,4
"3602",2020-08-11 13:47:00,37.88,37.88,37.88,37.88,9
"3603",2020-08-11 13:48:00,37.9,37.9,37.88,37.88,2
"3604",2020-08-11 13:49:00,38,38,37.89,37.89,2
"3605",2020-08-11 13:51:00,37.9,37.9,37.9,37.9,8
"3606",2020-08-11 13:52:00,37.89,37.89,37.89,37.89,5
"3607",2020-08-11 13:53:00,37.88,37.99,37.88,37.99,42
"3608",2020-08-11 14:00:00,37.99,37.99,37.99,37.99,2
"3609",2020-08-11 14:02:00,37.95,37.95,37.95,37.95,1
"3610",2020-08-11 14:04:00,37.94,37.94,37.94,37.94,3
"3611",2020-08-11 14:07:00,37.88,37.88,37.88,37.88,1
"3612",2020-08-11 14:08:00,37.88,37.88,37.87,37.87,66
"3613",2020-08-11 14:09:00,37.83,37.83,37.83,37.83,2
"3614",2020-08-11 14:11:00,37.83,37.86,37.78,37.86,49
"3615",2020-08-11 14:13:00,37.76,37.76,37.76,37.76,22
"3616",2020-08-11 14:15:00,37.86,37.86,37.86,37.86,3
"3617",2020-08-11 14:16:00,37.86,37.86,37.86,37.86,4
"3618",2020-08-11 14:17:00,37.75,37.75,37.75,37.75,1
"3619",2020-08-11 14:18:00,37.75,37.97,37.72,37.72,4
"3620",2020-08-11 14:19:00,37.79,37.79,37.79,37.79,6
"3621",2020-08-11 14:25:00,37.79,37.79,37.79,37.79,1
"3622",2020-08-11 14:26:00,37.79,37.79,37.79,37.79,1
"3623",2020-08-11 14:27:00,37.79,37.79,37.79,37.79,3
"3624",2020-08-11 14:28:00,37.73,37.73,37.73,37.73,3
"3625",2020-08-11 14:29:00,37.8,37.8,37.8,37.8,1
"3626",2020-08-11 14:30:00,37.8,37.8,37.8,37.8,58
"3627",2020-08-11 14:31:00,37.73,37.73,37.63,37.63,512
"3628",2020-08-11 14:33:00,37.68,37.8,37.68,37.8,200
"3629",2020-08-11 14:34:00,37.82,37.82,37.65,37.65,230
"3630",2020-08-11 14:35:00,37.92,37.92,37.92,37.92,200
"3631",2020-08-11 14:36:00,37.9,37.9,37.78,37.9,1160
"3632",2020-08-11 14:38:00,37.72,37.77,37.72,37.77,3
"3633",2020-08-11 14:39:00,37.72,37.72,37.72,37.72,1
"3634",2020-08-11 14:40:00,37.72,37.9,37.72,37.9,240
"3635",2020-08-11 14:41:00,37.9,37.9,37.63,37.78,3723
"3636",2020-08-11 14:42:00,37.82,37.85,37.78,37.85,789
"3637",2020-08-11 14:43:00,37.81,37.83,37.6,37.75,1879
"3638",2020-08-11 14:44:00,37.82,37.82,37.6,37.6,60
"3639",2020-08-11 14:46:00,37.75,37.75,37.75,37.75,1
"3640",2020-08-11 14:48:00,37.75,37.75,37.75,37.75,1
"3641",2020-08-11 14:49:00,37.75,37.75,37.75,37.75,11
"3642",2020-08-11 14:50:00,37.75,37.75,37.75,37.75,5
"3643",2020-08-11 14:51:00,37.75,37.75,37.75,37.75,1
"3644",2020-08-11 14:54:00,37.82,37.82,37.82,37.82,10
"3645",2020-08-11 14:55:00,37.82,37.82,37.77,37.77,161
"3646",2020-08-11 14:56:00,37.81,37.81,37.74,37.74,280
"3647",2020-08-11 15:00:00,37.78,37.78,37.78,37.78,1
"3648",2020-08-11 15:02:00,37.75,37.75,37.65,37.65,137
"3649",2020-08-11 15:04:00,37.74,37.74,37.71,37.71,10
"3650",2020-08-11 15:05:00,37.8,37.8,37.65,37.65,458
"3651",2020-08-11 15:06:00,37.8,37.8,37.64,37.64,6
"3652",2020-08-11 15:07:00,37.64,37.71,37.63,37.71,131
"3653",2020-08-11 15:08:00,37.71,37.71,37.71,37.71,112
"3654",2020-08-11 15:11:00,37.68,37.7,37.65,37.65,63
"3655",2020-08-11 15:12:00,37.68,37.7,37.68,37.7,48
"3656",2020-08-11 15:13:00,37.8,37.8,37.8,37.8,10
"3657",2020-08-11 15:14:00,37.8,37.8,37.8,37.8,57
"3658",2020-08-11 15:16:00,37.79,37.79,37.79,37.79,10
"3659",2020-08-11 15:19:00,37.72,37.72,37.7,37.72,233
"3660",2020-08-11 15:21:00,37.66,37.7,37.66,37.7,9
"3661",2020-08-11 15:23:00,37.66,37.66,37.66,37.66,1
"3662",2020-08-11 15:24:00,37.71,37.71,37.71,37.71,3
"3663",2020-08-11 15:29:00,37.75,37.75,37.75,37.75,3
"3664",2020-08-11 15:30:00,37.75,37.75,37.75,37.75,1
"3665",2020-08-11 15:32:00,37.66,37.66,37.66,37.66,81
"3666",2020-08-11 15:33:00,37.71,37.71,37.71,37.71,1
"3667",2020-08-11 15:34:00,37.71,37.74,37.6,37.74,2356
"3668",2020-08-11 15:36:00,37.64,37.64,37.64,37.64,2
"3669",2020-08-11 15:37:00,37.64,37.79,37.64,37.68,476
"3670",2020-08-11 15:38:00,37.51,37.61,37.5,37.61,1862
"3671",2020-08-11 15:40:00,37.74,37.74,37.63,37.63,102
"3672",2020-08-11 15:41:00,37.65,37.72,37.65,37.72,12
"3673",2020-08-11 15:43:00,37.74,37.74,37.74,37.74,1
"3674",2020-08-11 15:44:00,37.68,37.68,37.68,37.68,3
"3675",2020-08-11 15:46:00,37.68,37.68,37.64,37.64,252
"3676",2020-08-11 15:47:00,37.64,37.64,37.64,37.64,50
"3677",2020-08-11 15:49:00,37.63,37.69,37.46,37.69,1558
"3678",2020-08-11 15:50:00,37.6,37.6,37.5,37.5,8
"3679",2020-08-11 15:51:00,37.51,37.51,37.51,37.51,15
"3680",2020-08-11 15:54:00,37.49,37.49,37.49,37.49,10
"3681",2020-08-11 15:55:00,37.49,37.49,37.4,37.44,729
"3682",2020-08-11 15:56:00,37.4,37.4,37.32,37.39,575
"3683",2020-08-11 15:57:00,37.33,37.4,37.33,37.4,843
"3684",2020-08-11 15:58:00,37.4,37.4,37.4,37.4,4
"3685",2020-08-11 15:59:00,37.48,37.48,37.48,37.48,4
"3686",2020-08-11 16:00:00,37.45,37.45,37.45,37.45,11
"3687",2020-08-11 16:01:00,37.45,37.45,37.25,37.34,562
"3688",2020-08-11 16:02:00,37.4,37.4,37.34,37.34,71
"3689",2020-08-11 16:03:00,37.4,37.4,37.4,37.4,3
"3690",2020-08-11 16:04:00,37.4,37.4,37.26,37.26,309
"3691",2020-08-11 16:05:00,37.26,37.34,37.26,37.34,290
"3692",2020-08-11 16:06:00,37.34,37.34,37.33,37.33,67
"3693",2020-08-11 16:07:00,37.33,37.49,37.33,37.49,499
"3694",2020-08-11 16:09:00,37.49,37.49,37.49,37.49,10
"3695",2020-08-11 16:11:00,37.41,37.41,37.41,37.41,6
"3696",2020-08-11 16:13:00,37.3,37.38,37.3,37.38,3
"3697",2020-08-11 16:14:00,37.41,37.41,37.38,37.38,9
"3698",2020-08-11 16:15:00,37.27,37.38,37.25,37.35,18
"3699",2020-08-11 16:16:00,37.35,37.35,37.35,37.35,30
"3700",2020-08-11 16:20:00,37.41,37.41,37.33,37.33,102
"3701",2020-08-11 16:21:00,37.39,37.39,37.39,37.39,3
"3702",2020-08-11 16:22:00,37.35,37.35,37.35,37.35,21
"3703",2020-08-11 16:26:00,37.41,37.41,37.41,37.41,1
"3704",2020-08-11 16:27:00,37.41,37.41,37.41,37.41,28
"3705",2020-08-11 16:28:00,37.46,37.66,37.46,37.5,2599
"3706",2020-08-11 16:29:00,37.66,37.66,37.55,37.55,349
"3707",2020-08-11 16:30:00,37.66,37.77,37.4,37.4,198
"3708",2020-08-11 16:31:00,37.57,37.59,37.4,37.43,4322
"3709",2020-08-11 16:32:00,37.35,37.44,37.34,37.37,4231
"3710",2020-08-11 16:33:00,37.39,37.5,37.36,37.38,4813
"3711",2020-08-11 16:34:00,37.43,37.49,37.21,37.21,36062
"3712",2020-08-11 16:35:00,37.21,37.32,37.13,37.14,26004
"3713",2020-08-11 16:36:00,37.11,37.38,37.09,37.28,22615
"3714",2020-08-11 16:37:00,37.26,37.32,37.11,37.3,16427
"3715",2020-08-11 16:38:00,37.32,37.33,37.17,37.24,9768
"3716",2020-08-11 16:39:00,37.21,37.33,37.14,37.33,8434
"3717",2020-08-11 16:40:00,37.37,37.45,37.35,37.37,17679
"3718",2020-08-11 16:41:00,37.37,37.37,37.22,37.32,13616
"3719",2020-08-11 16:42:00,37.3,37.3,37.23,37.3,4639
"3720",2020-08-11 16:43:00,37.29,37.41,37.28,37.37,9419
"3721",2020-08-11 16:44:00,37.34,37.39,37.28,37.31,9405
"3722",2020-08-11 16:45:00,37.3,37.39,37.26,37.38,11589
"3723",2020-08-11 16:46:00,37.37,37.39,37.32,37.39,6245
"3724",2020-08-11 16:47:00,37.38,37.39,37.25,37.25,7599
"3725",2020-08-11 16:48:00,37.26,37.27,37.19,37.2,6271
"3726",2020-08-11 16:49:00,37.19,37.27,37.06,37.09,22255
"3727",2020-08-11 16:50:00,37.09,37.15,37.09,37.12,6849
"3728",2020-08-11 16:51:00,37.15,37.25,37.15,37.17,4783
"3729",2020-08-11 16:52:00,37.19,37.24,37.16,37.16,4103
"3730",2020-08-11 16:53:00,37.19,37.21,37.16,37.19,4074
"3731",2020-08-11 16:54:00,37.18,37.19,37.16,37.18,1564
"3732",2020-08-11 16:55:00,37.18,37.22,37.16,37.2,3753
"3733",2020-08-11 16:56:00,37.19,37.2,37.08,37.08,13876
"3734",2020-08-11 16:57:00,37.08,37.14,37.08,37.11,3384
"3735",2020-08-11 16:58:00,37.08,37.16,37.06,37.15,1297
"3736",2020-08-11 16:59:00,37.18,37.19,37.14,37.14,2220
"3737",2020-08-11 17:00:00,37.18,37.2,37.13,37.13,2741
"3738",2020-08-11 17:01:00,37.12,37.14,37.08,37.1,4869
"3739",2020-08-11 17:02:00,37.1,37.13,37.04,37.06,9609
"3740",2020-08-11 17:03:00,37.03,37.03,36.93,36.98,10219
"3741",2020-08-11 17:04:00,36.99,37,36.88,36.89,5268
"3742",2020-08-11 17:05:00,36.9,36.92,36.83,36.85,6814
"3743",2020-08-11 17:06:00,36.85,36.91,36.85,36.89,2650
"3744",2020-08-11 17:07:00,36.88,36.88,36.85,36.87,3343
"3745",2020-08-11 17:08:00,36.86,36.87,36.77,36.77,7248
"3746",2020-08-11 17:09:00,36.76,36.78,36.71,36.72,5496
"3747",2020-08-11 17:10:00,36.73,36.77,36.73,36.74,4510
"3748",2020-08-11 17:11:00,36.78,36.83,36.77,36.82,7221
"3749",2020-08-11 17:12:00,36.8,36.88,36.8,36.88,4932
"3750",2020-08-11 17:13:00,36.87,36.95,36.84,36.95,5201
"3751",2020-08-11 17:14:00,36.94,36.95,36.85,36.86,7209
"3752",2020-08-11 17:15:00,36.86,36.87,36.81,36.83,11656
"3753",2020-08-11 17:16:00,36.83,36.92,36.82,36.88,4401
"3754",2020-08-11 17:17:00,36.88,36.94,36.86,36.94,7718
"3755",2020-08-11 17:18:00,36.91,36.95,36.87,36.88,6598
"3756",2020-08-11 17:19:00,36.89,36.94,36.85,36.86,3461
"3757",2020-08-11 17:20:00,36.86,36.9,36.85,36.9,2429
"3758",2020-08-11 17:21:00,36.9,36.92,36.86,36.86,1967
"3759",2020-08-11 17:22:00,36.86,36.88,36.78,36.78,5946
"3760",2020-08-11 17:23:00,36.8,36.82,36.8,36.81,3209
"3761",2020-08-11 17:24:00,36.81,36.85,36.79,36.79,1783
"3762",2020-08-11 17:25:00,36.79,36.84,36.79,36.84,1396
"3763",2020-08-11 17:26:00,36.87,36.92,36.87,36.9,3454
"3764",2020-08-11 17:27:00,36.9,36.91,36.81,36.85,7874
"3765",2020-08-11 17:28:00,36.86,36.9,36.86,36.9,6193
"3766",2020-08-11 17:29:00,36.92,36.92,36.88,36.88,10809
"3767",2020-08-11 17:30:00,36.88,36.91,36.88,36.91,4157
"3768",2020-08-11 17:31:00,36.91,36.91,36.88,36.88,6288
"3769",2020-08-11 17:32:00,36.88,36.91,36.88,36.88,5494
"3770",2020-08-11 17:33:00,36.88,36.91,36.88,36.88,11400
"3771",2020-08-11 17:34:00,36.88,36.9,36.88,36.88,13324
"3772",2020-08-11 17:35:00,36.89,36.92,36.88,36.89,4497
"3773",2020-08-11 17:36:00,36.89,36.91,36.88,36.89,3162
"3774",2020-08-11 17:37:00,36.89,36.9,36.88,36.9,1190
"3775",2020-08-11 17:38:00,36.9,36.91,36.88,36.91,1991
"3776",2020-08-11 17:39:00,36.91,36.97,36.91,36.94,12939
"3777",2020-08-11 17:40:00,36.95,37.06,36.93,37.03,16247
"3778",2020-08-11 17:41:00,37.03,37.03,36.97,36.99,4728
"3779",2020-08-11 17:42:00,36.98,36.98,36.93,36.93,2802
"3780",2020-08-11 17:43:00,36.93,36.97,36.92,36.96,3367
"3781",2020-08-11 17:44:00,36.95,36.99,36.95,36.98,2286
"3782",2020-08-11 17:45:00,36.99,37,36.98,36.99,2686
"3783",2020-08-11 17:46:00,36.99,36.99,36.9,36.9,2880
"3784",2020-08-11 17:47:00,36.89,36.92,36.89,36.92,2348
"3785",2020-08-11 17:48:00,36.92,36.93,36.87,36.87,3620
"3786",2020-08-11 17:49:00,36.87,36.88,36.82,36.82,4988
"3787",2020-08-11 17:50:00,36.82,36.82,36.77,36.78,5310
"3788",2020-08-11 17:51:00,36.78,36.79,36.76,36.76,6669
"3789",2020-08-11 17:52:00,36.76,36.86,36.76,36.86,6115
"3790",2020-08-11 17:53:00,36.87,36.93,36.86,36.92,3916
"3791",2020-08-11 17:54:00,36.93,37.01,36.93,36.99,1988
"3792",2020-08-11 17:55:00,36.99,37.03,36.99,37.02,2012
"3793",2020-08-11 17:56:00,37.03,37.04,37.01,37.03,5848
"3794",2020-08-11 17:57:00,37.04,37.07,37,37.07,3907
"3795",2020-08-11 17:58:00,37.07,37.11,37.07,37.1,3187
"3796",2020-08-11 17:59:00,37.12,37.15,37.11,37.11,5569
"3797",2020-08-11 18:00:00,37.12,37.15,37.11,37.13,3739
"3798",2020-08-11 18:01:00,37.13,37.18,37.13,37.17,4568
"3799",2020-08-11 18:02:00,37.15,37.23,37.13,37.23,1707
"3800",2020-08-11 18:03:00,37.23,37.31,37.23,37.26,4014
"3801",2020-08-11 18:04:00,37.27,37.27,37.25,37.26,3394
"3802",2020-08-11 18:05:00,37.26,37.28,37.23,37.26,4962
"3803",2020-08-11 18:06:00,37.26,37.33,37.26,37.32,1833
"3804",2020-08-11 18:07:00,37.32,37.32,37.27,37.27,1614
"3805",2020-08-11 18:08:00,37.26,37.28,37.25,37.28,3247
"3806",2020-08-11 18:09:00,37.27,37.3,37.26,37.3,4697
"3807",2020-08-11 18:10:00,37.3,37.36,37.3,37.34,1279
"3808",2020-08-11 18:11:00,37.32,37.33,37.29,37.33,1470
"3809",2020-08-11 18:12:00,37.33,37.34,37.29,37.3,4215
"3810",2020-08-11 18:13:00,37.29,37.29,37.28,37.28,1116
"3811",2020-08-11 18:14:00,37.3,37.31,37.3,37.31,2519
"3812",2020-08-11 18:15:00,37.34,37.36,37.32,37.35,8045
"3813",2020-08-11 18:16:00,37.32,37.35,37.32,37.35,1781
"3814",2020-08-11 18:17:00,37.34,37.34,37.31,37.31,3002
"3815",2020-08-11 18:18:00,37.32,37.32,37.28,37.32,2286
"3816",2020-08-11 18:19:00,37.3,37.32,37.3,37.32,881
"3817",2020-08-11 18:20:00,37.32,37.34,37.31,37.32,1891
"3818",2020-08-11 18:21:00,37.32,37.36,37.32,37.33,1820
"3819",2020-08-11 18:22:00,37.33,37.36,37.32,37.34,1822
"3820",2020-08-11 18:23:00,37.34,37.4,37.34,37.4,1965
"3821",2020-08-11 18:24:00,37.4,37.43,37.4,37.43,2575
"3822",2020-08-11 18:25:00,37.44,37.46,37.42,37.42,2881
"3823",2020-08-11 18:26:00,37.43,37.43,37.38,37.38,1487
"3824",2020-08-11 18:27:00,37.36,37.39,37.36,37.39,1369
"3825",2020-08-11 18:28:00,37.4,37.43,37.4,37.42,2197
"3826",2020-08-11 18:29:00,37.42,37.44,37.4,37.44,2503
"3827",2020-08-11 18:30:00,37.44,37.46,37.44,37.46,3137
"3828",2020-08-11 18:31:00,37.46,37.46,37.41,37.44,2925
"3829",2020-08-11 18:32:00,37.44,37.44,37.41,37.41,1126
"3830",2020-08-11 18:33:00,37.4,37.43,37.39,37.43,649
"3831",2020-08-11 18:34:00,37.44,37.44,37.42,37.42,400
"3832",2020-08-11 18:35:00,37.42,37.42,37.33,37.38,4738
"3833",2020-08-11 18:36:00,37.38,37.43,37.37,37.43,2602
"3834",2020-08-11 18:37:00,37.43,37.43,37.41,37.42,710
"3835",2020-08-11 18:38:00,37.4,37.42,37.38,37.38,1893
"3836",2020-08-11 18:39:00,37.37,37.39,37.37,37.38,941
"3837",2020-08-11 18:40:00,37.38,37.4,37.37,37.38,1749
"3838",2020-08-11 18:41:00,37.4,37.4,37.4,37.4,545
"3839",2020-08-11 18:42:00,37.41,37.41,37.4,37.4,666
"3840",2020-08-11 18:43:00,37.4,37.41,37.39,37.39,1036
"3841",2020-08-11 18:44:00,37.39,37.41,37.39,37.4,1251
"3842",2020-08-11 18:45:00,37.39,37.39,37.33,37.33,2578
"3843",2020-08-11 18:46:00,37.34,37.34,37.28,37.28,2482
"3844",2020-08-11 18:47:00,37.29,37.3,37.26,37.26,2716
"3845",2020-08-11 18:48:00,37.26,37.28,37.26,37.28,235
"3846",2020-08-11 18:49:00,37.28,37.31,37.28,37.3,1230
"3847",2020-08-11 18:50:00,37.3,37.3,37.28,37.3,702
"3848",2020-08-11 18:51:00,37.3,37.31,37.3,37.31,1521
"3849",2020-08-11 18:52:00,37.3,37.3,37.26,37.26,1508
"3850",2020-08-11 18:53:00,37.26,37.26,37.24,37.25,1878
"3851",2020-08-11 18:54:00,37.26,37.28,37.26,37.28,1002
"3852",2020-08-11 18:55:00,37.27,37.27,37.25,37.27,1992
"3853",2020-08-11 18:56:00,37.27,37.28,37.26,37.26,1812
"3854",2020-08-11 18:57:00,37.26,37.27,37.26,37.27,547
"3855",2020-08-11 18:58:00,37.26,37.3,37.26,37.28,1471
"3856",2020-08-11 18:59:00,37.28,37.29,37.28,37.29,1708
"3857",2020-08-11 19:00:00,37.28,37.3,37.28,37.3,1401
"3858",2020-08-11 19:01:00,37.3,37.32,37.29,37.32,1303
"3859",2020-08-11 19:02:00,37.33,37.33,37.29,37.29,1582
"3860",2020-08-11 19:03:00,37.3,37.3,37.25,37.26,1684
"3861",2020-08-11 19:04:00,37.26,37.26,37.24,37.25,798
"3862",2020-08-11 19:05:00,37.26,37.26,37.24,37.25,889
"3863",2020-08-11 19:06:00,37.24,37.27,37.24,37.25,1117
"3864",2020-08-11 19:07:00,37.27,37.28,37.25,37.25,768
"3865",2020-08-11 19:08:00,37.28,37.28,37.26,37.26,437
"3866",2020-08-11 19:09:00,37.27,37.27,37.26,37.26,1083
"3867",2020-08-11 19:10:00,37.27,37.3,37.27,37.3,843
"3868",2020-08-11 19:11:00,37.3,37.31,37.29,37.29,2743
"3869",2020-08-11 19:12:00,37.28,37.3,37.28,37.3,487
"3870",2020-08-11 19:13:00,37.3,37.33,37.3,37.33,772
"3871",2020-08-11 19:14:00,37.32,37.37,37.32,37.37,1933
"3872",2020-08-11 19:15:00,37.38,37.41,37.38,37.41,3319
"3873",2020-08-11 19:16:00,37.42,37.42,37.41,37.42,2126
"3874",2020-08-11 19:17:00,37.41,37.41,37.39,37.4,912
"3875",2020-08-11 19:18:00,37.4,37.42,37.4,37.41,1684
"3876",2020-08-11 19:19:00,37.41,37.41,37.4,37.4,213
"3877",2020-08-11 19:20:00,37.4,37.4,37.37,37.38,1458
"3878",2020-08-11 19:21:00,37.38,37.38,37.37,37.37,533
"3879",2020-08-11 19:22:00,37.38,37.41,37.36,37.41,2120
"3880",2020-08-11 19:23:00,37.43,37.49,37.41,37.49,9689
"3881",2020-08-11 19:24:00,37.49,37.53,37.48,37.52,5840
"3882",2020-08-11 19:25:00,37.52,37.64,37.52,37.64,16318
"3883",2020-08-11 19:26:00,37.65,37.67,37.58,37.58,10990
"3884",2020-08-11 19:27:00,37.57,37.57,37.51,37.51,3721
"3885",2020-08-11 19:28:00,37.51,37.53,37.51,37.52,2441
"3886",2020-08-11 19:29:00,37.53,37.53,37.53,37.53,610
"3887",2020-08-11 19:30:00,37.52,37.52,37.48,37.48,1379
"3888",2020-08-11 19:31:00,37.48,37.48,37.46,37.47,935
"3889",2020-08-11 19:32:00,37.47,37.47,37.46,37.46,1578
"3890",2020-08-11 19:33:00,37.46,37.55,37.46,37.55,3293
"3891",2020-08-11 19:34:00,37.56,37.61,37.56,37.6,5069
"3892",2020-08-11 19:35:00,37.61,37.62,37.56,37.56,2710
"3893",2020-08-11 19:36:00,37.56,37.56,37.5,37.5,2709
"3894",2020-08-11 19:37:00,37.49,37.5,37.48,37.5,915
"3895",2020-08-11 19:38:00,37.5,37.51,37.46,37.47,1842
"3896",2020-08-11 19:39:00,37.48,37.48,37.44,37.46,3629
"3897",2020-08-11 19:40:00,37.44,37.5,37.44,37.49,1426
"3898",2020-08-11 19:41:00,37.48,37.48,37.47,37.48,2926
"3899",2020-08-11 19:42:00,37.48,37.49,37.46,37.49,1792
"3900",2020-08-11 19:43:00,37.49,37.49,37.48,37.48,1168
"3901",2020-08-11 19:44:00,37.5,37.55,37.5,37.52,5128
"3902",2020-08-11 19:45:00,37.52,37.54,37.52,37.52,911
"3903",2020-08-11 19:46:00,37.52,37.53,37.52,37.52,1756
"3904",2020-08-11 19:47:00,37.52,37.52,37.48,37.48,1325
"3905",2020-08-11 19:48:00,37.51,37.54,37.51,37.51,1572
"3906",2020-08-11 19:49:00,37.51,37.52,37.5,37.5,1685
"3907",2020-08-11 19:50:00,37.5,37.5,37.48,37.48,1720
"3908",2020-08-11 19:51:00,37.49,37.55,37.49,37.55,2426
"3909",2020-08-11 19:52:00,37.55,37.6,37.55,37.59,4884
"3910",2020-08-11 19:53:00,37.59,38.88,37.58,38.81,269496
"3911",2020-08-11 19:54:00,38.81,38.99,38.33,38.58,200628
"3912",2020-08-11 19:55:00,38.58,38.68,38.06,38.16,174965
"3913",2020-08-11 19:56:00,38.16,38.43,38.13,38.34,62424
"3914",2020-08-11 19:57:00,38.35,38.39,37.92,37.94,100502
"3915",2020-08-11 19:58:00,37.94,38.11,37.8,38.05,41600
"3916",2020-08-11 19:59:00,38.04,38.04,37.94,38,19655
"3917",2020-08-11 20:00:00,38.01,38.18,38.01,38.16,41089
"3918",2020-08-11 20:01:00,38.17,38.17,38.03,38.04,11157
"3919",2020-08-11 20:02:00,38.04,38.04,37.91,37.99,18925
"3920",2020-08-11 20:03:00,37.97,38.02,37.96,37.98,12034
"3921",2020-08-11 20:04:00,37.98,38.02,37.83,37.85,16031
"3922",2020-08-11 20:05:00,37.82,37.91,37.76,37.91,15629
"3923",2020-08-11 20:06:00,37.89,37.89,37.84,37.89,2589
"3924",2020-08-11 20:07:00,37.89,37.96,37.87,37.95,8180
"3925",2020-08-11 20:08:00,37.97,38.02,37.95,38.02,8827
"3926",2020-08-11 20:09:00,38.02,38.05,37.95,37.98,14435
"3927",2020-08-11 20:10:00,37.98,37.98,37.9,37.9,5580
"3928",2020-08-11 20:11:00,37.9,37.96,37.88,37.96,5972
"3929",2020-08-11 20:12:00,37.95,37.95,37.84,37.86,8381
"3930",2020-08-11 20:13:00,37.85,37.9,37.83,37.88,7001
"3931",2020-08-11 20:14:00,37.86,37.87,37.85,37.85,2519
"3932",2020-08-11 20:15:00,37.85,37.85,37.8,37.8,2988
"3933",2020-08-11 20:16:00,37.81,37.9,37.81,37.9,5048
"3934",2020-08-11 20:17:00,37.89,37.89,37.72,37.74,18708
"3935",2020-08-11 20:18:00,37.74,37.82,37.74,37.82,3868
"3936",2020-08-11 20:19:00,37.81,37.82,37.79,37.82,2874
"3937",2020-08-11 20:20:00,37.82,37.88,37.8,37.86,2930
"3938",2020-08-11 20:21:00,37.84,37.89,37.84,37.87,4550
"3939",2020-08-11 20:22:00,37.85,37.87,37.83,37.87,884
"3940",2020-08-11 20:23:00,37.87,37.88,37.84,37.88,2288
"3941",2020-08-11 20:24:00,37.89,37.92,37.87,37.9,2532
"3942",2020-08-11 20:25:00,37.9,37.9,37.87,37.88,4731
"3943",2020-08-11 20:26:00,37.92,37.98,37.91,37.96,4923
"3944",2020-08-11 20:27:00,37.96,37.99,37.96,37.98,5208
"3945",2020-08-11 20:28:00,37.98,37.98,37.92,37.92,3502
"3946",2020-08-11 20:29:00,37.91,37.91,37.86,37.86,3804
"3947",2020-08-11 20:30:00,37.86,37.9,37.86,37.87,2200
"3948",2020-08-11 20:31:00,37.87,37.93,37.86,37.92,2144
"3949",2020-08-11 20:32:00,37.89,37.89,37.86,37.86,1583
"3950",2020-08-11 20:33:00,37.88,37.89,37.84,37.84,2820
"3951",2020-08-11 20:34:00,37.84,37.93,37.84,37.92,3219
"3952",2020-08-11 20:35:00,37.93,37.98,37.93,37.98,2201
"3953",2020-08-11 20:36:00,37.98,37.98,37.9,37.9,2169
"3954",2020-08-11 20:37:00,37.89,37.92,37.88,37.88,1853
"3955",2020-08-11 20:38:00,37.88,37.9,37.86,37.88,3252
"3956",2020-08-11 20:39:00,37.88,37.89,37.87,37.88,1148
"3957",2020-08-11 20:40:00,37.88,37.89,37.86,37.87,1249
"3958",2020-08-11 20:41:00,37.86,37.87,37.84,37.84,1065
"3959",2020-08-11 20:42:00,37.84,37.84,37.83,37.83,518
"3960",2020-08-11 20:43:00,37.83,37.83,37.82,37.83,1822
"3961",2020-08-11 20:44:00,37.83,37.83,37.76,37.78,2884
"3962",2020-08-11 20:45:00,37.78,37.84,37.78,37.84,3758
"3963",2020-08-11 20:46:00,37.84,37.88,37.84,37.87,4196
"3964",2020-08-11 20:47:00,37.86,37.88,37.85,37.88,1017
"3965",2020-08-11 20:48:00,37.88,37.91,37.88,37.89,2760
"3966",2020-08-11 20:49:00,37.87,37.87,37.82,37.82,1276
"3967",2020-08-11 20:50:00,37.83,37.83,37.82,37.82,380
"3968",2020-08-11 20:51:00,37.82,37.84,37.81,37.84,1790
"3969",2020-08-11 20:52:00,37.85,37.95,37.85,37.94,10534
"3970",2020-08-11 20:53:00,37.94,37.94,37.91,37.92,755
"3971",2020-08-11 20:54:00,37.92,38,37.92,38,6088
"3972",2020-08-11 20:55:00,38,38,37.94,37.98,8497
"3973",2020-08-11 20:56:00,37.98,37.98,37.94,37.94,3000
"3974",2020-08-11 20:57:00,37.94,37.98,37.94,37.97,2538
"3975",2020-08-11 20:58:00,37.95,37.99,37.95,37.99,2498
"3976",2020-08-11 20:59:00,38,38,37.97,38,4779
"3977",2020-08-11 21:00:00,38,38.01,38,38.01,4411
"3978",2020-08-11 21:01:00,38.02,38.04,38,38.03,5894
"3979",2020-08-11 21:02:00,38.02,38.05,38,38.05,3819
"3980",2020-08-11 21:03:00,38.06,38.17,38.06,38.14,19386
"3981",2020-08-11 21:04:00,38.16,38.19,38.12,38.14,20804
"3982",2020-08-11 21:05:00,38.14,38.15,38.08,38.09,5541
"3983",2020-08-11 21:06:00,38.1,38.16,38.1,38.14,3717
"3984",2020-08-11 21:07:00,38.14,38.14,38.12,38.14,6673
"3985",2020-08-11 21:08:00,38.15,38.16,38.14,38.14,5388
"3986",2020-08-11 21:09:00,38.15,38.2,38.15,38.15,5034
"3987",2020-08-11 21:10:00,38.14,38.14,38.11,38.12,2467
"3988",2020-08-11 21:11:00,38.12,38.12,38.02,38.03,8113
"3989",2020-08-11 21:12:00,38.05,38.09,38.05,38.08,3932
"3990",2020-08-11 21:13:00,38.07,38.07,37.99,37.99,4642
"3991",2020-08-11 21:14:00,38.01,38.03,37.96,37.96,4732
"3992",2020-08-11 21:15:00,37.94,37.97,37.92,37.92,3613
"3993",2020-08-11 21:16:00,37.92,37.96,37.92,37.94,3144
"3994",2020-08-11 21:17:00,37.95,37.95,37.93,37.94,1708
"3995",2020-08-11 21:18:00,37.94,37.95,37.92,37.93,3560
"3996",2020-08-11 21:19:00,37.92,37.96,37.91,37.96,2737
"3997",2020-08-11 21:20:00,37.95,37.99,37.95,37.97,7597
"3998",2020-08-11 21:21:00,37.98,38.01,37.92,37.95,13575
"3999",2020-08-11 21:22:00,37.96,37.96,37.92,37.93,2814
"4000",2020-08-11 21:23:00,37.92,37.94,37.89,37.93,4708
"4001",2020-08-11 21:24:00,37.93,37.93,37.84,37.88,3085
"4002",2020-08-11 21:25:00,37.88,37.88,37.8,37.82,3633
"4003",2020-08-11 21:26:00,37.82,37.84,37.82,37.84,3999
"4004",2020-08-11 21:27:00,37.82,37.85,37.79,37.81,8402
"4005",2020-08-11 21:28:00,37.8,37.82,37.77,37.77,2260
"4006",2020-08-11 21:29:00,37.77,37.78,37.73,37.74,6304
"4007",2020-08-11 21:30:00,37.77,37.77,37.73,37.74,1710
"4008",2020-08-11 21:31:00,37.74,37.76,37.72,37.72,3312
"4009",2020-08-11 21:32:00,37.71,37.71,37.66,37.71,9014
"4010",2020-08-11 21:33:00,37.73,37.74,37.72,37.74,2717
"4011",2020-08-11 21:34:00,37.74,37.78,37.74,37.78,1288
"4012",2020-08-11 21:35:00,37.78,37.79,37.74,37.74,4983
"4013",2020-08-11 21:36:00,37.74,37.78,37.74,37.78,3048
"4014",2020-08-11 21:37:00,37.78,37.78,37.72,37.72,2531
"4015",2020-08-11 21:38:00,37.73,37.73,37.7,37.72,5334
"4016",2020-08-11 21:39:00,37.74,37.75,37.73,37.75,2599
"4017",2020-08-11 21:40:00,37.76,37.77,37.73,37.74,1844
"4018",2020-08-11 21:41:00,37.74,37.8,37.74,37.8,6373
"4019",2020-08-11 21:42:00,37.79,37.8,37.79,37.8,1436
"4020",2020-08-11 21:43:00,37.82,37.82,37.77,37.78,3279
"4021",2020-08-11 21:44:00,37.76,37.79,37.76,37.79,859
"4022",2020-08-11 21:45:00,37.79,37.8,37.76,37.76,3336
"4023",2020-08-11 21:46:00,37.76,37.76,37.73,37.73,1874
"4024",2020-08-11 21:47:00,37.75,37.77,37.74,37.75,2806
"4025",2020-08-11 21:48:00,37.77,37.79,37.77,37.78,2643
"4026",2020-08-11 21:49:00,37.78,37.79,37.76,37.79,1544
"4027",2020-08-11 21:50:00,37.79,37.81,37.77,37.77,3517
"4028",2020-08-11 21:51:00,37.77,37.78,37.76,37.76,3924
"4029",2020-08-11 21:52:00,37.75,37.75,37.7,37.72,4818
"4030",2020-08-11 21:53:00,37.72,37.72,37.7,37.7,2136
"4031",2020-08-11 21:54:00,37.7,37.74,37.7,37.74,3440
"4032",2020-08-11 21:55:00,37.75,37.76,37.74,37.76,2597
"4033",2020-08-11 21:56:00,37.75,37.77,37.73,37.76,2118
"4034",2020-08-11 21:57:00,37.76,37.79,37.76,37.77,1602
"4035",2020-08-11 21:58:00,37.76,37.76,37.74,37.76,1580
"4036",2020-08-11 21:59:00,37.76,37.77,37.74,37.74,1429
"4037",2020-08-11 22:00:00,37.74,37.79,37.74,37.78,2274
"4038",2020-08-11 22:01:00,37.77,37.79,37.76,37.78,2678
"4039",2020-08-11 22:02:00,37.78,37.78,37.74,37.76,1409
"4040",2020-08-11 22:03:00,37.75,37.77,37.73,37.76,2157
"4041",2020-08-11 22:04:00,37.75,37.77,37.72,37.76,3163
"4042",2020-08-11 22:05:00,37.75,37.75,37.67,37.68,1889
"4043",2020-08-11 22:06:00,37.69,37.69,37.63,37.65,3247
"4044",2020-08-11 22:07:00,37.66,37.69,37.66,37.68,2219
"4045",2020-08-11 22:08:00,37.68,37.69,37.68,37.68,3807
"4046",2020-08-11 22:09:00,37.69,37.7,37.66,37.68,1550
"4047",2020-08-11 22:10:00,37.68,37.68,37.64,37.64,1903
"4048",2020-08-11 22:11:00,37.63,37.63,37.59,37.63,4113
"4049",2020-08-11 22:12:00,37.63,37.7,37.63,37.68,3568
"4050",2020-08-11 22:13:00,37.68,37.68,37.61,37.68,13950
"4051",2020-08-11 22:14:00,37.69,37.69,37.66,37.67,4093
"4052",2020-08-11 22:15:00,37.66,37.67,37.56,37.58,6201
"4053",2020-08-11 22:16:00,37.56,37.59,37.56,37.58,9950
"4054",2020-08-11 22:17:00,37.58,37.59,37.37,37.5,42800
"4055",2020-08-11 22:18:00,37.5,37.52,37.43,37.44,11057
"4056",2020-08-11 22:19:00,37.42,37.43,37.35,37.36,10291
"4057",2020-08-11 22:20:00,37.36,37.38,37.34,37.38,7080
"4058",2020-08-11 22:21:00,37.39,37.46,37.37,37.44,11733
"4059",2020-08-11 22:22:00,37.45,37.51,37.45,37.5,7698
"4060",2020-08-11 22:23:00,37.5,37.52,37.5,37.52,5724
"4061",2020-08-11 22:24:00,37.51,37.51,37.46,37.47,10561
"4062",2020-08-11 22:25:00,37.46,37.46,37.42,37.42,4636
"4063",2020-08-11 22:26:00,37.42,37.49,37.42,37.49,1527
"4064",2020-08-11 22:27:00,37.49,37.52,37.48,37.52,2479
"4065",2020-08-11 22:28:00,37.53,37.53,37.51,37.52,5177
"4066",2020-08-11 22:29:00,37.52,37.6,37.5,37.59,12096
"4067",2020-08-11 22:30:00,37.59,37.6,37.57,37.58,7013
"4068",2020-08-11 22:31:00,37.58,37.64,37.58,37.64,8884
"4069",2020-08-11 22:32:00,37.63,37.65,37.59,37.59,5238
"4070",2020-08-11 22:33:00,37.6,37.66,37.6,37.62,19728
"4071",2020-08-11 22:34:00,37.62,37.68,37.62,37.64,11835
"4072",2020-08-11 22:35:00,37.64,37.68,37.63,37.67,9055
"4073",2020-08-11 22:36:00,37.65,37.66,37.65,37.66,1485
"4074",2020-08-11 22:37:00,37.66,37.68,37.65,37.65,8591
"4075",2020-08-11 22:38:00,37.66,37.66,37.64,37.64,4719
"4076",2020-08-11 22:39:00,37.64,37.65,37.59,37.59,5969
"4077",2020-08-11 22:40:00,37.59,37.6,37.53,37.59,6283
"4078",2020-08-11 22:41:00,37.6,37.62,37.52,37.53,2629
"4079",2020-08-11 22:42:00,37.52,37.55,37.5,37.54,3308
"4080",2020-08-11 22:43:00,37.54,37.54,37.48,37.52,3655
"4081",2020-08-11 22:44:00,37.5,37.5,37.44,37.44,6350
"4082",2020-08-11 22:45:00,37.46,37.49,37.46,37.49,1606
"4083",2020-08-11 22:46:00,37.47,37.48,37.44,37.45,2737
"4084",2020-08-11 22:47:00,37.46,37.46,37.42,37.42,3108
"4085",2020-08-11 22:48:00,37.42,37.43,37.42,37.42,4086
"4086",2020-08-11 22:49:00,37.43,37.44,37.39,37.44,5139
"4087",2020-08-11 22:50:00,37.44,37.46,37.43,37.45,6675
"4088",2020-08-11 22:51:00,37.44,37.44,37.34,37.36,9266
"4089",2020-08-11 22:52:00,37.37,37.4,37.34,37.36,8454
"4090",2020-08-11 22:53:00,37.36,37.39,37.32,37.32,9868
"4091",2020-08-11 22:54:00,37.31,37.32,37.23,37.27,10319
"4092",2020-08-11 22:55:00,37.26,37.28,37.25,37.25,8185
"4093",2020-08-11 22:56:00,37.24,37.32,37.24,37.31,11537
"4094",2020-08-11 22:57:00,37.32,37.33,37.24,37.25,12327
"4095",2020-08-11 22:58:00,37.25,37.26,37.23,37.25,10950
"4096",2020-08-11 22:59:00,37.26,37.29,37.24,37.28,10564
"4097",2020-08-11 23:00:00,37.28,37.3,37.24,37.27,31786
"4098",2020-08-11 23:01:00,37.28,37.44,37.28,37.44,9
"4099",2020-08-11 23:03:00,37.28,37.28,37.28,37.28,4486
"4100",2020-08-11 23:06:00,37.28,37.28,37.28,37.28,300
"4101",2020-08-11 23:08:00,37.28,37.28,37.28,37.28,500
"4102",2020-08-11 23:09:00,37.28,37.28,37.28,37.28,2605
"4103",2020-08-11 23:13:00,37.28,37.28,37.28,37.28,3
"4104",2020-08-11 23:15:00,37.45,37.45,37.45,37.45,3
"4105",2020-08-11 23:16:00,37.45,37.45,37.45,37.45,1
"4106",2020-08-11 23:20:00,37.28,37.29,37.28,37.29,4505
"4107",2020-08-11 23:23:00,37.29,37.29,37.29,37.29,6
"4108",2020-08-11 23:24:00,37.29,37.29,37.29,37.29,18
"4109",2020-08-11 23:27:00,37.23,37.23,37.23,37.23,70
"4110",2020-08-11 23:33:00,37.32,37.32,37.32,37.32,40
"4111",2020-08-11 23:35:00,37.29,37.29,37.29,37.29,2
"4112",2020-08-12 00:02:00,37.25,37.25,37.19,37.19,13
"4113",2020-08-12 00:03:00,37.12,37.12,37.12,37.12,2
"4114",2020-08-12 00:17:00,37.13,37.13,37.13,37.13,1
"4115",2020-08-12 00:24:00,37.4,37.4,37.4,37.4,200
"4116",2020-08-12 00:25:00,37.13,37.13,37.04,37.04,30
"4117",2020-08-12 00:26:00,37.5,37.5,37.5,37.5,1
"4118",2020-08-12 00:31:00,37.28,37.28,37.28,37.28,2
"4119",2020-08-12 00:32:00,37.28,37.38,37.28,37.38,11
"4120",2020-08-12 00:33:00,37.38,37.38,37.38,37.38,12
"4121",2020-08-12 00:36:00,37.35,37.35,37.35,37.35,5
"4122",2020-08-12 00:50:00,37.3,37.3,37.3,37.3,7
"4123",2020-08-12 01:04:00,37.3,37.3,37.3,37.3,1
"4124",2020-08-12 01:06:00,37.3,37.3,37.3,37.3,1
"4125",2020-08-12 01:09:00,37.3,37.3,37.3,37.3,1
"4126",2020-08-12 01:12:00,37.42,37.6,37.38,37.6,74
"4127",2020-08-12 01:13:00,37.4,37.6,37.4,37.6,356
"4128",2020-08-12 01:14:00,37.57,37.6,37.57,37.6,272
"4129",2020-08-12 01:15:00,37.78,37.78,37.78,37.78,85
"4130",2020-08-12 01:23:00,37.68,37.68,37.68,37.68,100
"4131",2020-08-12 01:34:00,37.41,37.41,37.41,37.41,20
"4132",2020-08-12 10:01:00,37.91,37.91,37.91,37.91,2
"4133",2020-08-12 10:02:00,37.89,37.89,37.89,37.89,55
"4134",2020-08-12 10:03:00,37.9,37.9,37.54,37.54,33
"4135",2020-08-12 10:04:00,37.55,37.55,37.55,37.55,500
"4136",2020-08-12 10:06:00,37.56,37.56,37.56,37.56,1
"4137",2020-08-12 10:08:00,37.9,37.9,37.9,37.9,1
"4138",2020-08-12 10:09:00,37.56,37.56,37.56,37.56,1
"4139",2020-08-12 10:12:00,37.57,37.57,37.57,37.57,15
"4140",2020-08-12 10:16:00,37.58,37.58,37.58,37.58,1
"4141",2020-08-12 10:17:00,37.58,37.58,37.58,37.58,4
"4142",2020-08-12 10:18:00,37.86,37.86,37.86,37.86,1
"4143",2020-08-12 10:19:00,37.89,37.89,37.89,37.89,28
"4144",2020-08-12 10:23:00,37.89,37.89,37.89,37.89,36
"4145",2020-08-12 10:24:00,37.61,37.61,37.61,37.61,10
"4146",2020-08-12 10:26:00,37.88,37.88,37.88,37.88,3
"4147",2020-08-12 10:27:00,37.88,37.89,37.88,37.89,5
"4148",2020-08-12 10:30:00,37.88,37.88,37.88,37.88,100
"4149",2020-08-12 10:31:00,37.89,37.89,37.89,37.89,10
"4150",2020-08-12 10:32:00,37.61,37.61,37.61,37.61,32
"4151",2020-08-12 10:34:00,37.6,37.6,37.6,37.6,2
"4152",2020-08-12 10:35:00,37.88,37.88,37.88,37.88,1
"4153",2020-08-12 10:37:00,37.6,37.6,37.6,37.6,1
"4154",2020-08-12 10:38:00,37.87,37.87,37.87,37.87,2
"4155",2020-08-12 10:42:00,37.61,37.61,37.6,37.6,3
"4156",2020-08-12 10:48:00,37.87,37.87,37.87,37.87,1
"4157",2020-08-12 10:49:00,37.61,37.61,37.61,37.61,1
"4158",2020-08-12 10:51:00,37.6,37.6,37.6,37.6,25
"4159",2020-08-12 10:53:00,37.88,37.88,37.88,37.88,195
"4160",2020-08-12 10:56:00,37.87,37.87,37.64,37.64,2
"4161",2020-08-12 11:06:00,37.86,37.86,37.72,37.72,7
"4162",2020-08-12 11:12:00,37.86,37.86,37.86,37.86,1
"4163",2020-08-12 11:13:00,37.86,37.86,37.72,37.72,5
"4164",2020-08-12 11:16:00,37.86,37.86,37.86,37.86,1
"4165",2020-08-12 11:25:00,37.72,37.72,37.72,37.72,6
"4166",2020-08-12 11:31:00,37.71,37.71,37.7,37.7,8
"4167",2020-08-12 11:36:00,37.7,37.84,37.64,37.84,18
"4168",2020-08-12 11:37:00,37.79,37.8,37.79,37.8,10
"4169",2020-08-12 11:38:00,37.65,37.65,37.65,37.65,13
"4170",2020-08-12 11:41:00,37.79,37.79,37.79,37.79,6
"4171",2020-08-12 11:42:00,37.8,37.8,37.8,37.8,3
"4172",2020-08-12 11:43:00,37.79,37.79,37.79,37.79,10
"4173",2020-08-12 11:48:00,37.8,37.8,37.8,37.8,1
"4174",2020-08-12 11:50:00,37.8,37.8,37.8,37.8,10
"4175",2020-08-12 11:51:00,37.8,37.8,37.8,37.8,1
"4176",2020-08-12 11:56:00,37.65,37.65,37.65,37.65,2
"4177",2020-08-12 11:57:00,37.84,37.84,37.84,37.84,1
"4178",2020-08-12 11:59:00,37.65,37.66,37.65,37.66,21
"4179",2020-08-12 12:00:00,37.64,37.64,37.64,37.64,24
"4180",2020-08-12 12:04:00,37.84,37.85,37.84,37.85,10
"4181",2020-08-12 12:09:00,37.87,37.87,37.87,37.87,1
"4182",2020-08-12 12:13:00,37.87,37.87,37.87,37.87,101
"4183",2020-08-12 12:17:00,37.87,37.87,37.87,37.87,1
"4184",2020-08-12 12:21:00,37.9,37.9,37.9,37.9,1
"4185",2020-08-12 12:22:00,37.9,37.9,37.9,37.9,1
"4186",2020-08-12 12:24:00,37.87,37.87,37.87,37.87,29
"4187",2020-08-12 12:26:00,37.9,37.9,37.9,37.9,3
"4188",2020-08-12 12:27:00,37.9,37.9,37.9,37.9,1
"4189",2020-08-12 12:34:00,37.78,37.78,37.78,37.78,9
"4190",2020-08-12 12:35:00,37.89,37.89,37.89,37.89,3
"4191",2020-08-12 12:43:00,37.77,37.77,37.77,37.77,2
"4192",2020-08-12 12:48:00,37.77,37.77,37.77,37.77,1
"4193",2020-08-12 13:13:00,37.77,37.77,37.77,37.77,200
"4194",2020-08-12 13:23:00,37.76,37.76,37.76,37.76,1
"4195",2020-08-12 13:24:00,37.76,37.76,37.76,37.76,5
"4196",2020-08-12 13:28:00,37.65,37.65,37.65,37.65,1
"4197",2020-08-12 13:29:00,37.84,37.84,37.84,37.84,3
"4198",2020-08-12 13:31:00,37.84,37.84,37.84,37.84,2
"4199",2020-08-12 13:32:00,37.85,37.88,37.85,37.88,133
"4200",2020-08-12 13:37:00,37.89,37.89,37.89,37.89,1
"4201",2020-08-12 13:39:00,37.9,37.9,37.9,37.9,1
"4202",2020-08-12 13:40:00,37.65,37.65,37.65,37.65,10
"4203",2020-08-12 13:41:00,37.89,37.89,37.89,37.89,1
"4204",2020-08-12 13:48:00,37.79,37.79,37.79,37.79,4
"4205",2020-08-12 13:49:00,37.79,37.79,37.79,37.79,26
"4206",2020-08-12 13:55:00,37.8,37.8,37.8,37.8,1
"4207",2020-08-12 13:57:00,37.8,37.8,37.8,37.8,71
"4208",2020-08-12 13:58:00,37.8,37.8,37.8,37.8,2
"4209",2020-08-12 14:00:00,37.9,37.9,37.9,37.9,5
"4210",2020-08-12 14:05:00,37.8,37.8,37.8,37.8,27
"4211",2020-08-12 14:09:00,37.64,37.64,37.64,37.64,4
"4212",2020-08-12 14:10:00,37.6,37.6,37.6,37.6,73
"4213",2020-08-12 14:12:00,37.6,37.6,37.6,37.6,251
"4214",2020-08-12 14:21:00,37.59,37.59,37.59,37.59,1
"4215",2020-08-12 14:28:00,37.64,37.89,37.64,37.89,251
"4216",2020-08-12 14:31:00,37.88,37.88,37.88,37.88,1
"4217",2020-08-12 14:32:00,37.7,37.7,37.7,37.7,2
"4218",2020-08-12 14:34:00,37.7,37.7,37.7,37.7,4
"4219",2020-08-12 14:38:00,37.59,37.59,37.59,37.59,3
"4220",2020-08-12 14:41:00,37.66,37.66,37.66,37.66,8
"4221",2020-08-12 14:51:00,37.66,37.66,37.66,37.66,9
"4222",2020-08-12 14:58:00,37.6,37.6,37.6,37.6,50
"4223",2020-08-12 15:02:00,37.66,37.66,37.66,37.66,1
"4224",2020-08-12 15:05:00,37.59,37.59,37.59,37.59,29
"4225",2020-08-12 15:10:00,37.65,37.65,37.65,37.65,1
"4226",2020-08-12 15:17:00,37.65,37.65,37.65,37.65,1
"4227",2020-08-12 15:18:00,37.6,37.6,37.6,37.6,6
"4228",2020-08-12 15:23:00,37.66,37.66,37.66,37.66,1
"4229",2020-08-12 15:24:00,37.6,37.6,37.6,37.6,300
"4230",2020-08-12 15:26:00,37.6,37.6,37.6,37.6,1
"4231",2020-08-12 15:28:00,37.64,37.64,37.64,37.64,1
"4232",2020-08-12 15:31:00,37.6,37.6,37.6,37.6,1300
"4233",2020-08-12 15:35:00,37.62,37.62,37.62,37.62,2
"4234",2020-08-12 15:37:00,37.61,37.61,37.61,37.61,1
"4235",2020-08-12 15:39:00,37.63,37.63,37.63,37.63,3
"4236",2020-08-12 15:45:00,37.63,37.63,37.63,37.63,2
"4237",2020-08-12 15:46:00,37.63,37.63,37.63,37.63,5
"4238",2020-08-12 15:47:00,37.61,37.61,37.61,37.61,400
"4239",2020-08-12 15:51:00,37.59,37.59,37.59,37.59,3
"4240",2020-08-12 15:54:00,37.59,37.59,37.58,37.58,10
"4241",2020-08-12 15:56:00,37.6,37.6,37.6,37.6,4
"4242",2020-08-12 15:58:00,37.6,37.6,37.6,37.6,1496
"4243",2020-08-12 15:59:00,37.6,37.6,37.6,37.6,1
"4244",2020-08-12 16:01:00,37.62,37.62,37.61,37.61,6
"4245",2020-08-12 16:02:00,37.58,37.59,37.51,37.58,64
"4246",2020-08-12 16:04:00,37.56,37.58,37.56,37.58,61
"4247",2020-08-12 16:06:00,37.6,37.63,37.6,37.63,4
"4248",2020-08-12 16:09:00,37.6,37.6,37.6,37.6,10
"4249",2020-08-12 16:10:00,37.61,37.73,37.61,37.73,588
"4250",2020-08-12 16:11:00,37.66,37.66,37.53,37.53,11
"4251",2020-08-12 16:14:00,37.57,37.57,37.57,37.57,1
"4252",2020-08-12 16:15:00,37.6,37.63,37.6,37.63,312
"4253",2020-08-12 16:16:00,37.64,37.65,37.64,37.65,228
"4254",2020-08-12 16:17:00,37.64,37.65,37.64,37.65,203
"4255",2020-08-12 16:19:00,37.61,37.61,37.52,37.52,181
"4256",2020-08-12 16:21:00,37.65,37.65,37.51,37.51,425
"4257",2020-08-12 16:22:00,37.51,37.51,37.51,37.51,105
"4258",2020-08-12 16:23:00,37.51,37.51,37.47,37.47,744
"4259",2020-08-12 16:24:00,37.48,37.48,37.48,37.48,2
"4260",2020-08-12 16:25:00,37.65,37.65,37.48,37.48,11
"4261",2020-08-12 16:26:00,37.65,37.65,37.65,37.65,1
"4262",2020-08-12 16:28:00,37.5,37.5,37.5,37.5,12
"4263",2020-08-12 16:30:00,37.65,37.7,37.48,37.48,11
"4264",2020-08-12 16:31:00,37.49,37.58,37.42,37.52,14150
"4265",2020-08-12 16:32:00,37.5,37.6,37.5,37.58,5164
"4266",2020-08-12 16:33:00,37.6,37.67,37.59,37.64,11984
"4267",2020-08-12 16:34:00,37.61,37.61,37.52,37.56,12437
"4268",2020-08-12 16:35:00,37.57,37.77,37.54,37.75,47268
"4269",2020-08-12 16:36:00,37.77,37.79,37.68,37.68,11835
"4270",2020-08-12 16:37:00,37.68,37.73,37.61,37.61,7678
"4271",2020-08-12 16:38:00,37.62,37.63,37.58,37.62,6633
"4272",2020-08-12 16:39:00,37.62,37.73,37.62,37.64,8192
"4273",2020-08-12 16:40:00,37.61,37.63,37.53,37.62,8758
"4274",2020-08-12 16:41:00,37.62,37.68,37.62,37.62,8133
"4275",2020-08-12 16:42:00,37.64,37.79,37.64,37.78,7207
"4276",2020-08-12 16:43:00,37.77,37.83,37.71,37.8,8031
"4277",2020-08-12 16:44:00,37.82,37.82,37.74,37.75,4156
"4278",2020-08-12 16:45:00,37.74,37.84,37.74,37.84,4116
"4279",2020-08-12 16:46:00,37.86,37.86,37.79,37.82,10150
"4280",2020-08-12 16:47:00,37.84,37.91,37.82,37.82,7605
"4281",2020-08-12 16:48:00,37.84,37.91,37.73,37.74,10748
"4282",2020-08-12 16:49:00,37.75,37.89,37.75,37.89,12661
"4283",2020-08-12 16:50:00,37.9,37.9,37.77,37.78,5933
"4284",2020-08-12 16:51:00,37.79,37.79,37.64,37.64,7367
"4285",2020-08-12 16:52:00,37.66,37.67,37.64,37.67,7788
"4286",2020-08-12 16:53:00,37.66,37.66,37.55,37.59,9762
"4287",2020-08-12 16:54:00,37.58,37.58,37.53,37.54,8139
"4288",2020-08-12 16:55:00,37.52,37.55,37.5,37.51,3726
"4289",2020-08-12 16:56:00,37.51,37.51,37.41,37.46,13339
"4290",2020-08-12 16:57:00,37.45,37.52,37.42,37.51,5133
"4291",2020-08-12 16:58:00,37.49,37.52,37.46,37.49,3032
"4292",2020-08-12 16:59:00,37.48,37.56,37.47,37.54,3439
"4293",2020-08-12 17:00:00,37.55,37.6,37.53,37.6,3151
"4294",2020-08-12 17:01:00,37.6,37.6,37.46,37.46,3069
"4295",2020-08-12 17:02:00,37.45,37.47,37.37,37.38,7863
"4296",2020-08-12 17:03:00,37.35,37.44,37.35,37.41,5522
"4297",2020-08-12 17:04:00,37.41,37.47,37.41,37.42,5428
"4298",2020-08-12 17:05:00,37.44,37.44,37.41,37.42,2088
"4299",2020-08-12 17:06:00,37.41,37.43,37.38,37.39,5555
"4300",2020-08-12 17:07:00,37.38,37.43,37.38,37.39,4764
"4301",2020-08-12 17:08:00,37.41,37.41,37.38,37.39,1481
"4302",2020-08-12 17:09:00,37.37,37.37,37.32,37.35,4843
"4303",2020-08-12 17:10:00,37.35,37.35,37.26,37.3,2510
"4304",2020-08-12 17:11:00,37.3,37.3,37.26,37.29,3811
"4305",2020-08-12 17:12:00,37.28,37.31,37.26,37.26,1991
"4306",2020-08-12 17:13:00,37.26,37.31,37.23,37.23,4896
"4307",2020-08-12 17:14:00,37.26,37.3,37.26,37.3,1107
"4308",2020-08-12 17:15:00,37.31,37.31,37.25,37.25,4684
"4309",2020-08-12 17:16:00,37.26,37.27,37.2,37.23,7584
"4310",2020-08-12 17:17:00,37.23,37.32,37.21,37.32,3051
"4311",2020-08-12 17:18:00,37.33,37.33,37.26,37.26,3481
"4312",2020-08-12 17:19:00,37.27,37.3,37.26,37.28,2321
"4313",2020-08-12 17:20:00,37.26,37.3,37.26,37.3,979
"4314",2020-08-12 17:21:00,37.3,37.35,37.3,37.32,4318
"4315",2020-08-12 17:22:00,37.31,37.32,37.28,37.28,3597
"4316",2020-08-12 17:23:00,37.28,37.28,37.22,37.23,5656
"4317",2020-08-12 17:24:00,37.23,37.24,37.16,37.16,7147
"4318",2020-08-12 17:25:00,37.16,37.16,37.12,37.12,12407
"4319",2020-08-12 17:26:00,37.13,37.15,37.11,37.12,9946
"4320",2020-08-12 17:27:00,37.13,37.17,37.1,37.13,5594
"4321",2020-08-12 17:28:00,37.14,37.14,37.07,37.08,7126
"4322",2020-08-12 17:29:00,37.09,37.1,37.06,37.08,5259
"4323",2020-08-12 17:30:00,37.07,37.22,37.05,37.18,6395
"4324",2020-08-12 17:31:00,37.18,37.19,37.11,37.11,14162
"4325",2020-08-12 17:32:00,37.11,37.15,37.11,37.15,6870
"4326",2020-08-12 17:33:00,37.15,37.2,37.15,37.17,6691
"4327",2020-08-12 17:34:00,37.16,37.16,37.08,37.1,3094
"4328",2020-08-12 17:35:00,37.08,37.08,37.05,37.08,3282
"4329",2020-08-12 17:36:00,37.08,37.11,37.08,37.11,1166
"4330",2020-08-12 17:37:00,37.12,37.21,37.12,37.17,3415
"4331",2020-08-12 17:38:00,37.18,37.19,37.16,37.16,391
"4332",2020-08-12 17:39:00,37.16,37.18,37.15,37.18,6881
"4333",2020-08-12 17:40:00,37.18,37.18,37.14,37.14,1967
"4334",2020-08-12 17:41:00,37.16,37.18,37.16,37.17,830
"4335",2020-08-12 17:42:00,37.17,37.18,37.05,37.06,4940
"4336",2020-08-12 17:43:00,37.07,37.08,37.03,37.03,6931
"4337",2020-08-12 17:44:00,37.03,37.04,37.02,37.02,1892
"4338",2020-08-12 17:45:00,37.02,37.02,37,37.02,2657
"4339",2020-08-12 17:46:00,37.02,37.04,37.01,37.01,4239
"4340",2020-08-12 17:47:00,37,37,36.96,36.97,8710
"4341",2020-08-12 17:48:00,36.98,37,36.96,37,2525
"4342",2020-08-12 17:49:00,37,37,36.98,36.99,1909
"4343",2020-08-12 17:50:00,36.98,36.98,36.98,36.98,1200
"4344",2020-08-12 17:51:00,36.98,37.06,36.98,37.06,3112
"4345",2020-08-12 17:52:00,37.06,37.12,37.05,37.12,6717
"4346",2020-08-12 17:53:00,37.14,37.15,37.1,37.1,3516
"4347",2020-08-12 17:54:00,37.11,37.13,37.09,37.12,2295
"4348",2020-08-12 17:55:00,37.12,37.13,37.08,37.1,2914
"4349",2020-08-12 17:56:00,37.11,37.13,37.09,37.09,1046
"4350",2020-08-12 17:57:00,37.11,37.13,37.11,37.11,1660
"4351",2020-08-12 17:58:00,37.11,37.19,37.11,37.17,5825
"4352",2020-08-12 17:59:00,37.2,37.2,37.15,37.17,1775
"4353",2020-08-12 18:00:00,37.18,37.18,37.16,37.16,1180
"4354",2020-08-12 18:01:00,37.16,37.18,37.16,37.17,2422
"4355",2020-08-12 18:02:00,37.17,37.18,37.13,37.13,2919
"4356",2020-08-12 18:03:00,37.12,37.12,37.08,37.08,1291
"4357",2020-08-12 18:04:00,37.08,37.08,37.07,37.07,862
"4358",2020-08-12 18:05:00,37.08,37.1,37.06,37.1,1582
"4359",2020-08-12 18:06:00,37.09,37.12,37.07,37.07,3756
"4360",2020-08-12 18:07:00,37.06,37.07,37.06,37.06,3528
"4361",2020-08-12 18:08:00,37.05,37.06,37.02,37.03,1854
"4362",2020-08-12 18:09:00,37.02,37.04,37.02,37.03,1716
"4363",2020-08-12 18:10:00,37.04,37.04,37.03,37.03,1964
"4364",2020-08-12 18:11:00,37.04,37.08,37.04,37.06,3072
"4365",2020-08-12 18:12:00,37.06,37.06,37.05,37.05,1801
"4366",2020-08-12 18:13:00,37.04,37.04,36.98,36.99,7432
"4367",2020-08-12 18:14:00,36.99,36.99,36.96,36.97,3855
"4368",2020-08-12 18:15:00,36.98,36.98,36.97,36.98,872
"4369",2020-08-12 18:16:00,36.98,36.98,36.96,36.96,1401
"4370",2020-08-12 18:17:00,36.95,36.95,36.94,36.94,1176
"4371",2020-08-12 18:18:00,36.93,36.93,36.92,36.93,1030
"4372",2020-08-12 18:19:00,36.92,36.96,36.92,36.96,750
"4373",2020-08-12 18:20:00,36.97,37,36.97,37,856
"4374",2020-08-12 18:21:00,37,37.03,37,37.02,4318
"4375",2020-08-12 18:22:00,37.03,37.03,36.98,36.98,1278
"4376",2020-08-12 18:23:00,36.99,36.99,36.96,36.97,2274
"4377",2020-08-12 18:24:00,36.97,36.97,36.95,36.96,884
"4378",2020-08-12 18:25:00,36.95,36.95,36.93,36.93,1663
"4379",2020-08-12 18:26:00,36.94,36.97,36.94,36.95,2112
"4380",2020-08-12 18:27:00,36.96,36.96,36.91,36.93,5185
"4381",2020-08-12 18:28:00,36.93,36.97,36.93,36.95,2290
"4382",2020-08-12 18:29:00,36.96,36.96,36.94,36.95,2756
"4383",2020-08-12 18:30:00,36.96,36.96,36.95,36.95,1156
"4384",2020-08-12 18:31:00,36.95,36.97,36.94,36.97,1351
"4385",2020-08-12 18:32:00,36.97,37.05,36.97,37.05,5270
"4386",2020-08-12 18:33:00,37.05,37.05,37,37,821
"4387",2020-08-12 18:34:00,36.98,36.98,36.97,36.97,891
"4388",2020-08-12 18:35:00,36.96,36.96,36.92,36.92,2504
"4389",2020-08-12 18:36:00,36.93,36.94,36.92,36.92,642
"4390",2020-08-12 18:37:00,36.93,36.93,36.88,36.88,4225
"4391",2020-08-12 18:38:00,36.88,36.88,36.84,36.84,7723
"4392",2020-08-12 18:39:00,36.84,36.86,36.83,36.86,5197
"4393",2020-08-12 18:40:00,36.85,36.85,36.84,36.84,4024
"4394",2020-08-12 18:41:00,36.84,36.84,36.84,36.84,507
"4395",2020-08-12 18:42:00,36.84,36.89,36.84,36.89,3008
"4396",2020-08-12 18:43:00,36.89,36.89,36.88,36.89,1694
"4397",2020-08-12 18:44:00,36.89,36.91,36.89,36.89,1395
"4398",2020-08-12 18:45:00,36.9,36.9,36.87,36.88,2610
"4399",2020-08-12 18:46:00,36.88,36.92,36.88,36.92,2842
"4400",2020-08-12 18:47:00,36.94,36.94,36.93,36.93,900
"4401",2020-08-12 18:48:00,36.93,36.94,36.92,36.94,3050
"4402",2020-08-12 18:49:00,36.93,36.93,36.91,36.92,1498
"4403",2020-08-12 18:50:00,36.92,36.94,36.92,36.93,2048
"4404",2020-08-12 18:51:00,36.95,37.02,36.95,37.02,2976
"4405",2020-08-12 18:52:00,37.03,37.03,37.01,37.01,764
"4406",2020-08-12 18:53:00,37.01,37.05,37.01,37.04,5812
"4407",2020-08-12 18:54:00,37.04,37.05,37.04,37.05,1619
"4408",2020-08-12 18:55:00,37.04,37.04,37.02,37.04,2898
"4409",2020-08-12 18:56:00,37.04,37.04,37.02,37.02,474
"4410",2020-08-12 18:57:00,37.02,37.02,37.02,37.02,741
"4411",2020-08-12 18:58:00,37.02,37.04,37.02,37.04,2546
"4412",2020-08-12 18:59:00,37.03,37.03,37.01,37.02,848
"4413",2020-08-12 19:00:00,37.03,37.03,37.02,37.03,1184
"4414",2020-08-12 19:01:00,37.04,37.04,37.03,37.04,852
"4415",2020-08-12 19:02:00,37.04,37.08,37.04,37.08,1990
"4416",2020-08-12 19:03:00,37.1,37.13,37.1,37.12,2215
"4417",2020-08-12 19:04:00,37.11,37.11,37.11,37.11,1236
"4418",2020-08-12 19:05:00,37.11,37.12,37.1,37.12,1233
"4419",2020-08-12 19:06:00,37.11,37.12,37.09,37.1,3117
"4420",2020-08-12 19:07:00,37.11,37.11,37.1,37.1,2151
"4421",2020-08-12 19:08:00,37.08,37.09,37.08,37.09,3787
"4422",2020-08-12 19:09:00,37.1,37.1,37.08,37.08,5426
"4423",2020-08-12 19:10:00,37.08,37.11,37.08,37.11,1351
"4424",2020-08-12 19:11:00,37.09,37.1,37.06,37.06,2738
"4425",2020-08-12 19:12:00,37.05,37.05,37.03,37.04,1810
"4426",2020-08-12 19:13:00,37.03,37.03,37.03,37.03,1500
"4427",2020-08-12 19:14:00,37.03,37.06,37.03,37.06,579
"4428",2020-08-12 19:15:00,37.06,37.09,37.06,37.09,394
"4429",2020-08-12 19:16:00,37.1,37.12,37.1,37.11,1837
"4430",2020-08-12 19:17:00,37.11,37.11,37.1,37.11,931
"4431",2020-08-12 19:18:00,37.1,37.11,37.1,37.1,2363
"4432",2020-08-12 19:19:00,37.1,37.11,37.08,37.09,1610
"4433",2020-08-12 19:20:00,37.11,37.11,37.11,37.11,286
"4434",2020-08-12 19:21:00,37.11,37.17,37.11,37.17,7362
"4435",2020-08-12 19:22:00,37.18,37.28,37.18,37.28,6969
"4436",2020-08-12 19:23:00,37.28,37.29,37.25,37.26,3626
"4437",2020-08-12 19:24:00,37.25,37.26,37.23,37.26,998
"4438",2020-08-12 19:25:00,37.27,37.31,37.27,37.3,1002
"4439",2020-08-12 19:26:00,37.29,37.29,37.27,37.28,793
"4440",2020-08-12 19:27:00,37.27,37.27,37.26,37.26,3
"4441",2020-08-12 19:28:00,37.26,37.29,37.26,37.28,2638
"4442",2020-08-12 19:29:00,37.29,37.3,37.29,37.29,606
"4443",2020-08-12 19:30:00,37.29,37.31,37.28,37.31,1323
"4444",2020-08-12 19:31:00,37.31,37.32,37.28,37.28,2025
"4445",2020-08-12 19:32:00,37.29,37.3,37.29,37.3,1733
"4446",2020-08-12 19:33:00,37.29,37.3,37.28,37.28,317
"4447",2020-08-12 19:34:00,37.3,37.31,37.3,37.3,1103
"4448",2020-08-12 19:35:00,37.29,37.29,37.28,37.28,821
"4449",2020-08-12 19:36:00,37.28,37.28,37.28,37.28,307
"4450",2020-08-12 19:37:00,37.28,37.29,37.28,37.29,111
"4451",2020-08-12 19:38:00,37.29,37.3,37.28,37.28,2175
"4452",2020-08-12 19:39:00,37.27,37.28,37.27,37.28,520
"4453",2020-08-12 19:40:00,37.28,37.28,37.28,37.28,1511
"4454",2020-08-12 19:41:00,37.28,37.28,37.28,37.28,400
"4455",2020-08-12 19:42:00,37.28,37.28,37.26,37.26,990
"4456",2020-08-12 19:43:00,37.26,37.26,37.26,37.26,803
"4457",2020-08-12 19:44:00,37.26,37.29,37.26,37.29,2162
"4458",2020-08-12 19:45:00,37.28,37.29,37.27,37.27,1281
"4459",2020-08-12 19:46:00,37.29,37.29,37.28,37.28,500
"4460",2020-08-12 19:47:00,37.28,37.28,37.21,37.24,11948
"4461",2020-08-12 19:48:00,37.24,37.27,37.24,37.27,2941
"4462",2020-08-12 19:49:00,37.27,37.3,37.27,37.29,2677
"4463",2020-08-12 19:50:00,37.28,37.29,37.28,37.29,1038
"4464",2020-08-12 19:51:00,37.28,37.29,37.27,37.29,1019
"4465",2020-08-12 19:52:00,37.29,37.29,37.29,37.29,226
"4466",2020-08-12 19:53:00,37.28,37.31,37.28,37.31,5107
"4467",2020-08-12 19:54:00,37.31,37.32,37.31,37.32,2450
"4468",2020-08-12 19:55:00,37.31,37.32,37.31,37.31,916
"4469",2020-08-12 19:56:00,37.31,37.32,37.31,37.31,241
"4470",2020-08-12 19:57:00,37.3,37.31,37.23,37.23,4508
"4471",2020-08-12 19:58:00,37.22,37.22,37.22,37.22,778
"4472",2020-08-12 19:59:00,37.22,37.22,37.21,37.22,744
"4473",2020-08-12 20:00:00,37.21,37.22,37.2,37.22,56
"4474",2020-08-12 20:01:00,37.22,37.34,37.22,37.34,9871
"4475",2020-08-12 20:02:00,37.35,37.37,37.32,37.32,6876
"4476",2020-08-12 20:03:00,37.32,37.33,37.29,37.29,3311
"4477",2020-08-12 20:04:00,37.3,37.31,37.3,37.31,1350
"4478",2020-08-12 20:05:00,37.3,37.32,37.3,37.32,2924
"4479",2020-08-12 20:06:00,37.32,37.33,37.32,37.33,2183
"4480",2020-08-12 20:07:00,37.34,37.34,37.31,37.31,558
"4481",2020-08-12 20:08:00,37.32,37.32,37.32,37.32,210
"4482",2020-08-12 20:09:00,37.32,37.32,37.3,37.3,1315
"4483",2020-08-12 20:10:00,37.29,37.31,37.28,37.28,1299
"4484",2020-08-12 20:11:00,37.27,37.3,37.27,37.29,1830
"4485",2020-08-12 20:12:00,37.29,37.31,37.29,37.31,1965
"4486",2020-08-12 20:13:00,37.3,37.31,37.3,37.31,1828
"4487",2020-08-12 20:14:00,37.31,37.32,37.3,37.32,2575
"4488",2020-08-12 20:15:00,37.33,37.33,37.32,37.32,1908
"4489",2020-08-12 20:16:00,37.31,37.35,37.3,37.34,3005
"4490",2020-08-12 20:17:00,37.34,37.36,37.33,37.33,1424
"4491",2020-08-12 20:18:00,37.33,37.33,37.3,37.3,1438
"4492",2020-08-12 20:19:00,37.3,37.3,37.28,37.29,1712
"4493",2020-08-12 20:20:00,37.29,37.3,37.29,37.3,710
"4494",2020-08-12 20:21:00,37.31,37.33,37.3,37.33,1276
"4495",2020-08-12 20:22:00,37.32,37.36,37.32,37.35,2508
"4496",2020-08-12 20:23:00,37.36,37.36,37.3,37.3,1807
"4497",2020-08-12 20:24:00,37.29,37.3,37.29,37.3,1127
"4498",2020-08-12 20:25:00,37.3,37.32,37.3,37.32,626
"4499",2020-08-12 20:26:00,37.32,37.32,37.3,37.3,847
"4500",2020-08-12 20:27:00,37.3,37.3,37.29,37.3,604
"4501",2020-08-12 20:28:00,37.3,37.3,37.25,37.29,4075
"4502",2020-08-12 20:29:00,37.28,37.3,37.28,37.3,908
"4503",2020-08-12 20:30:00,37.3,37.3,37.3,37.3,2916
"4504",2020-08-12 20:31:00,37.29,37.3,37.28,37.3,2641
"4505",2020-08-12 20:32:00,37.3,37.41,37.3,37.41,5941
"4506",2020-08-12 20:33:00,37.41,37.44,37.39,37.44,3146
"4507",2020-08-12 20:34:00,37.42,37.42,37.41,37.41,2864
"4508",2020-08-12 20:35:00,37.4,37.42,37.4,37.42,1819
"4509",2020-08-12 20:36:00,37.41,37.44,37.41,37.43,756
"4510",2020-08-12 20:37:00,37.43,37.46,37.42,37.46,4474
"4511",2020-08-12 20:38:00,37.45,37.46,37.43,37.46,1383
"4512",2020-08-12 20:39:00,37.46,37.48,37.46,37.48,1298
"4513",2020-08-12 20:40:00,37.48,37.49,37.48,37.49,1726
"4514",2020-08-12 20:41:00,37.48,37.49,37.45,37.49,2046
"4515",2020-08-12 20:42:00,37.49,37.5,37.48,37.5,1725
"4516",2020-08-12 20:43:00,37.5,37.54,37.5,37.54,7969
"4517",2020-08-12 20:44:00,37.54,37.54,37.51,37.52,1602
"4518",2020-08-12 20:45:00,37.5,37.5,37.46,37.46,1793
"4519",2020-08-12 20:46:00,37.47,37.49,37.47,37.49,1290
"4520",2020-08-12 20:47:00,37.48,37.5,37.46,37.49,1776
"4521",2020-08-12 20:48:00,37.48,37.48,37.45,37.47,6228
"4522",2020-08-12 20:49:00,37.47,37.48,37.46,37.47,1967
"4523",2020-08-12 20:50:00,37.48,37.49,37.46,37.49,1543
"4524",2020-08-12 20:51:00,37.5,37.5,37.49,37.49,1485
"4525",2020-08-12 20:52:00,37.48,37.51,37.48,37.51,2410
"4526",2020-08-12 20:53:00,37.51,37.51,37.5,37.5,101
"4527",2020-08-12 20:54:00,37.5,37.5,37.5,37.5,402
"4528",2020-08-12 20:55:00,37.5,37.51,37.5,37.5,1155
"4529",2020-08-12 20:56:00,37.5,37.5,37.49,37.49,1370
"4530",2020-08-12 20:57:00,37.5,37.5,37.5,37.5,851
"4531",2020-08-12 20:58:00,37.52,37.52,37.51,37.52,1713
"4532",2020-08-12 20:59:00,37.52,37.56,37.52,37.55,6331
"4533",2020-08-12 21:00:00,37.56,37.57,37.56,37.57,1763
"4534",2020-08-12 21:01:00,37.56,37.59,37.56,37.59,1737
"4535",2020-08-12 21:02:00,37.58,37.58,37.55,37.56,3686
"4536",2020-08-12 21:03:00,37.56,37.57,37.55,37.55,520
"4537",2020-08-12 21:04:00,37.54,37.55,37.54,37.55,937
"4538",2020-08-12 21:05:00,37.56,37.56,37.56,37.56,785
"4539",2020-08-12 21:06:00,37.55,37.56,37.54,37.54,1660
"4540",2020-08-12 21:07:00,37.56,37.56,37.51,37.52,1298
"4541",2020-08-12 21:08:00,37.51,37.53,37.5,37.51,2271
"4542",2020-08-12 21:09:00,37.52,37.52,37.51,37.51,771
"4543",2020-08-12 21:10:00,37.52,37.52,37.52,37.52,350
"4544",2020-08-12 21:11:00,37.52,37.53,37.51,37.51,1041
"4545",2020-08-12 21:12:00,37.51,37.51,37.49,37.49,306
"4546",2020-08-12 21:13:00,37.48,37.48,37.48,37.48,56
"4547",2020-08-12 21:14:00,37.48,37.48,37.48,37.48,553
"4548",2020-08-12 21:15:00,37.49,37.49,37.47,37.49,1105
"4549",2020-08-12 21:16:00,37.48,37.48,37.48,37.48,858
"4550",2020-08-12 21:17:00,37.48,37.5,37.48,37.49,505
"4551",2020-08-12 21:18:00,37.49,37.5,37.48,37.48,735
"4552",2020-08-12 21:19:00,37.48,37.49,37.48,37.48,1056
"4553",2020-08-12 21:20:00,37.48,37.49,37.47,37.47,936
"4554",2020-08-12 21:21:00,37.46,37.47,37.46,37.47,686
"4555",2020-08-12 21:22:00,37.47,37.48,37.47,37.47,329
"4556",2020-08-12 21:23:00,37.48,37.48,37.46,37.48,773
"4557",2020-08-12 21:24:00,37.48,37.48,37.46,37.48,862
"4558",2020-08-12 21:25:00,37.48,37.48,37.48,37.48,413
"4559",2020-08-12 21:26:00,37.48,37.48,37.48,37.48,600
"4560",2020-08-12 21:27:00,37.48,37.49,37.48,37.49,1259
"4561",2020-08-12 21:28:00,37.5,37.5,37.5,37.5,400
"4562",2020-08-12 21:29:00,37.5,37.5,37.5,37.5,703
"4563",2020-08-12 21:30:00,37.51,37.51,37.47,37.47,1176
"4564",2020-08-12 21:31:00,37.47,37.48,37.46,37.46,2290
"4565",2020-08-12 21:32:00,37.46,37.47,37.45,37.45,2480
"4566",2020-08-12 21:33:00,37.46,37.46,37.45,37.45,731
"4567",2020-08-12 21:34:00,37.44,37.44,37.42,37.43,1024
"4568",2020-08-12 21:35:00,37.43,37.43,37.43,37.43,1095
"4569",2020-08-12 21:36:00,37.42,37.43,37.42,37.43,481
"4570",2020-08-12 21:37:00,37.43,37.44,37.42,37.44,437
"4571",2020-08-12 21:38:00,37.44,37.44,37.41,37.41,1940
"4572",2020-08-12 21:39:00,37.41,37.43,37.41,37.43,1041
"4573",2020-08-12 21:40:00,37.42,37.42,37.41,37.41,808
"4574",2020-08-12 21:41:00,37.41,37.42,37.41,37.42,219
"4575",2020-08-12 21:42:00,37.42,37.43,37.42,37.43,1112
"4576",2020-08-12 21:43:00,37.43,37.43,37.42,37.42,648
"4577",2020-08-12 21:44:00,37.43,37.44,37.43,37.44,410
"4578",2020-08-12 21:45:00,37.44,37.44,37.43,37.43,1806
"4579",2020-08-12 21:46:00,37.43,37.44,37.43,37.43,2412
"4580",2020-08-12 21:47:00,37.44,37.44,37.44,37.44,404
"4581",2020-08-12 21:48:00,37.44,37.44,37.44,37.44,2084
"4582",2020-08-12 21:49:00,37.44,37.44,37.43,37.44,1273
"4583",2020-08-12 21:50:00,37.44,37.44,37.44,37.44,22
"4584",2020-08-12 21:51:00,37.44,37.45,37.41,37.41,2017
"4585",2020-08-12 21:52:00,37.42,37.44,37.42,37.44,975
"4586",2020-08-12 21:53:00,37.44,37.45,37.44,37.44,1395
"4587",2020-08-12 21:54:00,37.44,37.44,37.4,37.4,2465
"4588",2020-08-12 21:55:00,37.4,37.41,37.4,37.41,1457
"4589",2020-08-12 21:56:00,37.41,37.43,37.41,37.43,172
"4590",2020-08-12 21:57:00,37.43,37.43,37.42,37.42,1649
"4591",2020-08-12 21:58:00,37.41,37.41,37.4,37.4,579
"4592",2020-08-12 21:59:00,37.39,37.41,37.39,37.41,1200
"4593",2020-08-12 22:00:00,37.42,37.42,37.41,37.41,313
"4594",2020-08-12 22:01:00,37.41,37.44,37.41,37.44,1701
"4595",2020-08-12 22:02:00,37.43,37.43,37.41,37.43,1352
"4596",2020-08-12 22:03:00,37.44,37.44,37.43,37.43,701
"4597",2020-08-12 22:04:00,37.42,37.42,37.4,37.4,1064
"4598",2020-08-12 22:05:00,37.39,37.4,37.39,37.4,1407
"4599",2020-08-12 22:06:00,37.4,37.4,37.4,37.4,310
"4600",2020-08-12 22:07:00,37.4,37.4,37.4,37.4,149
"4601",2020-08-12 22:08:00,37.4,37.41,37.4,37.4,671
"4602",2020-08-12 22:09:00,37.4,37.4,37.39,37.4,1619
"4603",2020-08-12 22:10:00,37.4,37.4,37.39,37.39,593
"4604",2020-08-12 22:11:00,37.41,37.42,37.4,37.42,780
"4605",2020-08-12 22:12:00,37.42,37.43,37.42,37.42,1301
"4606",2020-08-12 22:13:00,37.42,37.44,37.42,37.43,2045
"4607",2020-08-12 22:14:00,37.43,37.44,37.42,37.43,2033
"4608",2020-08-12 22:15:00,37.44,37.46,37.44,37.46,1285
"4609",2020-08-12 22:16:00,37.44,37.44,37.44,37.44,201
"4610",2020-08-12 22:17:00,37.45,37.47,37.45,37.47,972
"4611",2020-08-12 22:18:00,37.48,37.48,37.46,37.47,2321
"4612",2020-08-12 22:19:00,37.47,37.48,37.47,37.47,982
"4613",2020-08-12 22:20:00,37.46,37.49,37.46,37.49,631
"4614",2020-08-12 22:21:00,37.49,37.49,37.49,37.49,436
"4615",2020-08-12 22:22:00,37.49,37.5,37.48,37.48,1103
"4616",2020-08-12 22:23:00,37.48,37.5,37.48,37.5,339
"4617",2020-08-12 22:24:00,37.5,37.51,37.5,37.51,1699
"4618",2020-08-12 22:25:00,37.5,37.5,37.5,37.5,300
"4619",2020-08-12 22:26:00,37.51,37.52,37.5,37.52,4006
"4620",2020-08-12 22:27:00,37.51,37.51,37.5,37.5,1160
"4621",2020-08-12 22:28:00,37.5,37.5,37.5,37.5,1122
"4622",2020-08-12 22:29:00,37.5,37.51,37.5,37.51,334
"4623",2020-08-12 22:30:00,37.51,37.51,37.5,37.51,1486
"4624",2020-08-12 22:31:00,37.51,37.52,37.45,37.46,9579
"4625",2020-08-12 22:32:00,37.45,37.45,37.42,37.42,1958
"4626",2020-08-12 22:33:00,37.42,37.42,37.4,37.4,2806
"4627",2020-08-12 22:34:00,37.39,37.39,37.37,37.37,4098
"4628",2020-08-12 22:35:00,37.38,37.39,37.36,37.37,2947
"4629",2020-08-12 22:36:00,37.38,37.38,37.35,37.35,2098
"4630",2020-08-12 22:37:00,37.36,37.37,37.36,37.36,3138
"4631",2020-08-12 22:38:00,37.36,37.38,37.36,37.36,2166
"4632",2020-08-12 22:39:00,37.36,37.38,37.36,37.38,1998
"4633",2020-08-12 22:40:00,37.37,37.39,37.36,37.38,1917
"4634",2020-08-12 22:41:00,37.38,37.39,37.38,37.39,2010
"4635",2020-08-12 22:42:00,37.4,37.42,37.4,37.42,1748
"4636",2020-08-12 22:43:00,37.42,37.42,37.4,37.42,2536
"4637",2020-08-12 22:44:00,37.41,37.42,37.41,37.42,404
"4638",2020-08-12 22:45:00,37.42,37.43,37.42,37.43,2488
"4639",2020-08-12 22:46:00,37.43,37.44,37.42,37.42,2081
"4640",2020-08-12 22:47:00,37.43,37.44,37.43,37.44,5131
"4641",2020-08-12 22:48:00,37.42,37.43,37.42,37.42,2732
"4642",2020-08-12 22:49:00,37.43,37.43,37.4,37.41,1277
"4643",2020-08-12 22:50:00,37.41,37.41,37.4,37.41,6302
"4644",2020-08-12 22:51:00,37.4,37.42,37.4,37.42,3788
"4645",2020-08-12 22:52:00,37.42,37.42,37.41,37.41,4314
"4646",2020-08-12 22:53:00,37.4,37.4,37.39,37.4,5818
"4647",2020-08-12 22:54:00,37.4,37.4,37.36,37.36,3341
"4648",2020-08-12 22:55:00,37.35,37.36,37.32,37.36,7077
"4649",2020-08-12 22:56:00,37.37,37.37,37.32,37.37,6835
"4650",2020-08-12 22:57:00,37.36,37.36,37.32,37.34,8693
"4651",2020-08-12 22:58:00,37.34,37.36,37.34,37.35,8386
"4652",2020-08-12 22:59:00,37.35,37.39,37.34,37.34,18456
"4653",2020-08-12 23:00:00,37.35,37.45,37.34,37.44,34374
"4654",2020-08-12 23:01:00,37.47,37.47,37.47,37.47,1
"4655",2020-08-12 23:03:00,37.44,37.48,37.44,37.44,43
"4656",2020-08-12 23:04:00,37.44,37.44,37.44,37.44,990
"4657",2020-08-12 23:05:00,37.44,37.44,37.44,37.44,16
"4658",2020-08-12 23:18:00,37.48,37.48,37.48,37.48,1
"4659",2020-08-12 23:23:00,37.33,37.35,37.33,37.35,198
"4660",2020-08-12 23:25:00,37.31,37.35,37.31,37.35,91
"4661",2020-08-12 23:26:00,37.3,37.3,37.3,37.3,1
"4662",2020-08-12 23:30:00,37.3,37.3,37.3,37.3,5
"4663",2020-08-12 23:38:00,37.3,37.3,37.3,37.3,40
"4664",2020-08-12 23:50:00,37.42,37.42,37.42,37.42,2
"4665",2020-08-13 00:06:00,37.3,37.3,37.3,37.3,10
"4666",2020-08-13 00:18:00,37.44,37.44,37.44,37.44,1
"4667",2020-08-13 00:32:00,37.41,37.41,37.34,37.34,20
"4668",2020-08-13 00:36:00,37.42,37.42,37.42,37.42,1
"4669",2020-08-13 00:38:00,37.42,37.42,37.42,37.42,1
"4670",2020-08-13 00:44:00,37.42,37.42,37.42,37.42,2
"4671",2020-08-13 00:48:00,37.42,37.42,37.42,37.42,1
"4672",2020-08-13 00:52:00,37.42,37.42,37.42,37.42,1
"4673",2020-08-13 00:56:00,37.42,37.42,37.42,37.42,18
"4674",2020-08-13 10:03:00,37.35,37.35,37.35,37.35,11
"4675",2020-08-13 10:04:00,37.35,37.35,37.35,37.35,1
"4676",2020-08-13 10:06:00,37.38,37.38,37.38,37.38,1
"4677",2020-08-13 10:07:00,37.35,37.35,37.35,37.35,2
"4678",2020-08-13 10:14:00,37.3,37.3,37.24,37.24,5
"4679",2020-08-13 10:16:00,37.26,37.26,37.26,37.26,2
"4680",2020-08-13 10:18:00,37.35,37.38,37.35,37.38,10
"4681",2020-08-13 10:19:00,37.23,37.23,37.23,37.23,3
"4682",2020-08-13 10:20:00,37.37,37.37,37.23,37.23,2
"4683",2020-08-13 10:22:00,37.38,37.38,37.38,37.38,1
"4684",2020-08-13 10:24:00,37.38,37.38,37.38,37.38,1
"4685",2020-08-13 10:28:00,37.25,37.25,37.25,37.25,1
"4686",2020-08-13 10:33:00,37.25,37.25,37.25,37.25,10
"4687",2020-08-13 10:44:00,37.25,37.25,37.25,37.25,1
"4688",2020-08-13 10:48:00,37.34,37.34,37.34,37.34,1
"4689",2020-08-13 10:50:00,37.24,37.24,37.24,37.24,2
"4690",2020-08-13 10:51:00,37.24,37.24,37.24,37.24,5
"4691",2020-08-13 10:56:00,37.34,37.35,37.34,37.35,27
"4692",2020-08-13 11:03:00,37.3,37.37,37.3,37.37,31
"4693",2020-08-13 11:06:00,37.35,37.35,37.35,37.35,1
"4694",2020-08-13 11:07:00,37.4,37.4,37.4,37.4,2
"4695",2020-08-13 11:08:00,37.41,37.41,37.41,37.41,1
"4696",2020-08-13 11:09:00,37.5,37.58,37.5,37.58,10
"4697",2020-08-13 11:11:00,37.58,37.58,37.44,37.44,19
"4698",2020-08-13 11:12:00,37.35,37.35,37.35,37.35,1
"4699",2020-08-13 11:15:00,37.35,37.35,37.35,37.35,1
"4700",2020-08-13 11:24:00,37.39,37.39,37.39,37.39,3
"4701",2020-08-13 11:27:00,37.39,37.39,37.39,37.39,4
"4702",2020-08-13 11:30:00,37.52,37.52,37.52,37.52,1
"4703",2020-08-13 11:33:00,37.39,37.39,37.39,37.39,2
"4704",2020-08-13 11:35:00,37.39,37.39,37.39,37.39,1
"4705",2020-08-13 11:44:00,37.39,37.39,37.39,37.39,7
"4706",2020-08-13 11:49:00,37.51,37.52,37.51,37.52,15
"4707",2020-08-13 12:02:00,37.42,37.42,37.42,37.42,3
"4708",2020-08-13 12:25:00,37.46,37.46,37.46,37.46,3
"4709",2020-08-13 12:30:00,37.46,37.46,37.46,37.46,4
"4710",2020-08-13 12:34:00,37.41,37.41,37.38,37.38,8
"4711",2020-08-13 12:47:00,37.46,37.46,37.46,37.46,2
"4712",2020-08-13 12:50:00,37.39,37.39,37.39,37.39,1
"4713",2020-08-13 13:03:00,37.4,37.4,37.4,37.4,21
"4714",2020-08-13 13:14:00,37.43,37.45,37.43,37.45,6
"4715",2020-08-13 13:17:00,37.4,37.4,37.4,37.4,30
"4716",2020-08-13 13:19:00,37.45,37.45,37.45,37.45,1
"4717",2020-08-13 13:21:00,37.44,37.44,37.44,37.44,1
"4718",2020-08-13 13:25:00,37.44,37.45,37.44,37.45,3
"4719",2020-08-13 13:33:00,37.43,37.43,37.43,37.43,20
"4720",2020-08-13 13:34:00,37.51,37.51,37.51,37.51,2
"4721",2020-08-13 13:42:00,37.44,37.44,37.44,37.44,10
"4722",2020-08-13 13:49:00,37.4,37.4,37.4,37.4,5
"4723",2020-08-13 13:53:00,37.44,37.44,37.44,37.44,1
"4724",2020-08-13 13:54:00,37.44,37.44,37.44,37.44,53
"4725",2020-08-13 14:11:00,37.52,37.56,37.52,37.56,110
"4726",2020-08-13 14:19:00,37.55,37.55,37.55,37.55,21
"4727",2020-08-13 14:39:00,37.5,37.5,37.5,37.5,195
"4728",2020-08-13 14:42:00,37.55,37.55,37.55,37.55,100
"4729",2020-08-13 14:56:00,37.53,37.53,37.53,37.53,2
"4730",2020-08-13 15:02:00,37.53,37.53,37.53,37.53,6
"4731",2020-08-13 15:05:00,37.5,37.5,37.5,37.5,2
"4732",2020-08-13 15:09:00,37.45,37.45,37.45,37.45,20
"4733",2020-08-13 15:10:00,37.41,37.44,37.41,37.44,20
"4734",2020-08-13 15:12:00,37.41,37.41,37.4,37.4,86
"4735",2020-08-13 15:15:00,37.3,37.3,37.3,37.3,82
"4736",2020-08-13 15:16:00,37.3,37.3,37.3,37.3,5
"4737",2020-08-13 15:17:00,37.25,37.25,37.25,37.25,20
"4738",2020-08-13 15:18:00,37.33,37.33,37.33,37.33,1
"4739",2020-08-13 15:20:00,37.36,37.36,37.36,37.36,8
"4740",2020-08-13 15:21:00,37.36,37.36,37.36,37.36,25
"4741",2020-08-13 15:24:00,37.36,37.36,37.36,37.36,1500
"4742",2020-08-13 15:25:00,37.4,37.4,37.4,37.4,5
"4743",2020-08-13 15:26:00,37.37,37.37,37.37,37.37,11
"4744",2020-08-13 15:29:00,37.37,37.37,37.37,37.37,50
"4745",2020-08-13 15:34:00,37.41,37.49,37.41,37.49,82
"4746",2020-08-13 15:36:00,37.4,37.4,37.4,37.4,2
"4747",2020-08-13 15:43:00,37.4,37.4,37.4,37.4,1
"4748",2020-08-13 15:45:00,37.4,37.4,37.4,37.4,5
"4749",2020-08-13 15:48:00,37.37,37.37,37.37,37.37,8
"4750",2020-08-13 15:50:00,37.38,37.38,37.38,37.38,25
"4751",2020-08-13 15:51:00,37.49,37.52,37.49,37.52,33
"4752",2020-08-13 15:53:00,37.38,37.38,37.38,37.38,10
"4753",2020-08-13 15:55:00,37.4,37.4,37.4,37.4,3
"4754",2020-08-13 15:57:00,37.51,37.51,37.51,37.51,1
"4755",2020-08-13 15:59:00,37.42,37.42,37.42,37.42,4
"4756",2020-08-13 16:02:00,37.48,37.52,37.48,37.52,598
"4757",2020-08-13 16:06:00,37.52,37.52,37.48,37.48,152
"4758",2020-08-13 16:07:00,37.45,37.45,37.45,37.45,14
"4759",2020-08-13 16:09:00,37.45,37.45,37.45,37.45,47
"4760",2020-08-13 16:10:00,37.45,37.45,37.45,37.45,5
"4761",2020-08-13 16:11:00,37.52,37.52,37.52,37.52,76
"4762",2020-08-13 16:13:00,37.53,37.53,37.53,37.53,1
"4763",2020-08-13 16:19:00,37.45,37.45,37.45,37.45,107
"4764",2020-08-13 16:24:00,37.46,37.46,37.45,37.45,323
"4765",2020-08-13 16:25:00,37.43,37.51,37.43,37.51,102
"4766",2020-08-13 16:26:00,37.45,37.5,37.45,37.5,255
"4767",2020-08-13 16:27:00,37.5,37.5,37.43,37.43,530
"4768",2020-08-13 16:28:00,37.54,37.6,37.43,37.43,672
"4769",2020-08-13 16:29:00,37.56,37.57,37.56,37.56,248
"4770",2020-08-13 16:30:00,37.36,37.6,37.36,37.6,747
"4771",2020-08-13 16:31:00,37.37,37.6,37.37,37.48,494
"4772",2020-08-13 16:32:00,37.49,37.59,37.46,37.51,447
"4773",2020-08-13 16:33:00,37.51,37.75,37.48,37.72,24263
"4774",2020-08-13 16:34:00,37.72,37.74,37.64,37.74,16765
"4775",2020-08-13 16:35:00,37.74,37.87,37.68,37.83,17719
"4776",2020-08-13 16:36:00,37.83,37.86,37.75,37.75,13951
"4777",2020-08-13 16:37:00,37.74,37.9,37.72,37.9,17980
"4778",2020-08-13 16:38:00,37.89,37.96,37.89,37.93,15485
"4779",2020-08-13 16:39:00,37.94,37.97,37.87,37.95,7307
"4780",2020-08-13 16:40:00,37.95,37.95,37.92,37.92,5284
"4781",2020-08-13 16:41:00,37.91,37.94,37.78,37.82,12922
"4782",2020-08-13 16:42:00,37.81,37.94,37.81,37.94,5027
"4783",2020-08-13 16:43:00,37.93,37.93,37.88,37.91,3679
"4784",2020-08-13 16:44:00,37.91,38.07,37.91,38.06,19499
"4785",2020-08-13 16:45:00,38.08,38.12,38.05,38.1,1913
"4786",2020-08-13 16:46:00,38.1,38.11,38.02,38.02,3164
"4787",2020-08-13 16:47:00,38.03,38.08,38.03,38.06,4215
"4788",2020-08-13 16:48:00,38.06,38.06,37.94,37.96,12540
"4789",2020-08-13 16:49:00,37.95,37.98,37.92,37.92,5836
"4790",2020-08-13 16:50:00,37.89,37.89,37.86,37.87,4558
"4791",2020-08-13 16:51:00,37.88,37.97,37.87,37.96,6633
"4792",2020-08-13 16:52:00,37.96,38.02,37.94,38,7538
"4793",2020-08-13 16:53:00,37.96,38.04,37.92,38.04,6879
"4794",2020-08-13 16:54:00,38.03,38.04,37.95,37.97,3964
"4795",2020-08-13 16:55:00,37.96,37.99,37.9,37.9,2950
"4796",2020-08-13 16:56:00,37.89,37.96,37.89,37.94,5471
"4797",2020-08-13 16:57:00,37.96,38.04,37.94,38.02,4160
"4798",2020-08-13 16:58:00,38.02,38.05,37.99,38,5770
"4799",2020-08-13 16:59:00,38,38.04,38,38.04,5246
"4800",2020-08-13 17:00:00,38.04,38.07,38.02,38.07,5030
"4801",2020-08-13 17:01:00,38.07,38.08,38.03,38.04,5968
"4802",2020-08-13 17:02:00,38.04,38.07,38.04,38.04,4409
"4803",2020-08-13 17:03:00,38.04,38.05,38.01,38.04,3602
"4804",2020-08-13 17:04:00,38.04,38.09,38.04,38.05,3112
"4805",2020-08-13 17:05:00,38.06,38.09,38.06,38.08,2305
"4806",2020-08-13 17:06:00,38.08,38.11,38.02,38.03,5989
"4807",2020-08-13 17:07:00,38,38.06,37.99,38.05,5075
"4808",2020-08-13 17:08:00,38.06,38.08,38.04,38.08,1097
"4809",2020-08-13 17:09:00,38.09,38.11,38.05,38.1,6731
"4810",2020-08-13 17:10:00,38.1,38.14,38.06,38.08,13664
"4811",2020-08-13 17:11:00,38.08,38.11,38.06,38.07,2286
"4812",2020-08-13 17:12:00,38.06,38.09,38.06,38.08,1857
"4813",2020-08-13 17:13:00,38.09,38.1,38.05,38.05,1305
"4814",2020-08-13 17:14:00,38.05,38.08,38.04,38.08,3880
"4815",2020-08-13 17:15:00,38.08,38.09,38.06,38.09,3303
"4816",2020-08-13 17:16:00,38.08,38.08,38,38.01,3933
"4817",2020-08-13 17:17:00,38.01,38.02,37.98,37.99,5354
"4818",2020-08-13 17:18:00,37.98,38.03,37.97,38,3398
"4819",2020-08-13 17:19:00,37.98,38.02,37.98,38,4502
"4820",2020-08-13 17:20:00,38,38.03,38,38.02,2496
"4821",2020-08-13 17:21:00,38.04,38.08,38.04,38.08,2062
"4822",2020-08-13 17:22:00,38.08,38.08,38.07,38.07,665
"4823",2020-08-13 17:23:00,38.07,38.08,38.04,38.04,3481
"4824",2020-08-13 17:24:00,38.06,38.08,38.06,38.07,1750
"4825",2020-08-13 17:25:00,38.08,38.09,38.06,38.08,2719
"4826",2020-08-13 17:26:00,38.09,38.11,38.09,38.1,4469
"4827",2020-08-13 17:27:00,38.1,38.23,38.1,38.21,15829
"4828",2020-08-13 17:28:00,38.22,38.26,38.2,38.22,6684
"4829",2020-08-13 17:29:00,38.23,38.23,38.17,38.21,6089
"4830",2020-08-13 17:30:00,38.21,38.25,38.2,38.24,3907
"4831",2020-08-13 17:31:00,38.23,38.25,38.22,38.22,1430
"4832",2020-08-13 17:32:00,38.19,38.21,38.15,38.21,7588
"4833",2020-08-13 17:33:00,38.21,38.22,38.19,38.19,1371
"4834",2020-08-13 17:34:00,38.17,38.21,38.16,38.21,4588
"4835",2020-08-13 17:35:00,38.22,38.24,38.21,38.23,1971
"4836",2020-08-13 17:36:00,38.21,38.24,38.2,38.24,3152
"4837",2020-08-13 17:37:00,38.23,38.26,38.23,38.24,2751
"4838",2020-08-13 17:38:00,38.24,38.24,38.21,38.21,3563
"4839",2020-08-13 17:39:00,38.23,38.23,38.16,38.16,4829
"4840",2020-08-13 17:40:00,38.15,38.2,38.14,38.16,6084
"4841",2020-08-13 17:41:00,38.16,38.2,38.14,38.16,5816
"4842",2020-08-13 17:42:00,38.17,38.18,38.15,38.15,2133
"4843",2020-08-13 17:43:00,38.15,38.18,38.15,38.18,2897
"4844",2020-08-13 17:44:00,38.16,38.17,38.12,38.17,1309
"4845",2020-08-13 17:45:00,38.17,38.18,38.12,38.12,4593
"4846",2020-08-13 17:46:00,38.12,38.14,38.11,38.14,3247
"4847",2020-08-13 17:47:00,38.15,38.16,38.13,38.14,2855
"4848",2020-08-13 17:48:00,38.14,38.14,38.14,38.14,400
"4849",2020-08-13 17:49:00,38.14,38.16,38.14,38.16,1134
"4850",2020-08-13 17:50:00,38.16,38.16,38.14,38.14,1773
"4851",2020-08-13 17:51:00,38.14,38.15,38.09,38.1,9613
"4852",2020-08-13 17:52:00,38.1,38.14,38.1,38.11,3185
"4853",2020-08-13 17:53:00,38.1,38.1,38.07,38.08,3042
"4854",2020-08-13 17:54:00,38.04,38.04,38.01,38.02,2610
"4855",2020-08-13 17:55:00,38.01,38.02,38,38.02,895
"4856",2020-08-13 17:56:00,38.02,38.02,37.92,37.93,6167
"4857",2020-08-13 17:57:00,37.94,37.94,37.91,37.91,4280
"4858",2020-08-13 17:58:00,37.93,37.93,37.92,37.93,2177
"4859",2020-08-13 17:59:00,37.93,38.07,37.93,38.02,36861
"4860",2020-08-13 18:00:00,38.02,38.07,38.02,38.06,1596
"4861",2020-08-13 18:01:00,38.02,38.1,38.02,38.09,3889
"4862",2020-08-13 18:02:00,38.1,38.12,38.06,38.09,5826
"4863",2020-08-13 18:03:00,38.1,38.1,38.08,38.08,804
"4864",2020-08-13 18:04:00,38.1,38.1,38.08,38.08,519
"4865",2020-08-13 18:05:00,38.08,38.14,38.08,38.13,2801
"4866",2020-08-13 18:06:00,38.14,38.14,38.12,38.13,1038
"4867",2020-08-13 18:07:00,38.14,38.14,38.12,38.14,3675
"4868",2020-08-13 18:08:00,38.14,38.14,38.14,38.14,323
"4869",2020-08-13 18:09:00,38.14,38.18,38.14,38.18,1183
"4870",2020-08-13 18:10:00,38.19,38.19,38.15,38.15,877
"4871",2020-08-13 18:11:00,38.14,38.14,38.08,38.08,629
"4872",2020-08-13 18:12:00,38.08,38.09,38.04,38.09,2542
"4873",2020-08-13 18:13:00,38.11,38.13,38.11,38.13,1131
"4874",2020-08-13 18:14:00,38.13,38.14,38.1,38.1,2027
"4875",2020-08-13 18:15:00,38.11,38.12,38.11,38.11,1112
"4876",2020-08-13 18:16:00,38.12,38.12,38.08,38.11,1630
"4877",2020-08-13 18:17:00,38.1,38.11,38.09,38.11,1049
"4878",2020-08-13 18:18:00,38.12,38.15,38.11,38.15,1361
"4879",2020-08-13 18:19:00,38.15,38.19,38.15,38.19,2542
"4880",2020-08-13 18:20:00,38.19,38.19,38.15,38.15,1432
"4881",2020-08-13 18:21:00,38.13,38.13,38.09,38.09,842
"4882",2020-08-13 18:22:00,38.1,38.12,38.09,38.12,473
"4883",2020-08-13 18:23:00,38.13,38.13,38.09,38.1,1698
"4884",2020-08-13 18:24:00,38.08,38.12,38.08,38.12,984
"4885",2020-08-13 18:25:00,38.12,38.12,38.09,38.12,1506
"4886",2020-08-13 18:26:00,38.12,38.12,38.1,38.1,1250
"4887",2020-08-13 18:27:00,38.11,38.13,38.11,38.13,931
"4888",2020-08-13 18:28:00,38.13,38.14,38.13,38.14,1365
"4889",2020-08-13 18:29:00,38.15,38.18,38.15,38.15,2518
"4890",2020-08-13 18:30:00,38.15,38.15,38.1,38.1,3216
"4891",2020-08-13 18:31:00,38.08,38.08,38.05,38.06,875
"4892",2020-08-13 18:32:00,38.04,38.08,38.03,38.06,2659
"4893",2020-08-13 18:33:00,38.06,38.06,38.02,38.02,1724
"4894",2020-08-13 18:34:00,38.01,38.02,37.93,37.93,3975
"4895",2020-08-13 18:35:00,37.93,37.94,37.91,37.93,4739
"4896",2020-08-13 18:36:00,37.94,37.98,37.94,37.96,3816
"4897",2020-08-13 18:37:00,37.96,37.98,37.96,37.98,3030
"4898",2020-08-13 18:38:00,37.98,37.98,37.93,37.95,2138
"4899",2020-08-13 18:39:00,37.96,37.98,37.96,37.96,1737
"4900",2020-08-13 18:40:00,37.92,37.93,37.91,37.93,4043
"4901",2020-08-13 18:41:00,37.94,37.94,37.87,37.88,6568
"4902",2020-08-13 18:42:00,37.87,37.87,37.82,37.82,4246
"4903",2020-08-13 18:43:00,37.82,37.87,37.82,37.82,6126
"4904",2020-08-13 18:44:00,37.82,37.85,37.81,37.84,7224
"4905",2020-08-13 18:45:00,37.84,37.87,37.84,37.87,3577
"4906",2020-08-13 18:46:00,37.84,37.87,37.84,37.87,1709
"4907",2020-08-13 18:47:00,37.88,37.89,37.88,37.88,3725
"4908",2020-08-13 18:48:00,37.88,37.89,37.88,37.88,834
"4909",2020-08-13 18:49:00,37.88,37.92,37.86,37.91,7298
"4910",2020-08-13 18:50:00,37.91,37.93,37.83,37.86,6757
"4911",2020-08-13 18:51:00,37.87,37.88,37.87,37.87,4718
"4912",2020-08-13 18:52:00,37.87,37.89,37.86,37.89,2922
"4913",2020-08-13 18:53:00,37.9,37.92,37.88,37.88,3091
"4914",2020-08-13 18:54:00,37.88,37.9,37.88,37.9,2350
"4915",2020-08-13 18:55:00,37.9,37.92,37.9,37.92,3195
"4916",2020-08-13 18:56:00,37.92,37.92,37.91,37.91,316
"4917",2020-08-13 18:57:00,37.9,37.91,37.89,37.91,2592
"4918",2020-08-13 18:58:00,37.92,37.92,37.92,37.92,783
"4919",2020-08-13 18:59:00,37.92,37.94,37.92,37.93,405
"4920",2020-08-13 19:00:00,37.93,37.95,37.93,37.95,2023
"4921",2020-08-13 19:01:00,37.95,37.96,37.94,37.95,1568
"4922",2020-08-13 19:02:00,37.94,37.95,37.94,37.95,1249
"4923",2020-08-13 19:03:00,37.95,37.95,37.94,37.94,777
"4924",2020-08-13 19:04:00,37.94,37.95,37.93,37.93,4705
"4925",2020-08-13 19:05:00,37.93,37.93,37.9,37.9,5427
"4926",2020-08-13 19:06:00,37.9,37.9,37.86,37.86,3989
"4927",2020-08-13 19:07:00,37.86,37.86,37.83,37.83,4378
"4928",2020-08-13 19:08:00,37.83,37.89,37.83,37.87,11870
"4929",2020-08-13 19:09:00,37.87,37.91,37.87,37.87,3644
"4930",2020-08-13 19:10:00,37.88,37.92,37.86,37.9,7770
"4931",2020-08-13 19:11:00,37.9,37.9,37.86,37.87,7098
"4932",2020-08-13 19:12:00,37.88,37.91,37.87,37.9,9835
"4933",2020-08-13 19:13:00,37.89,37.91,37.88,37.91,3294
"4934",2020-08-13 19:14:00,37.91,37.92,37.91,37.91,1298
"4935",2020-08-13 19:15:00,37.9,37.9,37.88,37.88,2000
"4936",2020-08-13 19:16:00,37.88,37.92,37.86,37.92,4651
"4937",2020-08-13 19:17:00,37.92,37.94,37.92,37.94,1390
"4938",2020-08-13 19:18:00,37.94,37.94,37.94,37.94,1054
"4939",2020-08-13 19:19:00,37.93,37.94,37.92,37.93,1673
"4940",2020-08-13 19:21:00,37.94,37.95,37.93,37.93,2553
"4941",2020-08-13 19:22:00,37.91,37.91,37.9,37.9,1578
"4942",2020-08-13 19:23:00,37.9,37.9,37.89,37.9,3796
"4943",2020-08-13 19:24:00,37.9,37.92,37.9,37.92,2491
"4944",2020-08-13 19:25:00,37.93,37.94,37.92,37.92,1000
"4945",2020-08-13 19:26:00,37.92,37.92,37.9,37.92,2506
"4946",2020-08-13 19:27:00,37.92,37.93,37.92,37.92,3006
"4947",2020-08-13 19:28:00,37.91,37.93,37.91,37.91,3734
"4948",2020-08-13 19:29:00,37.9,37.9,37.87,37.87,9268
"4949",2020-08-13 19:30:00,37.88,37.88,37.85,37.86,2188
"4950",2020-08-13 19:31:00,37.86,37.88,37.85,37.87,6935
"4951",2020-08-13 19:32:00,37.87,37.88,37.87,37.88,2146
"4952",2020-08-13 19:33:00,37.89,37.89,37.86,37.88,3928
"4953",2020-08-13 19:34:00,37.87,37.9,37.87,37.9,10851
"4954",2020-08-13 19:35:00,37.9,37.91,37.9,37.9,1552
"4955",2020-08-13 19:36:00,37.9,37.9,37.88,37.88,1987
"4956",2020-08-13 19:37:00,37.88,37.9,37.88,37.9,1088
"4957",2020-08-13 19:38:00,37.89,37.89,37.86,37.86,3786
"4958",2020-08-13 19:39:00,37.86,37.87,37.86,37.87,128
"4959",2020-08-13 19:40:00,37.87,37.87,37.85,37.85,3322
"4960",2020-08-13 19:41:00,37.85,37.85,37.82,37.85,3099
"4961",2020-08-13 19:42:00,37.86,37.86,37.86,37.86,500
"4962",2020-08-13 19:43:00,37.86,37.87,37.86,37.87,622
"4963",2020-08-13 19:44:00,37.88,37.91,37.88,37.91,910
"4964",2020-08-13 19:45:00,37.9,37.93,37.9,37.93,1025
"4965",2020-08-13 19:46:00,37.92,37.92,37.89,37.89,1864
"4966",2020-08-13 19:47:00,37.9,37.9,37.89,37.89,1357
"4967",2020-08-13 19:48:00,37.9,37.9,37.9,37.9,200
"4968",2020-08-13 19:49:00,37.9,37.9,37.89,37.89,1118
"4969",2020-08-13 19:50:00,37.88,37.93,37.88,37.93,3522
"4970",2020-08-13 19:51:00,37.93,37.94,37.93,37.94,1033
"4971",2020-08-13 19:52:00,37.93,37.93,37.92,37.92,356
"4972",2020-08-13 19:53:00,37.92,37.94,37.92,37.93,3224
"4973",2020-08-13 19:54:00,37.92,37.92,37.86,37.86,2383
"4974",2020-08-13 19:55:00,37.86,37.88,37.86,37.86,1528
"4975",2020-08-13 19:56:00,37.86,37.86,37.84,37.84,1101
"4976",2020-08-13 19:57:00,37.85,37.85,37.85,37.85,1201
"4977",2020-08-13 19:58:00,37.85,37.88,37.85,37.88,2718
"4978",2020-08-13 19:59:00,37.86,37.86,37.85,37.86,491
"4979",2020-08-13 20:00:00,37.86,37.88,37.86,37.88,2026
"4980",2020-08-13 20:01:00,37.88,37.92,37.88,37.9,6002
"4981",2020-08-13 20:02:00,37.88,37.9,37.87,37.9,3833
"4982",2020-08-13 20:03:00,37.9,37.9,37.89,37.89,1294
"4983",2020-08-13 20:04:00,37.89,37.89,37.86,37.87,1147
"4984",2020-08-13 20:05:00,37.86,37.86,37.84,37.84,1112
"4985",2020-08-13 20:06:00,37.84,37.85,37.84,37.85,1922
"4986",2020-08-13 20:07:00,37.85,37.85,37.85,37.85,200
"4987",2020-08-13 20:08:00,37.85,37.86,37.85,37.85,940
"4988",2020-08-13 20:09:00,37.86,37.86,37.85,37.85,1460
"4989",2020-08-13 20:10:00,37.84,37.84,37.84,37.84,1617
"4990",2020-08-13 20:11:00,37.84,37.84,37.84,37.84,501
"4991",2020-08-13 20:12:00,37.85,37.85,37.84,37.84,295
"4992",2020-08-13 20:13:00,37.85,37.85,37.85,37.85,100
"4993",2020-08-13 20:14:00,37.84,37.84,37.84,37.84,515
"4994",2020-08-13 20:15:00,37.84,37.84,37.84,37.84,326
"4995",2020-08-13 20:16:00,37.83,37.83,37.79,37.79,3199
"4996",2020-08-13 20:17:00,37.78,37.79,37.78,37.79,824
"4997",2020-08-13 20:18:00,37.79,37.79,37.77,37.77,872
"4998",2020-08-13 20:19:00,37.77,37.78,37.75,37.75,2420
"4999",2020-08-13 20:20:00,37.74,37.74,37.71,37.72,3051
"5000",2020-08-13 20:21:00,37.72,37.74,37.72,37.74,1076
"5001",2020-08-13 20:22:00,37.76,37.78,37.76,37.77,2251
"5002",2020-08-13 20:23:00,37.76,37.76,37.74,37.74,1290
"5003",2020-08-13 20:24:00,37.73,37.75,37.73,37.75,1222
"5004",2020-08-13 20:25:00,37.74,37.74,37.66,37.66,6200
"5005",2020-08-13 20:26:00,37.67,37.68,37.59,37.6,5645
"5006",2020-08-13 20:27:00,37.6,37.63,37.6,37.63,5231
"5007",2020-08-13 20:28:00,37.64,37.64,37.6,37.61,2105
"5008",2020-08-13 20:29:00,37.62,37.63,37.62,37.62,2604
"5009",2020-08-13 20:30:00,37.63,37.64,37.63,37.64,2099
"5010",2020-08-13 20:31:00,37.62,37.67,37.62,37.67,1852
"5011",2020-08-13 20:32:00,37.66,37.66,37.64,37.65,2118
"5012",2020-08-13 20:33:00,37.63,37.63,37.54,37.56,12407
"5013",2020-08-13 20:34:00,37.57,37.57,37.54,37.56,7038
"5014",2020-08-13 20:35:00,37.55,37.57,37.54,37.55,4626
"5015",2020-08-13 20:36:00,37.56,37.6,37.56,37.6,3995
"5016",2020-08-13 20:37:00,37.6,37.64,37.6,37.64,2677
"5017",2020-08-13 20:38:00,37.65,37.66,37.6,37.6,5951
"5018",2020-08-13 20:39:00,37.6,37.61,37.58,37.61,2855
"5019",2020-08-13 20:40:00,37.62,37.63,37.6,37.62,3371
"5020",2020-08-13 20:41:00,37.62,37.64,37.62,37.63,1212
"5021",2020-08-13 20:42:00,37.64,37.67,37.64,37.67,1604
"5022",2020-08-13 20:43:00,37.67,37.67,37.67,37.67,361
"5023",2020-08-13 20:44:00,37.67,37.67,37.65,37.65,1701
"5024",2020-08-13 20:45:00,37.66,37.7,37.66,37.69,2080
"5025",2020-08-13 20:46:00,37.68,37.68,37.67,37.67,600
"5026",2020-08-13 20:47:00,37.68,37.69,37.68,37.69,2900
"5027",2020-08-13 20:48:00,37.69,37.69,37.68,37.69,1383
"5028",2020-08-13 20:49:00,37.69,37.69,37.68,37.69,205
"5029",2020-08-13 20:50:00,37.7,37.7,37.69,37.69,202
"5030",2020-08-13 20:51:00,37.68,37.68,37.68,37.68,210
"5031",2020-08-13 20:52:00,37.69,37.71,37.69,37.69,2402
"5032",2020-08-13 20:53:00,37.68,37.7,37.68,37.69,1530
"5033",2020-08-13 20:54:00,37.68,37.68,37.67,37.68,606
"5034",2020-08-13 20:55:00,37.68,37.68,37.68,37.68,100
"5035",2020-08-13 20:56:00,37.68,37.68,37.66,37.66,2289
"5036",2020-08-13 20:57:00,37.65,37.66,37.65,37.66,609
"5037",2020-08-13 20:58:00,37.66,37.67,37.66,37.66,700
"5038",2020-08-13 20:59:00,37.66,37.66,37.63,37.66,6023
"5039",2020-08-13 21:00:00,37.67,37.68,37.65,37.65,3406
"5040",2020-08-13 21:01:00,37.65,37.66,37.63,37.63,2271
"5041",2020-08-13 21:02:00,37.62,37.62,37.58,37.58,3268
"5042",2020-08-13 21:03:00,37.58,37.6,37.57,37.57,1519
"5043",2020-08-13 21:04:00,37.57,37.58,37.56,37.58,467
"5044",2020-08-13 21:05:00,37.6,37.62,37.6,37.62,2729
"5045",2020-08-13 21:06:00,37.62,37.62,37.62,37.62,332
"5046",2020-08-13 21:07:00,37.61,37.61,37.6,37.61,723
"5047",2020-08-13 21:08:00,37.61,37.61,37.6,37.6,322
"5048",2020-08-13 21:09:00,37.6,37.6,37.58,37.58,403
"5049",2020-08-13 21:10:00,37.58,37.58,37.56,37.57,2600
"5050",2020-08-13 21:11:00,37.58,37.58,37.55,37.55,1200
"5051",2020-08-13 21:12:00,37.56,37.56,37.52,37.52,1640
"5052",2020-08-13 21:13:00,37.54,37.55,37.54,37.55,2228
"5053",2020-08-13 21:14:00,37.56,37.58,37.56,37.56,565
"5054",2020-08-13 21:15:00,37.57,37.59,37.57,37.59,799
"5055",2020-08-13 21:16:00,37.6,37.62,37.6,37.62,1232
"5056",2020-08-13 21:17:00,37.61,37.61,37.57,37.58,3845
"5057",2020-08-13 21:18:00,37.59,37.59,37.58,37.59,525
"5058",2020-08-13 21:19:00,37.59,37.61,37.59,37.61,1624
"5059",2020-08-13 21:20:00,37.6,37.6,37.57,37.58,1826
"5060",2020-08-13 21:21:00,37.58,37.58,37.58,37.58,1231
"5061",2020-08-13 21:22:00,37.57,37.57,37.56,37.56,2507
"5062",2020-08-13 21:23:00,37.56,37.56,37.52,37.54,6666
"5063",2020-08-13 21:24:00,37.54,37.54,37.5,37.5,7290
"5064",2020-08-13 21:25:00,37.51,37.53,37.5,37.51,1764
"5065",2020-08-13 21:26:00,37.52,37.55,37.52,37.55,1747
"5066",2020-08-13 21:27:00,37.55,37.58,37.55,37.58,2977
"5067",2020-08-13 21:28:00,37.59,37.61,37.58,37.6,2291
"5068",2020-08-13 21:29:00,37.6,37.61,37.6,37.6,1107
"5069",2020-08-13 21:30:00,37.6,37.62,37.6,37.62,2081
"5070",2020-08-13 21:31:00,37.62,37.64,37.62,37.62,1855
"5071",2020-08-13 21:32:00,37.62,37.63,37.6,37.61,813
"5072",2020-08-13 21:33:00,37.62,37.64,37.61,37.64,7605
"5073",2020-08-13 21:34:00,37.63,37.63,37.62,37.62,1426
"5074",2020-08-13 21:35:00,37.62,37.63,37.62,37.63,693
"5075",2020-08-13 21:36:00,37.63,37.63,37.61,37.63,1931
"5076",2020-08-13 21:37:00,37.63,37.63,37.59,37.6,3848
"5077",2020-08-13 21:38:00,37.59,37.59,37.57,37.58,2100
"5078",2020-08-13 21:39:00,37.59,37.62,37.58,37.62,1387
"5079",2020-08-13 21:40:00,37.6,37.62,37.59,37.61,731
"5080",2020-08-13 21:41:00,37.63,37.66,37.63,37.66,2737
"5081",2020-08-13 21:42:00,37.67,37.68,37.66,37.68,2010
"5082",2020-08-13 21:43:00,37.68,37.69,37.66,37.68,1995
"5083",2020-08-13 21:44:00,37.66,37.67,37.65,37.65,2765
"5084",2020-08-13 21:45:00,37.65,37.65,37.62,37.63,2282
"5085",2020-08-13 21:46:00,37.64,37.72,37.64,37.72,4724
"5086",2020-08-13 21:47:00,37.72,37.72,37.71,37.72,3669
"5087",2020-08-13 21:48:00,37.7,37.7,37.7,37.7,939
"5088",2020-08-13 21:49:00,37.71,37.74,37.71,37.71,8786
"5089",2020-08-13 21:50:00,37.7,37.7,37.68,37.7,2186
"5090",2020-08-13 21:51:00,37.7,37.7,37.64,37.64,3499
"5091",2020-08-13 21:52:00,37.64,37.66,37.61,37.62,6000
"5092",2020-08-13 21:53:00,37.63,37.63,37.61,37.61,1068
"5093",2020-08-13 21:54:00,37.59,37.59,37.57,37.59,3189
"5094",2020-08-13 21:55:00,37.59,37.64,37.58,37.63,3287
"5095",2020-08-13 21:56:00,37.64,37.66,37.62,37.65,3501
"5096",2020-08-13 21:57:00,37.64,37.68,37.64,37.67,1721
"5097",2020-08-13 21:58:00,37.68,37.7,37.67,37.67,3706
"5098",2020-08-13 21:59:00,37.66,37.68,37.63,37.68,1886
"5099",2020-08-13 22:00:00,37.68,37.69,37.68,37.68,612
"5100",2020-08-13 22:01:00,37.7,37.71,37.69,37.7,1618
"5101",2020-08-13 22:02:00,37.71,37.71,37.65,37.66,1462
"5102",2020-08-13 22:03:00,37.64,37.66,37.64,37.66,2395
"5103",2020-08-13 22:04:00,37.67,37.68,37.66,37.67,2921
"5104",2020-08-13 22:05:00,37.67,37.68,37.65,37.66,785
"5105",2020-08-13 22:06:00,37.66,37.66,37.64,37.66,1269
"5106",2020-08-13 22:07:00,37.66,37.7,37.66,37.69,1850
"5107",2020-08-13 22:08:00,37.7,37.72,37.7,37.7,3100
"5108",2020-08-13 22:09:00,37.67,37.68,37.67,37.68,1401
"5109",2020-08-13 22:10:00,37.69,37.7,37.68,37.68,870
"5110",2020-08-13 22:11:00,37.67,37.69,37.65,37.69,2323
"5111",2020-08-13 22:12:00,37.7,37.72,37.7,37.7,2304
"5112",2020-08-13 22:13:00,37.69,37.73,37.69,37.73,2248
"5113",2020-08-13 22:14:00,37.74,37.74,37.72,37.74,2547
"5114",2020-08-13 22:15:00,37.73,37.73,37.72,37.73,588
"5115",2020-08-13 22:16:00,37.72,37.76,37.72,37.75,1112
"5116",2020-08-13 22:17:00,37.76,37.76,37.72,37.74,3169
"5117",2020-08-13 22:18:00,37.74,37.77,37.74,37.77,1883
"5118",2020-08-13 22:19:00,37.78,37.78,37.76,37.76,791
"5119",2020-08-13 22:20:00,37.74,37.75,37.74,37.75,1257
"5120",2020-08-13 22:21:00,37.76,37.76,37.76,37.76,3448
"5121",2020-08-13 22:22:00,37.75,37.76,37.74,37.75,1753
"5122",2020-08-13 22:23:00,37.74,37.76,37.74,37.76,1706
"5123",2020-08-13 22:24:00,37.74,37.76,37.74,37.75,2261
"5124",2020-08-13 22:25:00,37.76,37.77,37.75,37.76,4929
"5125",2020-08-13 22:26:00,37.76,37.76,37.73,37.73,2347
"5126",2020-08-13 22:27:00,37.73,37.74,37.72,37.74,2032
"5127",2020-08-13 22:28:00,37.74,37.76,37.73,37.74,2116
"5128",2020-08-13 22:29:00,37.74,37.76,37.74,37.76,3329
"5129",2020-08-13 22:30:00,37.76,37.78,37.76,37.78,2886
"5130",2020-08-13 22:31:00,37.79,37.79,37.78,37.78,2722
"5131",2020-08-13 22:32:00,37.78,37.79,37.78,37.79,1240
"5132",2020-08-13 22:33:00,37.79,37.81,37.79,37.8,4595
"5133",2020-08-13 22:34:00,37.79,37.79,37.77,37.77,1624
"5134",2020-08-13 22:35:00,37.77,37.81,37.77,37.81,1188
"5135",2020-08-13 22:36:00,37.8,37.81,37.8,37.81,2246
"5136",2020-08-13 22:37:00,37.81,37.81,37.79,37.8,4478
"5137",2020-08-13 22:38:00,37.79,37.8,37.78,37.8,1963
"5138",2020-08-13 22:39:00,37.8,37.8,37.78,37.78,604
"5139",2020-08-13 22:40:00,37.78,37.78,37.73,37.73,5152
"5140",2020-08-13 22:41:00,37.73,37.74,37.72,37.73,3119
"5141",2020-08-13 22:42:00,37.74,37.77,37.74,37.77,3666
"5142",2020-08-13 22:43:00,37.77,37.77,37.75,37.75,1565
"5143",2020-08-13 22:44:00,37.76,37.78,37.76,37.76,8313
"5144",2020-08-13 22:45:00,37.77,37.78,37.76,37.77,729
"5145",2020-08-13 22:46:00,37.76,37.76,37.74,37.76,1068
"5146",2020-08-13 22:47:00,37.75,37.75,37.74,37.75,4523
"5147",2020-08-13 22:48:00,37.74,37.74,37.72,37.72,2011
"5148",2020-08-13 22:49:00,37.72,37.74,37.72,37.73,6782
"5149",2020-08-13 22:50:00,37.73,37.74,37.69,37.71,16866
"5150",2020-08-13 22:51:00,37.71,37.76,37.69,37.76,9820
"5151",2020-08-13 22:52:00,37.76,37.77,37.74,37.75,3263
"5152",2020-08-13 22:53:00,37.75,37.76,37.74,37.76,4385
"5153",2020-08-13 22:54:00,37.76,37.77,37.76,37.77,2987
"5154",2020-08-13 22:55:00,37.78,37.78,37.76,37.78,3440
"5155",2020-08-13 22:56:00,37.78,37.8,37.77,37.78,16118
"5156",2020-08-13 22:57:00,37.78,37.78,37.76,37.77,7277
"5157",2020-08-13 22:58:00,37.78,37.81,37.78,37.81,9915
"5158",2020-08-13 22:59:00,37.81,37.85,37.81,37.85,17437
"5159",2020-08-13 23:00:00,37.84,37.84,37.78,37.82,30750
"5160",2020-08-13 23:03:00,37.82,37.82,37.82,37.82,2999
"5161",2020-08-13 23:06:00,37.79,37.79,37.79,37.79,1
"5162",2020-08-13 23:08:00,37.86,37.86,37.86,37.86,10
"5163",2020-08-13 23:09:00,37.86,37.86,37.86,37.86,15
"5164",2020-08-13 23:10:00,37.66,37.66,37.65,37.65,2
"5165",2020-08-13 23:11:00,37.73,37.73,37.73,37.73,1
"5166",2020-08-13 23:22:00,37.73,37.73,37.73,37.73,1
"5167",2020-08-13 23:38:00,37.82,37.82,37.82,37.82,1
"5168",2020-08-13 23:40:00,37.9,37.9,37.82,37.82,66
"5169",2020-08-13 23:41:00,37.82,37.82,37.82,37.82,1
"5170",2020-08-13 23:44:00,37.82,37.82,37.73,37.73,41
"5171",2020-08-13 23:45:00,37.82,37.82,37.82,37.82,182
"5172",2020-08-13 23:49:00,37.83,37.83,37.83,37.83,3
"5173",2020-08-13 23:51:00,37.83,37.83,37.83,37.83,2
"5174",2020-08-13 23:53:00,37.83,37.83,37.83,37.83,1
"5175",2020-08-13 23:54:00,37.83,37.83,37.83,37.83,1
"5176",2020-08-14 00:06:00,37.83,37.83,37.83,37.83,1
"5177",2020-08-14 00:16:00,37.9,37.9,37.9,37.9,1
"5178",2020-08-14 00:31:00,37.84,37.84,37.84,37.84,201
"5179",2020-08-14 00:32:00,37.84,37.84,37.83,37.83,2
"5180",2020-08-14 00:33:00,37.84,37.84,37.84,37.84,12
"5181",2020-08-14 00:36:00,37.83,37.83,37.83,37.83,200
"5182",2020-08-14 00:38:00,37.84,37.84,37.84,37.84,8
"5183",2020-08-14 00:41:00,37.84,37.84,37.84,37.84,80
"5184",2020-08-14 00:43:00,37.83,37.83,37.83,37.83,1
"5185",2020-08-14 00:45:00,37.83,37.84,37.83,37.84,446
"5186",2020-08-14 00:47:00,37.83,37.83,37.83,37.83,2
"5187",2020-08-14 00:49:00,37.83,37.83,37.83,37.83,4
"5188",2020-08-14 00:50:00,37.83,37.83,37.83,37.83,2
"5189",2020-08-14 00:51:00,37.83,37.83,37.83,37.83,1
"5190",2020-08-14 00:54:00,37.83,37.83,37.83,37.83,1
"5191",2020-08-14 00:56:00,37.86,37.86,37.86,37.86,50
"5192",2020-08-14 00:57:00,37.86,37.86,37.86,37.86,1
"5193",2020-08-14 00:59:00,37.83,37.83,37.83,37.83,128
"5194",2020-08-14 01:35:00,37.83,37.83,37.83,37.83,90
"5195",2020-08-14 10:02:00,37.68,37.68,37.68,37.68,1
"5196",2020-08-14 10:04:00,37.97,37.97,37.97,37.97,1
"5197",2020-08-14 10:09:00,37.85,37.85,37.85,37.85,2
"5198",2020-08-14 10:13:00,37.85,37.85,37.85,37.85,1
"5199",2020-08-14 10:18:00,37.85,37.85,37.85,37.85,1
"5200",2020-08-14 10:22:00,37.82,37.82,37.82,37.82,1
"5201",2020-08-14 10:24:00,37.85,37.85,37.85,37.85,1
"5202",2020-08-14 10:28:00,37.83,37.83,37.83,37.83,8
"5203",2020-08-14 10:29:00,37.93,37.93,37.93,37.93,1
"5204",2020-08-14 10:47:00,37.82,37.82,37.82,37.82,15
"5205",2020-08-14 10:53:00,37.74,37.8,37.74,37.8,13
"5206",2020-08-14 10:57:00,37.78,37.78,37.78,37.78,2
"5207",2020-08-14 10:58:00,37.62,37.62,37.62,37.62,1
"5208",2020-08-14 10:59:00,37.53,37.53,37.53,37.53,16
"5209",2020-08-14 11:12:00,37.8,37.8,37.78,37.78,80
"5210",2020-08-14 11:15:00,37.75,37.75,37.75,37.75,1
"5211",2020-08-14 11:16:00,37.72,37.72,37.72,37.72,1
"5212",2020-08-14 11:18:00,37.72,37.73,37.72,37.73,18
"5213",2020-08-14 11:22:00,37.67,37.75,37.67,37.75,77
"5214",2020-08-14 11:23:00,37.73,37.73,37.61,37.61,6
"5215",2020-08-14 11:34:00,37.61,37.61,37.61,37.61,5
"5216",2020-08-14 11:42:00,37.61,37.61,37.61,37.61,1
"5217",2020-08-14 12:07:00,37.6,37.6,37.6,37.6,3
"5218",2020-08-14 12:11:00,37.6,37.6,37.47,37.47,141
"5219",2020-08-14 12:13:00,37.57,37.57,37.57,37.57,30
"5220",2020-08-14 12:19:00,37.57,37.57,37.57,37.57,1
"5221",2020-08-14 12:21:00,37.58,37.58,37.58,37.58,25
"5222",2020-08-14 12:22:00,37.67,37.67,37.67,37.67,10
"5223",2020-08-14 12:25:00,37.61,37.61,37.61,37.61,4
"5224",2020-08-14 12:31:00,37.59,37.59,37.59,37.59,3
"5225",2020-08-14 12:44:00,37.54,37.54,37.54,37.54,5
"5226",2020-08-14 12:46:00,37.62,37.62,37.62,37.62,1
"5227",2020-08-14 12:49:00,37.62,37.62,37.62,37.62,3
"5228",2020-08-14 13:07:00,37.62,37.63,37.62,37.63,10
"5229",2020-08-14 13:10:00,37.62,37.62,37.62,37.62,150
"5230",2020-08-14 13:13:00,37.6,37.6,37.6,37.6,2
"5231",2020-08-14 13:14:00,37.6,37.6,37.6,37.6,1
"5232",2020-08-14 13:15:00,37.65,37.65,37.65,37.65,10
"5233",2020-08-14 13:36:00,37.61,37.61,37.61,37.61,1
"5234",2020-08-14 13:41:00,37.61,37.61,37.6,37.6,101
"5235",2020-08-14 13:44:00,37.6,37.6,37.6,37.6,29
"5236",2020-08-14 13:55:00,37.54,37.54,37.54,37.54,1
"5237",2020-08-14 14:01:00,37.66,37.66,37.66,37.66,1
"5238",2020-08-14 14:03:00,37.83,37.83,37.83,37.83,10
"5239",2020-08-14 14:43:00,37.78,37.78,37.78,37.78,100
"5240",2020-08-14 14:44:00,37.85,37.85,37.85,37.85,1
"5241",2020-08-14 14:45:00,37.85,37.85,37.85,37.85,10
"5242",2020-08-14 14:50:00,37.77,37.77,37.77,37.77,1
"5243",2020-08-14 14:51:00,37.71,37.71,37.71,37.71,8
"5244",2020-08-14 14:53:00,37.71,37.71,37.71,37.71,1
"5245",2020-08-14 14:56:00,37.85,37.85,37.85,37.85,3
"5246",2020-08-14 15:06:00,37.71,37.71,37.71,37.71,1
"5247",2020-08-14 15:10:00,37.81,37.81,37.81,37.81,5
"5248",2020-08-14 15:11:00,37.75,37.75,37.75,37.75,500
"5249",2020-08-14 15:24:00,37.76,37.76,37.76,37.76,500
"5250",2020-08-14 15:32:00,37.75,37.75,37.74,37.74,195
"5251",2020-08-14 15:33:00,37.74,37.74,37.74,37.74,315
"5252",2020-08-14 15:38:00,37.8,37.8,37.8,37.8,3
"5253",2020-08-14 15:46:00,37.76,37.76,37.76,37.76,300
"5254",2020-08-14 15:48:00,37.81,37.81,37.81,37.81,155
"5255",2020-08-14 15:49:00,37.8,37.8,37.8,37.8,2
"5256",2020-08-14 15:51:00,37.76,37.76,37.75,37.75,799
"5257",2020-08-14 15:55:00,37.74,37.74,37.74,37.74,100
"5258",2020-08-14 15:59:00,37.7,37.7,37.7,37.7,1
"5259",2020-08-14 16:05:00,37.72,37.72,37.72,37.72,81
"5260",2020-08-14 16:06:00,37.72,37.72,37.69,37.69,441
"5261",2020-08-14 16:08:00,37.68,37.68,37.68,37.68,1
"5262",2020-08-14 16:13:00,37.68,37.68,37.68,37.68,1
"5263",2020-08-14 16:14:00,37.68,37.68,37.68,37.68,2
"5264",2020-08-14 16:15:00,37.65,37.68,37.65,37.68,104
"5265",2020-08-14 16:16:00,37.68,37.7,37.68,37.7,53
"5266",2020-08-14 16:18:00,37.65,37.65,37.65,37.65,17
"5267",2020-08-14 16:21:00,37.7,37.7,37.61,37.61,82
"5268",2020-08-14 16:23:00,37.7,37.7,37.7,37.7,10
"5269",2020-08-14 16:24:00,37.69,37.7,37.69,37.7,136
"5270",2020-08-14 16:25:00,37.69,37.69,37.69,37.69,1500
"5271",2020-08-14 16:26:00,37.7,37.7,37.7,37.7,12
"5272",2020-08-14 16:27:00,37.7,37.7,37.68,37.69,14
"5273",2020-08-14 16:28:00,37.69,37.69,37.69,37.69,8
"5274",2020-08-14 16:30:00,37.69,37.69,37.61,37.66,1299
"5275",2020-08-14 16:31:00,37.74,37.74,37.74,37.74,235
"5276",2020-08-14 16:32:00,37.68,37.82,37.67,37.82,6325
"5277",2020-08-14 16:33:00,37.82,37.96,37.82,37.94,16117
"5278",2020-08-14 16:34:00,37.95,37.95,37.76,37.77,13105
"5279",2020-08-14 16:35:00,37.79,37.84,37.72,37.72,11715
"5280",2020-08-14 16:36:00,37.71,37.74,37.65,37.73,9322
"5281",2020-08-14 16:37:00,37.75,37.79,37.68,37.68,6028
"5282",2020-08-14 16:38:00,37.69,37.87,37.65,37.86,13601
"5283",2020-08-14 16:39:00,37.86,37.88,37.8,37.85,4618
"5284",2020-08-14 16:40:00,37.85,37.86,37.78,37.78,3144
"5285",2020-08-14 16:41:00,37.72,37.74,37.69,37.71,14309
"5286",2020-08-14 16:42:00,37.69,37.72,37.69,37.69,2956
"5287",2020-08-14 16:43:00,37.68,37.72,37.67,37.67,4901
"5288",2020-08-14 16:44:00,37.66,37.72,37.65,37.7,3089
"5289",2020-08-14 16:45:00,37.74,37.77,37.72,37.76,6040
"5290",2020-08-14 16:46:00,37.76,37.76,37.68,37.7,4030
"5291",2020-08-14 16:47:00,37.7,37.7,37.54,37.54,5524
"5292",2020-08-14 16:48:00,37.54,37.56,37.49,37.5,10114
"5293",2020-08-14 16:49:00,37.49,37.55,37.49,37.51,5090
"5294",2020-08-14 16:50:00,37.51,37.51,37.46,37.47,2507
"5295",2020-08-14 16:51:00,37.49,37.52,37.3,37.3,31610
"5296",2020-08-14 16:52:00,37.32,37.41,37.32,37.37,29705
"5297",2020-08-14 16:53:00,37.35,37.48,37.35,37.47,7908
"5298",2020-08-14 16:54:00,37.45,37.48,37.43,37.47,7799
"5299",2020-08-14 16:55:00,37.47,37.52,37.45,37.5,2776
"5300",2020-08-14 16:56:00,37.52,37.52,37.46,37.5,12263
"5301",2020-08-14 16:57:00,37.49,37.51,37.44,37.48,4879
"5302",2020-08-14 16:58:00,37.48,37.55,37.48,37.5,2227
"5303",2020-08-14 16:59:00,37.5,37.54,37.49,37.54,3334
"5304",2020-08-14 17:00:00,37.54,37.54,37.49,37.49,2476
"5305",2020-08-14 17:01:00,37.49,37.5,37.46,37.47,10334
"5306",2020-08-14 17:02:00,37.48,37.52,37.48,37.5,4520
"5307",2020-08-14 17:03:00,37.49,37.5,37.45,37.45,901
"5308",2020-08-14 17:04:00,37.46,37.47,37.38,37.38,4194
"5309",2020-08-14 17:05:00,37.36,37.41,37.36,37.41,2439
"5310",2020-08-14 17:06:00,37.42,37.43,37.39,37.42,3284
"5311",2020-08-14 17:07:00,37.44,37.44,37.37,37.38,3207
"5312",2020-08-14 17:08:00,37.38,37.4,37.38,37.38,3558
"5313",2020-08-14 17:09:00,37.39,37.4,37.38,37.39,2714
"5314",2020-08-14 17:10:00,37.39,37.41,37.38,37.41,2142
"5315",2020-08-14 17:11:00,37.44,37.52,37.44,37.52,4377
"5316",2020-08-14 17:12:00,37.52,37.54,37.5,37.5,5959
"5317",2020-08-14 17:13:00,37.5,37.5,37.46,37.47,999
"5318",2020-08-14 17:14:00,37.46,37.46,37.39,37.39,2082
"5319",2020-08-14 17:15:00,37.39,37.4,37.33,37.33,3922
"5320",2020-08-14 17:16:00,37.34,37.42,37.34,37.42,3193
"5321",2020-08-14 17:17:00,37.43,37.43,37.36,37.36,4114
"5322",2020-08-14 17:18:00,37.35,37.35,37.28,37.28,2861
"5323",2020-08-14 17:19:00,37.29,37.36,37.29,37.36,1779
"5324",2020-08-14 17:20:00,37.37,37.37,37.33,37.34,3227
"5325",2020-08-14 17:21:00,37.35,37.36,37.32,37.32,4120
"5326",2020-08-14 17:22:00,37.32,37.36,37.32,37.33,2716
"5327",2020-08-14 17:23:00,37.34,37.37,37.34,37.35,1937
"5328",2020-08-14 17:24:00,37.35,37.37,37.34,37.36,1957
"5329",2020-08-14 17:25:00,37.35,37.38,37.35,37.38,511
"5330",2020-08-14 17:26:00,37.38,37.39,37.37,37.38,1829
"5331",2020-08-14 17:27:00,37.37,37.4,37.35,37.38,4030
"5332",2020-08-14 17:28:00,37.4,37.4,37.38,37.38,617
"5333",2020-08-14 17:29:00,37.37,37.37,37.34,37.36,1585
"5334",2020-08-14 17:30:00,37.36,37.36,37.33,37.36,1218
"5335",2020-08-14 17:31:00,37.36,37.43,37.33,37.43,4892
"5336",2020-08-14 17:32:00,37.43,37.44,37.4,37.42,3260
"5337",2020-08-14 17:33:00,37.43,37.44,37.42,37.42,1013
"5338",2020-08-14 17:34:00,37.43,37.48,37.43,37.46,3570
"5339",2020-08-14 17:35:00,37.45,37.45,37.42,37.42,1100
"5340",2020-08-14 17:36:00,37.43,37.43,37.41,37.41,2455
"5341",2020-08-14 17:37:00,37.41,37.42,37.41,37.42,947
"5342",2020-08-14 17:38:00,37.42,37.42,37.42,37.42,484
"5343",2020-08-14 17:39:00,37.41,37.41,37.38,37.39,2726
"5344",2020-08-14 17:40:00,37.38,37.42,37.38,37.42,2005
"5345",2020-08-14 17:41:00,37.42,37.43,37.42,37.43,1212
"5346",2020-08-14 17:42:00,37.44,37.45,37.44,37.44,1290
"5347",2020-08-14 17:43:00,37.43,37.43,37.41,37.42,2027
"5348",2020-08-14 17:44:00,37.42,37.43,37.42,37.42,959
"5349",2020-08-14 17:45:00,37.42,37.46,37.42,37.45,1199
"5350",2020-08-14 17:46:00,37.46,37.49,37.46,37.49,684
"5351",2020-08-14 17:47:00,37.5,37.52,37.5,37.51,1535
"5352",2020-08-14 17:48:00,37.51,37.53,37.5,37.5,3914
"5353",2020-08-14 17:49:00,37.49,37.5,37.45,37.5,10413
"5354",2020-08-14 17:50:00,37.49,37.5,37.48,37.49,1301
"5355",2020-08-14 17:51:00,37.5,37.59,37.5,37.59,35828
"5356",2020-08-14 17:52:00,37.58,37.61,37.56,37.6,26469
"5357",2020-08-14 17:53:00,37.61,37.61,37.52,37.53,3665
"5358",2020-08-14 17:54:00,37.52,37.6,37.52,37.59,18335
"5359",2020-08-14 17:55:00,37.58,37.61,37.58,37.6,3452
"5360",2020-08-14 17:56:00,37.59,37.59,37.54,37.54,857
"5361",2020-08-14 17:57:00,37.52,37.52,37.48,37.49,3262
"5362",2020-08-14 17:58:00,37.48,37.49,37.48,37.48,2424
"5363",2020-08-14 17:59:00,37.48,37.51,37.48,37.48,3225
"5364",2020-08-14 18:00:00,37.46,37.48,37.46,37.48,900
"5365",2020-08-14 18:01:00,37.48,37.52,37.47,37.5,899
"5366",2020-08-14 18:02:00,37.49,37.5,37.47,37.5,833
"5367",2020-08-14 18:03:00,37.5,37.5,37.48,37.49,1883
"5368",2020-08-14 18:04:00,37.5,37.5,37.46,37.46,904
"5369",2020-08-14 18:05:00,37.45,37.45,37.42,37.43,1299
"5370",2020-08-14 18:06:00,37.44,37.47,37.44,37.47,1218
"5371",2020-08-14 18:07:00,37.48,37.49,37.48,37.48,683
"5372",2020-08-14 18:08:00,37.48,37.49,37.47,37.47,419
"5373",2020-08-14 18:09:00,37.47,37.5,37.47,37.5,1246
"5374",2020-08-14 18:10:00,37.51,37.52,37.48,37.49,1440
"5375",2020-08-14 18:11:00,37.48,37.52,37.48,37.51,3180
"5376",2020-08-14 18:12:00,37.5,37.5,37.47,37.48,995
"5377",2020-08-14 18:13:00,37.49,37.49,37.48,37.48,1304
"5378",2020-08-14 18:14:00,37.48,37.5,37.48,37.48,4506
"5379",2020-08-14 18:15:00,37.48,37.5,37.48,37.5,688
"5380",2020-08-14 18:16:00,37.51,37.54,37.51,37.53,919
"5381",2020-08-14 18:17:00,37.53,37.54,37.52,37.52,524
"5382",2020-08-14 18:18:00,37.52,37.53,37.52,37.52,453
"5383",2020-08-14 18:19:00,37.51,37.51,37.48,37.48,3068
"5384",2020-08-14 18:20:00,37.48,37.48,37.47,37.48,2206
"5385",2020-08-14 18:21:00,37.48,37.51,37.47,37.51,1796
"5386",2020-08-14 18:22:00,37.49,37.5,37.49,37.49,294
"5387",2020-08-14 18:23:00,37.49,37.49,37.47,37.47,492
"5388",2020-08-14 18:24:00,37.46,37.47,37.45,37.47,1690
"5389",2020-08-14 18:25:00,37.47,37.49,37.47,37.49,2699
"5390",2020-08-14 18:26:00,37.47,37.47,37.46,37.46,615
"5391",2020-08-14 18:27:00,37.45,37.46,37.45,37.45,1467
"5392",2020-08-14 18:28:00,37.45,37.45,37.44,37.45,1855
"5393",2020-08-14 18:29:00,37.45,37.48,37.45,37.48,1185
"5394",2020-08-14 18:30:00,37.48,37.48,37.44,37.44,1586
"5395",2020-08-14 18:31:00,37.45,37.45,37.45,37.45,200
"5396",2020-08-14 18:32:00,37.46,37.46,37.46,37.46,728
"5397",2020-08-14 18:33:00,37.47,37.47,37.42,37.42,3640
"5398",2020-08-14 18:34:00,37.41,37.42,37.4,37.42,582
"5399",2020-08-14 18:35:00,37.43,37.43,37.43,37.43,200
"5400",2020-08-14 18:36:00,37.44,37.47,37.44,37.46,6567
"5401",2020-08-14 18:37:00,37.45,37.45,37.44,37.45,1629
"5402",2020-08-14 18:38:00,37.46,37.46,37.45,37.46,231
"5403",2020-08-14 18:39:00,37.45,37.45,37.43,37.43,212
"5404",2020-08-14 18:40:00,37.42,37.43,37.42,37.43,567
"5405",2020-08-14 18:41:00,37.43,37.43,37.43,37.43,24
"5406",2020-08-14 18:42:00,37.42,37.42,37.37,37.37,3889
"5407",2020-08-14 18:43:00,37.37,37.37,37.36,37.36,2473
"5408",2020-08-14 18:44:00,37.37,37.42,37.37,37.42,3012
"5409",2020-08-14 18:45:00,37.42,37.44,37.42,37.42,3691
"5410",2020-08-14 18:46:00,37.42,37.43,37.42,37.43,1037
"5411",2020-08-14 18:47:00,37.43,37.44,37.42,37.42,568
"5412",2020-08-14 18:48:00,37.43,37.47,37.43,37.47,1814
"5413",2020-08-14 18:49:00,37.48,37.48,37.46,37.46,2112
"5414",2020-08-14 18:50:00,37.45,37.47,37.45,37.46,2632
"5415",2020-08-14 18:51:00,37.44,37.44,37.42,37.44,2537
"5416",2020-08-14 18:52:00,37.43,37.44,37.43,37.44,791
"5417",2020-08-14 18:53:00,37.44,37.44,37.44,37.44,127
"5418",2020-08-14 18:54:00,37.44,37.44,37.44,37.44,599
"5419",2020-08-14 18:55:00,37.42,37.42,37.42,37.42,1020
"5420",2020-08-14 18:56:00,37.42,37.45,37.42,37.45,1360
"5421",2020-08-14 18:57:00,37.44,37.44,37.42,37.42,465
"5422",2020-08-14 18:58:00,37.42,37.42,37.41,37.41,400
"5423",2020-08-14 18:59:00,37.4,37.4,37.39,37.4,1740
"5424",2020-08-14 19:00:00,37.39,37.44,37.39,37.44,2933
"5425",2020-08-14 19:01:00,37.44,37.48,37.44,37.48,1497
"5426",2020-08-14 19:02:00,37.48,37.55,37.48,37.54,5816
"5427",2020-08-14 19:03:00,37.54,37.55,37.52,37.53,2555
"5428",2020-08-14 19:04:00,37.53,37.53,37.51,37.51,1005
"5429",2020-08-14 19:05:00,37.51,37.51,37.48,37.48,1189
"5430",2020-08-14 19:06:00,37.48,37.49,37.48,37.49,525
"5431",2020-08-14 19:07:00,37.48,37.48,37.47,37.47,107
"5432",2020-08-14 19:08:00,37.45,37.47,37.45,37.47,1008
"5433",2020-08-14 19:09:00,37.48,37.49,37.48,37.49,252
"5434",2020-08-14 19:10:00,37.49,37.49,37.48,37.49,604
"5435",2020-08-14 19:11:00,37.49,37.49,37.48,37.49,1000
"5436",2020-08-14 19:12:00,37.49,37.49,37.47,37.47,1210
"5437",2020-08-14 19:13:00,37.47,37.47,37.46,37.46,410
"5438",2020-08-14 19:14:00,37.46,37.56,37.46,37.55,22943
"5439",2020-08-14 19:15:00,37.55,37.58,37.52,37.56,12142
"5440",2020-08-14 19:16:00,37.55,37.56,37.53,37.53,10482
"5441",2020-08-14 19:17:00,37.54,37.65,37.54,37.59,20544
"5442",2020-08-14 19:18:00,37.58,37.58,37.53,37.54,2004
"5443",2020-08-14 19:19:00,37.55,37.61,37.55,37.59,6955
"5444",2020-08-14 19:20:00,37.59,37.63,37.57,37.57,10063
"5445",2020-08-14 19:21:00,37.56,37.57,37.52,37.54,5861
"5446",2020-08-14 19:22:00,37.53,37.55,37.5,37.55,5160
"5447",2020-08-14 19:23:00,37.56,37.58,37.55,37.55,5314
"5448",2020-08-14 19:24:00,37.54,37.59,37.54,37.58,6659
"5449",2020-08-14 19:25:00,37.58,37.59,37.58,37.58,1115
"5450",2020-08-14 19:26:00,37.59,37.6,37.58,37.6,1791
"5451",2020-08-14 19:27:00,37.61,37.63,37.55,37.55,12813
"5452",2020-08-14 19:28:00,37.54,37.54,37.47,37.5,10838
"5453",2020-08-14 19:29:00,37.49,37.51,37.49,37.51,2328
"5454",2020-08-14 19:30:00,37.51,37.54,37.51,37.54,1837
"5455",2020-08-14 19:31:00,37.54,37.56,37.54,37.55,1678
"5456",2020-08-14 19:32:00,37.55,37.56,37.55,37.55,310
"5457",2020-08-14 19:33:00,37.56,37.7,37.56,37.69,21711
"5458",2020-08-14 19:34:00,37.69,37.72,37.67,37.68,13730
"5459",2020-08-14 19:35:00,37.7,37.78,37.7,37.76,10050
"5460",2020-08-14 19:36:00,37.76,37.79,37.75,37.76,10942
"5461",2020-08-14 19:37:00,37.76,37.77,37.73,37.74,6400
"5462",2020-08-14 19:38:00,37.74,37.75,37.72,37.74,3888
"5463",2020-08-14 19:39:00,37.75,37.77,37.73,37.74,6610
"5464",2020-08-14 19:40:00,37.75,37.82,37.75,37.82,3114
"5465",2020-08-14 19:41:00,37.82,37.83,37.77,37.78,3285
"5466",2020-08-14 19:42:00,37.78,37.79,37.78,37.78,3624
"5467",2020-08-14 19:43:00,37.78,37.79,37.78,37.79,372
"5468",2020-08-14 19:44:00,37.77,37.79,37.77,37.78,3846
"5469",2020-08-14 19:45:00,37.77,37.78,37.77,37.77,2210
"5470",2020-08-14 19:46:00,37.78,37.79,37.78,37.79,636
"5471",2020-08-14 19:47:00,37.77,37.79,37.77,37.78,7020
"5472",2020-08-14 19:48:00,37.77,37.77,37.68,37.68,5773
"5473",2020-08-14 19:49:00,37.68,37.7,37.68,37.68,3600
"5474",2020-08-14 19:50:00,37.68,37.7,37.68,37.69,1853
"5475",2020-08-14 19:51:00,37.69,37.7,37.69,37.7,710
"5476",2020-08-14 19:52:00,37.68,37.69,37.68,37.68,1210
"5477",2020-08-14 19:53:00,37.69,37.74,37.69,37.74,2030
"5478",2020-08-14 19:54:00,37.74,37.74,37.73,37.73,134
"5479",2020-08-14 19:55:00,37.73,37.74,37.73,37.74,599
"5480",2020-08-14 19:56:00,37.75,37.76,37.74,37.75,909
"5481",2020-08-14 19:57:00,37.75,37.76,37.75,37.76,315
"5482",2020-08-14 19:58:00,37.76,37.76,37.74,37.74,386
"5483",2020-08-14 19:59:00,37.74,37.74,37.71,37.71,1145
"5484",2020-08-14 20:00:00,37.72,37.72,37.71,37.72,978
"5485",2020-08-14 20:01:00,37.72,37.73,37.72,37.73,307
"5486",2020-08-14 20:02:00,37.74,37.74,37.73,37.73,2078
"5487",2020-08-14 20:03:00,37.73,37.74,37.73,37.74,1255
"5488",2020-08-14 20:04:00,37.74,37.74,37.74,37.74,898
"5489",2020-08-14 20:05:00,37.74,37.74,37.73,37.73,289
"5490",2020-08-14 20:07:00,37.73,37.73,37.73,37.73,731
"5491",2020-08-14 20:08:00,37.73,37.73,37.72,37.73,826
"5492",2020-08-14 20:09:00,37.73,37.73,37.73,37.73,1054
"5493",2020-08-14 20:10:00,37.72,37.73,37.72,37.72,1268
"5494",2020-08-14 20:11:00,37.72,37.74,37.7,37.74,2010
"5495",2020-08-14 20:12:00,37.75,37.82,37.75,37.81,2773
"5496",2020-08-14 20:13:00,37.82,37.85,37.82,37.84,2899
"5497",2020-08-14 20:14:00,37.83,37.83,37.78,37.78,3630
"5498",2020-08-14 20:15:00,37.78,37.78,37.77,37.77,701
"5499",2020-08-14 20:16:00,37.76,37.78,37.76,37.78,1620
"5500",2020-08-14 20:17:00,37.76,37.76,37.75,37.76,750
"5501",2020-08-14 20:18:00,37.76,37.77,37.76,37.77,1616
"5502",2020-08-14 20:19:00,37.77,37.78,37.77,37.77,1124
"5503",2020-08-14 20:20:00,37.78,37.82,37.78,37.82,2778
"5504",2020-08-14 20:21:00,37.82,37.82,37.82,37.82,1400
"5505",2020-08-14 20:22:00,37.82,37.84,37.82,37.83,659
"5506",2020-08-14 20:23:00,37.84,37.84,37.78,37.78,2004
"5507",2020-08-14 20:24:00,37.77,37.83,37.77,37.83,1751
"5508",2020-08-14 20:25:00,37.84,37.84,37.84,37.84,1244
"5509",2020-08-14 20:26:00,37.84,37.84,37.84,37.84,300
"5510",2020-08-14 20:27:00,37.84,37.84,37.84,37.84,1221
"5511",2020-08-14 20:28:00,37.83,37.84,37.83,37.84,326
"5512",2020-08-14 20:29:00,37.84,37.84,37.84,37.84,800
"5513",2020-08-14 20:30:00,37.84,37.84,37.84,37.84,1548
"5514",2020-08-14 20:31:00,37.85,37.86,37.85,37.86,1967
"5515",2020-08-14 20:32:00,37.86,37.87,37.86,37.87,411
"5516",2020-08-14 20:33:00,37.86,37.86,37.84,37.85,1183
"5517",2020-08-14 20:34:00,37.86,37.86,37.84,37.84,1476
"5518",2020-08-14 20:35:00,37.83,37.83,37.83,37.83,100
"5519",2020-08-14 20:36:00,37.82,37.82,37.81,37.81,415
"5520",2020-08-14 20:37:00,37.82,37.83,37.82,37.82,1839
"5521",2020-08-14 20:38:00,37.82,37.84,37.82,37.84,1044
"5522",2020-08-14 20:39:00,37.84,37.85,37.84,37.85,2174
"5523",2020-08-14 20:40:00,37.86,37.89,37.86,37.89,4384
"5524",2020-08-14 20:41:00,37.89,37.89,37.88,37.89,1585
"5525",2020-08-14 20:42:00,37.88,37.89,37.88,37.89,3484
"5526",2020-08-14 20:43:00,37.89,37.9,37.88,37.89,5834
"5527",2020-08-14 20:44:00,37.88,37.89,37.88,37.88,410
"5528",2020-08-14 20:45:00,37.89,37.89,37.89,37.89,793
"5529",2020-08-14 20:46:00,37.88,37.88,37.87,37.88,613
"5530",2020-08-14 20:47:00,37.87,37.87,37.87,37.87,614
"5531",2020-08-14 20:48:00,37.88,37.88,37.87,37.87,1074
"5532",2020-08-14 20:49:00,37.87,37.88,37.87,37.88,1943
"5533",2020-08-14 20:50:00,37.89,37.89,37.88,37.88,402
"5534",2020-08-14 20:51:00,37.87,37.87,37.85,37.87,2035
"5535",2020-08-14 20:52:00,37.88,37.89,37.88,37.89,156
"5536",2020-08-14 20:53:00,37.88,37.88,37.87,37.87,1339
"5537",2020-08-14 20:54:00,37.88,37.88,37.87,37.87,1569
"5538",2020-08-14 20:55:00,37.88,37.89,37.88,37.89,1760
"5539",2020-08-14 20:56:00,37.88,37.88,37.86,37.86,1470
"5540",2020-08-14 20:57:00,37.86,37.86,37.83,37.84,2037
"5541",2020-08-14 20:58:00,37.84,37.85,37.84,37.84,1820
"5542",2020-08-14 20:59:00,37.85,37.85,37.84,37.84,897
"5543",2020-08-14 21:00:00,37.84,37.86,37.84,37.86,2498
"5544",2020-08-14 21:01:00,37.85,37.85,37.84,37.85,878
"5545",2020-08-14 21:02:00,37.85,37.85,37.81,37.81,1700
"5546",2020-08-14 21:03:00,37.82,37.82,37.8,37.8,2182
"5547",2020-08-14 21:04:00,37.79,37.79,37.78,37.79,838
"5548",2020-08-14 21:05:00,37.8,37.8,37.8,37.8,1500
"5549",2020-08-14 21:06:00,37.78,37.78,37.78,37.78,1806
"5550",2020-08-14 21:07:00,37.78,37.78,37.78,37.78,301
"5551",2020-08-14 21:08:00,37.78,37.78,37.78,37.78,1001
"5552",2020-08-14 21:09:00,37.78,37.79,37.78,37.79,140
"5553",2020-08-14 21:10:00,37.78,37.8,37.78,37.8,4194
"5554",2020-08-14 21:11:00,37.82,37.83,37.79,37.8,1725
"5555",2020-08-14 21:12:00,37.8,37.8,37.8,37.8,1160
"5556",2020-08-14 21:13:00,37.8,37.83,37.8,37.83,2887
"5557",2020-08-14 21:14:00,37.83,37.83,37.83,37.83,1196
"5558",2020-08-14 21:15:00,37.83,37.83,37.82,37.82,442
"5559",2020-08-14 21:16:00,37.83,37.84,37.83,37.84,1495
"5560",2020-08-14 21:17:00,37.84,37.85,37.84,37.85,639
"5561",2020-08-14 21:18:00,37.85,37.85,37.83,37.84,2674
"5562",2020-08-14 21:19:00,37.84,37.84,37.83,37.84,2809
"5563",2020-08-14 21:20:00,37.84,37.84,37.84,37.84,620
"5564",2020-08-14 21:21:00,37.84,37.84,37.84,37.84,916
"5565",2020-08-14 21:22:00,37.84,37.84,37.83,37.84,3392
"5566",2020-08-14 21:23:00,37.83,37.85,37.83,37.85,1370
"5567",2020-08-14 21:24:00,37.85,37.86,37.85,37.85,336
"5568",2020-08-14 21:25:00,37.86,37.87,37.86,37.87,2489
"5569",2020-08-14 21:26:00,37.86,37.86,37.83,37.83,2337
"5570",2020-08-14 21:27:00,37.83,37.83,37.8,37.81,3128
"5571",2020-08-14 21:28:00,37.82,37.82,37.82,37.82,1293
"5572",2020-08-14 21:29:00,37.81,37.82,37.8,37.82,1523
"5573",2020-08-14 21:30:00,37.82,37.82,37.82,37.82,1334
"5574",2020-08-14 21:31:00,37.82,37.82,37.82,37.82,100
"5575",2020-08-14 21:32:00,37.82,37.87,37.82,37.87,4820
"5576",2020-08-14 21:33:00,37.86,37.87,37.86,37.87,332
"5577",2020-08-14 21:34:00,37.87,37.87,37.87,37.87,395
"5578",2020-08-14 21:35:00,37.88,37.91,37.88,37.89,6030
"5579",2020-08-14 21:36:00,37.88,37.89,37.88,37.89,450
"5580",2020-08-14 21:37:00,37.9,37.9,37.88,37.88,1263
"5581",2020-08-14 21:38:00,37.88,37.89,37.88,37.88,632
"5582",2020-08-14 21:39:00,37.88,37.89,37.88,37.89,648
"5583",2020-08-14 21:40:00,37.88,37.88,37.86,37.86,802
"5584",2020-08-14 21:41:00,37.85,37.85,37.84,37.84,1349
"5585",2020-08-14 21:42:00,37.84,37.85,37.84,37.85,1126
"5586",2020-08-14 21:43:00,37.84,37.84,37.82,37.82,221
"5587",2020-08-14 21:44:00,37.81,37.81,37.81,37.81,1808
"5588",2020-08-14 21:45:00,37.82,37.83,37.82,37.83,536
"5589",2020-08-14 21:46:00,37.83,37.83,37.81,37.82,1678
"5590",2020-08-14 21:47:00,37.82,37.82,37.82,37.82,761
"5591",2020-08-14 21:48:00,37.82,37.82,37.82,37.82,1612
"5592",2020-08-14 21:49:00,37.82,37.82,37.82,37.82,2368
"5593",2020-08-14 21:51:00,37.82,37.84,37.82,37.84,2766
"5594",2020-08-14 21:52:00,37.84,37.88,37.84,37.88,3919
"5595",2020-08-14 21:53:00,37.89,37.92,37.89,37.92,2728
"5596",2020-08-14 21:54:00,37.91,37.91,37.88,37.88,1806
"5597",2020-08-14 21:55:00,37.87,37.88,37.87,37.88,2248
"5598",2020-08-14 21:56:00,37.89,37.89,37.88,37.88,1736
"5599",2020-08-14 21:57:00,37.87,37.87,37.86,37.86,971
"5600",2020-08-14 21:58:00,37.86,37.86,37.86,37.86,4
"5601",2020-08-14 21:59:00,37.87,37.87,37.85,37.86,2271
"5602",2020-08-14 22:00:00,37.85,37.85,37.83,37.84,2959
"5603",2020-08-14 22:01:00,37.85,37.87,37.85,37.87,1751
"5604",2020-08-14 22:02:00,37.87,37.87,37.83,37.83,2635
"5605",2020-08-14 22:03:00,37.82,37.83,37.82,37.83,849
"5606",2020-08-14 22:04:00,37.83,37.83,37.83,37.83,600
"5607",2020-08-14 22:05:00,37.83,37.85,37.83,37.85,1703
"5608",2020-08-14 22:06:00,37.84,37.85,37.83,37.85,3492
"5609",2020-08-14 22:07:00,37.86,37.88,37.86,37.87,2828
"5610",2020-08-14 22:08:00,37.87,37.87,37.86,37.86,1062
"5611",2020-08-14 22:09:00,37.86,37.86,37.84,37.85,2272
"5612",2020-08-14 22:10:00,37.86,37.88,37.85,37.87,3082
"5613",2020-08-14 22:11:00,37.86,37.86,37.86,37.86,1390
"5614",2020-08-14 22:12:00,37.86,37.86,37.86,37.86,200
"5615",2020-08-14 22:13:00,37.85,37.85,37.84,37.84,702
"5616",2020-08-14 22:14:00,37.85,37.85,37.82,37.82,2344
"5617",2020-08-14 22:15:00,37.82,37.85,37.82,37.84,3372
"5618",2020-08-14 22:16:00,37.85,37.86,37.85,37.86,1361
"5619",2020-08-14 22:17:00,37.85,37.89,37.85,37.88,2017
"5620",2020-08-14 22:18:00,37.88,37.89,37.87,37.89,2835
"5621",2020-08-14 22:19:00,37.88,37.88,37.87,37.88,1194
"5622",2020-08-14 22:20:00,37.88,37.88,37.87,37.88,1376
"5623",2020-08-14 22:21:00,37.88,37.89,37.88,37.89,2115
"5624",2020-08-14 22:22:00,37.89,37.89,37.87,37.87,334
"5625",2020-08-14 22:23:00,37.87,37.9,37.87,37.9,1537
"5626",2020-08-14 22:24:00,37.9,37.9,37.9,37.9,1580
"5627",2020-08-14 22:25:00,37.9,37.9,37.86,37.87,2805
"5628",2020-08-14 22:26:00,37.86,37.86,37.85,37.86,3056
"5629",2020-08-14 22:27:00,37.86,37.88,37.86,37.88,879
"5630",2020-08-14 22:28:00,37.88,37.89,37.88,37.88,2346
"5631",2020-08-14 22:29:00,37.88,37.88,37.87,37.87,2813
"5632",2020-08-14 22:30:00,37.88,37.88,37.87,37.88,3199
"5633",2020-08-14 22:31:00,37.87,37.87,37.84,37.84,2100
"5634",2020-08-14 22:32:00,37.85,37.86,37.85,37.86,894
"5635",2020-08-14 22:33:00,37.85,37.85,37.81,37.82,4564
"5636",2020-08-14 22:34:00,37.82,37.83,37.8,37.8,2893
"5637",2020-08-14 22:35:00,37.81,37.82,37.81,37.82,2295
"5638",2020-08-14 22:36:00,37.82,37.82,37.82,37.82,766
"5639",2020-08-14 22:37:00,37.82,37.82,37.82,37.82,700
"5640",2020-08-14 22:38:00,37.81,37.81,37.77,37.78,4660
"5641",2020-08-14 22:39:00,37.78,37.79,37.78,37.79,2803
"5642",2020-08-14 22:40:00,37.79,37.79,37.78,37.79,878
"5643",2020-08-14 22:41:00,37.79,37.79,37.78,37.78,1417
"5644",2020-08-14 22:42:00,37.78,37.78,37.78,37.78,1462
"5645",2020-08-14 22:43:00,37.77,37.77,37.76,37.76,1024
"5646",2020-08-14 22:44:00,37.77,37.81,37.77,37.81,3796
"5647",2020-08-14 22:45:00,37.82,37.84,37.81,37.83,2802
"5648",2020-08-14 22:46:00,37.84,37.86,37.84,37.86,2045
"5649",2020-08-14 22:47:00,37.86,37.86,37.84,37.86,2634
"5650",2020-08-14 22:48:00,37.86,37.86,37.83,37.83,5571
"5651",2020-08-14 22:49:00,37.83,37.83,37.82,37.82,719
"5652",2020-08-14 22:50:00,37.82,37.83,37.79,37.8,4268
"5653",2020-08-14 22:51:00,37.8,37.83,37.8,37.83,8071
"5654",2020-08-14 22:52:00,37.83,37.84,37.82,37.84,3155
"5655",2020-08-14 22:53:00,37.83,37.83,37.8,37.82,5041
"5656",2020-08-14 22:54:00,37.83,37.85,37.83,37.85,3059
"5657",2020-08-14 22:55:00,37.86,37.88,37.86,37.88,4093
"5658",2020-08-14 22:56:00,37.88,37.89,37.88,37.88,9333
"5659",2020-08-14 22:57:00,37.88,37.88,37.86,37.86,5099
"5660",2020-08-14 22:58:00,37.87,37.88,37.85,37.85,3925
"5661",2020-08-14 22:59:00,37.84,37.88,37.84,37.86,6114
"5662",2020-08-14 23:00:00,37.86,37.9,37.86,37.9,8809
"5663",2020-08-14 23:02:00,37.9,37.9,37.9,37.9,127
"5664",2020-08-14 23:03:00,37.9,37.9,37.9,37.9,733
"5665",2020-08-14 23:04:00,37.9,37.9,37.9,37.9,2
"5666",2020-08-14 23:05:00,37.9,37.9,37.9,37.9,3273
"5667",2020-08-14 23:07:00,37.9,37.9,37.9,37.9,1
"5668",2020-08-14 23:08:00,37.9,37.9,37.9,37.9,1
"5669",2020-08-14 23:09:00,37.9,37.9,37.9,37.9,2
"5670",2020-08-14 23:11:00,37.9,37.9,37.9,37.9,16
"5671",2020-08-14 23:12:00,37.83,37.83,37.76,37.76,340
"5672",2020-08-14 23:18:00,37.78,37.78,37.77,37.77,102
"5673",2020-08-14 23:19:00,37.77,37.77,37.77,37.77,1
"5674",2020-08-14 23:39:00,37.78,37.78,37.78,37.78,121
"5675",2020-08-15 00:04:00,37.87,37.87,37.87,37.87,541
"5676",2020-08-15 00:05:00,37.9,37.9,37.9,37.9,500
"5677",2020-08-15 00:11:00,37.9,37.9,37.9,37.9,1
"5678",2020-08-15 00:30:00,37.9,37.9,37.9,37.9,14
"5679",2020-08-15 00:45:00,37.78,37.78,37.78,37.78,1
"5680",2020-08-15 00:59:00,37.89,37.9,37.89,37.9,32
"5681",2020-08-15 01:14:00,37.85,37.85,37.85,37.85,1
"5682",2020-08-15 01:43:00,37.87,37.87,37.87,37.87,1
"5683",2020-08-17 10:03:00,37.87,37.87,37.87,37.87,1
"5684",2020-08-17 10:04:00,37.96,37.96,37.95,37.95,80
"5685",2020-08-17 10:08:00,37.94,37.94,37.94,37.94,2
"5686",2020-08-17 10:10:00,38.06,38.06,38.06,38.06,1
"5687",2020-08-17 10:11:00,37.98,37.98,37.98,37.98,1
"5688",2020-08-17 10:13:00,37.98,37.98,37.98,37.98,2
"5689",2020-08-17 10:14:00,38,38,38,38,22
"5690",2020-08-17 10:15:00,37.96,37.96,37.84,37.84,3
"5691",2020-08-17 10:19:00,37.85,37.85,37.85,37.85,2
"5692",2020-08-17 10:21:00,37.9,37.9,37.9,37.9,1
"5693",2020-08-17 10:23:00,37.8,37.8,37.8,37.8,1
"5694",2020-08-17 10:24:00,37.9,37.9,37.9,37.9,2
"5695",2020-08-17 10:26:00,37.9,37.9,37.9,37.9,1
"5696",2020-08-17 10:27:00,37.91,38.02,37.91,38.02,111
"5697",2020-08-17 10:28:00,38.01,38.01,38.01,38.01,4
"5698",2020-08-17 10:32:00,37.88,37.88,37.88,37.88,1
"5699",2020-08-17 10:38:00,37.98,37.98,37.87,37.87,4
"5700",2020-08-17 10:51:00,37.97,37.97,37.97,37.97,1
"5701",2020-08-17 10:53:00,37.97,37.97,37.97,37.97,1
"5702",2020-08-17 10:56:00,37.98,37.98,37.98,37.98,1
"5703",2020-08-17 10:59:00,38.02,38.02,38,38,2
"5704",2020-08-17 11:04:00,38,38,38,38,2
"5705",2020-08-17 11:08:00,38,38,38,38,8
"5706",2020-08-17 11:09:00,37.95,37.95,37.95,37.95,1
"5707",2020-08-17 11:10:00,37.95,37.95,37.95,37.95,1
"5708",2020-08-17 11:13:00,37.95,37.95,37.95,37.95,1
"5709",2020-08-17 11:14:00,37.95,37.95,37.9,37.9,18
"5710",2020-08-17 11:15:00,37.91,37.91,37.91,37.91,3
"5711",2020-08-17 11:22:00,37.95,37.95,37.95,37.95,5
"5712",2020-08-17 11:29:00,38.01,38.01,38.01,38.01,1
"5713",2020-08-17 11:30:00,37.93,37.93,37.93,37.93,9
"5714",2020-08-17 11:33:00,37.91,37.91,37.91,37.91,2
"5715",2020-08-17 11:36:00,37.95,37.95,37.95,37.95,3
"5716",2020-08-17 11:40:00,37.91,37.91,37.91,37.91,6
"5717",2020-08-17 11:47:00,37.9,37.9,37.9,37.9,5
"5718",2020-08-17 11:56:00,37.9,37.9,37.9,37.9,1
"5719",2020-08-17 11:57:00,37.9,37.9,37.9,37.9,10
"5720",2020-08-17 11:58:00,37.9,37.9,37.9,37.9,10
"5721",2020-08-17 12:00:00,37.9,37.9,37.9,37.9,5
"5722",2020-08-17 12:02:00,37.9,37.9,37.9,37.9,10
"5723",2020-08-17 12:10:00,37.99,37.99,37.99,37.99,1
"5724",2020-08-17 12:23:00,37.9,37.9,37.9,37.9,7
"5725",2020-08-17 12:28:00,37.89,37.89,37.89,37.89,1
"5726",2020-08-17 12:31:00,37.89,37.89,37.89,37.89,1
"5727",2020-08-17 12:34:00,37.9,37.9,37.9,37.9,2
"5728",2020-08-17 12:35:00,37.9,37.9,37.9,37.9,2
"5729",2020-08-17 12:36:00,37.9,37.9,37.9,37.9,1
"5730",2020-08-17 12:37:00,37.9,37.9,37.9,37.9,1
"5731",2020-08-17 12:38:00,37.9,37.9,37.9,37.9,8
"5732",2020-08-17 12:57:00,37.98,37.99,37.98,37.99,10
"5733",2020-08-17 13:05:00,37.99,38,37.99,38,5
"5734",2020-08-17 13:07:00,37.94,37.94,37.94,37.94,4
"5735",2020-08-17 13:08:00,37.95,37.95,37.95,37.95,2
"5736",2020-08-17 13:14:00,37.99,38.02,37.99,38.02,115
"5737",2020-08-17 13:25:00,38.04,38.04,38.04,38.04,3
"5738",2020-08-17 13:26:00,37.93,37.93,37.93,37.93,22
"5739",2020-08-17 13:29:00,37.93,37.93,37.93,37.93,1
"5740",2020-08-17 13:30:00,37.93,37.99,37.93,37.99,3
"5741",2020-08-17 13:46:00,38,38,38,38,1
"5742",2020-08-17 13:47:00,37.98,37.98,37.98,37.98,1
"5743",2020-08-17 13:56:00,37.98,37.98,37.98,37.98,1
"5744",2020-08-17 13:57:00,37.99,37.99,37.99,37.99,4
"5745",2020-08-17 14:00:00,37.99,37.99,37.99,37.99,1
"5746",2020-08-17 14:19:00,37.99,37.99,37.99,37.99,14
"5747",2020-08-17 14:21:00,37.99,38.04,37.99,38.04,14
"5748",2020-08-17 14:42:00,38,38,38,38,70
"5749",2020-08-17 14:44:00,38,38,37.94,37.94,5
"5750",2020-08-17 14:46:00,38,38.05,38,38.05,311
"5751",2020-08-17 14:47:00,37.94,37.94,37.94,37.94,1
"5752",2020-08-17 14:48:00,38.05,38.05,38.05,38.05,20
"5753",2020-08-17 14:51:00,38.05,38.05,38.05,38.05,50
"5754",2020-08-17 14:52:00,38.05,38.06,37.96,38.05,89
"5755",2020-08-17 14:56:00,38.05,38.05,38,38,26
"5756",2020-08-17 14:57:00,38,38,38,38,25
"5757",2020-08-17 14:59:00,38.06,38.06,38.06,38.06,20
"5758",2020-08-17 15:03:00,38.01,38.01,38.01,38.01,30
"5759",2020-08-17 15:08:00,38,38,38,38,36
"5760",2020-08-17 15:17:00,37.97,37.97,37.97,37.97,1
"5761",2020-08-17 15:18:00,37.96,38.1,37.96,38.05,670
"5762",2020-08-17 15:19:00,38.05,38.05,38.05,38.05,62
"5763",2020-08-17 15:23:00,38.06,38.1,38.06,38.1,37
"5764",2020-08-17 15:24:00,38.12,38.12,38.12,38.12,1
"5765",2020-08-17 15:31:00,38.12,38.12,38.12,38.12,1
"5766",2020-08-17 15:32:00,38.11,38.11,38.11,38.11,24
"5767",2020-08-17 15:35:00,38,38,38,38,1
"5768",2020-08-17 15:37:00,38,38,38,38,10
"5769",2020-08-17 15:40:00,38,38,38,38,20
"5770",2020-08-17 15:42:00,38,38,38,38,1
"5771",2020-08-17 15:46:00,38.01,38.01,38.01,38.01,50
"5772",2020-08-17 15:49:00,38,38,38,38,30
"5773",2020-08-17 15:50:00,38.01,38.01,38.01,38.01,15
"5774",2020-08-17 15:51:00,38.01,38.01,38.01,38.01,7
"5775",2020-08-17 15:52:00,38.04,38.04,38.04,38.04,21
"5776",2020-08-17 15:54:00,38,38,38,38,1
"5777",2020-08-17 15:56:00,38,38,38,38,25
"5778",2020-08-17 15:59:00,38,38,38,38,7
"5779",2020-08-17 16:00:00,38,38,38,38,30
"5780",2020-08-17 16:05:00,38.05,38.05,38.05,38.05,100
"5781",2020-08-17 16:07:00,38.02,38.05,38.02,38.05,101
"5782",2020-08-17 16:08:00,38.05,38.05,38.05,38.05,150
"5783",2020-08-17 16:10:00,38.05,38.05,38.05,38.05,750
"5784",2020-08-17 16:11:00,38.02,38.02,38.02,38.02,3
"5785",2020-08-17 16:12:00,38.05,38.05,38.03,38.03,5
"5786",2020-08-17 16:13:00,38.03,38.05,38.03,38.03,829
"5787",2020-08-17 16:14:00,38.05,38.05,38.05,38.05,23
"5788",2020-08-17 16:17:00,38.03,38.05,38.03,38.05,201
"5789",2020-08-17 16:21:00,38.03,38.03,38.03,38.03,196
"5790",2020-08-17 16:22:00,38.03,38.03,38.03,38.03,1
"5791",2020-08-17 16:26:00,38.05,38.05,38.05,38.05,1
"5792",2020-08-17 16:27:00,38.05,38.05,38.05,38.05,10
"5793",2020-08-17 16:29:00,38.03,38.03,37.97,37.97,595
"5794",2020-08-17 16:30:00,37.94,37.94,37.93,37.93,301
"5795",2020-08-17 16:31:00,37.93,38,37.93,37.98,430
"5796",2020-08-17 16:32:00,37.96,38,37.9,37.94,6869
"5797",2020-08-17 16:33:00,37.93,37.97,37.85,37.97,34589
"5798",2020-08-17 16:34:00,37.95,37.97,37.83,37.89,20696
"5799",2020-08-17 16:35:00,37.89,37.93,37.8,37.8,7807
"5800",2020-08-17 16:36:00,37.83,37.87,37.81,37.81,3087
"5801",2020-08-17 16:37:00,37.81,37.83,37.8,37.81,6366
"5802",2020-08-17 16:38:00,37.82,37.82,37.72,37.76,4596
"5803",2020-08-17 16:39:00,37.76,37.76,37.66,37.68,14779
"5804",2020-08-17 16:40:00,37.7,37.7,37.62,37.63,5382
"5805",2020-08-17 16:41:00,37.61,37.64,37.57,37.62,8748
"5806",2020-08-17 16:42:00,37.63,37.64,37.6,37.6,5673
"5807",2020-08-17 16:43:00,37.61,37.62,37.6,37.62,2528
"5808",2020-08-17 16:44:00,37.62,37.66,37.62,37.62,8681
"5809",2020-08-17 16:45:00,37.62,37.68,37.62,37.62,6058
"5810",2020-08-17 16:46:00,37.63,37.63,37.58,37.58,3571
"5811",2020-08-17 16:47:00,37.56,37.57,37.51,37.54,7027
"5812",2020-08-17 16:48:00,37.52,37.53,37.45,37.45,7971
"5813",2020-08-17 16:49:00,37.44,37.49,37.41,37.42,7778
"5814",2020-08-17 16:50:00,37.41,37.44,37.39,37.44,5166
"5815",2020-08-17 16:51:00,37.46,37.48,37.38,37.38,11814
"5816",2020-08-17 16:52:00,37.37,37.38,37.32,37.36,41770
"5817",2020-08-17 16:53:00,37.36,37.38,37.35,37.37,10166
"5818",2020-08-17 16:54:00,37.35,37.4,37.35,37.38,12676
"5819",2020-08-17 16:55:00,37.38,37.38,37.29,37.3,8987
"5820",2020-08-17 16:56:00,37.3,37.36,37.28,37.34,15750
"5821",2020-08-17 16:57:00,37.35,37.43,37.32,37.43,8193
"5822",2020-08-17 16:58:00,37.43,37.44,37.4,37.43,5929
"5823",2020-08-17 16:59:00,37.43,37.54,37.42,37.54,7050
"5824",2020-08-17 17:00:00,37.54,37.58,37.52,37.57,4323
"5825",2020-08-17 17:01:00,37.57,37.6,37.56,37.58,9636
"5826",2020-08-17 17:02:00,37.57,37.6,37.54,37.56,18091
"5827",2020-08-17 17:03:00,37.55,37.55,37.44,37.44,7516
"5828",2020-08-17 17:04:00,37.46,37.52,37.46,37.52,1433
"5829",2020-08-17 17:05:00,37.5,37.54,37.49,37.54,1846
"5830",2020-08-17 17:06:00,37.54,37.54,37.46,37.46,3190
"5831",2020-08-17 17:07:00,37.45,37.45,37.44,37.44,1277
"5832",2020-08-17 17:08:00,37.46,37.49,37.46,37.49,1446
"5833",2020-08-17 17:09:00,37.5,37.53,37.49,37.52,2129
"5834",2020-08-17 17:10:00,37.52,37.53,37.47,37.49,1670
"5835",2020-08-17 17:11:00,37.51,37.51,37.47,37.5,2535
"5836",2020-08-17 17:12:00,37.5,37.5,37.48,37.48,1118
"5837",2020-08-17 17:13:00,37.48,37.48,37.46,37.48,1438
"5838",2020-08-17 17:14:00,37.48,37.51,37.48,37.49,2297
"5839",2020-08-17 17:15:00,37.5,37.52,37.5,37.5,3283
"5840",2020-08-17 17:16:00,37.5,37.5,37.48,37.48,2210
"5841",2020-08-17 17:17:00,37.47,37.48,37.46,37.48,2690
"5842",2020-08-17 17:18:00,37.48,37.49,37.48,37.48,1241
"5843",2020-08-17 17:19:00,37.49,37.5,37.47,37.47,438
"5844",2020-08-17 17:20:00,37.46,37.48,37.46,37.48,791
"5845",2020-08-17 17:21:00,37.48,37.5,37.46,37.5,1333
"5846",2020-08-17 17:22:00,37.5,37.54,37.5,37.54,2033
"5847",2020-08-17 17:23:00,37.55,37.57,37.55,37.56,1693
"5848",2020-08-17 17:24:00,37.54,37.6,37.54,37.6,1684
"5849",2020-08-17 17:25:00,37.61,37.67,37.61,37.67,2897
"5850",2020-08-17 17:26:00,37.67,37.71,37.66,37.66,3051
"5851",2020-08-17 17:27:00,37.66,37.68,37.65,37.65,3248
"5852",2020-08-17 17:28:00,37.65,37.65,37.61,37.61,778
"5853",2020-08-17 17:29:00,37.62,37.64,37.62,37.64,1960
"5854",2020-08-17 17:30:00,37.63,37.63,37.6,37.63,983
"5855",2020-08-17 17:31:00,37.65,37.65,37.64,37.64,1820
"5856",2020-08-17 17:32:00,37.63,37.63,37.61,37.61,705
"5857",2020-08-17 17:33:00,37.61,37.62,37.61,37.62,210
"5858",2020-08-17 17:34:00,37.62,37.67,37.62,37.67,3407
"5859",2020-08-17 17:35:00,37.68,37.68,37.63,37.63,3604
"5860",2020-08-17 17:36:00,37.64,37.65,37.64,37.65,686
"5861",2020-08-17 17:37:00,37.66,37.67,37.65,37.65,1392
"5862",2020-08-17 17:38:00,37.64,37.66,37.63,37.66,642
"5863",2020-08-17 17:39:00,37.67,37.67,37.65,37.66,2334
"5864",2020-08-17 17:40:00,37.66,37.66,37.63,37.63,620
"5865",2020-08-17 17:41:00,37.63,37.63,37.6,37.6,1484
"5866",2020-08-17 17:42:00,37.59,37.59,37.54,37.56,4835
"5867",2020-08-17 17:43:00,37.56,37.59,37.56,37.59,2735
"5868",2020-08-17 17:44:00,37.59,37.63,37.58,37.61,6876
"5869",2020-08-17 17:45:00,37.59,37.59,37.57,37.57,1010
"5870",2020-08-17 17:46:00,37.56,37.56,37.54,37.54,791
"5871",2020-08-17 17:47:00,37.54,37.54,37.52,37.53,2686
"5872",2020-08-17 17:48:00,37.53,37.58,37.53,37.55,3340
"5873",2020-08-17 17:49:00,37.55,37.56,37.52,37.56,1477
"5874",2020-08-17 17:50:00,37.57,37.65,37.57,37.64,4160
"5875",2020-08-17 17:51:00,37.65,37.69,37.63,37.68,5945
"5876",2020-08-17 17:52:00,37.69,37.72,37.68,37.72,3109
"5877",2020-08-17 17:53:00,37.72,37.72,37.67,37.69,1833
"5878",2020-08-17 17:54:00,37.69,37.69,37.64,37.65,3129
"5879",2020-08-17 17:55:00,37.67,37.67,37.67,37.67,390
"5880",2020-08-17 17:56:00,37.66,37.66,37.63,37.65,1201
"5881",2020-08-17 17:57:00,37.65,37.65,37.64,37.65,692
"5882",2020-08-17 17:58:00,37.65,37.66,37.63,37.64,743
"5883",2020-08-17 17:59:00,37.62,37.62,37.62,37.62,200
"5884",2020-08-17 18:00:00,37.62,37.63,37.62,37.63,816
"5885",2020-08-17 18:01:00,37.63,37.63,37.62,37.62,815
"5886",2020-08-17 18:02:00,37.62,37.62,37.58,37.58,5870
"5887",2020-08-17 18:03:00,37.59,37.63,37.57,37.62,9072
"5888",2020-08-17 18:04:00,37.62,37.65,37.62,37.65,2470
"5889",2020-08-17 18:05:00,37.65,37.65,37.62,37.65,2455
"5890",2020-08-17 18:06:00,37.65,37.65,37.63,37.63,2313
"5891",2020-08-17 18:07:00,37.63,37.64,37.63,37.63,515
"5892",2020-08-17 18:08:00,37.62,37.64,37.62,37.64,1869
"5893",2020-08-17 18:09:00,37.63,37.66,37.63,37.65,2825
"5894",2020-08-17 18:10:00,37.66,37.7,37.66,37.7,1446
"5895",2020-08-17 18:11:00,37.68,37.68,37.68,37.68,77
"5896",2020-08-17 18:12:00,37.69,37.71,37.69,37.71,775
"5897",2020-08-17 18:13:00,37.71,37.71,37.7,37.71,813
"5898",2020-08-17 18:14:00,37.72,37.75,37.72,37.74,2125
"5899",2020-08-17 18:15:00,37.75,37.76,37.75,37.75,1054
"5900",2020-08-17 18:16:00,37.74,37.75,37.73,37.75,577
"5901",2020-08-17 18:17:00,37.75,37.75,37.74,37.74,1579
"5902",2020-08-17 18:18:00,37.74,37.82,37.74,37.82,4628
"5903",2020-08-17 18:19:00,37.83,37.83,37.82,37.83,1583
"5904",2020-08-17 18:20:00,37.82,37.82,37.8,37.8,596
"5905",2020-08-17 18:21:00,37.79,37.8,37.78,37.79,1740
"5906",2020-08-17 18:22:00,37.77,37.78,37.77,37.78,905
"5907",2020-08-17 18:23:00,37.79,37.8,37.76,37.77,5760
"5908",2020-08-17 18:24:00,37.77,37.77,37.75,37.75,521
"5909",2020-08-17 18:25:00,37.76,37.78,37.75,37.76,2502
"5910",2020-08-17 18:26:00,37.76,37.76,37.76,37.76,658
"5911",2020-08-17 18:27:00,37.77,37.77,37.76,37.76,731
"5912",2020-08-17 18:28:00,37.77,37.77,37.77,37.77,292
"5913",2020-08-17 18:29:00,37.77,37.79,37.77,37.79,1377
"5914",2020-08-17 18:30:00,37.79,37.79,37.74,37.76,4157
"5915",2020-08-17 18:31:00,37.75,37.76,37.74,37.75,2556
"5916",2020-08-17 18:32:00,37.75,37.76,37.75,37.76,1724
"5917",2020-08-17 18:33:00,37.75,37.79,37.74,37.79,2632
"5918",2020-08-17 18:34:00,37.78,37.78,37.77,37.78,1000
"5919",2020-08-17 18:35:00,37.77,37.77,37.74,37.76,1584
"5920",2020-08-17 18:36:00,37.74,37.75,37.72,37.74,4991
"5921",2020-08-17 18:37:00,37.73,37.73,37.72,37.73,2786
"5922",2020-08-17 18:38:00,37.74,37.77,37.74,37.77,1360
"5923",2020-08-17 18:39:00,37.77,37.77,37.76,37.76,355
"5924",2020-08-17 18:40:00,37.75,37.75,37.75,37.75,305
"5925",2020-08-17 18:41:00,37.74,37.76,37.74,37.75,1707
"5926",2020-08-17 18:42:00,37.73,37.73,37.73,37.73,777
"5927",2020-08-17 18:43:00,37.72,37.72,37.71,37.71,2431
"5928",2020-08-17 18:44:00,37.72,37.73,37.71,37.72,1124
"5929",2020-08-17 18:45:00,37.7,37.7,37.68,37.69,1216
"5930",2020-08-17 18:46:00,37.7,37.73,37.7,37.73,4503
"5931",2020-08-17 18:47:00,37.73,37.74,37.73,37.74,961
"5932",2020-08-17 18:48:00,37.74,37.75,37.74,37.75,725
"5933",2020-08-17 18:49:00,37.75,37.77,37.75,37.77,1052
"5934",2020-08-17 18:50:00,37.76,37.76,37.76,37.76,31
"5935",2020-08-17 18:51:00,37.75,37.75,37.74,37.75,903
"5936",2020-08-17 18:52:00,37.75,37.75,37.75,37.75,23
"5937",2020-08-17 18:53:00,37.75,37.76,37.74,37.74,1161
"5938",2020-08-17 18:54:00,37.73,37.74,37.72,37.72,1107
"5939",2020-08-17 18:55:00,37.72,37.73,37.72,37.73,1100
"5940",2020-08-17 18:57:00,37.72,37.72,37.71,37.72,1384
"5941",2020-08-17 18:58:00,37.72,37.72,37.72,37.72,1900
"5942",2020-08-17 18:59:00,37.72,37.72,37.7,37.7,825
"5943",2020-08-17 19:00:00,37.7,37.71,37.7,37.71,833
"5944",2020-08-17 19:01:00,37.71,37.73,37.71,37.72,4536
"5945",2020-08-17 19:02:00,37.72,37.72,37.7,37.7,1000
"5946",2020-08-17 19:03:00,37.7,37.71,37.7,37.71,1750
"5947",2020-08-17 19:06:00,37.71,37.71,37.69,37.69,830
"5948",2020-08-17 19:07:00,37.69,37.69,37.68,37.69,1641
"5949",2020-08-17 19:08:00,37.68,37.69,37.67,37.69,4097
"5950",2020-08-17 19:09:00,37.68,37.68,37.68,37.68,326
"5951",2020-08-17 19:10:00,37.69,37.72,37.69,37.71,2197
"5952",2020-08-17 19:11:00,37.71,37.71,37.71,37.71,1007
"5953",2020-08-17 19:12:00,37.7,37.7,37.69,37.69,314
"5954",2020-08-17 19:13:00,37.69,37.69,37.68,37.68,400
"5955",2020-08-17 19:14:00,37.68,37.68,37.66,37.66,1288
"5956",2020-08-17 19:15:00,37.67,37.68,37.67,37.67,1625
"5957",2020-08-17 19:16:00,37.68,37.69,37.68,37.69,3973
"5958",2020-08-17 19:17:00,37.68,37.68,37.68,37.68,446
"5959",2020-08-17 19:18:00,37.67,37.67,37.65,37.65,1243
"5960",2020-08-17 19:19:00,37.64,37.65,37.63,37.65,1723
"5961",2020-08-17 19:20:00,37.64,37.64,37.6,37.6,2432
"5962",2020-08-17 19:21:00,37.6,37.62,37.58,37.62,7862
"5963",2020-08-17 19:22:00,37.64,37.66,37.63,37.64,1146
"5964",2020-08-17 19:23:00,37.64,37.64,37.64,37.64,508
"5965",2020-08-17 19:24:00,37.64,37.64,37.63,37.63,1041
"5966",2020-08-17 19:26:00,37.64,37.66,37.64,37.66,2998
"5967",2020-08-17 19:27:00,37.66,37.67,37.66,37.67,2652
"5968",2020-08-17 19:28:00,37.67,37.67,37.65,37.65,660
"5969",2020-08-17 19:29:00,37.65,37.65,37.63,37.64,1316
"5970",2020-08-17 19:30:00,37.65,37.66,37.64,37.64,2515
"5971",2020-08-17 19:31:00,37.64,37.66,37.64,37.66,5213
"5972",2020-08-17 19:32:00,37.67,37.68,37.67,37.68,1421
"5973",2020-08-17 19:33:00,37.69,37.7,37.69,37.69,740
"5974",2020-08-17 19:35:00,37.69,37.7,37.69,37.7,1821
"5975",2020-08-17 19:36:00,37.71,37.71,37.7,37.7,934
"5976",2020-08-17 19:37:00,37.7,37.7,37.7,37.7,217
"5977",2020-08-17 19:39:00,37.7,37.7,37.69,37.69,751
"5978",2020-08-17 19:40:00,37.69,37.69,37.69,37.69,409
"5979",2020-08-17 19:41:00,37.69,37.69,37.68,37.68,835
"5980",2020-08-17 19:42:00,37.67,37.67,37.65,37.67,1887
"5981",2020-08-17 19:43:00,37.68,37.68,37.68,37.68,358
"5982",2020-08-17 19:44:00,37.69,37.69,37.69,37.69,900
"5983",2020-08-17 19:45:00,37.68,37.68,37.68,37.68,395
"5984",2020-08-17 19:46:00,37.67,37.72,37.67,37.72,2087
"5985",2020-08-17 19:47:00,37.73,37.73,37.72,37.72,453
"5986",2020-08-17 19:48:00,37.72,37.72,37.71,37.71,1452
"5987",2020-08-17 19:49:00,37.71,37.72,37.7,37.72,1540
"5988",2020-08-17 19:50:00,37.71,37.71,37.7,37.7,411
"5989",2020-08-17 19:51:00,37.7,37.72,37.7,37.72,1305
"5990",2020-08-17 19:52:00,37.72,37.73,37.72,37.73,513
"5991",2020-08-17 19:53:00,37.72,37.73,37.72,37.73,11
"5992",2020-08-17 19:54:00,37.72,37.72,37.7,37.7,940
"5993",2020-08-17 19:55:00,37.69,37.7,37.69,37.7,1402
"5994",2020-08-17 19:56:00,37.7,37.7,37.67,37.67,3436
"5995",2020-08-17 19:57:00,37.67,37.67,37.65,37.66,1894
"5996",2020-08-17 19:58:00,37.66,37.69,37.66,37.69,1408
"5997",2020-08-17 19:59:00,37.7,37.72,37.7,37.72,1132
"5998",2020-08-17 20:00:00,37.73,37.73,37.71,37.73,410
"5999",2020-08-17 20:01:00,37.72,37.73,37.72,37.73,6
"6000",2020-08-17 20:02:00,37.72,37.72,37.7,37.7,812
"6001",2020-08-17 20:03:00,37.71,37.73,37.71,37.73,2261
"6002",2020-08-17 20:04:00,37.73,37.73,37.73,37.73,416
"6003",2020-08-17 20:05:00,37.73,37.73,37.71,37.71,913
"6004",2020-08-17 20:06:00,37.71,37.71,37.7,37.7,1460
"6005",2020-08-17 20:07:00,37.69,37.69,37.69,37.69,299
"6006",2020-08-17 20:08:00,37.7,37.71,37.7,37.71,900
"6007",2020-08-17 20:09:00,37.7,37.7,37.7,37.7,100
"6008",2020-08-17 20:10:00,37.7,37.71,37.7,37.71,415
"6009",2020-08-17 20:11:00,37.7,37.71,37.7,37.71,500
"6010",2020-08-17 20:12:00,37.72,37.72,37.72,37.72,115
"6011",2020-08-17 20:13:00,37.71,37.71,37.68,37.68,1670
"6012",2020-08-17 20:14:00,37.69,37.7,37.69,37.7,1560
"6013",2020-08-17 20:15:00,37.71,37.73,37.71,37.73,998
"6014",2020-08-17 20:16:00,37.73,37.73,37.72,37.72,810
"6015",2020-08-17 20:17:00,37.73,37.73,37.73,37.73,131
"6016",2020-08-17 20:18:00,37.72,37.72,37.7,37.71,1282
"6017",2020-08-17 20:19:00,37.72,37.72,37.7,37.71,1038
"6018",2020-08-17 20:21:00,37.72,37.72,37.7,37.7,1826
"6019",2020-08-17 20:22:00,37.7,37.7,37.67,37.69,5511
"6020",2020-08-17 20:23:00,37.69,37.69,37.68,37.68,294
"6021",2020-08-17 20:24:00,37.69,37.7,37.69,37.7,1564
"6022",2020-08-17 20:25:00,37.71,37.71,37.71,37.71,182
"6023",2020-08-17 20:26:00,37.72,37.72,37.72,37.72,101
"6024",2020-08-17 20:27:00,37.72,37.73,37.7,37.7,816
"6025",2020-08-17 20:28:00,37.7,37.7,37.7,37.7,1
"6026",2020-08-17 20:29:00,37.7,37.7,37.7,37.7,165
"6027",2020-08-17 20:30:00,37.7,37.71,37.7,37.71,1518
"6028",2020-08-17 20:31:00,37.72,37.72,37.72,37.72,506
"6029",2020-08-17 20:32:00,37.73,37.74,37.73,37.74,741
"6030",2020-08-17 20:33:00,37.75,37.78,37.75,37.78,1106
"6031",2020-08-17 20:34:00,37.78,37.79,37.78,37.78,909
"6032",2020-08-17 20:35:00,37.79,37.79,37.79,37.79,227
"6033",2020-08-17 20:36:00,37.79,37.79,37.78,37.78,161
"6034",2020-08-17 20:37:00,37.79,37.79,37.79,37.79,356
"6035",2020-08-17 20:38:00,37.79,37.79,37.78,37.78,405
"6036",2020-08-17 20:39:00,37.78,37.81,37.78,37.81,3597
"6037",2020-08-17 20:40:00,37.82,37.82,37.81,37.81,1314
"6038",2020-08-17 20:41:00,37.8,37.81,37.8,37.81,1001
"6039",2020-08-17 20:42:00,37.82,37.83,37.82,37.83,134
"6040",2020-08-17 20:43:00,37.83,37.84,37.82,37.82,1745
"6041",2020-08-17 20:44:00,37.83,37.84,37.82,37.84,1028
"6042",2020-08-17 20:45:00,37.83,37.84,37.83,37.83,1075
"6043",2020-08-17 20:46:00,37.83,37.83,37.8,37.8,416
"6044",2020-08-17 20:47:00,37.8,37.8,37.79,37.79,320
"6045",2020-08-17 20:48:00,37.78,37.79,37.78,37.79,1249
"6046",2020-08-17 20:49:00,37.79,37.79,37.79,37.79,706
"6047",2020-08-17 20:50:00,37.8,37.8,37.8,37.8,227
"6048",2020-08-17 20:51:00,37.8,37.8,37.79,37.8,942
"6049",2020-08-17 20:52:00,37.8,37.8,37.8,37.8,230
"6050",2020-08-17 20:53:00,37.8,37.81,37.8,37.81,703
"6051",2020-08-17 20:55:00,37.81,37.84,37.81,37.84,1613
"6052",2020-08-17 20:56:00,37.84,37.85,37.84,37.85,619
"6053",2020-08-17 20:57:00,37.85,37.87,37.85,37.87,633
"6054",2020-08-17 20:58:00,37.87,37.87,37.85,37.86,1604
"6055",2020-08-17 20:59:00,37.87,37.88,37.87,37.88,513
"6056",2020-08-17 21:00:00,37.88,37.89,37.88,37.89,551
"6057",2020-08-17 21:01:00,37.88,37.88,37.87,37.87,991
"6058",2020-08-17 21:02:00,37.87,37.87,37.86,37.86,1433
"6059",2020-08-17 21:03:00,37.86,37.88,37.86,37.86,2370
"6060",2020-08-17 21:04:00,37.86,37.87,37.86,37.87,2174
"6061",2020-08-17 21:05:00,37.88,37.88,37.85,37.85,1409
"6062",2020-08-17 21:06:00,37.85,37.85,37.84,37.84,310
"6063",2020-08-17 21:07:00,37.84,37.84,37.82,37.82,1900
"6064",2020-08-17 21:08:00,37.82,37.83,37.82,37.83,122
"6065",2020-08-17 21:09:00,37.82,37.82,37.8,37.81,603
"6066",2020-08-17 21:10:00,37.82,37.83,37.82,37.83,882
"6067",2020-08-17 21:11:00,37.84,37.85,37.84,37.84,1553
"6068",2020-08-17 21:12:00,37.83,37.83,37.82,37.82,500
"6069",2020-08-17 21:13:00,37.82,37.84,37.82,37.84,977
"6070",2020-08-17 21:14:00,37.82,37.83,37.82,37.83,270
"6071",2020-08-17 21:15:00,37.83,37.84,37.83,37.84,705
"6072",2020-08-17 21:16:00,37.83,37.83,37.82,37.82,200
"6073",2020-08-17 21:17:00,37.84,37.84,37.84,37.84,459
"6074",2020-08-17 21:18:00,37.84,37.85,37.84,37.85,1038
"6075",2020-08-17 21:19:00,37.86,37.88,37.86,37.87,2175
"6076",2020-08-17 21:20:00,37.88,37.88,37.88,37.88,138
"6077",2020-08-17 21:21:00,37.87,37.88,37.86,37.86,711
"6078",2020-08-17 21:22:00,37.86,37.86,37.85,37.86,1954
"6079",2020-08-17 21:23:00,37.86,37.88,37.86,37.88,2729
"6080",2020-08-17 21:24:00,37.89,37.89,37.89,37.89,400
"6081",2020-08-17 21:25:00,37.88,37.91,37.88,37.91,2515
"6082",2020-08-17 21:26:00,37.91,37.91,37.89,37.89,509
"6083",2020-08-17 21:27:00,37.87,37.9,37.87,37.9,2293
"6084",2020-08-17 21:28:00,37.9,37.9,37.9,37.9,413
"6085",2020-08-17 21:29:00,37.9,37.9,37.88,37.88,3205
"6086",2020-08-17 21:30:00,37.88,37.9,37.88,37.9,9558
"6087",2020-08-17 21:31:00,37.9,37.9,37.88,37.88,2175
"6088",2020-08-17 21:32:00,37.88,37.88,37.88,37.88,8446
"6089",2020-08-17 21:33:00,37.89,37.92,37.89,37.92,7008
"6090",2020-08-17 21:34:00,37.93,37.94,37.93,37.94,3056
"6091",2020-08-17 21:35:00,37.95,37.98,37.95,37.97,5264
"6092",2020-08-17 21:36:00,37.97,37.99,37.97,37.99,3121
"6093",2020-08-17 21:37:00,38,38,37.98,37.98,6734
"6094",2020-08-17 21:38:00,37.98,38,37.98,38,2798
"6095",2020-08-17 21:39:00,38,38,37.98,37.99,1138
"6096",2020-08-17 21:40:00,37.99,38.02,37.99,38.01,3701
"6097",2020-08-17 21:41:00,38,38,38,38,2200
"6098",2020-08-17 21:42:00,37.99,37.99,37.96,37.97,1644
"6099",2020-08-17 21:43:00,37.96,37.99,37.96,37.99,2208
"6100",2020-08-17 21:44:00,38,38,37.98,37.98,1795
"6101",2020-08-17 21:45:00,37.99,38,37.99,38,400
"6102",2020-08-17 21:46:00,38,38,37.99,38,2267
"6103",2020-08-17 21:47:00,38,38.01,37.98,37.99,4288
"6104",2020-08-17 21:48:00,37.99,38,37.99,37.99,2234
"6105",2020-08-17 21:49:00,38,38,37.99,38,2680
"6106",2020-08-17 21:50:00,38,38,37.98,37.98,1999
"6107",2020-08-17 21:51:00,37.98,37.98,37.96,37.96,2071
"6108",2020-08-17 21:52:00,37.96,37.97,37.96,37.96,3020
"6109",2020-08-17 21:53:00,37.96,37.98,37.96,37.98,1466
"6110",2020-08-17 21:54:00,37.98,37.98,37.96,37.98,3263
"6111",2020-08-17 21:55:00,37.98,38,37.98,37.99,3552
"6112",2020-08-17 21:56:00,37.98,38,37.98,37.98,2399
"6113",2020-08-17 21:57:00,37.99,38,37.98,37.99,4740
"6114",2020-08-17 21:58:00,38,38,38,38,406
"6115",2020-08-17 21:59:00,38,38.01,37.99,38.01,4959
"6116",2020-08-17 22:00:00,38.02,38.04,38.02,38.03,4492
"6117",2020-08-17 22:01:00,38.04,38.08,38.04,38.08,8961
"6118",2020-08-17 22:02:00,38.09,38.09,38.05,38.06,6784
"6119",2020-08-17 22:03:00,38.06,38.06,38.01,38.01,1763
"6120",2020-08-17 22:04:00,38,38.02,38,38,2357
"6121",2020-08-17 22:05:00,38.01,38.01,38,38,1515
"6122",2020-08-17 22:06:00,38,38.02,38,38,3135
"6123",2020-08-17 22:07:00,38,38.02,38,38.02,1487
"6124",2020-08-17 22:08:00,38.02,38.02,38.02,38.02,813
"6125",2020-08-17 22:09:00,38.02,38.02,38.02,38.02,500
"6126",2020-08-17 22:10:00,38.01,38.02,38.01,38.02,1748
"6127",2020-08-17 22:11:00,38.02,38.02,37.99,37.99,4765
"6128",2020-08-17 22:12:00,38,38,37.96,37.98,6547
"6129",2020-08-17 22:13:00,37.98,38,37.96,38,3359
"6130",2020-08-17 22:14:00,38.01,38.01,37.99,38,1429
"6131",2020-08-17 22:15:00,38,38.01,38,38.01,2506
"6132",2020-08-17 22:16:00,38,38,37.99,37.99,1800
"6133",2020-08-17 22:17:00,37.99,38,37.99,38,2552
"6134",2020-08-17 22:18:00,37.99,38.01,37.99,38.01,2028
"6135",2020-08-17 22:19:00,38,38,37.99,38,3234
"6136",2020-08-17 22:20:00,37.99,37.99,37.98,37.99,1445
"6137",2020-08-17 22:21:00,37.99,38,37.99,38,2235
"6138",2020-08-17 22:22:00,37.99,37.99,37.98,37.98,107
"6139",2020-08-17 22:23:00,37.98,38,37.97,37.99,3065
"6140",2020-08-17 22:24:00,37.99,38,37.98,37.99,581
"6141",2020-08-17 22:25:00,38,38,37.98,37.98,993
"6142",2020-08-17 22:26:00,37.98,37.99,37.98,37.99,1500
"6143",2020-08-17 22:27:00,38,38,37.98,37.99,1332
"6144",2020-08-17 22:28:00,38,38,38,38,1349
"6145",2020-08-17 22:29:00,38,38,38,38,104
"6146",2020-08-17 22:30:00,37.99,37.99,37.98,37.98,1811
"6147",2020-08-17 22:31:00,37.98,38,37.98,38,3322
"6148",2020-08-17 22:32:00,38,38,37.98,37.99,2743
"6149",2020-08-17 22:33:00,37.99,38,37.99,38,600
"6150",2020-08-17 22:34:00,37.99,37.99,37.99,37.99,18
"6151",2020-08-17 22:35:00,38,38,38,38,885
"6152",2020-08-17 22:36:00,38,38,37.98,37.98,1457
"6153",2020-08-17 22:37:00,37.98,37.98,37.98,37.98,658
"6154",2020-08-17 22:38:00,37.98,38,37.98,38,3583
"6155",2020-08-17 22:39:00,38,38.01,38,38.01,1243
"6156",2020-08-17 22:40:00,38.02,38.02,38,38,1277
"6157",2020-08-17 22:41:00,38,38,38,38,16
"6158",2020-08-17 22:42:00,38,38,38,38,318
"6159",2020-08-17 22:43:00,38,38.01,37.98,38,8713
"6160",2020-08-17 22:44:00,38,38,38,38,3002
"6161",2020-08-17 22:45:00,38,38.02,38,38.02,2825
"6162",2020-08-17 22:46:00,38.02,38.02,37.99,37.99,1851
"6163",2020-08-17 22:47:00,37.99,38.03,37.99,38.03,5166
"6164",2020-08-17 22:48:00,38.02,38.02,38.01,38.02,1135
"6165",2020-08-17 22:49:00,38.01,38.02,38,38.02,3910
"6166",2020-08-17 22:50:00,38.02,38.02,38.01,38.02,4339
"6167",2020-08-17 22:51:00,38.03,38.04,38.01,38.01,5872
"6168",2020-08-17 22:52:00,38,38.03,38,38.03,1762
"6169",2020-08-17 22:53:00,38.03,38.04,38,38.02,14907
"6170",2020-08-17 22:54:00,38.02,38.02,38,38,4189
"6171",2020-08-17 22:55:00,38,38.03,38,38.02,4533
"6172",2020-08-17 22:56:00,38.02,38.02,38,38,6862
"6173",2020-08-17 22:57:00,38,38,37.97,37.98,14868
"6174",2020-08-17 22:58:00,37.98,37.99,37.96,37.98,7123
"6175",2020-08-17 22:59:00,37.98,38,37.98,38,9218
"6176",2020-08-17 23:00:00,38,38,37.96,37.98,12999
"6177",2020-08-17 23:01:00,37.85,37.85,37.85,37.85,1
"6178",2020-08-17 23:03:00,38.08,38.08,37.97,37.97,2443
"6179",2020-08-17 23:07:00,37.97,37.97,37.97,37.97,4
"6180",2020-08-17 23:09:00,37.97,37.97,37.97,37.97,24
"6181",2020-08-17 23:15:00,37.97,37.97,37.97,37.97,2
"6182",2020-08-17 23:18:00,37.97,37.97,37.97,37.97,498
"6183",2020-08-17 23:21:00,37.68,37.68,37.68,37.68,1
"6184",2020-08-17 23:22:00,38,38,38,38,2
"6185",2020-08-17 23:26:00,38.01,38.01,38.01,38.01,250
"6186",2020-08-17 23:35:00,37.68,37.68,37.56,37.56,50
"6187",2020-08-17 23:42:00,38,38,38,38,10
"6188",2020-08-17 23:52:00,38.05,38.05,38.05,38.05,15
"6189",2020-08-18 00:24:00,37.99,37.99,37.99,37.99,1
"6190",2020-08-18 00:45:00,37.99,37.99,37.99,37.99,1
"6191",2020-08-18 00:56:00,37.57,37.57,37.57,37.57,3
"6192",2020-08-18 00:57:00,38,38,38,38,5
"6193",2020-08-18 01:00:00,38,38,38,38,400
"6194",2020-08-18 01:12:00,38,38,38,38,3
"6195",2020-08-18 01:20:00,38.02,38.02,38.02,38.02,8
"6196",2020-08-18 10:01:00,38.09,38.82,37.7,37.7,1050
"6197",2020-08-18 10:02:00,37.69,38.05,37.69,38.05,60
"6198",2020-08-18 10:03:00,37.69,37.69,37.69,37.69,13
"6199",2020-08-18 10:06:00,37.77,37.94,37.77,37.94,10
"6200",2020-08-18 10:12:00,37.8,37.8,37.8,37.8,7
"6201",2020-08-18 10:13:00,37.96,37.96,37.96,37.96,2
"6202",2020-08-18 10:14:00,37.96,37.96,37.96,37.96,1
"6203",2020-08-18 10:19:00,37.83,37.83,37.83,37.83,1
"6204",2020-08-18 10:20:00,37.83,37.83,37.71,37.71,222
"6205",2020-08-18 10:22:00,37.94,37.94,37.94,37.94,1
"6206",2020-08-18 10:33:00,37.84,37.84,37.84,37.84,40
"6207",2020-08-18 10:36:00,37.96,37.96,37.86,37.86,3
"6208",2020-08-18 10:37:00,37.96,37.96,37.96,37.96,1
"6209",2020-08-18 10:41:00,37.96,37.96,37.96,37.96,1
"6210",2020-08-18 10:45:00,37.96,37.96,37.96,37.96,2
"6211",2020-08-18 10:46:00,37.87,37.87,37.87,37.87,4
"6212",2020-08-18 10:47:00,37.87,37.87,37.87,37.87,8
"6213",2020-08-18 10:50:00,37.86,37.86,37.86,37.86,1
"6214",2020-08-18 10:58:00,37.9,37.9,37.9,37.9,5
"6215",2020-08-18 11:00:00,37.75,37.75,37.75,37.75,5
"6216",2020-08-18 11:08:00,37.79,37.8,37.79,37.8,20
"6217",2020-08-18 11:17:00,37.97,37.97,37.97,37.97,3
"6218",2020-08-18 11:19:00,37.97,37.97,37.85,37.85,10
"6219",2020-08-18 11:22:00,37.99,37.99,37.99,37.99,1
"6220",2020-08-18 11:31:00,37.89,37.89,37.89,37.89,49
"6221",2020-08-18 11:36:00,37.89,37.89,37.89,37.89,2
"6222",2020-08-18 11:39:00,37.9,37.9,37.9,37.9,43
"6223",2020-08-18 11:49:00,37.9,37.9,37.9,37.9,1
"6224",2020-08-18 11:51:00,37.9,37.9,37.9,37.9,1
"6225",2020-08-18 11:54:00,37.9,37.9,37.9,37.9,1
"6226",2020-08-18 11:57:00,37.96,37.96,37.96,37.96,1
"6227",2020-08-18 11:59:00,37.99,38,37.99,38,70
"6228",2020-08-18 12:00:00,37.92,37.92,37.92,37.92,5
"6229",2020-08-18 12:06:00,37.99,37.99,37.99,37.99,1
"6230",2020-08-18 12:08:00,37.96,37.96,37.96,37.96,9
"6231",2020-08-18 12:13:00,37.99,37.99,37.99,37.99,10
"6232",2020-08-18 12:14:00,38,38,38,38,4
"6233",2020-08-18 12:19:00,37.96,37.96,37.96,37.96,1
"6234",2020-08-18 12:21:00,37.92,37.92,37.92,37.92,1
"6235",2020-08-18 12:22:00,37.92,37.96,37.92,37.94,11
"6236",2020-08-18 12:35:00,38.01,38.01,38.01,38.01,10
"6237",2020-08-18 12:36:00,38.02,38.04,38.02,38.04,4
"6238",2020-08-18 12:37:00,38.03,38.03,38.03,38.03,4
"6239",2020-08-18 12:39:00,38.01,38.01,38.01,38.01,2
"6240",2020-08-18 12:42:00,37.99,37.99,37.99,37.99,9
"6241",2020-08-18 12:43:00,38.05,38.05,38.05,38.05,32
"6242",2020-08-18 12:49:00,38.04,38.04,38.04,38.04,1
"6243",2020-08-18 12:50:00,38.04,38.04,38.04,38.04,1
"6244",2020-08-18 12:53:00,37.99,37.99,37.99,37.99,50
"6245",2020-08-18 13:02:00,38.05,38.05,38.05,38.05,1
"6246",2020-08-18 13:04:00,38.05,38.05,38.05,38.05,1
"6247",2020-08-18 13:08:00,38.05,38.05,38.05,38.05,2
"6248",2020-08-18 13:12:00,37.94,37.94,37.94,37.94,15
"6249",2020-08-18 13:13:00,38,38,38,38,1
"6250",2020-08-18 13:17:00,37.92,37.92,37.92,37.92,1
"6251",2020-08-18 13:20:00,37.92,37.92,37.92,37.92,11
"6252",2020-08-18 13:28:00,37.92,37.92,37.92,37.92,1
"6253",2020-08-18 13:34:00,37.92,37.92,37.92,37.92,1
"6254",2020-08-18 13:45:00,37.92,37.92,37.92,37.92,1
"6255",2020-08-18 14:08:00,37.92,37.92,37.92,37.92,1
"6256",2020-08-18 14:10:00,37.92,37.92,37.92,37.92,1
"6257",2020-08-18 14:19:00,37.98,37.99,37.98,37.99,15
"6258",2020-08-18 14:20:00,37.99,37.99,37.99,37.99,21
"6259",2020-08-18 14:22:00,37.97,38.05,37.97,38.05,33
"6260",2020-08-18 14:23:00,37.97,37.97,37.97,37.97,3
"6261",2020-08-18 14:24:00,37.97,37.97,37.97,37.97,45
"6262",2020-08-18 14:26:00,37.97,37.97,37.97,37.97,1
"6263",2020-08-18 14:31:00,37.97,38.05,37.97,38.05,15
"6264",2020-08-18 14:32:00,38.05,38.05,37.92,37.92,10
"6265",2020-08-18 14:40:00,38.09,38.1,38.09,38.1,55
"6266",2020-08-18 14:41:00,38.11,38.15,38.1,38.1,132
"6267",2020-08-18 14:47:00,38.03,38.03,38.03,38.03,7
"6268",2020-08-18 15:04:00,38.08,38.1,38.08,38.1,160
"6269",2020-08-18 15:07:00,38.08,38.08,38.01,38.01,200
"6270",2020-08-18 15:10:00,38.09,38.1,38.09,38.1,250
"6271",2020-08-18 15:11:00,38.09,38.1,38.09,38.1,256
"6272",2020-08-18 15:12:00,38.12,38.12,38.12,38.12,14
"6273",2020-08-18 15:17:00,38.12,38.12,38.12,38.12,25
"6274",2020-08-18 15:27:00,38.02,38.02,38.02,38.02,20
"6275",2020-08-18 15:37:00,38.04,38.11,38.04,38.09,701
"6276",2020-08-18 15:46:00,38.07,38.07,38.07,38.07,6
"6277",2020-08-18 15:47:00,38.07,38.12,38.07,38.12,11
"6278",2020-08-18 15:48:00,38.12,38.12,38.12,38.12,25
"6279",2020-08-18 15:52:00,38.12,38.14,38.11,38.11,703
"6280",2020-08-18 15:55:00,38.13,38.13,38.13,38.13,1
"6281",2020-08-18 15:58:00,38.13,38.13,38.13,38.13,1
"6282",2020-08-18 16:00:00,38.09,38.09,38.09,38.09,5
"6283",2020-08-18 16:02:00,38.14,38.14,38.14,38.14,81
"6284",2020-08-18 16:08:00,38.1,38.1,38.1,38.1,1
"6285",2020-08-18 16:09:00,38.07,38.07,38.07,38.07,25
"6286",2020-08-18 16:11:00,38.14,38.14,38.14,38.14,81
"6287",2020-08-18 16:13:00,38.1,38.1,38.1,38.1,1
"6288",2020-08-18 16:14:00,38.07,38.07,38.07,38.07,1
"6289",2020-08-18 16:15:00,38.03,38.03,38.03,38.03,7
"6290",2020-08-18 16:18:00,38.14,38.14,38.14,38.14,650
"6291",2020-08-18 16:21:00,38.09,38.1,38.09,38.1,8
"6292",2020-08-18 16:24:00,38.09,38.09,38.09,38.09,5
"6293",2020-08-18 16:25:00,38.09,38.1,38.08,38.1,801
"6294",2020-08-18 16:26:00,38.14,38.14,38.14,38.14,5
"6295",2020-08-18 16:27:00,38.1,38.1,38.1,38.1,2
"6296",2020-08-18 16:30:00,38.1,38.26,38.02,38.24,1036
"6297",2020-08-18 16:31:00,38.25,38.43,38.22,38.35,6682
"6298",2020-08-18 16:32:00,38.35,38.37,38.32,38.32,1195
"6299",2020-08-18 16:33:00,38.38,38.38,38.14,38.17,7782
"6300",2020-08-18 16:34:00,38.2,38.25,38.11,38.22,6267
"6301",2020-08-18 16:35:00,38.21,38.26,38.2,38.24,4605
"6302",2020-08-18 16:36:00,38.25,38.31,38.25,38.27,2270
"6303",2020-08-18 16:37:00,38.28,38.35,38.26,38.26,5893
"6304",2020-08-18 16:38:00,38.26,38.32,38.24,38.32,3088
"6305",2020-08-18 16:39:00,38.32,38.45,38.32,38.39,10144
"6306",2020-08-18 16:40:00,38.39,38.41,38.32,38.32,7186
"6307",2020-08-18 16:41:00,38.31,38.31,38.12,38.17,11160
"6308",2020-08-18 16:42:00,38.18,38.24,38.16,38.16,7874
"6309",2020-08-18 16:43:00,38.14,38.2,38.14,38.17,7698
"6310",2020-08-18 16:44:00,38.18,38.3,38.18,38.25,13089
"6311",2020-08-18 16:45:00,38.26,38.36,38.23,38.24,12492
"6312",2020-08-18 16:46:00,38.25,38.28,38.23,38.28,4138
"6313",2020-08-18 16:47:00,38.28,38.28,38.21,38.21,2769
"6314",2020-08-18 16:48:00,38.18,38.22,38.15,38.21,5508
"6315",2020-08-18 16:49:00,38.2,38.21,38.16,38.16,5446
"6316",2020-08-18 16:50:00,38.16,38.16,38.04,38.05,8778
"6317",2020-08-18 16:51:00,38.05,38.14,38.02,38.14,12558
"6318",2020-08-18 16:52:00,38.14,38.19,38.11,38.16,11474
"6319",2020-08-18 16:53:00,38.18,38.2,38.14,38.15,9388
"6320",2020-08-18 16:54:00,38.15,38.15,38.08,38.08,3224
"6321",2020-08-18 16:55:00,38.08,38.08,38.01,38.02,5722
"6322",2020-08-18 16:56:00,38.02,38.05,37.95,37.95,3861
"6323",2020-08-18 16:57:00,37.95,37.99,37.95,37.96,6365
"6324",2020-08-18 16:58:00,37.96,38,37.91,37.91,13005
"6325",2020-08-18 16:59:00,37.91,37.97,37.9,37.9,3350
"6326",2020-08-18 17:00:00,37.92,37.95,37.92,37.94,3397
"6327",2020-08-18 17:01:00,37.94,37.97,37.93,37.95,3046
"6328",2020-08-18 17:02:00,37.95,37.96,37.92,37.95,3439
"6329",2020-08-18 17:03:00,37.95,37.95,37.92,37.92,2058
"6330",2020-08-18 17:04:00,37.9,37.97,37.88,37.97,3324
"6331",2020-08-18 17:05:00,37.98,38.04,37.98,38.04,2957
"6332",2020-08-18 17:06:00,38.04,38.14,38.04,38.14,3617
"6333",2020-08-18 17:07:00,38.14,38.15,38.07,38.07,2203
"6334",2020-08-18 17:08:00,38.07,38.07,37.99,37.99,2333
"6335",2020-08-18 17:09:00,37.98,37.98,37.92,37.92,3065
"6336",2020-08-18 17:10:00,37.92,37.92,37.86,37.9,2322
"6337",2020-08-18 17:11:00,37.9,37.95,37.88,37.9,15023
"6338",2020-08-18 17:12:00,37.9,37.95,37.9,37.95,2801
"6339",2020-08-18 17:13:00,37.94,37.96,37.93,37.95,3469
"6340",2020-08-18 17:14:00,37.93,37.96,37.92,37.92,2905
"6341",2020-08-18 17:15:00,37.92,37.99,37.92,37.98,5435
"6342",2020-08-18 17:16:00,37.98,38.04,37.98,38.03,3342
"6343",2020-08-18 17:17:00,38.02,38.04,38.02,38.03,3866
"6344",2020-08-18 17:18:00,38.03,38.05,38.02,38.05,3151
"6345",2020-08-18 17:19:00,38.04,38.07,38.03,38.04,3118
"6346",2020-08-18 17:20:00,38.04,38.07,38.04,38.04,3007
"6347",2020-08-18 17:21:00,38.05,38.1,38.03,38.08,3662
"6348",2020-08-18 17:22:00,38.09,38.11,38.08,38.1,15339
"6349",2020-08-18 17:23:00,38.1,38.14,38.08,38.08,6491
"6350",2020-08-18 17:24:00,38.09,38.13,38.08,38.11,3302
"6351",2020-08-18 17:25:00,38.11,38.11,38.08,38.08,3493
"6352",2020-08-18 17:26:00,38.08,38.1,38.06,38.06,3251
"6353",2020-08-18 17:27:00,38.06,38.07,38.04,38.06,1635
"6354",2020-08-18 17:28:00,38.05,38.05,37.94,37.94,4142
"6355",2020-08-18 17:29:00,37.93,37.93,37.82,37.86,8158
"6356",2020-08-18 17:30:00,37.85,37.88,37.82,37.86,3237
"6357",2020-08-18 17:31:00,37.86,37.88,37.82,37.87,5178
"6358",2020-08-18 17:32:00,37.87,37.91,37.86,37.88,1715
"6359",2020-08-18 17:33:00,37.88,37.9,37.86,37.87,3202
"6360",2020-08-18 17:34:00,37.88,37.9,37.87,37.9,3086
"6361",2020-08-18 17:35:00,37.9,37.9,37.89,37.89,2430
"6362",2020-08-18 17:36:00,37.89,37.94,37.89,37.93,5278
"6363",2020-08-18 17:37:00,37.93,37.94,37.92,37.92,1883
"6364",2020-08-18 17:38:00,37.92,37.93,37.89,37.89,1904
"6365",2020-08-18 17:39:00,37.87,37.88,37.86,37.86,3764
"6366",2020-08-18 17:40:00,37.87,37.88,37.85,37.86,1311
"6367",2020-08-18 17:41:00,37.84,37.85,37.83,37.83,2308
"6368",2020-08-18 17:42:00,37.84,37.84,37.82,37.82,1172
"6369",2020-08-18 17:43:00,37.84,37.84,37.83,37.83,3573
"6370",2020-08-18 17:44:00,37.83,37.84,37.82,37.82,3444
"6371",2020-08-18 17:45:00,37.82,37.83,37.76,37.77,4164
"6372",2020-08-18 17:46:00,37.78,37.78,37.74,37.78,4320
"6373",2020-08-18 17:47:00,37.78,37.86,37.78,37.81,3442
"6374",2020-08-18 17:48:00,37.8,37.8,37.79,37.79,1488
"6375",2020-08-18 17:49:00,37.8,37.81,37.8,37.81,902
"6376",2020-08-18 17:50:00,37.81,37.81,37.8,37.81,206
"6377",2020-08-18 17:51:00,37.82,37.85,37.82,37.83,2066
"6378",2020-08-18 17:52:00,37.83,37.95,37.83,37.95,8877
"6379",2020-08-18 17:53:00,37.94,37.95,37.9,37.9,2399
"6380",2020-08-18 17:54:00,37.88,37.88,37.84,37.84,2168
"6381",2020-08-18 17:55:00,37.82,37.86,37.82,37.86,1166
"6382",2020-08-18 17:56:00,37.86,37.88,37.86,37.88,846
"6383",2020-08-18 17:57:00,37.88,37.88,37.83,37.83,1962
"6384",2020-08-18 17:58:00,37.83,37.86,37.83,37.85,1217
"6385",2020-08-18 17:59:00,37.86,37.9,37.86,37.87,1792
"6386",2020-08-18 18:00:00,37.86,37.86,37.84,37.86,4284
"6387",2020-08-18 18:01:00,37.84,37.84,37.8,37.81,564
"6388",2020-08-18 18:02:00,37.82,37.82,37.79,37.79,209
"6389",2020-08-18 18:03:00,37.79,37.85,37.78,37.85,2109
"6390",2020-08-18 18:04:00,37.85,37.88,37.85,37.87,656
"6391",2020-08-18 18:05:00,37.87,37.92,37.87,37.92,1170
"6392",2020-08-18 18:06:00,37.92,37.93,37.9,37.92,1509
"6393",2020-08-18 18:07:00,37.92,37.92,37.9,37.91,1850
"6394",2020-08-18 18:08:00,37.91,37.92,37.89,37.92,1525
"6395",2020-08-18 18:09:00,37.94,37.96,37.94,37.95,2302
"6396",2020-08-18 18:10:00,37.95,37.98,37.95,37.98,2210
"6397",2020-08-18 18:11:00,37.98,37.98,37.95,37.95,1468
"6398",2020-08-18 18:12:00,37.95,37.96,37.93,37.94,2462
"6399",2020-08-18 18:13:00,37.93,37.94,37.92,37.94,902
"6400",2020-08-18 18:14:00,37.94,37.94,37.92,37.92,900
"6401",2020-08-18 18:15:00,37.92,37.92,37.89,37.92,1599
"6402",2020-08-18 18:16:00,37.94,37.98,37.94,37.98,1220
"6403",2020-08-18 18:17:00,37.97,37.98,37.96,37.97,1010
"6404",2020-08-18 18:18:00,37.96,37.96,37.93,37.94,9376
"6405",2020-08-18 18:19:00,37.92,37.94,37.92,37.93,2054
"6406",2020-08-18 18:20:00,37.94,37.95,37.94,37.94,1341
"6407",2020-08-18 18:21:00,37.94,37.94,37.93,37.93,2070
"6408",2020-08-18 18:22:00,37.92,37.94,37.92,37.94,751
"6409",2020-08-18 18:23:00,37.94,37.96,37.93,37.96,1582
"6410",2020-08-18 18:24:00,37.97,37.97,37.94,37.94,1686
"6411",2020-08-18 18:25:00,37.95,37.98,37.95,37.98,1708
"6412",2020-08-18 18:26:00,37.98,37.99,37.98,37.99,4003
"6413",2020-08-18 18:27:00,37.99,37.99,37.96,37.97,1658
"6414",2020-08-18 18:28:00,37.96,37.98,37.94,37.98,2167
"6415",2020-08-18 18:29:00,37.99,37.99,37.98,37.99,917
"6416",2020-08-18 18:30:00,37.98,37.98,37.96,37.96,1764
"6417",2020-08-18 18:31:00,37.97,37.98,37.96,37.96,1132
"6418",2020-08-18 18:32:00,37.96,37.98,37.96,37.97,1905
"6419",2020-08-18 18:33:00,37.96,37.97,37.96,37.96,1100
"6420",2020-08-18 18:34:00,37.96,37.96,37.96,37.96,200
"6421",2020-08-18 18:35:00,37.96,37.98,37.96,37.98,8344
"6422",2020-08-18 18:36:00,37.96,37.97,37.96,37.97,2868
"6423",2020-08-18 18:37:00,37.96,38.01,37.96,38,2727
"6424",2020-08-18 18:38:00,38,38.06,38,38.06,1702
"6425",2020-08-18 18:39:00,38.06,38.1,38.06,38.1,2160
"6426",2020-08-18 18:40:00,38.1,38.12,38.09,38.1,2077
"6427",2020-08-18 18:41:00,38.12,38.13,38.1,38.1,5670
"6428",2020-08-18 18:42:00,38.1,38.1,38.06,38.06,1281
"6429",2020-08-18 18:43:00,38.06,38.06,38.05,38.05,400
"6430",2020-08-18 18:44:00,38.04,38.04,38.02,38.03,2430
"6431",2020-08-18 18:45:00,38.05,38.05,38.04,38.04,210
"6432",2020-08-18 18:46:00,38.06,38.06,38.04,38.04,858
"6433",2020-08-18 18:47:00,38.04,38.04,38.04,38.04,365
"6434",2020-08-18 18:48:00,38.04,38.06,38.04,38.06,5297
"6435",2020-08-18 18:49:00,38.04,38.04,38.03,38.04,637
"6436",2020-08-18 18:50:00,38.04,38.04,38.04,38.04,161
"6437",2020-08-18 18:51:00,38.04,38.05,38.04,38.05,2457
"6438",2020-08-18 18:52:00,38.04,38.04,38.04,38.04,690
"6439",2020-08-18 18:53:00,38.03,38.03,37.99,37.99,5105
"6440",2020-08-18 18:54:00,37.99,38,37.98,37.99,2291
"6441",2020-08-18 18:55:00,38,38.02,37.99,38.02,577
"6442",2020-08-18 18:56:00,38.01,38.04,38.01,38.04,1025
"6443",2020-08-18 18:57:00,38.03,38.03,38,38.01,1416
"6444",2020-08-18 18:58:00,38.01,38.05,38.01,38.05,1853
"6445",2020-08-18 18:59:00,38.05,38.06,38.04,38.04,1930
"6446",2020-08-18 19:00:00,38.02,38.03,38.01,38.03,1742
"6447",2020-08-18 19:01:00,38.03,38.04,38.03,38.03,651
"6448",2020-08-18 19:02:00,38.03,38.04,38.03,38.03,316
"6449",2020-08-18 19:03:00,38.03,38.03,38.02,38.02,864
"6450",2020-08-18 19:04:00,38.02,38.04,38.02,38.04,1320
"6451",2020-08-18 19:05:00,38.04,38.04,38.03,38.03,604
"6452",2020-08-18 19:06:00,38.04,38.04,38.03,38.03,500
"6453",2020-08-18 19:07:00,38.02,38.02,38.02,38.02,217
"6454",2020-08-18 19:08:00,38.02,38.02,38.02,38.02,400
"6455",2020-08-18 19:09:00,38.03,38.05,38.02,38.05,3092
"6456",2020-08-18 19:10:00,38.06,38.06,38.06,38.06,301
"6457",2020-08-18 19:11:00,38.06,38.09,38.06,38.09,3370
"6458",2020-08-18 19:12:00,38.08,38.08,38.05,38.05,849
"6459",2020-08-18 19:13:00,38.04,38.04,38.03,38.03,1854
"6460",2020-08-18 19:14:00,38.02,38.02,37.99,37.99,865
"6461",2020-08-18 19:15:00,37.98,37.98,37.97,37.97,1116
"6462",2020-08-18 19:16:00,37.97,37.97,37.96,37.96,615
"6463",2020-08-18 19:17:00,37.96,37.98,37.96,37.96,1518
"6464",2020-08-18 19:18:00,37.96,37.96,37.94,37.95,2550
"6465",2020-08-18 19:19:00,37.96,37.96,37.93,37.93,951
"6466",2020-08-18 19:20:00,37.93,37.94,37.93,37.94,488
"6467",2020-08-18 19:21:00,37.95,37.96,37.95,37.96,504
"6468",2020-08-18 19:22:00,37.98,37.98,37.97,37.97,484
"6469",2020-08-18 19:23:00,37.97,37.97,37.91,37.91,1159
"6470",2020-08-18 19:24:00,37.91,37.91,37.9,37.9,1122
"6471",2020-08-18 19:25:00,37.89,37.89,37.86,37.86,7093
"6472",2020-08-18 19:26:00,37.85,37.86,37.85,37.86,1252
"6473",2020-08-18 19:27:00,37.86,37.86,37.85,37.86,1224
"6474",2020-08-18 19:28:00,37.86,37.86,37.86,37.86,339
"6475",2020-08-18 19:29:00,37.87,37.89,37.87,37.89,3009
"6476",2020-08-18 19:30:00,37.89,37.9,37.89,37.9,1345
"6477",2020-08-18 19:31:00,37.89,37.9,37.88,37.89,409
"6478",2020-08-18 19:32:00,37.89,37.91,37.87,37.9,3328
"6479",2020-08-18 19:33:00,37.91,37.93,37.91,37.93,1244
"6480",2020-08-18 19:34:00,37.94,37.94,37.9,37.9,511
"6481",2020-08-18 19:35:00,37.91,37.91,37.9,37.9,200
"6482",2020-08-18 19:36:00,37.9,37.91,37.9,37.91,506
"6483",2020-08-18 19:37:00,37.91,37.91,37.91,37.91,1518
"6484",2020-08-18 19:38:00,37.9,37.9,37.9,37.9,736
"6485",2020-08-18 19:39:00,37.9,37.9,37.9,37.9,450
"6486",2020-08-18 19:40:00,37.9,37.92,37.9,37.91,1191
"6487",2020-08-18 19:41:00,37.91,37.92,37.9,37.91,1106
"6488",2020-08-18 19:42:00,37.9,37.9,37.9,37.9,521
"6489",2020-08-18 19:43:00,37.91,37.92,37.91,37.91,549
"6490",2020-08-18 19:44:00,37.91,37.92,37.91,37.92,508
"6491",2020-08-18 19:45:00,37.92,37.92,37.92,37.92,1106
"6492",2020-08-18 19:46:00,37.92,37.92,37.92,37.92,199
"6493",2020-08-18 19:47:00,37.92,37.92,37.92,37.92,1111
"6494",2020-08-18 19:48:00,37.91,37.91,37.9,37.9,1107
"6495",2020-08-18 19:49:00,37.9,37.9,37.9,37.9,1
"6496",2020-08-18 19:50:00,37.89,37.9,37.89,37.89,300
"6497",2020-08-18 19:51:00,37.9,37.9,37.86,37.87,751
"6498",2020-08-18 19:52:00,37.87,37.88,37.87,37.88,802
"6499",2020-08-18 19:53:00,37.89,37.89,37.86,37.86,1421
"6500",2020-08-18 19:54:00,37.87,37.89,37.87,37.89,373
"6501",2020-08-18 19:55:00,37.9,37.9,37.89,37.9,169
"6502",2020-08-18 19:56:00,37.9,37.9,37.86,37.86,1961
"6503",2020-08-18 19:57:00,37.87,37.88,37.86,37.86,1001
"6504",2020-08-18 19:58:00,37.86,37.88,37.86,37.88,426
"6505",2020-08-18 19:59:00,37.87,37.9,37.87,37.9,518
"6506",2020-08-18 20:00:00,37.9,37.9,37.88,37.88,591
"6507",2020-08-18 20:01:00,37.88,37.88,37.87,37.87,375
"6508",2020-08-18 20:02:00,37.88,37.88,37.88,37.88,600
"6509",2020-08-18 20:03:00,37.89,37.9,37.89,37.9,417
"6510",2020-08-18 20:04:00,37.91,37.91,37.91,37.91,100
"6511",2020-08-18 20:05:00,37.92,37.92,37.92,37.92,306
"6512",2020-08-18 20:06:00,37.92,37.92,37.92,37.92,259
"6513",2020-08-18 20:07:00,37.92,37.92,37.92,37.92,310
"6514",2020-08-18 20:08:00,37.92,37.92,37.88,37.88,2954
"6515",2020-08-18 20:09:00,37.9,37.9,37.9,37.9,2076
"6516",2020-08-18 20:10:00,37.9,37.9,37.88,37.88,4389
"6517",2020-08-18 20:11:00,37.88,37.88,37.88,37.88,330
"6518",2020-08-18 20:12:00,37.88,37.88,37.88,37.88,106
"6519",2020-08-18 20:13:00,37.88,37.88,37.88,37.88,402
"6520",2020-08-18 20:14:00,37.87,37.87,37.85,37.86,1079
"6521",2020-08-18 20:15:00,37.86,37.86,37.85,37.85,441
"6522",2020-08-18 20:16:00,37.85,37.86,37.83,37.83,1432
"6523",2020-08-18 20:17:00,37.84,37.84,37.84,37.84,1069
"6524",2020-08-18 20:18:00,37.84,37.85,37.84,37.85,200
"6525",2020-08-18 20:19:00,37.86,37.86,37.86,37.86,73
"6526",2020-08-18 20:20:00,37.86,37.86,37.86,37.86,206
"6527",2020-08-18 20:22:00,37.86,37.86,37.83,37.83,1006
"6528",2020-08-18 20:23:00,37.83,37.83,37.78,37.79,6614
"6529",2020-08-18 20:24:00,37.79,37.8,37.76,37.8,5787
"6530",2020-08-18 20:25:00,37.79,37.79,37.78,37.79,2166
"6531",2020-08-18 20:26:00,37.8,37.83,37.8,37.83,469
"6532",2020-08-18 20:27:00,37.83,37.84,37.83,37.84,1122
"6533",2020-08-18 20:28:00,37.84,37.85,37.84,37.85,1311
"6534",2020-08-18 20:29:00,37.84,37.84,37.83,37.84,1034
"6535",2020-08-18 20:30:00,37.85,37.85,37.84,37.84,677
"6536",2020-08-18 20:31:00,37.84,37.84,37.84,37.84,435
"6537",2020-08-18 20:32:00,37.84,37.84,37.84,37.84,6
"6538",2020-08-18 20:33:00,37.84,37.87,37.84,37.86,6111
"6539",2020-08-18 20:34:00,37.85,37.85,37.84,37.84,602
"6540",2020-08-18 20:35:00,37.85,37.86,37.85,37.86,4300
"6541",2020-08-18 20:36:00,37.86,37.86,37.86,37.86,500
"6542",2020-08-18 20:37:00,37.86,37.86,37.86,37.86,398
"6543",2020-08-18 20:38:00,37.87,37.88,37.87,37.88,411
"6544",2020-08-18 20:39:00,37.88,37.9,37.88,37.9,4176
"6545",2020-08-18 20:40:00,37.9,37.92,37.9,37.92,3077
"6546",2020-08-18 20:41:00,37.92,37.92,37.92,37.92,80
"6547",2020-08-18 20:42:00,37.92,37.92,37.92,37.92,100
"6548",2020-08-18 20:43:00,37.92,37.93,37.91,37.91,3573
"6549",2020-08-18 20:44:00,37.92,37.92,37.91,37.91,1797
"6550",2020-08-18 20:45:00,37.92,37.92,37.92,37.92,16
"6551",2020-08-18 20:46:00,37.91,37.91,37.9,37.9,570
"6552",2020-08-18 20:47:00,37.9,37.9,37.88,37.9,2089
"6553",2020-08-18 20:49:00,37.9,37.9,37.9,37.9,32
"6554",2020-08-18 20:50:00,37.9,37.9,37.9,37.9,823
"6555",2020-08-18 20:51:00,37.9,37.9,37.89,37.9,1131
"6556",2020-08-18 20:52:00,37.9,37.92,37.9,37.92,2015
"6557",2020-08-18 20:53:00,37.92,37.92,37.92,37.92,1286
"6558",2020-08-18 20:54:00,37.92,37.92,37.92,37.92,88
"6559",2020-08-18 20:55:00,37.93,37.93,37.92,37.92,2364
"6560",2020-08-18 20:56:00,37.92,37.92,37.92,37.92,1443
"6561",2020-08-18 20:57:00,37.92,37.92,37.91,37.91,501
"6562",2020-08-18 20:59:00,37.91,37.93,37.91,37.93,1028
"6563",2020-08-18 21:00:00,37.93,37.93,37.92,37.92,2740
"6564",2020-08-18 21:01:00,37.92,37.92,37.89,37.89,1706
"6565",2020-08-18 21:02:00,37.9,37.9,37.88,37.88,448
"6566",2020-08-18 21:03:00,37.88,37.89,37.88,37.89,818
"6567",2020-08-18 21:04:00,37.9,37.9,37.9,37.9,185
"6568",2020-08-18 21:05:00,37.9,37.9,37.89,37.89,627
"6569",2020-08-18 21:06:00,37.9,37.9,37.89,37.89,393
"6570",2020-08-18 21:07:00,37.88,37.9,37.88,37.89,2657
"6571",2020-08-18 21:08:00,37.88,37.89,37.88,37.89,900
"6572",2020-08-18 21:09:00,37.89,37.9,37.88,37.88,1220
"6573",2020-08-18 21:10:00,37.87,37.87,37.87,37.87,85
"6574",2020-08-18 21:11:00,37.86,37.87,37.86,37.87,1753
"6575",2020-08-18 21:12:00,37.88,37.88,37.88,37.88,1337
"6576",2020-08-18 21:13:00,37.89,37.9,37.89,37.9,300
"6577",2020-08-18 21:14:00,37.89,37.89,37.88,37.89,1815
"6578",2020-08-18 21:16:00,37.89,37.89,37.88,37.88,265
"6579",2020-08-18 21:17:00,37.88,37.9,37.88,37.89,511
"6580",2020-08-18 21:18:00,37.88,37.89,37.88,37.89,742
"6581",2020-08-18 21:19:00,37.89,37.9,37.88,37.9,1244
"6582",2020-08-18 21:20:00,37.9,37.9,37.89,37.89,301
"6583",2020-08-18 21:21:00,37.88,37.88,37.88,37.88,7
"6584",2020-08-18 21:22:00,37.89,37.9,37.88,37.88,3685
"6585",2020-08-18 21:23:00,37.89,37.91,37.89,37.91,242
"6586",2020-08-18 21:24:00,37.91,37.92,37.9,37.92,966
"6587",2020-08-18 21:25:00,37.92,37.93,37.92,37.93,1962
"6588",2020-08-18 21:26:00,37.93,37.97,37.93,37.97,4129
"6589",2020-08-18 21:27:00,37.97,37.97,37.96,37.96,1562
"6590",2020-08-18 21:28:00,37.96,37.96,37.94,37.94,908
"6591",2020-08-18 21:29:00,37.95,37.95,37.95,37.95,171
"6592",2020-08-18 21:30:00,37.96,37.96,37.95,37.96,1404
"6593",2020-08-18 21:31:00,37.96,37.96,37.96,37.96,102
"6594",2020-08-18 21:32:00,37.96,37.96,37.94,37.94,1295
"6595",2020-08-18 21:33:00,37.94,37.94,37.93,37.93,227
"6596",2020-08-18 21:34:00,37.94,37.94,37.94,37.94,906
"6597",2020-08-18 21:35:00,37.94,37.96,37.94,37.96,2697
"6598",2020-08-18 21:36:00,37.96,37.96,37.94,37.94,2283
"6599",2020-08-18 21:37:00,37.94,37.94,37.93,37.94,737
"6600",2020-08-18 21:38:00,37.94,37.94,37.94,37.94,748
"6601",2020-08-18 21:40:00,37.94,37.95,37.94,37.94,2525
"6602",2020-08-18 21:41:00,37.94,37.94,37.94,37.94,800
"6603",2020-08-18 21:42:00,37.94,37.94,37.94,37.94,116
"6604",2020-08-18 21:43:00,37.94,37.95,37.94,37.94,2307
"6605",2020-08-18 21:44:00,37.94,37.94,37.94,37.94,3755
"6606",2020-08-18 21:45:00,37.94,37.94,37.94,37.94,400
"6607",2020-08-18 21:46:00,37.93,37.94,37.92,37.92,2107
"6608",2020-08-18 21:47:00,37.92,37.92,37.91,37.91,6876
"6609",2020-08-18 21:48:00,37.92,37.94,37.92,37.94,841
"6610",2020-08-18 21:49:00,37.94,37.94,37.94,37.94,398
"6611",2020-08-18 21:50:00,37.93,37.96,37.93,37.96,2901
"6612",2020-08-18 21:51:00,37.97,37.98,37.96,37.97,1005
"6613",2020-08-18 21:52:00,37.98,37.98,37.97,37.97,1678
"6614",2020-08-18 21:53:00,37.97,37.98,37.97,37.98,898
"6615",2020-08-18 21:54:00,37.98,37.98,37.97,37.97,600
"6616",2020-08-18 21:55:00,37.97,37.97,37.97,37.97,600
"6617",2020-08-18 21:56:00,37.97,37.98,37.97,37.98,26
"6618",2020-08-18 21:57:00,37.98,37.98,37.98,37.98,704
"6619",2020-08-18 21:58:00,37.97,37.98,37.97,37.98,1384
"6620",2020-08-18 21:59:00,37.98,37.98,37.98,37.98,302
"6621",2020-08-18 22:00:00,37.99,38,37.99,37.99,1100
"6622",2020-08-18 22:01:00,38,38,37.98,38,11614
"6623",2020-08-18 22:02:00,38,38,37.99,38,6023
"6624",2020-08-18 22:03:00,38.01,38.01,37.99,37.99,1453
"6625",2020-08-18 22:04:00,38,38.01,38,38.01,3814
"6626",2020-08-18 22:05:00,38.02,38.04,38.02,38.04,2487
"6627",2020-08-18 22:07:00,38.04,38.04,38.02,38.02,3411
"6628",2020-08-18 22:08:00,38.01,38.02,38.01,38.01,1138
"6629",2020-08-18 22:09:00,38,38,37.97,37.97,2432
"6630",2020-08-18 22:10:00,37.97,37.98,37.96,37.98,2098
"6631",2020-08-18 22:11:00,37.98,38,37.98,38,925
"6632",2020-08-18 22:12:00,38,38.01,37.99,38,2114
"6633",2020-08-18 22:13:00,37.99,37.99,37.99,37.99,2196
"6634",2020-08-18 22:14:00,37.99,38,37.99,38,19
"6635",2020-08-18 22:15:00,38,38.01,38,38,3364
"6636",2020-08-18 22:16:00,38.01,38.02,38,38.01,1000
"6637",2020-08-18 22:17:00,38,38,38,38,1334
"6638",2020-08-18 22:18:00,38,38.01,38,38,3606
"6639",2020-08-18 22:19:00,38,38.01,37.99,38.01,731
"6640",2020-08-18 22:20:00,38.02,38.03,38.02,38.02,1052
"6641",2020-08-18 22:21:00,38.04,38.04,38.01,38.02,7028
"6642",2020-08-18 22:22:00,38.02,38.02,38.02,38.02,535
"6643",2020-08-18 22:23:00,38.02,38.02,38.01,38.01,1428
"6644",2020-08-18 22:24:00,38.01,38.02,38,38,1699
"6645",2020-08-18 22:25:00,37.98,37.98,37.97,37.98,1881
"6646",2020-08-18 22:26:00,37.97,37.98,37.97,37.97,1683
"6647",2020-08-18 22:27:00,37.97,37.97,37.96,37.96,1009
"6648",2020-08-18 22:28:00,37.96,37.96,37.96,37.96,300
"6649",2020-08-18 22:29:00,37.96,37.99,37.96,37.99,2872
"6650",2020-08-18 22:30:00,37.99,38,37.98,37.98,2235
"6651",2020-08-18 22:31:00,37.98,38.01,37.98,38.01,2496
"6652",2020-08-18 22:32:00,38,38,37.99,38,1712
"6653",2020-08-18 22:33:00,38,38,38,38,874
"6654",2020-08-18 22:34:00,37.99,37.99,37.99,37.99,693
"6655",2020-08-18 22:35:00,37.99,38,37.99,38,3113
"6656",2020-08-18 22:36:00,38,38,37.99,37.99,994
"6657",2020-08-18 22:37:00,37.99,37.99,37.98,37.99,1811
"6658",2020-08-18 22:38:00,37.99,37.99,37.98,37.98,3150
"6659",2020-08-18 22:39:00,37.98,37.98,37.97,37.98,3304
"6660",2020-08-18 22:40:00,37.98,37.98,37.98,37.98,425
"6661",2020-08-18 22:41:00,37.98,37.98,37.96,37.96,1120
"6662",2020-08-18 22:42:00,37.97,37.98,37.97,37.97,3952
"6663",2020-08-18 22:43:00,37.98,37.98,37.96,37.96,1437
"6664",2020-08-18 22:44:00,37.96,37.96,37.96,37.96,2742
"6665",2020-08-18 22:45:00,37.96,37.97,37.96,37.97,1469
"6666",2020-08-18 22:46:00,37.98,37.98,37.98,37.98,2539
"6667",2020-08-18 22:47:00,37.98,37.98,37.97,37.97,1518
"6668",2020-08-18 22:48:00,37.97,37.99,37.97,37.99,3328
"6669",2020-08-18 22:49:00,38,38,38,38,1847
"6670",2020-08-18 22:50:00,38,38.01,37.98,37.98,5923
"6671",2020-08-18 22:51:00,37.98,37.98,37.96,37.96,4549
"6672",2020-08-18 22:52:00,37.96,37.97,37.94,37.95,4091
"6673",2020-08-18 22:53:00,37.95,37.96,37.94,37.96,6245
"6674",2020-08-18 22:54:00,37.95,37.95,37.94,37.95,2092
"6675",2020-08-18 22:55:00,37.96,37.96,37.96,37.96,3921
"6676",2020-08-18 22:56:00,37.96,37.96,37.94,37.95,5597
"6677",2020-08-18 22:57:00,37.96,37.98,37.96,37.98,5517
"6678",2020-08-18 22:58:00,37.98,37.98,37.96,37.96,2400
"6679",2020-08-18 22:59:00,37.96,38,37.96,38,8705
"6680",2020-08-18 23:00:00,38,38.01,38,38,21982
"6681",2020-08-18 23:01:00,37.97,37.97,37.97,37.97,1
"6682",2020-08-18 23:02:00,37.99,38.01,37.99,38.01,31
"6683",2020-08-18 23:05:00,38.01,38.01,38.01,38.01,1200
"6684",2020-08-18 23:15:00,38.06,38.06,38.06,38.06,1
"6685",2020-08-18 23:16:00,38.06,38.06,38.06,38.06,11
"6686",2020-08-18 23:18:00,38.03,38.03,38.03,38.03,2
"6687",2020-08-18 23:20:00,38.03,38.03,38.03,38.03,4
"6688",2020-08-18 23:24:00,38.03,38.03,38.03,38.03,84
"6689",2020-08-18 23:31:00,38.02,38.02,38.02,38.02,2
"6690",2020-08-18 23:32:00,38.02,38.02,38.02,38.02,11
"6691",2020-08-18 23:57:00,38.01,38.01,38.01,38.01,100
"6692",2020-08-19 00:32:00,38.01,38.01,38.01,38.01,75
"6693",2020-08-19 00:36:00,38.01,38.01,38.01,38.01,10
"6694",2020-08-19 00:37:00,38.01,38.01,38.01,38.01,3
"6695",2020-08-19 00:38:00,38.01,38.01,38.01,38.01,10
"6696",2020-08-19 00:39:00,38.01,38.01,38.01,38.01,5
"6697",2020-08-19 00:40:00,38.01,38.01,38.01,38.01,1
"6698",2020-08-19 00:42:00,38.01,38.01,38.01,38.01,6
"6699",2020-08-19 00:44:00,38.01,38.01,38.01,38.01,1
"6700",2020-08-19 00:47:00,38.01,38.01,38.01,38.01,2
"6701",2020-08-19 00:55:00,38.05,38.05,38.05,38.05,500
"6702",2020-08-19 00:58:00,38.05,38.05,38.05,38.05,6
"6703",2020-08-19 01:27:00,38.02,38.02,38.02,38.02,20
"6704",2020-08-19 01:30:00,38.02,38.02,38.02,38.02,10
"6705",2020-08-19 01:35:00,38.01,38.01,38.01,38.01,57
"6706",2020-08-19 01:36:00,38.02,38.02,38.02,38.02,100
"6707",2020-08-19 01:38:00,38.02,38.02,38.02,38.02,10
"6708",2020-08-19 01:42:00,38.02,38.02,38.02,38.02,1
"6709",2020-08-19 10:05:00,38.15,38.15,38.15,38.15,5
"6710",2020-08-19 10:09:00,38.13,38.13,38.13,38.13,1
"6711",2020-08-19 10:11:00,38.14,38.14,38.14,38.14,1
"6712",2020-08-19 10:12:00,38.13,38.15,38.13,38.15,7
"6713",2020-08-19 10:15:00,38.16,38.17,38.16,38.17,8
"6714",2020-08-19 10:17:00,38.2,38.2,38.2,38.2,3
"6715",2020-08-19 10:24:00,38.16,38.16,38.16,38.16,3
"6716",2020-08-19 10:27:00,38.27,38.28,38.17,38.17,14
"6717",2020-08-19 10:29:00,38.17,38.17,38.16,38.16,10
"6718",2020-08-19 10:31:00,38.29,38.29,38.29,38.29,1
"6719",2020-08-19 10:39:00,38.34,38.34,38.34,38.34,2
"6720",2020-08-19 10:42:00,38.22,38.22,38.21,38.21,5
"6721",2020-08-19 10:43:00,38.21,38.21,38.2,38.21,24
"6722",2020-08-19 10:44:00,38.21,38.21,38.21,38.21,5
"6723",2020-08-19 10:54:00,38.22,38.22,38.22,38.22,5
"6724",2020-08-19 10:59:00,38.3,38.3,38.3,38.3,30
"6725",2020-08-19 11:14:00,38.26,38.27,38.26,38.27,10
"6726",2020-08-19 11:18:00,38.17,38.17,38.17,38.17,5
"6727",2020-08-19 11:19:00,38.17,38.17,38.17,38.17,4
"6728",2020-08-19 11:23:00,38.16,38.16,38.16,38.16,6
"6729",2020-08-19 11:24:00,38.24,38.24,38.24,38.24,20
"6730",2020-08-19 11:29:00,38.15,38.15,38.13,38.13,10
"6731",2020-08-19 11:35:00,38.25,38.25,38.25,38.25,3
"6732",2020-08-19 11:40:00,38.14,38.3,38.02,38.3,272
"6733",2020-08-19 11:52:00,38.15,38.15,38.12,38.12,42
"6734",2020-08-19 11:53:00,38.25,38.25,38.25,38.25,1
"6735",2020-08-19 11:55:00,38.1,38.1,38.1,38.1,1
"6736",2020-08-19 11:56:00,38.1,38.1,38.1,38.1,26
"6737",2020-08-19 11:59:00,38.25,38.25,38.25,38.25,1
"6738",2020-08-19 12:07:00,38.11,38.11,38.11,38.11,1
"6739",2020-08-19 12:12:00,38.11,38.11,38.11,38.11,1
"6740",2020-08-19 12:15:00,38.26,38.26,38.26,38.26,1
"6741",2020-08-19 12:16:00,38.26,38.26,38.26,38.26,6
"6742",2020-08-19 12:17:00,38.12,38.12,38.12,38.12,2
"6743",2020-08-19 12:18:00,38.26,38.28,38.26,38.28,10
"6744",2020-08-19 12:25:00,38.21,38.21,38.21,38.21,1
"6745",2020-08-19 12:32:00,38.13,38.13,38.13,38.13,30
"6746",2020-08-19 12:33:00,38.23,38.24,38.23,38.24,50
"6747",2020-08-19 12:45:00,38.23,38.24,38.23,38.24,3
"6748",2020-08-19 12:46:00,38.22,38.22,38.22,38.22,1
"6749",2020-08-19 12:56:00,38.11,38.11,38.11,38.11,1
"6750",2020-08-19 13:05:00,38.1,38.2,38.1,38.2,52
"6751",2020-08-19 13:06:00,38.2,38.2,38.2,38.2,3
"6752",2020-08-19 13:07:00,38.2,38.2,38.2,38.2,3
"6753",2020-08-19 13:09:00,38.09,38.09,38.09,38.09,1
"6754",2020-08-19 13:10:00,38.2,38.2,38.08,38.08,2
"6755",2020-08-19 13:41:00,38.19,38.2,38.19,38.2,2
"6756",2020-08-19 13:49:00,38.09,38.09,38.09,38.09,3
"6757",2020-08-19 13:55:00,38.19,38.19,38.19,38.19,3
"6758",2020-08-19 13:58:00,38.09,38.09,38.09,38.09,1
"6759",2020-08-19 14:04:00,38.09,38.09,38.09,38.09,1
"6760",2020-08-19 14:09:00,38.09,38.09,38.06,38.06,9
"6761",2020-08-19 14:10:00,38.06,38.06,38.06,38.06,1
"6762",2020-08-19 14:11:00,38.06,38.06,38.06,38.06,11
"6763",2020-08-19 14:17:00,38.08,38.1,38.08,38.1,204
"6764",2020-08-19 14:22:00,38.01,38.01,38.01,38.01,1
"6765",2020-08-19 14:24:00,38.01,38.19,38.01,38.19,2
"6766",2020-08-19 14:32:00,38.09,38.1,38.09,38.1,200
"6767",2020-08-19 14:33:00,38.07,38.09,38.07,38.09,18
"6768",2020-08-19 14:36:00,38.09,38.09,38.09,38.09,10
"6769",2020-08-19 14:37:00,38.07,38.07,38.07,38.07,2
"6770",2020-08-19 14:38:00,38.09,38.09,38.09,38.09,1
"6771",2020-08-19 14:55:00,38.12,38.12,38.12,38.12,2
"6772",2020-08-19 14:56:00,38.08,38.08,38.08,38.08,6
"6773",2020-08-19 14:57:00,38.08,38.08,38.08,38.08,24
"6774",2020-08-19 14:58:00,38.08,38.08,38.08,38.08,1
"6775",2020-08-19 15:01:00,38.07,38.07,38.07,38.07,50
"6776",2020-08-19 15:02:00,38.08,38.08,38.04,38.04,2
"6777",2020-08-19 15:03:00,38.08,38.08,38.08,38.08,4
"6778",2020-08-19 15:10:00,38.02,38.02,38.01,38.01,400
"6779",2020-08-19 15:12:00,38,38,38,38,12
"6780",2020-08-19 15:13:00,38,38,38,38,1
"6781",2020-08-19 15:14:00,37.96,37.96,37.96,37.96,6
"6782",2020-08-19 15:18:00,37.94,37.94,37.94,37.94,50
"6783",2020-08-19 15:21:00,37.89,37.89,37.89,37.89,6
"6784",2020-08-19 15:22:00,37.96,37.96,37.91,37.91,131
"6785",2020-08-19 15:28:00,37.92,37.92,37.92,37.92,83
"6786",2020-08-19 15:30:00,37.94,37.94,37.94,37.94,3
"6787",2020-08-19 15:32:00,37.97,38.01,37.97,37.97,196
"6788",2020-08-19 15:34:00,38.09,38.09,38.09,38.09,7
"6789",2020-08-19 15:52:00,38.08,38.09,38.08,38.09,4
"6790",2020-08-19 15:54:00,38.05,38.05,38.05,38.05,4
"6791",2020-08-19 15:55:00,38.05,38.05,38.05,38.05,1
"6792",2020-08-19 15:59:00,38.05,38.05,38,38,3
"6793",2020-08-19 16:02:00,37.97,37.97,37.97,37.97,1
"6794",2020-08-19 16:05:00,37.95,37.95,37.94,37.94,3
"6795",2020-08-19 16:07:00,37.97,37.97,37.97,37.97,1
"6796",2020-08-19 16:09:00,37.99,37.99,37.99,37.99,1
"6797",2020-08-19 16:11:00,38.07,38.07,38.07,38.07,2
"6798",2020-08-19 16:14:00,38.07,38.08,38.07,38.08,10
"6799",2020-08-19 16:22:00,38,38,38,38,2
"6800",2020-08-19 16:26:00,38,38,38,38,1000
"6801",2020-08-19 16:28:00,38.04,38.07,38.04,38.07,500
"6802",2020-08-19 16:30:00,38.07,38.07,38.07,38.07,1
"6803",2020-08-19 16:31:00,38.09,38.15,38.09,38.15,26934
"6804",2020-08-19 16:32:00,38.11,38.2,38.08,38.17,9186
"6805",2020-08-19 16:33:00,38.16,38.2,38.1,38.19,5047
"6806",2020-08-19 16:34:00,38.22,38.33,38.22,38.28,16842
"6807",2020-08-19 16:35:00,38.28,38.4,38.28,38.4,10261
"6808",2020-08-19 16:36:00,38.4,38.42,38.34,38.34,4641
"6809",2020-08-19 16:37:00,38.35,38.42,38.32,38.42,7936
"6810",2020-08-19 16:38:00,38.41,38.44,38.34,38.44,4391
"6811",2020-08-19 16:39:00,38.44,38.48,38.43,38.44,4237
"6812",2020-08-19 16:40:00,38.43,38.43,38.36,38.37,3866
"6813",2020-08-19 16:41:00,38.37,38.42,38.36,38.4,4442
"6814",2020-08-19 16:42:00,38.4,38.4,38.28,38.34,6524
"6815",2020-08-19 16:43:00,38.32,38.32,38.23,38.29,8300
"6816",2020-08-19 16:44:00,38.3,38.32,38.26,38.28,7254
"6817",2020-08-19 16:45:00,38.29,38.29,38.25,38.26,2146
"6818",2020-08-19 16:46:00,38.25,38.27,38.22,38.23,9359
"6819",2020-08-19 16:47:00,38.22,38.22,38.1,38.12,8270
"6820",2020-08-19 16:48:00,38.12,38.16,38.11,38.13,3763
"6821",2020-08-19 16:49:00,38.14,38.2,38.13,38.2,6758
"6822",2020-08-19 16:50:00,38.21,38.24,38.19,38.19,5956
"6823",2020-08-19 16:51:00,38.18,38.23,38.18,38.2,3157
"6824",2020-08-19 16:52:00,38.22,38.25,38.22,38.25,2006
"6825",2020-08-19 16:53:00,38.26,38.26,38.15,38.16,3354
"6826",2020-08-19 16:54:00,38.2,38.21,38.19,38.19,1403
"6827",2020-08-19 16:55:00,38.19,38.2,38.16,38.17,2392
"6828",2020-08-19 16:56:00,38.18,38.33,38.18,38.33,8037
"6829",2020-08-19 16:57:00,38.35,38.37,38.32,38.32,3635
"6830",2020-08-19 16:58:00,38.31,38.31,38.24,38.25,8336
"6831",2020-08-19 16:59:00,38.26,38.33,38.26,38.3,1617
"6832",2020-08-19 17:00:00,38.32,38.33,38.31,38.33,1067
"6833",2020-08-19 17:01:00,38.34,38.4,38.34,38.37,4666
"6834",2020-08-19 17:02:00,38.37,38.38,38.34,38.35,2396
"6835",2020-08-19 17:03:00,38.35,38.4,38.35,38.38,791
"6836",2020-08-19 17:04:00,38.38,38.38,38.35,38.38,2818
"6837",2020-08-19 17:05:00,38.38,38.38,38.31,38.36,2862
"6838",2020-08-19 17:06:00,38.36,38.38,38.35,38.38,2861
"6839",2020-08-19 17:07:00,38.38,38.43,38.38,38.42,1445
"6840",2020-08-19 17:08:00,38.42,38.42,38.35,38.39,2149
"6841",2020-08-19 17:09:00,38.39,38.41,38.37,38.37,3501
"6842",2020-08-19 17:10:00,38.35,38.36,38.3,38.3,4852
"6843",2020-08-19 17:11:00,38.31,38.32,38.3,38.31,2557
"6844",2020-08-19 17:12:00,38.31,38.31,38.28,38.29,3011
"6845",2020-08-19 17:13:00,38.3,38.32,38.3,38.32,1375
"6846",2020-08-19 17:14:00,38.33,38.36,38.33,38.36,1100
"6847",2020-08-19 17:15:00,38.36,38.4,38.35,38.36,7245
"6848",2020-08-19 17:16:00,38.35,38.36,38.33,38.34,1843
"6849",2020-08-19 17:17:00,38.36,38.37,38.35,38.37,2510
"6850",2020-08-19 17:18:00,38.37,38.39,38.35,38.39,1490
"6851",2020-08-19 17:19:00,38.4,38.46,38.4,38.46,5709
"6852",2020-08-19 17:20:00,38.46,38.48,38.46,38.48,2885
"6853",2020-08-19 17:21:00,38.48,38.48,38.46,38.46,2981
"6854",2020-08-19 17:22:00,38.46,38.47,38.45,38.45,2615
"6855",2020-08-19 17:23:00,38.43,38.43,38.4,38.4,2653
"6856",2020-08-19 17:24:00,38.41,38.42,38.4,38.42,1528
"6857",2020-08-19 17:25:00,38.45,38.49,38.44,38.49,1977
"6858",2020-08-19 17:26:00,38.49,38.55,38.49,38.55,20131
"6859",2020-08-19 17:27:00,38.54,38.6,38.54,38.6,7605
"6860",2020-08-19 17:28:00,38.6,38.81,38.58,38.81,47963
"6861",2020-08-19 17:29:00,38.81,38.98,38.8,38.98,40337
"6862",2020-08-19 17:30:00,38.99,39.19,38.98,39.12,66022
"6863",2020-08-19 17:31:00,39.12,39.14,38.98,39.03,26957
"6864",2020-08-19 17:32:00,39.04,39.11,39.04,39.07,3209
"6865",2020-08-19 17:33:00,39.06,39.08,39.03,39.03,8717
"6866",2020-08-19 17:34:00,39,39.03,38.95,39.01,8679
"6867",2020-08-19 17:35:00,39.01,39.06,38.97,39.06,15716
"6868",2020-08-19 17:36:00,39.06,39.08,39.02,39.08,5277
"6869",2020-08-19 17:37:00,39.09,39.09,39.02,39.07,9434
"6870",2020-08-19 17:38:00,39.08,39.24,39.08,39.23,21693
"6871",2020-08-19 17:39:00,39.22,39.22,39.15,39.22,11088
"6872",2020-08-19 17:40:00,39.22,39.27,39.14,39.15,17480
"6873",2020-08-19 17:41:00,39.16,39.19,39.08,39.08,5518
"6874",2020-08-19 17:42:00,39.08,39.22,39.08,39.18,10100
"6875",2020-08-19 17:43:00,39.2,39.2,39.05,39.16,20195
"6876",2020-08-19 17:44:00,39.16,39.16,39.12,39.14,4779
"6877",2020-08-19 17:45:00,39.14,39.14,39.08,39.1,7078
"6878",2020-08-19 17:46:00,39.1,39.12,39.01,39.03,7988
"6879",2020-08-19 17:47:00,39.03,39.08,38.98,39.08,9896
"6880",2020-08-19 17:48:00,39.08,39.15,39.08,39.11,5666
"6881",2020-08-19 17:49:00,39.1,39.15,39.07,39.14,3801
"6882",2020-08-19 17:50:00,39.15,39.16,39.12,39.15,2954
"6883",2020-08-19 17:51:00,39.15,39.16,39.09,39.11,8644
"6884",2020-08-19 17:52:00,39.12,39.23,39.12,39.18,12942
"6885",2020-08-19 17:53:00,39.18,39.27,39.18,39.27,6601
"6886",2020-08-19 17:54:00,39.27,39.32,39.22,39.28,35564
"6887",2020-08-19 17:55:00,39.28,39.39,39.28,39.38,20193
"6888",2020-08-19 17:56:00,39.37,39.39,39.3,39.36,12419
"6889",2020-08-19 17:57:00,39.35,39.35,39.21,39.24,18523
"6890",2020-08-19 17:58:00,39.24,39.28,39.22,39.28,25312
"6891",2020-08-19 17:59:00,39.29,39.42,39.29,39.41,13412
"6892",2020-08-19 18:00:00,39.39,39.41,39.36,39.36,5059
"6893",2020-08-19 18:01:00,39.37,39.39,39.37,39.38,9077
"6894",2020-08-19 18:02:00,39.37,39.48,39.37,39.48,14366
"6895",2020-08-19 18:03:00,39.48,39.48,39.35,39.4,6884
"6896",2020-08-19 18:04:00,39.4,39.4,39.37,39.39,3246
"6897",2020-08-19 18:05:00,39.4,39.44,39.25,39.27,13515
"6898",2020-08-19 18:06:00,39.27,39.31,39.27,39.3,1683
"6899",2020-08-19 18:07:00,39.29,39.32,39.24,39.29,5668
"6900",2020-08-19 18:08:00,39.26,39.26,39.18,39.18,5974
"6901",2020-08-19 18:09:00,39.18,39.2,39.14,39.16,5336
"6902",2020-08-19 18:10:00,39.15,39.18,39.11,39.18,5402
"6903",2020-08-19 18:11:00,39.17,39.24,39.17,39.24,2832
"6904",2020-08-19 18:12:00,39.22,39.26,39.22,39.22,3152
"6905",2020-08-19 18:13:00,39.23,39.27,39.21,39.22,2511
"6906",2020-08-19 18:14:00,39.2,39.21,39.1,39.11,9110
"6907",2020-08-19 18:15:00,39.11,39.13,39,39.01,35571
"6908",2020-08-19 18:16:00,39.01,39.14,39.01,39.14,8320
"6909",2020-08-19 18:17:00,39.13,39.13,39.08,39.1,3038
"6910",2020-08-19 18:18:00,39.05,39.09,38.97,39.08,9703
"6911",2020-08-19 18:19:00,39.1,39.11,39.06,39.08,1936
"6912",2020-08-19 18:20:00,39.08,39.08,39.03,39.06,1952
"6913",2020-08-19 18:21:00,39.08,39.08,39.01,39.02,4651
"6914",2020-08-19 18:22:00,39.02,39.04,39.02,39.02,603
"6915",2020-08-19 18:23:00,39.03,39.04,39.01,39.01,1380
"6916",2020-08-19 18:24:00,39.01,39.01,39,39,281
"6917",2020-08-19 18:25:00,39.01,39.08,39.01,39.08,2107
"6918",2020-08-19 18:26:00,39.09,39.1,39.07,39.1,4413
"6919",2020-08-19 18:27:00,39.1,39.12,39.08,39.09,3007
"6920",2020-08-19 18:28:00,39.1,39.1,39.05,39.05,1600
"6921",2020-08-19 18:29:00,39.04,39.08,39.02,39.08,1224
"6922",2020-08-19 18:30:00,39.1,39.12,39.1,39.11,3473
"6923",2020-08-19 18:31:00,39.12,39.16,39.11,39.16,2920
"6924",2020-08-19 18:32:00,39.16,39.16,39.09,39.09,4332
"6925",2020-08-19 18:33:00,39.09,39.12,39.08,39.12,1312
"6926",2020-08-19 18:34:00,39.11,39.14,39.11,39.12,1779
"6927",2020-08-19 18:35:00,39.12,39.13,39.11,39.12,981
"6928",2020-08-19 18:36:00,39.13,39.15,39.13,39.15,339
"6929",2020-08-19 18:37:00,39.15,39.15,39.1,39.1,2669
"6930",2020-08-19 18:38:00,39.1,39.12,39.08,39.12,4472
"6931",2020-08-19 18:39:00,39.13,39.14,39.1,39.1,852
"6932",2020-08-19 18:40:00,39.1,39.1,39.08,39.1,1220
"6933",2020-08-19 18:41:00,39.1,39.11,39.1,39.11,3149
"6934",2020-08-19 18:42:00,39.1,39.11,39.08,39.08,1083
"6935",2020-08-19 18:43:00,39.09,39.13,39.09,39.13,2528
"6936",2020-08-19 18:44:00,39.14,39.26,39.14,39.25,35351
"6937",2020-08-19 18:45:00,39.24,39.25,39.22,39.24,3702
"6938",2020-08-19 18:46:00,39.25,39.38,39.25,39.38,13587
"6939",2020-08-19 18:47:00,39.37,39.38,39.34,39.34,6794
"6940",2020-08-19 18:48:00,39.34,39.35,39.33,39.35,2900
"6941",2020-08-19 18:49:00,39.37,39.39,39.37,39.37,3090
"6942",2020-08-19 18:50:00,39.36,39.38,39.36,39.38,4136
"6943",2020-08-19 18:51:00,39.37,39.37,39.35,39.36,2212
"6944",2020-08-19 18:52:00,39.36,39.37,39.36,39.36,641
"6945",2020-08-19 18:53:00,39.37,39.37,39.32,39.32,2276
"6946",2020-08-19 18:54:00,39.32,39.37,39.32,39.37,2256
"6947",2020-08-19 18:55:00,39.37,39.37,39.34,39.35,2673
"6948",2020-08-19 18:56:00,39.36,39.41,39.36,39.39,5917
"6949",2020-08-19 18:57:00,39.38,39.4,39.37,39.4,2007
"6950",2020-08-19 18:58:00,39.4,39.44,39.4,39.42,2324
"6951",2020-08-19 18:59:00,39.42,39.42,39.41,39.42,5612
"6952",2020-08-19 19:00:00,39.42,39.46,39.42,39.46,9828
"6953",2020-08-19 19:01:00,39.45,39.45,39.42,39.42,1132
"6954",2020-08-19 19:02:00,39.42,39.43,39.4,39.42,5465
"6955",2020-08-19 19:03:00,39.43,39.45,39.42,39.45,2856
"6956",2020-08-19 19:04:00,39.44,39.44,39.43,39.43,769
"6957",2020-08-19 19:05:00,39.42,39.44,39.41,39.44,2585
"6958",2020-08-19 19:06:00,39.45,39.52,39.44,39.48,7192
"6959",2020-08-19 19:07:00,39.48,39.49,39.45,39.48,3307
"6960",2020-08-19 19:08:00,39.47,39.47,39.44,39.44,377
"6961",2020-08-19 19:09:00,39.44,39.44,39.37,39.37,3658
"6962",2020-08-19 19:10:00,39.37,39.38,39.33,39.34,8838
"6963",2020-08-19 19:11:00,39.36,39.42,39.36,39.42,4685
"6964",2020-08-19 19:12:00,39.43,39.45,39.41,39.41,3925
"6965",2020-08-19 19:13:00,39.42,39.42,39.41,39.41,754
"6966",2020-08-19 19:14:00,39.42,39.45,39.41,39.44,2677
"6967",2020-08-19 19:15:00,39.44,39.48,39.44,39.44,2169
"6968",2020-08-19 19:16:00,39.44,39.44,39.4,39.42,4846
"6969",2020-08-19 19:17:00,39.42,39.42,39.4,39.42,2149
"6970",2020-08-19 19:18:00,39.41,39.41,39.4,39.4,768
"6971",2020-08-19 19:19:00,39.4,39.4,39.4,39.4,304
"6972",2020-08-19 19:20:00,39.4,39.44,39.4,39.42,3606
"6973",2020-08-19 19:21:00,39.41,39.44,39.41,39.44,827
"6974",2020-08-19 19:22:00,39.43,39.44,39.43,39.43,808
"6975",2020-08-19 19:23:00,39.43,39.47,39.43,39.47,1479
"6976",2020-08-19 19:24:00,39.47,39.47,39.44,39.44,2575
"6977",2020-08-19 19:25:00,39.43,39.43,39.41,39.42,1410
"6978",2020-08-19 19:26:00,39.42,39.46,39.42,39.46,1661
"6979",2020-08-19 19:27:00,39.46,39.46,39.45,39.45,1342
"6980",2020-08-19 19:28:00,39.44,39.44,39.43,39.43,1593
"6981",2020-08-19 19:29:00,39.47,39.47,39.45,39.45,1632
"6982",2020-08-19 19:30:00,39.44,39.44,39.39,39.39,5690
"6983",2020-08-19 19:31:00,39.39,39.4,39.36,39.4,7320
"6984",2020-08-19 19:32:00,39.4,39.4,39.35,39.35,1173
"6985",2020-08-19 19:33:00,39.36,39.36,39.31,39.31,2405
"6986",2020-08-19 19:34:00,39.3,39.32,39.3,39.31,2042
"6987",2020-08-19 19:35:00,39.32,39.32,39.31,39.32,231
"6988",2020-08-19 19:36:00,39.33,39.35,39.33,39.33,1090
"6989",2020-08-19 19:37:00,39.33,39.38,39.33,39.37,1506
"6990",2020-08-19 19:38:00,39.38,39.39,39.36,39.36,2506
"6991",2020-08-19 19:39:00,39.37,39.39,39.37,39.38,1059
"6992",2020-08-19 19:40:00,39.39,39.39,39.38,39.38,1382
"6993",2020-08-19 19:41:00,39.37,39.37,39.34,39.34,1729
"6994",2020-08-19 19:42:00,39.33,39.33,39.28,39.29,5668
"6995",2020-08-19 19:43:00,39.29,39.31,39.28,39.31,2797
"6996",2020-08-19 19:44:00,39.32,39.34,39.31,39.34,1800
"6997",2020-08-19 19:45:00,39.35,39.36,39.34,39.34,2463
"6998",2020-08-19 19:46:00,39.33,39.33,39.32,39.33,2497
"6999",2020-08-19 19:47:00,39.34,39.34,39.32,39.34,1036
"7000",2020-08-19 19:48:00,39.33,39.39,39.33,39.39,4073
"7001",2020-08-19 19:49:00,39.39,39.41,39.38,39.41,4239
"7002",2020-08-19 19:50:00,39.4,39.4,39.36,39.36,5764
"7003",2020-08-19 19:51:00,39.35,39.35,39.32,39.32,731
"7004",2020-08-19 19:52:00,39.32,39.33,39.29,39.31,2696
"7005",2020-08-19 19:53:00,39.32,39.34,39.31,39.34,1436
"7006",2020-08-19 19:54:00,39.34,39.34,39.33,39.33,906
"7007",2020-08-19 19:55:00,39.32,39.32,39.29,39.29,2118
"7008",2020-08-19 19:56:00,39.3,39.32,39.3,39.3,1860
"7009",2020-08-19 19:57:00,39.29,39.3,39.27,39.29,5513
"7010",2020-08-19 19:58:00,39.3,39.3,39.29,39.3,732
"7011",2020-08-19 19:59:00,39.3,39.3,39.27,39.28,1374
"7012",2020-08-19 20:00:00,39.28,39.28,39.27,39.27,771
"7013",2020-08-19 20:01:00,39.27,39.27,39.22,39.27,5097
"7014",2020-08-19 20:02:00,39.28,39.28,39.28,39.28,2007
"7015",2020-08-19 20:03:00,39.28,39.28,39.26,39.26,2192
"7016",2020-08-19 20:04:00,39.26,39.27,39.26,39.27,1607
"7017",2020-08-19 20:05:00,39.28,39.37,39.28,39.37,7579
"7018",2020-08-19 20:06:00,39.38,39.41,39.38,39.41,1844
"7019",2020-08-19 20:07:00,39.4,39.4,39.38,39.38,1531
"7020",2020-08-19 20:08:00,39.38,39.38,39.33,39.34,5157
"7021",2020-08-19 20:09:00,39.34,39.35,39.34,39.35,3154
"7022",2020-08-19 20:10:00,39.34,39.34,39.33,39.34,1292
"7023",2020-08-19 20:11:00,39.33,39.34,39.32,39.34,1901
"7024",2020-08-19 20:12:00,39.35,39.36,39.35,39.36,713
"7025",2020-08-19 20:13:00,39.35,39.35,39.32,39.33,537
"7026",2020-08-19 20:14:00,39.33,39.35,39.33,39.35,1295
"7027",2020-08-19 20:15:00,39.36,39.36,39.33,39.33,1686
"7028",2020-08-19 20:16:00,39.32,39.34,39.31,39.34,4441
"7029",2020-08-19 20:17:00,39.34,39.36,39.34,39.35,874
"7030",2020-08-19 20:18:00,39.35,39.37,39.35,39.37,1284
"7031",2020-08-19 20:19:00,39.36,39.36,39.36,39.36,579
"7032",2020-08-19 20:20:00,39.37,39.41,39.37,39.41,2598
"7033",2020-08-19 20:21:00,39.41,39.41,39.39,39.4,1508
"7034",2020-08-19 20:22:00,39.4,39.42,39.4,39.41,2881
"7035",2020-08-19 20:23:00,39.42,39.42,39.41,39.41,1413
"7036",2020-08-19 20:24:00,39.42,39.42,39.41,39.41,1224
"7037",2020-08-19 20:25:00,39.41,39.42,39.4,39.4,2298
"7038",2020-08-19 20:26:00,39.41,39.45,39.41,39.45,2386
"7039",2020-08-19 20:27:00,39.44,39.44,39.42,39.42,1400
"7040",2020-08-19 20:28:00,39.42,39.43,39.41,39.42,1902
"7041",2020-08-19 20:29:00,39.42,39.44,39.42,39.44,158
"7042",2020-08-19 20:30:00,39.43,39.44,39.42,39.44,2472
"7043",2020-08-19 20:31:00,39.44,39.44,39.43,39.43,1232
"7044",2020-08-19 20:32:00,39.44,39.45,39.44,39.45,449
"7045",2020-08-19 20:33:00,39.44,39.44,39.43,39.43,1351
"7046",2020-08-19 20:34:00,39.42,39.42,39.39,39.4,3867
"7047",2020-08-19 20:35:00,39.39,39.4,39.39,39.4,2633
"7048",2020-08-19 20:36:00,39.41,39.42,39.38,39.38,3476
"7049",2020-08-19 20:37:00,39.38,39.38,39.37,39.37,1549
"7050",2020-08-19 20:38:00,39.38,39.41,39.38,39.41,2307
"7051",2020-08-19 20:39:00,39.41,39.44,39.41,39.44,2450
"7052",2020-08-19 20:40:00,39.43,39.44,39.43,39.44,1377
"7053",2020-08-19 20:41:00,39.43,39.43,39.42,39.42,1213
"7054",2020-08-19 20:42:00,39.42,39.42,39.41,39.42,1435
"7055",2020-08-19 20:43:00,39.41,39.41,39.38,39.39,1832
"7056",2020-08-19 20:44:00,39.39,39.4,39.39,39.39,2280
"7057",2020-08-19 20:45:00,39.39,39.39,39.38,39.38,690
"7058",2020-08-19 20:46:00,39.39,39.39,39.39,39.39,410
"7059",2020-08-19 20:47:00,39.39,39.39,39.38,39.38,677
"7060",2020-08-19 20:48:00,39.39,39.39,39.38,39.39,1289
"7061",2020-08-19 20:49:00,39.39,39.39,39.35,39.35,3166
"7062",2020-08-19 20:50:00,39.36,39.36,39.36,39.36,201
"7063",2020-08-19 20:51:00,39.35,39.36,39.35,39.36,3285
"7064",2020-08-19 20:52:00,39.36,39.36,39.35,39.35,2109
"7065",2020-08-19 20:53:00,39.33,39.35,39.33,39.35,3197
"7066",2020-08-19 20:54:00,39.35,39.35,39.35,39.35,308
"7067",2020-08-19 20:55:00,39.35,39.35,39.34,39.34,1800
"7068",2020-08-19 20:56:00,39.34,39.34,39.32,39.32,3007
"7069",2020-08-19 20:57:00,39.31,39.31,39.26,39.27,5643
"7070",2020-08-19 20:58:00,39.28,39.28,39.28,39.28,3218
"7071",2020-08-19 20:59:00,39.3,39.3,39.29,39.3,325
"7072",2020-08-19 21:00:00,39.3,39.3,39.3,39.3,641
"7073",2020-08-19 21:01:00,39.31,39.36,39.31,39.36,3047
"7074",2020-08-19 21:02:00,39.36,39.37,39.34,39.36,2271
"7075",2020-08-19 21:03:00,39.36,39.36,39.35,39.35,1716
"7076",2020-08-19 21:04:00,39.35,39.35,39.35,39.35,100
"7077",2020-08-19 21:05:00,39.36,39.36,39.34,39.34,2507
"7078",2020-08-19 21:06:00,39.33,39.34,39.3,39.3,6262
"7079",2020-08-19 21:07:00,39.29,39.31,39.26,39.29,5458
"7080",2020-08-19 21:08:00,39.28,39.28,39.23,39.24,6632
"7081",2020-08-19 21:09:00,39.24,39.24,39.21,39.24,3246
"7082",2020-08-19 21:10:00,39.26,39.32,39.26,39.32,3055
"7083",2020-08-19 21:11:00,39.31,39.31,39.28,39.28,1701
"7084",2020-08-19 21:12:00,39.27,39.28,39.22,39.25,1999
"7085",2020-08-19 21:13:00,39.26,39.27,39.24,39.27,2333
"7086",2020-08-19 21:14:00,39.27,39.28,39.26,39.26,1739
"7087",2020-08-19 21:15:00,39.25,39.25,39.23,39.23,727
"7088",2020-08-19 21:16:00,39.23,39.24,39.22,39.22,3251
"7089",2020-08-19 21:17:00,39.21,39.22,39.18,39.21,5071
"7090",2020-08-19 21:18:00,39.21,39.21,39.17,39.17,3786
"7091",2020-08-19 21:19:00,39.16,39.16,39.09,39.1,3835
"7092",2020-08-19 21:20:00,39.1,39.1,38.98,38.99,30358
"7093",2020-08-19 21:21:00,39,39.01,38.88,38.89,24973
"7094",2020-08-19 21:22:00,38.9,38.93,38.82,38.93,20116
"7095",2020-08-19 21:23:00,38.94,39,38.94,38.98,4008
"7096",2020-08-19 21:24:00,38.98,39.02,38.97,39.02,5974
"7097",2020-08-19 21:25:00,39.02,39.08,39.01,39.06,9143
"7098",2020-08-19 21:26:00,39.07,39.11,39.07,39.11,3445
"7099",2020-08-19 21:27:00,39.12,39.13,39.08,39.09,3797
"7100",2020-08-19 21:28:00,39.08,39.09,39.04,39.09,2002
"7101",2020-08-19 21:29:00,39.08,39.08,39,39.02,4432
"7102",2020-08-19 21:30:00,39.01,39.08,39.01,39.03,5842
"7103",2020-08-19 21:31:00,39.03,39.06,39.02,39.05,4994
"7104",2020-08-19 21:32:00,39.05,39.09,39.05,39.06,2330
"7105",2020-08-19 21:33:00,39.08,39.1,39.08,39.08,1823
"7106",2020-08-19 21:34:00,39.09,39.13,39.09,39.13,5578
"7107",2020-08-19 21:35:00,39.12,39.13,39.1,39.13,4362
"7108",2020-08-19 21:36:00,39.14,39.15,39.12,39.12,2514
"7109",2020-08-19 21:37:00,39.12,39.12,39.09,39.12,1998
"7110",2020-08-19 21:38:00,39.12,39.13,39.11,39.11,2216
"7111",2020-08-19 21:39:00,39.1,39.11,39.1,39.11,586
"7112",2020-08-19 21:40:00,39.1,39.1,39.09,39.1,1345
"7113",2020-08-19 21:41:00,39.1,39.1,39.1,39.1,2556
"7114",2020-08-19 21:42:00,39.11,39.13,39.1,39.13,1518
"7115",2020-08-19 21:43:00,39.12,39.12,38.98,39,11261
"7116",2020-08-19 21:44:00,39.02,39.02,39,39.02,10421
"7117",2020-08-19 21:45:00,39.02,39.05,39,39.05,1006
"7118",2020-08-19 21:46:00,39.06,39.07,39.04,39.07,2312
"7119",2020-08-19 21:47:00,39.07,39.1,39.06,39.1,1191
"7120",2020-08-19 21:48:00,39.11,39.12,39.1,39.11,1868
"7121",2020-08-19 21:49:00,39.12,39.12,39.1,39.1,1904
"7122",2020-08-19 21:50:00,39.09,39.12,39.08,39.12,1564
"7123",2020-08-19 21:51:00,39.12,39.15,39.09,39.13,4456
"7124",2020-08-19 21:52:00,39.13,39.13,39.12,39.12,440
"7125",2020-08-19 21:53:00,39.12,39.13,39.12,39.13,1055
"7126",2020-08-19 21:54:00,39.13,39.13,39.12,39.12,1503
"7127",2020-08-19 21:55:00,39.11,39.12,39.1,39.12,1005
"7128",2020-08-19 21:56:00,39.12,39.16,39.12,39.16,1647
"7129",2020-08-19 21:57:00,39.15,39.19,39.15,39.19,11007
"7130",2020-08-19 21:58:00,39.19,39.19,39.17,39.17,1360
"7131",2020-08-19 21:59:00,39.16,39.16,39.16,39.16,210
"7132",2020-08-19 22:00:00,39.16,39.17,39.14,39.16,3981
"7133",2020-08-19 22:01:00,39.15,39.16,39.14,39.15,1658
"7134",2020-08-19 22:02:00,39.17,39.17,39.1,39.13,3475
"7135",2020-08-19 22:03:00,39.13,39.14,39.11,39.12,1957
"7136",2020-08-19 22:04:00,39.13,39.16,39.13,39.15,901
"7137",2020-08-19 22:05:00,39.14,39.14,39.1,39.1,824
"7138",2020-08-19 22:06:00,39.11,39.12,39.1,39.12,1304
"7139",2020-08-19 22:07:00,39.12,39.12,39.1,39.1,1508
"7140",2020-08-19 22:08:00,39.09,39.11,39.08,39.11,3121
"7141",2020-08-19 22:09:00,39.11,39.12,39.11,39.11,933
"7142",2020-08-19 22:10:00,39.11,39.11,39.1,39.1,2069
"7143",2020-08-19 22:11:00,39.1,39.1,39.09,39.1,352
"7144",2020-08-19 22:12:00,39.11,39.11,39.1,39.1,1685
"7145",2020-08-19 22:13:00,39.11,39.12,39.08,39.1,1717
"7146",2020-08-19 22:14:00,39.09,39.09,39.06,39.07,3212
"7147",2020-08-19 22:15:00,39.08,39.08,39.07,39.07,1360
"7148",2020-08-19 22:16:00,39.07,39.08,39.05,39.07,1700
"7149",2020-08-19 22:17:00,39.07,39.07,39.06,39.07,2034
"7150",2020-08-19 22:18:00,39.07,39.07,39.06,39.06,1806
"7151",2020-08-19 22:19:00,39.06,39.06,39.03,39.03,875
"7152",2020-08-19 22:20:00,39.02,39.04,39.02,39.03,1061
"7153",2020-08-19 22:21:00,39.02,39.04,39.01,39.04,2168
"7154",2020-08-19 22:22:00,39.03,39.03,39.02,39.03,934
"7155",2020-08-19 22:23:00,39.06,39.07,39.06,39.07,2110
"7156",2020-08-19 22:24:00,39.07,39.08,39.04,39.04,2485
"7157",2020-08-19 22:25:00,39.04,39.06,39.04,39.05,2176
"7158",2020-08-19 22:26:00,39.05,39.07,39.04,39.04,2499
"7159",2020-08-19 22:27:00,39.04,39.06,39.04,39.06,1039
"7160",2020-08-19 22:28:00,39.06,39.07,39.04,39.06,1873
"7161",2020-08-19 22:29:00,39.07,39.07,39.05,39.05,1080
"7162",2020-08-19 22:30:00,39.06,39.06,39.03,39.04,1902
"7163",2020-08-19 22:31:00,39.04,39.06,39.04,39.06,600
"7164",2020-08-19 22:32:00,39.06,39.06,39.05,39.05,2055
"7165",2020-08-19 22:33:00,39.05,39.05,39.03,39.03,2464
"7166",2020-08-19 22:34:00,39.03,39.04,39.02,39.03,1155
"7167",2020-08-19 22:35:00,39.03,39.05,39.03,39.04,1812
"7168",2020-08-19 22:36:00,39.04,39.04,39.04,39.04,1822
"7169",2020-08-19 22:37:00,39.03,39.04,39.02,39.02,1149
"7170",2020-08-19 22:38:00,39.02,39.02,39,39,2331
"7171",2020-08-19 22:39:00,38.99,38.99,38.92,38.93,7166
"7172",2020-08-19 22:40:00,38.92,38.93,38.92,38.93,3633
"7173",2020-08-19 22:41:00,38.93,38.93,38.88,38.93,4832
"7174",2020-08-19 22:42:00,38.92,38.92,38.88,38.88,3078
"7175",2020-08-19 22:43:00,38.88,38.9,38.87,38.9,6075
"7176",2020-08-19 22:44:00,38.92,38.94,38.92,38.94,5855
"7177",2020-08-19 22:45:00,38.94,38.96,38.94,38.94,5154
"7178",2020-08-19 22:46:00,38.93,38.93,38.92,38.92,8103
"7179",2020-08-19 22:47:00,38.92,38.92,38.89,38.89,5999
"7180",2020-08-19 22:48:00,38.88,38.88,38.84,38.87,5433
"7181",2020-08-19 22:49:00,38.86,38.87,38.83,38.83,4843
"7182",2020-08-19 22:50:00,38.84,38.84,38.76,38.77,16792
"7183",2020-08-19 22:51:00,38.77,38.77,38.74,38.76,14952
"7184",2020-08-19 22:52:00,38.76,38.76,38.74,38.76,8219
"7185",2020-08-19 22:53:00,38.76,38.82,38.75,38.82,20784
"7186",2020-08-19 22:54:00,38.82,38.86,38.78,38.84,25445
"7187",2020-08-19 22:55:00,38.85,38.85,38.81,38.83,11802
"7188",2020-08-19 22:56:00,38.82,38.86,38.82,38.84,10973
"7189",2020-08-19 22:57:00,38.84,38.88,38.81,38.88,24267
"7190",2020-08-19 22:58:00,38.88,38.88,38.83,38.86,22527
"7191",2020-08-19 22:59:00,38.86,38.88,38.84,38.87,16757
"7192",2020-08-19 23:00:00,38.87,38.94,38.86,38.88,18469
"7193",2020-08-19 23:01:00,38.92,38.92,38.81,38.81,505
"7194",2020-08-19 23:02:00,38.88,38.88,38.81,38.81,11
"7195",2020-08-19 23:05:00,38.89,38.89,38.88,38.88,3620
"7196",2020-08-19 23:07:00,38.88,38.88,38.88,38.88,188
"7197",2020-08-19 23:08:00,38.85,38.85,38.85,38.85,4
"7198",2020-08-19 23:09:00,38.87,38.87,38.87,38.87,132
"7199",2020-08-19 23:13:00,38.95,38.95,38.95,38.95,3
"7200",2020-08-19 23:17:00,38.85,38.85,38.85,38.85,1
"7201",2020-08-19 23:19:00,38.85,38.88,38.85,38.88,300
"7202",2020-08-19 23:20:00,38.84,38.84,38.72,38.72,4
"7203",2020-08-19 23:28:00,38.89,38.89,38.89,38.89,1
"7204",2020-08-19 23:41:00,38.88,38.95,38.88,38.95,14
"7205",2020-08-19 23:45:00,38.83,38.85,38.83,38.85,107
"7206",2020-08-19 23:47:00,38.85,38.85,38.85,38.85,2
"7207",2020-08-19 23:54:00,38.85,38.85,38.85,38.85,97
"7208",2020-08-20 00:02:00,38.95,38.95,38.95,38.95,10
"7209",2020-08-20 00:03:00,38.85,38.85,38.85,38.85,100
"7210",2020-08-20 00:40:00,38.87,38.87,38.86,38.86,878
"7211",2020-08-20 00:49:00,38.9,38.9,38.9,38.9,3
"7212",2020-08-20 00:57:00,38.55,38.55,38.55,38.55,1
"7213",2020-08-20 01:03:00,38.9,38.9,38.9,38.9,3
"7214",2020-08-20 01:05:00,38.9,38.9,38.9,38.9,500
"7215",2020-08-20 01:06:00,38.95,38.95,38.9,38.9,102
"7216",2020-08-20 01:09:00,38.9,38.9,38.9,38.9,297
"7217",2020-08-20 01:29:00,38.87,38.87,38.87,38.87,100
"7218",2020-08-20 01:34:00,38.89,38.89,38.89,38.89,100
"7219",2020-08-20 01:36:00,38.9,38.9,38.9,38.9,100
"7220",2020-08-20 01:43:00,38.86,38.86,38.86,38.86,5
"7221",2020-08-20 10:04:00,38.7,38.7,38.52,38.52,5
"7222",2020-08-20 10:06:00,38.43,38.73,38.43,38.73,54
"7223",2020-08-20 10:07:00,38.72,38.72,38.72,38.72,18
"7224",2020-08-20 10:10:00,38.7,38.7,38.7,38.7,1
"7225",2020-08-20 10:15:00,38.7,38.7,38.7,38.7,3
"7226",2020-08-20 10:22:00,38.6,38.6,38.6,38.6,1
"7227",2020-08-20 10:26:00,38.62,38.62,38.62,38.62,5
"7228",2020-08-20 10:27:00,38.61,38.61,38.61,38.61,3
"7229",2020-08-20 10:28:00,38.61,38.61,38.61,38.61,200
"7230",2020-08-20 10:29:00,38.65,38.69,38.65,38.69,4
"7231",2020-08-20 10:30:00,38.59,38.59,38.59,38.59,1
"7232",2020-08-20 10:32:00,38.69,38.69,38.69,38.69,1
"7233",2020-08-20 10:34:00,38.69,38.69,38.69,38.69,1
"7234",2020-08-20 10:36:00,38.61,38.63,38.61,38.63,2
"7235",2020-08-20 10:38:00,38.61,38.61,38.61,38.61,1
"7236",2020-08-20 10:39:00,38.69,38.69,38.69,38.69,1
"7237",2020-08-20 10:45:00,38.64,38.7,38.64,38.7,3
"7238",2020-08-20 10:47:00,38.7,38.7,38.69,38.7,3
"7239",2020-08-20 10:50:00,38.78,38.78,38.78,38.78,4
"7240",2020-08-20 10:59:00,38.75,38.75,38.75,38.75,1
"7241",2020-08-20 11:01:00,38.75,38.75,38.75,38.75,2
"7242",2020-08-20 11:04:00,38.56,38.56,38.56,38.56,1
"7243",2020-08-20 11:05:00,38.74,38.74,38.74,38.74,1
"7244",2020-08-20 11:14:00,38.55,38.55,38.55,38.55,1
"7245",2020-08-20 11:19:00,38.73,38.74,38.73,38.74,2
"7246",2020-08-20 11:25:00,38.7,38.7,38.6,38.6,2
"7247",2020-08-20 11:28:00,38.61,38.61,38.61,38.61,1
"7248",2020-08-20 11:29:00,38.6,38.6,38.54,38.54,3
"7249",2020-08-20 11:32:00,38.58,38.58,38.58,38.58,10
"7250",2020-08-20 11:42:00,38.55,38.55,38.55,38.55,2
"7251",2020-08-20 11:43:00,38.64,38.64,38.64,38.64,1
"7252",2020-08-20 11:52:00,38.64,38.64,38.64,38.64,5
"7253",2020-08-20 11:56:00,38.64,38.65,38.64,38.65,8
"7254",2020-08-20 11:58:00,38.65,38.65,38.65,38.65,1
"7255",2020-08-20 12:05:00,38.66,38.66,38.66,38.66,1
"7256",2020-08-20 12:06:00,38.64,38.64,38.64,38.64,10
"7257",2020-08-20 12:07:00,38.64,38.64,38.58,38.58,24
"7258",2020-08-20 12:09:00,38.66,38.66,38.66,38.66,1
"7259",2020-08-20 12:13:00,38.66,38.66,38.66,38.66,50
"7260",2020-08-20 12:24:00,38.55,38.55,38.55,38.55,1
"7261",2020-08-20 12:25:00,38.55,38.55,38.55,38.55,2
"7262",2020-08-20 12:29:00,38.55,38.55,38.55,38.55,12
"7263",2020-08-20 12:39:00,38.58,38.58,38.58,38.58,1
"7264",2020-08-20 12:57:00,38.69,38.7,38.69,38.7,3
"7265",2020-08-20 12:58:00,38.59,38.59,38.59,38.59,4
"7266",2020-08-20 12:59:00,38.73,38.73,38.73,38.73,1
"7267",2020-08-20 13:05:00,38.7,38.7,38.7,38.7,3
"7268",2020-08-20 13:06:00,38.59,38.59,38.59,38.59,6
"7269",2020-08-20 13:11:00,38.72,38.72,38.72,38.72,1
"7270",2020-08-20 13:21:00,38.59,38.59,38.59,38.59,4
"7271",2020-08-20 13:41:00,38.6,38.6,38.6,38.6,1
"7272",2020-08-20 13:46:00,38.69,38.69,38.6,38.6,3
"7273",2020-08-20 14:00:00,38.69,38.7,38.61,38.61,11
"7274",2020-08-20 14:01:00,38.72,38.79,38.72,38.79,21
"7275",2020-08-20 14:11:00,38.8,38.8,38.8,38.8,1
"7276",2020-08-20 14:17:00,38.77,38.77,38.77,38.77,2
"7277",2020-08-20 14:22:00,38.75,38.75,38.75,38.75,1
"7278",2020-08-20 14:24:00,38.77,38.77,38.77,38.77,5
"7279",2020-08-20 14:32:00,38.87,38.87,38.87,38.87,15
"7280",2020-08-20 14:35:00,38.8,38.86,38.8,38.86,8
"7281",2020-08-20 14:36:00,38.72,38.72,38.72,38.72,1
"7282",2020-08-20 14:39:00,38.72,38.72,38.72,38.72,14
"7283",2020-08-20 14:41:00,38.72,38.72,38.72,38.72,2
"7284",2020-08-20 14:43:00,38.75,38.75,38.75,38.75,1
"7285",2020-08-20 14:44:00,38.81,38.83,38.81,38.83,98
"7286",2020-08-20 14:46:00,38.82,38.82,38.82,38.82,3
"7287",2020-08-20 14:48:00,38.82,38.82,38.82,38.82,1
"7288",2020-08-20 15:08:00,38.71,38.71,38.7,38.7,13
"7289",2020-08-20 15:17:00,38.77,38.77,38.77,38.77,1
"7290",2020-08-20 15:19:00,38.77,38.77,38.65,38.65,7
"7291",2020-08-20 15:20:00,38.77,38.77,38.77,38.77,11
"7292",2020-08-20 15:21:00,38.66,38.72,38.66,38.72,6
"7293",2020-08-20 15:24:00,38.72,38.72,38.67,38.67,280
"7294",2020-08-20 15:32:00,38.65,38.65,38.65,38.65,5
"7295",2020-08-20 15:33:00,38.65,38.65,38.65,38.65,100
"7296",2020-08-20 15:36:00,38.64,38.64,38.64,38.64,1
"7297",2020-08-20 15:40:00,38.77,38.77,38.77,38.77,10
"7298",2020-08-20 15:45:00,38.75,38.75,38.75,38.75,11
"7299",2020-08-20 15:54:00,38.79,38.8,38.79,38.8,5
"7300",2020-08-20 16:01:00,38.74,38.74,38.74,38.74,70
"7301",2020-08-20 16:12:00,38.82,38.82,38.82,38.82,4
"7302",2020-08-20 16:14:00,38.67,38.67,38.67,38.67,1
"7303",2020-08-20 16:22:00,38.7,38.7,38.7,38.7,2
"7304",2020-08-20 16:23:00,38.72,38.72,38.72,38.72,123
"7305",2020-08-20 16:25:00,38.72,38.72,38.63,38.63,2
"7306",2020-08-20 16:26:00,38.63,38.63,38.63,38.63,149
"7307",2020-08-20 16:27:00,38.63,38.63,38.63,38.63,2
"7308",2020-08-20 16:28:00,38.63,38.63,38.58,38.58,1401
"7309",2020-08-20 16:29:00,38.58,38.69,38.58,38.69,251
"7310",2020-08-20 16:30:00,38.59,38.69,38.58,38.69,801
"7311",2020-08-20 16:31:00,38.62,38.69,38.37,38.51,17595
"7312",2020-08-20 16:32:00,38.53,38.63,38.51,38.54,5726
"7313",2020-08-20 16:33:00,38.55,38.55,38.3,38.34,15839
"7314",2020-08-20 16:34:00,38.32,38.48,38.3,38.43,9177
"7315",2020-08-20 16:35:00,38.41,38.47,38.34,38.45,11212
"7316",2020-08-20 16:36:00,38.46,38.59,38.45,38.56,12489
"7317",2020-08-20 16:37:00,38.58,38.61,38.53,38.53,4474
"7318",2020-08-20 16:38:00,38.53,38.76,38.53,38.72,7172
"7319",2020-08-20 16:39:00,38.7,38.7,38.52,38.53,7204
"7320",2020-08-20 16:40:00,38.55,38.57,38.53,38.53,3503
"7321",2020-08-20 16:41:00,38.5,38.52,38.47,38.5,6799
"7322",2020-08-20 16:42:00,38.49,38.5,38.42,38.43,3933
"7323",2020-08-20 16:43:00,38.42,38.52,38.39,38.52,7466
"7324",2020-08-20 16:44:00,38.55,38.63,38.55,38.62,3836
"7325",2020-08-20 16:45:00,38.62,38.62,38.59,38.6,3165
"7326",2020-08-20 16:46:00,38.58,38.63,38.57,38.62,1872
"7327",2020-08-20 16:47:00,38.62,38.63,38.59,38.59,1945
"7328",2020-08-20 16:48:00,38.56,38.64,38.56,38.64,6062
"7329",2020-08-20 16:49:00,38.64,38.64,38.57,38.57,3870
"7330",2020-08-20 16:50:00,38.55,38.56,38.47,38.47,3711
"7331",2020-08-20 16:51:00,38.48,38.51,38.44,38.44,7374
"7332",2020-08-20 16:52:00,38.43,38.43,38.36,38.37,7303
"7333",2020-08-20 16:53:00,38.38,38.43,38.36,38.43,4028
"7334",2020-08-20 16:54:00,38.41,38.44,38.39,38.42,9393
"7335",2020-08-20 16:55:00,38.42,38.53,38.42,38.53,8012
"7336",2020-08-20 16:56:00,38.54,38.56,38.49,38.5,8184
"7337",2020-08-20 16:57:00,38.51,38.54,38.5,38.5,4810
"7338",2020-08-20 16:58:00,38.5,38.55,38.5,38.54,5725
"7339",2020-08-20 16:59:00,38.54,38.58,38.52,38.55,54391
"7340",2020-08-20 17:00:00,38.54,38.56,38.52,38.52,1241
"7341",2020-08-20 17:01:00,38.54,38.54,38.5,38.52,5392
"7342",2020-08-20 17:02:00,38.54,38.55,38.51,38.54,2388
"7343",2020-08-20 17:03:00,38.53,38.65,38.49,38.65,14546
"7344",2020-08-20 17:04:00,38.64,38.67,38.64,38.65,1211
"7345",2020-08-20 17:05:00,38.64,38.68,38.62,38.62,2208
"7346",2020-08-20 17:06:00,38.63,38.65,38.6,38.61,6160
"7347",2020-08-20 17:07:00,38.6,38.62,38.58,38.61,2060
"7348",2020-08-20 17:08:00,38.62,38.69,38.62,38.66,1579
"7349",2020-08-20 17:09:00,38.64,38.67,38.63,38.66,1860
"7350",2020-08-20 17:10:00,38.66,38.66,38.62,38.64,2691
"7351",2020-08-20 17:11:00,38.64,38.65,38.62,38.64,6837
"7352",2020-08-20 17:12:00,38.64,38.65,38.64,38.64,12356
"7353",2020-08-20 17:13:00,38.65,38.68,38.64,38.68,7054
"7354",2020-08-20 17:14:00,38.69,38.77,38.69,38.75,4265
"7355",2020-08-20 17:15:00,38.75,38.75,38.7,38.71,2218
"7356",2020-08-20 17:16:00,38.71,38.74,38.71,38.73,691
"7357",2020-08-20 17:17:00,38.71,38.71,38.7,38.71,903
"7358",2020-08-20 17:18:00,38.7,38.71,38.7,38.7,4585
"7359",2020-08-20 17:19:00,38.71,38.73,38.7,38.72,3721
"7360",2020-08-20 17:20:00,38.71,38.71,38.69,38.69,11853
"7361",2020-08-20 17:21:00,38.69,38.7,38.67,38.68,6971
"7362",2020-08-20 17:22:00,38.67,38.67,38.64,38.65,8073
"7363",2020-08-20 17:23:00,38.65,38.68,38.65,38.67,1625
"7364",2020-08-20 17:24:00,38.66,38.66,38.64,38.64,7843
"7365",2020-08-20 17:25:00,38.63,38.67,38.62,38.67,5213
"7366",2020-08-20 17:26:00,38.67,38.7,38.67,38.69,5449
"7367",2020-08-20 17:27:00,38.68,38.71,38.68,38.71,2001
"7368",2020-08-20 17:28:00,38.7,38.75,38.7,38.74,4054
"7369",2020-08-20 17:29:00,38.72,38.72,38.71,38.71,2200
"7370",2020-08-20 17:30:00,38.7,38.7,38.68,38.69,3791
"7371",2020-08-20 17:31:00,38.69,38.7,38.68,38.7,6118
"7372",2020-08-20 17:32:00,38.7,38.7,38.67,38.67,8795
"7373",2020-08-20 17:33:00,38.66,38.66,38.64,38.64,4696
"7374",2020-08-20 17:34:00,38.65,38.66,38.63,38.65,5578
"7375",2020-08-20 17:35:00,38.66,38.68,38.66,38.68,2906
"7376",2020-08-20 17:36:00,38.69,38.7,38.68,38.68,2202
"7377",2020-08-20 17:37:00,38.67,38.67,38.66,38.67,5166
"7378",2020-08-20 17:38:00,38.67,38.69,38.67,38.69,1876
"7379",2020-08-20 17:39:00,38.69,38.69,38.68,38.68,5130
"7380",2020-08-20 17:40:00,38.68,38.68,38.67,38.67,3083
"7381",2020-08-20 17:41:00,38.68,38.68,38.68,38.68,400
"7382",2020-08-20 17:42:00,38.68,38.68,38.67,38.68,2579
"7383",2020-08-20 17:43:00,38.66,38.66,38.65,38.66,6503
"7384",2020-08-20 17:44:00,38.65,38.66,38.65,38.66,1251
"7385",2020-08-20 17:45:00,38.66,38.66,38.66,38.66,751
"7386",2020-08-20 17:46:00,38.67,38.72,38.67,38.7,3418
"7387",2020-08-20 17:47:00,38.69,38.69,38.67,38.67,1595
"7388",2020-08-20 17:48:00,38.68,38.68,38.65,38.65,5205
"7389",2020-08-20 17:49:00,38.64,38.65,38.64,38.65,4091
"7390",2020-08-20 17:50:00,38.66,38.69,38.66,38.69,2237
"7391",2020-08-20 17:51:00,38.7,38.73,38.7,38.72,3049
"7392",2020-08-20 17:52:00,38.72,38.72,38.7,38.7,3409
"7393",2020-08-20 17:53:00,38.71,38.72,38.71,38.72,756
"7394",2020-08-20 17:54:00,38.72,38.72,38.71,38.72,2312
"7395",2020-08-20 17:55:00,38.72,38.74,38.72,38.74,2255
"7396",2020-08-20 17:56:00,38.74,38.8,38.74,38.78,7922
"7397",2020-08-20 17:57:00,38.79,38.81,38.79,38.8,5700
"7398",2020-08-20 17:58:00,38.8,38.84,38.8,38.83,3797
"7399",2020-08-20 17:59:00,38.84,38.86,38.84,38.85,2102
"7400",2020-08-20 18:00:00,38.84,38.84,38.82,38.82,558
"7401",2020-08-20 18:01:00,38.83,38.85,38.82,38.83,4788
"7402",2020-08-20 18:02:00,38.82,38.83,38.82,38.83,1896
"7403",2020-08-20 18:03:00,38.84,38.84,38.81,38.82,3723
"7404",2020-08-20 18:04:00,38.82,38.84,38.82,38.83,2240
"7405",2020-08-20 18:05:00,38.83,38.83,38.8,38.8,661
"7406",2020-08-20 18:06:00,38.8,38.82,38.8,38.82,2660
"7407",2020-08-20 18:07:00,38.81,38.81,38.74,38.74,4841
"7408",2020-08-20 18:08:00,38.75,38.76,38.74,38.74,1647
"7409",2020-08-20 18:09:00,38.73,38.73,38.7,38.71,1614
"7410",2020-08-20 18:10:00,38.7,38.7,38.65,38.66,1835
"7411",2020-08-20 18:11:00,38.65,38.71,38.65,38.7,2206
"7412",2020-08-20 18:12:00,38.71,38.72,38.7,38.72,1908
"7413",2020-08-20 18:13:00,38.72,38.72,38.72,38.72,598
"7414",2020-08-20 18:14:00,38.73,38.75,38.73,38.75,801
"7415",2020-08-20 18:15:00,38.74,38.74,38.74,38.74,938
"7416",2020-08-20 18:16:00,38.74,38.75,38.74,38.74,910
"7417",2020-08-20 18:17:00,38.74,38.76,38.74,38.75,1250
"7418",2020-08-20 18:18:00,38.74,38.74,38.73,38.73,600
"7419",2020-08-20 18:19:00,38.72,38.72,38.67,38.69,3700
"7420",2020-08-20 18:20:00,38.69,38.7,38.69,38.7,795
"7421",2020-08-20 18:21:00,38.7,38.7,38.7,38.7,200
"7422",2020-08-20 18:22:00,38.69,38.7,38.69,38.7,336
"7423",2020-08-20 18:23:00,38.7,38.7,38.7,38.7,983
"7424",2020-08-20 18:24:00,38.7,38.7,38.68,38.69,4650
"7425",2020-08-20 18:25:00,38.68,38.69,38.66,38.66,3644
"7426",2020-08-20 18:26:00,38.67,38.69,38.67,38.69,900
"7427",2020-08-20 18:27:00,38.69,38.69,38.68,38.68,1000
"7428",2020-08-20 18:28:00,38.68,38.7,38.67,38.67,2386
"7429",2020-08-20 18:29:00,38.68,38.68,38.66,38.67,2212
"7430",2020-08-20 18:30:00,38.68,38.74,38.68,38.73,1772
"7431",2020-08-20 18:31:00,38.72,38.72,38.69,38.7,3104
"7432",2020-08-20 18:32:00,38.7,38.72,38.7,38.72,1043
"7433",2020-08-20 18:33:00,38.7,38.71,38.7,38.7,1250
"7434",2020-08-20 18:34:00,38.7,38.7,38.69,38.69,400
"7435",2020-08-20 18:35:00,38.69,38.73,38.69,38.71,2230
"7436",2020-08-20 18:36:00,38.72,38.74,38.72,38.74,1580
"7437",2020-08-20 18:37:00,38.75,38.79,38.74,38.79,1279
"7438",2020-08-20 18:38:00,38.78,38.79,38.78,38.79,413
"7439",2020-08-20 18:39:00,38.79,38.79,38.79,38.79,226
"7440",2020-08-20 18:40:00,38.78,38.84,38.76,38.84,8850
"7441",2020-08-20 18:41:00,38.84,38.84,38.79,38.79,2356
"7442",2020-08-20 18:42:00,38.79,38.79,38.78,38.78,1012
"7443",2020-08-20 18:43:00,38.79,38.81,38.79,38.81,1281
"7444",2020-08-20 18:44:00,38.81,38.82,38.8,38.82,800
"7445",2020-08-20 18:45:00,38.84,38.84,38.83,38.84,121
"7446",2020-08-20 18:46:00,38.85,38.86,38.84,38.84,1489
"7447",2020-08-20 18:47:00,38.84,38.84,38.78,38.79,4844
"7448",2020-08-20 18:48:00,38.77,38.8,38.77,38.78,3554
"7449",2020-08-20 18:49:00,38.79,38.8,38.78,38.79,3694
"7450",2020-08-20 18:50:00,38.78,38.79,38.78,38.79,900
"7451",2020-08-20 18:51:00,38.78,38.81,38.78,38.81,1246
"7452",2020-08-20 18:52:00,38.83,38.85,38.82,38.85,708
"7453",2020-08-20 18:53:00,38.85,38.85,38.85,38.85,100
"7454",2020-08-20 18:54:00,38.86,38.87,38.84,38.87,1140
"7455",2020-08-20 18:55:00,38.87,38.89,38.86,38.89,1251
"7456",2020-08-20 18:56:00,38.89,38.89,38.88,38.88,1000
"7457",2020-08-20 18:57:00,38.88,38.9,38.88,38.9,1086
"7458",2020-08-20 18:58:00,38.9,38.92,38.9,38.92,1473
"7459",2020-08-20 18:59:00,38.91,38.91,38.86,38.86,2081
"7460",2020-08-20 19:00:00,38.86,38.87,38.84,38.84,2297
"7461",2020-08-20 19:01:00,38.84,38.85,38.81,38.82,3223
"7462",2020-08-20 19:02:00,38.82,38.84,38.82,38.82,5560
"7463",2020-08-20 19:03:00,38.82,38.82,38.8,38.81,2695
"7464",2020-08-20 19:04:00,38.81,38.81,38.78,38.79,1664
"7465",2020-08-20 19:05:00,38.78,38.8,38.78,38.79,2540
"7466",2020-08-20 19:06:00,38.8,38.8,38.78,38.8,1230
"7467",2020-08-20 19:07:00,38.8,38.83,38.8,38.83,1971
"7468",2020-08-20 19:08:00,38.84,38.86,38.83,38.83,1963
"7469",2020-08-20 19:09:00,38.82,38.82,38.8,38.8,3258
"7470",2020-08-20 19:10:00,38.79,38.79,38.73,38.73,3341
"7471",2020-08-20 19:11:00,38.73,38.76,38.72,38.76,1922
"7472",2020-08-20 19:12:00,38.76,38.77,38.76,38.77,1505
"7473",2020-08-20 19:13:00,38.76,38.76,38.74,38.74,535
"7474",2020-08-20 19:14:00,38.75,38.76,38.75,38.76,876
"7475",2020-08-20 19:15:00,38.75,38.75,38.72,38.73,2628
"7476",2020-08-20 19:16:00,38.72,38.72,38.71,38.71,2008
"7477",2020-08-20 19:17:00,38.7,38.7,38.7,38.7,4
"7478",2020-08-20 19:18:00,38.7,38.7,38.68,38.7,2462
"7479",2020-08-20 19:19:00,38.7,38.72,38.68,38.68,7137
"7480",2020-08-20 19:20:00,38.68,38.68,38.68,38.68,1726
"7481",2020-08-20 19:21:00,38.68,38.68,38.68,38.68,966
"7482",2020-08-20 19:22:00,38.68,38.68,38.66,38.66,1257
"7483",2020-08-20 19:23:00,38.66,38.66,38.64,38.64,3493
"7484",2020-08-20 19:24:00,38.64,38.64,38.63,38.64,1659
"7485",2020-08-20 19:25:00,38.64,38.66,38.64,38.65,1238
"7486",2020-08-20 19:26:00,38.65,38.67,38.65,38.67,1565
"7487",2020-08-20 19:27:00,38.66,38.66,38.65,38.65,2329
"7488",2020-08-20 19:28:00,38.65,38.65,38.62,38.62,1825
"7489",2020-08-20 19:29:00,38.62,38.62,38.61,38.61,1597
"7490",2020-08-20 19:30:00,38.61,38.61,38.58,38.58,4589
"7491",2020-08-20 19:31:00,38.57,38.6,38.56,38.59,2200
"7492",2020-08-20 19:32:00,38.59,38.61,38.59,38.61,970
"7493",2020-08-20 19:33:00,38.6,38.6,38.6,38.6,1276
"7494",2020-08-20 19:34:00,38.6,38.6,38.6,38.6,136
"7495",2020-08-20 19:35:00,38.61,38.61,38.6,38.6,331
"7496",2020-08-20 19:36:00,38.6,38.65,38.6,38.65,771
"7497",2020-08-20 19:37:00,38.64,38.64,38.61,38.61,5484
"7498",2020-08-20 19:38:00,38.61,38.64,38.61,38.62,3089
"7499",2020-08-20 19:39:00,38.64,38.66,38.64,38.66,983
"7500",2020-08-20 19:40:00,38.66,38.66,38.66,38.66,492
"7501",2020-08-20 19:41:00,38.67,38.68,38.67,38.67,1042
"7502",2020-08-20 19:42:00,38.67,38.68,38.66,38.66,702
"7503",2020-08-20 19:43:00,38.66,38.66,38.65,38.66,1728
"7504",2020-08-20 19:44:00,38.66,38.67,38.66,38.66,1564
"7505",2020-08-20 19:45:00,38.66,38.67,38.66,38.67,303
"7506",2020-08-20 19:46:00,38.68,38.7,38.68,38.7,2114
"7507",2020-08-20 19:47:00,38.7,38.7,38.68,38.68,854
"7508",2020-08-20 19:48:00,38.68,38.69,38.68,38.69,625
"7509",2020-08-20 19:49:00,38.69,38.69,38.68,38.68,2840
"7510",2020-08-20 19:50:00,38.68,38.69,38.66,38.67,1061
"7511",2020-08-20 19:51:00,38.66,38.67,38.64,38.66,3365
"7512",2020-08-20 19:52:00,38.66,38.66,38.65,38.65,1080
"7513",2020-08-20 19:53:00,38.65,38.66,38.64,38.64,2419
"7514",2020-08-20 19:54:00,38.65,38.69,38.65,38.69,2067
"7515",2020-08-20 19:55:00,38.67,38.68,38.67,38.68,825
"7516",2020-08-20 19:56:00,38.69,38.73,38.69,38.73,1145
"7517",2020-08-20 19:57:00,38.72,38.72,38.7,38.7,864
"7518",2020-08-20 19:58:00,38.7,38.7,38.69,38.7,705
"7519",2020-08-20 19:59:00,38.69,38.7,38.69,38.7,635
"7520",2020-08-20 20:01:00,38.7,38.71,38.7,38.7,1658
"7521",2020-08-20 20:02:00,38.69,38.7,38.69,38.69,2196
"7522",2020-08-20 20:03:00,38.69,38.69,38.68,38.68,229
"7523",2020-08-20 20:04:00,38.69,38.72,38.69,38.71,610
"7524",2020-08-20 20:05:00,38.72,38.72,38.68,38.68,1891
"7525",2020-08-20 20:06:00,38.68,38.68,38.67,38.67,801
"7526",2020-08-20 20:07:00,38.66,38.66,38.64,38.64,2018
"7527",2020-08-20 20:08:00,38.64,38.64,38.62,38.62,674
"7528",2020-08-20 20:09:00,38.62,38.62,38.6,38.61,211
"7529",2020-08-20 20:10:00,38.61,38.63,38.61,38.62,1105
"7530",2020-08-20 20:11:00,38.62,38.62,38.6,38.6,2965
"7531",2020-08-20 20:12:00,38.56,38.58,38.56,38.58,1743
"7532",2020-08-20 20:13:00,38.59,38.6,38.58,38.6,1795
"7533",2020-08-20 20:14:00,38.6,38.61,38.6,38.61,2032
"7534",2020-08-20 20:15:00,38.62,38.62,38.61,38.61,1048
"7535",2020-08-20 20:16:00,38.6,38.62,38.6,38.61,752
"7536",2020-08-20 20:17:00,38.61,38.61,38.6,38.6,1294
"7537",2020-08-20 20:18:00,38.6,38.63,38.6,38.63,794
"7538",2020-08-20 20:19:00,38.62,38.64,38.62,38.64,1016
"7539",2020-08-20 20:20:00,38.64,38.64,38.63,38.64,1356
"7540",2020-08-20 20:21:00,38.65,38.65,38.65,38.65,500
"7541",2020-08-20 20:22:00,38.66,38.68,38.66,38.67,1654
"7542",2020-08-20 20:23:00,38.67,38.67,38.66,38.67,750
"7543",2020-08-20 20:24:00,38.68,38.68,38.68,38.68,100
"7544",2020-08-20 20:25:00,38.69,38.73,38.69,38.72,1733
"7545",2020-08-20 20:26:00,38.73,38.73,38.72,38.72,2185
"7546",2020-08-20 20:27:00,38.73,38.75,38.73,38.74,1690
"7547",2020-08-20 20:28:00,38.74,38.75,38.74,38.75,1104
"7548",2020-08-20 20:29:00,38.74,38.74,38.74,38.74,1776
"7549",2020-08-20 20:30:00,38.75,38.76,38.75,38.76,1142
"7550",2020-08-20 20:31:00,38.76,38.77,38.76,38.77,920
"7551",2020-08-20 20:32:00,38.77,38.77,38.74,38.75,1667
"7552",2020-08-20 20:33:00,38.76,38.76,38.75,38.75,739
"7553",2020-08-20 20:34:00,38.75,38.75,38.72,38.75,1143
"7554",2020-08-20 20:35:00,38.76,38.78,38.75,38.78,2617
"7555",2020-08-20 20:36:00,38.78,38.78,38.77,38.77,1934
"7556",2020-08-20 20:37:00,38.76,38.76,38.74,38.74,1388
"7557",2020-08-20 20:38:00,38.73,38.74,38.73,38.73,1037
"7558",2020-08-20 20:39:00,38.72,38.73,38.72,38.73,911
"7559",2020-08-20 20:40:00,38.72,38.74,38.72,38.73,1201
"7560",2020-08-20 20:41:00,38.73,38.73,38.73,38.73,300
"7561",2020-08-20 20:42:00,38.72,38.73,38.72,38.73,1220
"7562",2020-08-20 20:43:00,38.72,38.73,38.72,38.73,745
"7563",2020-08-20 20:44:00,38.74,38.74,38.74,38.74,680
"7564",2020-08-20 20:45:00,38.74,38.74,38.74,38.74,1321
"7565",2020-08-20 20:46:00,38.74,38.74,38.72,38.72,798
"7566",2020-08-20 20:47:00,38.72,38.73,38.71,38.72,3116
"7567",2020-08-20 20:48:00,38.72,38.72,38.69,38.69,2916
"7568",2020-08-20 20:49:00,38.68,38.68,38.66,38.66,831
"7569",2020-08-20 20:50:00,38.66,38.66,38.64,38.64,1684
"7570",2020-08-20 20:51:00,38.64,38.66,38.64,38.66,2111
"7571",2020-08-20 20:52:00,38.67,38.67,38.67,38.67,200
"7572",2020-08-20 20:53:00,38.68,38.69,38.68,38.69,1109
"7573",2020-08-20 20:54:00,38.7,38.73,38.7,38.73,1286
"7574",2020-08-20 20:55:00,38.73,38.73,38.72,38.72,3794
"7575",2020-08-20 20:56:00,38.73,38.75,38.73,38.75,700
"7576",2020-08-20 20:57:00,38.76,38.76,38.76,38.76,709
"7577",2020-08-20 20:58:00,38.76,38.76,38.76,38.76,1006
"7578",2020-08-20 20:59:00,38.76,38.76,38.75,38.76,2409
"7579",2020-08-20 21:00:00,38.76,38.78,38.76,38.77,1120
"7580",2020-08-20 21:01:00,38.77,38.78,38.77,38.78,1152
"7581",2020-08-20 21:02:00,38.78,38.79,38.78,38.79,1440
"7582",2020-08-20 21:03:00,38.78,38.8,38.78,38.8,1272
"7583",2020-08-20 21:04:00,38.8,38.83,38.8,38.83,2820
"7584",2020-08-20 21:05:00,38.83,38.83,38.8,38.81,2349
"7585",2020-08-20 21:06:00,38.81,38.81,38.8,38.81,2193
"7586",2020-08-20 21:07:00,38.81,38.82,38.81,38.82,139
"7587",2020-08-20 21:08:00,38.82,38.82,38.8,38.82,2063
"7588",2020-08-20 21:09:00,38.81,38.81,38.81,38.81,900
"7589",2020-08-20 21:10:00,38.82,38.86,38.82,38.86,1679
"7590",2020-08-20 21:11:00,38.86,38.87,38.86,38.86,3440
"7591",2020-08-20 21:12:00,38.86,38.87,38.86,38.87,969
"7592",2020-08-20 21:13:00,38.87,38.88,38.86,38.86,984
"7593",2020-08-20 21:14:00,38.86,38.86,38.85,38.85,2098
"7594",2020-08-20 21:15:00,38.84,38.85,38.84,38.84,1579
"7595",2020-08-20 21:16:00,38.83,38.84,38.83,38.84,1792
"7596",2020-08-20 21:17:00,38.84,38.84,38.84,38.84,447
"7597",2020-08-20 21:18:00,38.85,38.85,38.85,38.85,448
"7598",2020-08-20 21:19:00,38.85,38.86,38.84,38.84,2450
"7599",2020-08-20 21:20:00,38.84,38.85,38.83,38.85,2082
"7600",2020-08-20 21:21:00,38.85,38.88,38.84,38.88,5759
"7601",2020-08-20 21:22:00,38.88,38.91,38.88,38.91,2940
"7602",2020-08-20 21:23:00,38.9,38.9,38.89,38.89,2363
"7603",2020-08-20 21:24:00,38.89,38.93,38.89,38.93,4442
"7604",2020-08-20 21:25:00,38.93,38.93,38.93,38.93,1900
"7605",2020-08-20 21:26:00,38.92,38.92,38.9,38.92,4166
"7606",2020-08-20 21:27:00,38.91,38.91,38.9,38.9,2200
"7607",2020-08-20 21:28:00,38.9,38.9,38.88,38.89,2863
"7608",2020-08-20 21:29:00,38.88,38.9,38.88,38.9,2397
"7609",2020-08-20 21:30:00,38.9,38.94,38.9,38.93,4539
"7610",2020-08-20 21:31:00,38.94,38.94,38.93,38.93,1796
"7611",2020-08-20 21:32:00,38.93,38.93,38.92,38.93,1698
"7612",2020-08-20 21:33:00,38.94,38.97,38.94,38.97,2586
"7613",2020-08-20 21:34:00,38.96,38.96,38.91,38.91,3622
"7614",2020-08-20 21:35:00,38.9,38.92,38.9,38.92,721
"7615",2020-08-20 21:36:00,38.92,38.92,38.91,38.91,560
"7616",2020-08-20 21:37:00,38.91,38.91,38.88,38.89,1479
"7617",2020-08-20 21:38:00,38.89,38.9,38.88,38.89,858
"7618",2020-08-20 21:39:00,38.9,38.9,38.9,38.9,757
"7619",2020-08-20 21:40:00,38.9,38.9,38.86,38.87,3092
"7620",2020-08-20 21:41:00,38.87,38.87,38.85,38.87,997
"7621",2020-08-20 21:42:00,38.87,38.88,38.87,38.88,1361
"7622",2020-08-20 21:43:00,38.89,38.9,38.87,38.87,1827
"7623",2020-08-20 21:44:00,38.87,38.87,38.86,38.86,1439
"7624",2020-08-20 21:45:00,38.87,38.9,38.87,38.89,2139
"7625",2020-08-20 21:46:00,38.89,38.89,38.87,38.87,3652
"7626",2020-08-20 21:47:00,38.87,38.9,38.86,38.89,3657
"7627",2020-08-20 21:48:00,38.91,38.91,38.9,38.9,1489
"7628",2020-08-20 21:49:00,38.9,38.9,38.9,38.9,3648
"7629",2020-08-20 21:50:00,38.9,38.9,38.89,38.9,1042
"7630",2020-08-20 21:51:00,38.9,38.91,38.89,38.9,908
"7631",2020-08-20 21:52:00,38.9,38.9,38.87,38.87,1508
"7632",2020-08-20 21:53:00,38.87,38.87,38.87,38.87,1098
"7633",2020-08-20 21:54:00,38.88,38.89,38.88,38.89,1712
"7634",2020-08-20 21:55:00,38.9,38.9,38.9,38.9,447
"7635",2020-08-20 21:56:00,38.9,38.91,38.9,38.9,5798
"7636",2020-08-20 21:57:00,38.89,38.91,38.89,38.91,103
"7637",2020-08-20 21:58:00,38.9,38.92,38.9,38.92,1057
"7638",2020-08-20 21:59:00,38.91,38.92,38.9,38.9,1402
"7639",2020-08-20 22:00:00,38.9,38.92,38.9,38.92,1506
"7640",2020-08-20 22:01:00,38.93,38.98,38.93,38.98,1561
"7641",2020-08-20 22:02:00,38.98,38.98,38.98,38.98,401
"7642",2020-08-20 22:03:00,38.97,38.97,38.96,38.97,4208
"7643",2020-08-20 22:04:00,38.96,38.96,38.96,38.96,848
"7644",2020-08-20 22:05:00,38.96,38.96,38.96,38.96,237
"7645",2020-08-20 22:06:00,38.97,38.97,38.95,38.95,835
"7646",2020-08-20 22:07:00,38.94,38.95,38.94,38.95,1134
"7647",2020-08-20 22:08:00,38.94,38.94,38.93,38.93,4030
"7648",2020-08-20 22:09:00,38.93,38.94,38.92,38.92,434
"7649",2020-08-20 22:10:00,38.93,38.95,38.93,38.95,2755
"7650",2020-08-20 22:11:00,38.95,38.96,38.95,38.95,1586
"7651",2020-08-20 22:12:00,38.95,38.95,38.93,38.93,4632
"7652",2020-08-20 22:13:00,38.93,38.93,38.93,38.93,1386
"7653",2020-08-20 22:14:00,38.93,38.94,38.92,38.94,675
"7654",2020-08-20 22:15:00,38.94,38.94,38.93,38.93,4379
"7655",2020-08-20 22:16:00,38.92,38.92,38.92,38.92,1123
"7656",2020-08-20 22:17:00,38.92,38.93,38.9,38.9,3814
"7657",2020-08-20 22:18:00,38.89,38.91,38.89,38.91,2601
"7658",2020-08-20 22:19:00,38.9,38.92,38.9,38.91,2642
"7659",2020-08-20 22:20:00,38.91,38.91,38.87,38.87,5136
"7660",2020-08-20 22:21:00,38.88,38.89,38.86,38.86,3669
"7661",2020-08-20 22:22:00,38.86,38.86,38.81,38.82,8022
"7662",2020-08-20 22:23:00,38.82,38.83,38.81,38.82,1727
"7663",2020-08-20 22:24:00,38.82,38.83,38.8,38.82,6425
"7664",2020-08-20 22:25:00,38.83,38.85,38.83,38.83,4958
"7665",2020-08-20 22:26:00,38.82,38.84,38.82,38.82,1848
"7666",2020-08-20 22:27:00,38.82,38.82,38.8,38.8,1594
"7667",2020-08-20 22:28:00,38.8,38.83,38.8,38.82,2384
"7668",2020-08-20 22:29:00,38.82,38.86,38.82,38.84,3444
"7669",2020-08-20 22:30:00,38.84,38.84,38.82,38.83,1292
"7670",2020-08-20 22:31:00,38.82,38.84,38.82,38.84,2768
"7671",2020-08-20 22:32:00,38.84,38.84,38.82,38.83,6157
"7672",2020-08-20 22:33:00,38.83,38.85,38.83,38.85,801
"7673",2020-08-20 22:34:00,38.86,38.87,38.86,38.87,800
"7674",2020-08-20 22:35:00,38.86,38.88,38.86,38.88,2116
"7675",2020-08-20 22:36:00,38.88,38.88,38.86,38.88,3116
"7676",2020-08-20 22:37:00,38.86,38.88,38.86,38.88,401
"7677",2020-08-20 22:38:00,38.88,38.88,38.86,38.86,2484
"7678",2020-08-20 22:39:00,38.86,38.86,38.85,38.86,1517
"7679",2020-08-20 22:40:00,38.86,38.86,38.86,38.86,1701
"7680",2020-08-20 22:41:00,38.85,38.87,38.85,38.87,1290
"7681",2020-08-20 22:42:00,38.86,38.87,38.86,38.86,1610
"7682",2020-08-20 22:43:00,38.87,38.89,38.87,38.89,3810
"7683",2020-08-20 22:44:00,38.9,38.91,38.89,38.9,2167
"7684",2020-08-20 22:45:00,38.91,38.91,38.9,38.9,3240
"7685",2020-08-20 22:46:00,38.9,38.9,38.89,38.9,1752
"7686",2020-08-20 22:47:00,38.89,38.89,38.87,38.87,1735
"7687",2020-08-20 22:48:00,38.86,38.89,38.86,38.89,3779
"7688",2020-08-20 22:49:00,38.88,38.89,38.86,38.88,3287
"7689",2020-08-20 22:50:00,38.87,38.88,38.85,38.85,4281
"7690",2020-08-20 22:51:00,38.84,38.84,38.78,38.84,10930
"7691",2020-08-20 22:52:00,38.84,38.86,38.84,38.86,20248
"7692",2020-08-20 22:53:00,38.86,38.89,38.86,38.88,12762
"7693",2020-08-20 22:54:00,38.88,38.9,38.88,38.9,7806
"7694",2020-08-20 22:55:00,38.9,38.92,38.9,38.91,10350
"7695",2020-08-20 22:56:00,38.9,38.93,38.9,38.93,12939
"7696",2020-08-20 22:57:00,38.92,38.95,38.92,38.95,11620
"7697",2020-08-20 22:58:00,38.94,38.96,38.93,38.95,32799
"7698",2020-08-20 22:59:00,38.96,38.99,38.94,38.99,26718
"7699",2020-08-20 23:00:00,38.98,39,38.96,38.96,29271
"7700",2020-08-20 23:01:00,38.96,38.96,38.94,38.94,135
"7701",2020-08-20 23:02:00,38.94,38.95,38.94,38.95,361
"7702",2020-08-20 23:03:00,38.95,38.95,38.94,38.95,554
"7703",2020-08-20 23:04:00,38.95,38.95,38.95,38.95,1
"7704",2020-08-20 23:05:00,38.96,38.96,38.94,38.95,3840
"7705",2020-08-20 23:08:00,38.95,38.95,38.95,38.95,10
"7706",2020-08-20 23:09:00,38.95,38.95,38.95,38.95,1
"7707",2020-08-20 23:10:00,38.95,38.95,38.95,38.95,3
"7708",2020-08-20 23:11:00,38.93,38.93,38.93,38.93,30
"7709",2020-08-20 23:12:00,38.93,38.93,38.93,38.93,2
"7710",2020-08-20 23:14:00,38.93,38.93,38.93,38.93,10
"7711",2020-08-20 23:16:00,38.93,38.93,38.93,38.93,21
"7712",2020-08-20 23:19:00,38.86,38.93,38.8,38.93,21
"7713",2020-08-20 23:20:00,38.93,38.93,38.93,38.93,5
"7714",2020-08-20 23:21:00,38.93,38.93,38.93,38.93,4
"7715",2020-08-20 23:22:00,38.93,38.95,38.93,38.95,201
"7716",2020-08-20 23:23:00,38.95,38.95,38.95,38.95,2
"7717",2020-08-20 23:29:00,38.94,38.94,38.94,38.94,100
"7718",2020-08-20 23:31:00,38.94,38.94,38.94,38.94,730
"7719",2020-08-20 23:32:00,38.94,38.94,38.94,38.94,10
"7720",2020-08-20 23:34:00,38.94,38.94,38.94,38.94,1
"7721",2020-08-20 23:37:00,38.94,38.94,38.94,38.94,53
"7722",2020-08-20 23:38:00,38.94,38.94,38.94,38.94,304
"7723",2020-08-20 23:39:00,38.95,38.95,38.92,38.92,2198
"7724",2020-08-20 23:40:00,38.92,38.92,38.69,38.69,1402
"7725",2020-08-20 23:43:00,38.7,38.7,38.7,38.7,4
"7726",2020-08-20 23:45:00,38.7,38.7,38.7,38.7,1
"7727",2020-08-20 23:46:00,38.71,38.71,38.71,38.71,3
"7728",2020-08-20 23:47:00,38.71,38.71,38.71,38.71,2
"7729",2020-08-20 23:49:00,38.71,38.71,38.71,38.71,1
"7730",2020-08-20 23:50:00,38.9,38.9,38.9,38.9,5
"7731",2020-08-20 23:52:00,38.73,38.74,38.73,38.74,7
"7732",2020-08-20 23:53:00,38.9,38.9,38.9,38.9,1
"7733",2020-08-20 23:55:00,38.9,38.9,38.9,38.9,21
"7734",2020-08-20 23:56:00,38.77,38.9,38.77,38.9,2
"7735",2020-08-20 23:58:00,38.92,38.92,38.92,38.92,1
"7736",2020-08-20 23:59:00,38.9,38.9,38.9,38.9,1
"7737",2020-08-21 00:00:00,38.92,38.92,38.92,38.92,30
"7738",2020-08-21 00:01:00,38.9,38.9,38.76,38.9,12
"7739",2020-08-21 00:02:00,38.9,38.9,38.9,38.9,1
"7740",2020-08-21 00:06:00,38.9,38.9,38.9,38.9,13
"7741",2020-08-21 00:08:00,38.9,38.9,38.9,38.9,11
"7742",2020-08-21 00:11:00,38.89,38.89,38.8,38.89,10
"7743",2020-08-21 00:13:00,38.89,38.89,38.82,38.82,6
"7744",2020-08-21 00:19:00,38.89,38.89,38.82,38.82,2
"7745",2020-08-21 00:20:00,38.89,38.89,38.89,38.89,5
"7746",2020-08-21 00:24:00,38.89,38.89,38.89,38.89,1
"7747",2020-08-21 00:32:00,38.89,38.89,38.89,38.89,10
"7748",2020-08-21 00:42:00,38.92,38.92,38.92,38.92,28
"7749",2020-08-21 00:57:00,38.89,38.89,38.89,38.89,74
"7750",2020-08-21 00:58:00,38.92,38.92,38.92,38.92,3
"7751",2020-08-21 01:00:00,38.9,38.9,38.9,38.9,70
"7752",2020-08-21 01:02:00,38.92,38.92,38.92,38.92,100
"7753",2020-08-21 01:07:00,38.92,38.92,38.92,38.92,480
"7754",2020-08-21 01:19:00,38.91,38.92,38.91,38.92,2400
"7755",2020-08-21 01:20:00,38.92,38.92,38.92,38.92,16
"7756",2020-08-21 01:21:00,38.92,38.92,38.92,38.92,4743
"7757",2020-08-21 01:25:00,38.91,38.92,38.91,38.92,500
"7758",2020-08-21 01:27:00,38.92,38.92,38.92,38.92,100
"7759",2020-08-21 01:31:00,38.92,38.92,38.92,38.92,99
"7760",2020-08-21 01:33:00,38.92,38.92,38.92,38.92,1
"7761",2020-08-21 01:41:00,38.92,38.92,38.92,38.92,795
"7762",2020-08-21 10:02:00,38.8,38.8,38.8,38.8,1
"7763",2020-08-21 10:06:00,38.96,39.02,38.96,39.02,16
"7764",2020-08-21 10:14:00,39.03,39.03,39.03,39.03,1
"7765",2020-08-21 10:26:00,38.85,38.85,38.85,38.85,2
"7766",2020-08-21 10:40:00,38.99,38.99,38.9,38.9,91
"7767",2020-08-21 10:43:00,38.99,38.99,38.99,38.99,1
"7768",2020-08-21 10:52:00,38.99,38.99,38.99,38.99,1
"7769",2020-08-21 10:55:00,38.99,38.99,38.99,38.99,50
"7770",2020-08-21 11:08:00,38.99,38.99,38.98,38.98,8
"7771",2020-08-21 11:20:00,39,39,39,39,3
"7772",2020-08-21 11:27:00,38.99,38.99,38.99,38.99,1
"7773",2020-08-21 11:32:00,39,39,39,39,2
"7774",2020-08-21 11:36:00,38.98,38.98,38.98,38.98,2
"7775",2020-08-21 11:50:00,38.85,38.85,38.85,38.85,1
"7776",2020-08-21 11:54:00,38.81,38.81,38.81,38.81,5
"7777",2020-08-21 11:58:00,38.84,38.84,38.84,38.84,1
"7778",2020-08-21 12:02:00,38.89,38.89,38.89,38.89,3
"7779",2020-08-21 12:04:00,38.88,38.88,38.88,38.88,1
"7780",2020-08-21 12:06:00,38.87,38.87,38.87,38.87,1
"7781",2020-08-21 12:15:00,38.8,38.8,38.8,38.8,50
"7782",2020-08-21 12:23:00,38.8,38.8,38.8,38.8,1
"7783",2020-08-21 12:29:00,38.89,38.89,38.89,38.89,50
"7784",2020-08-21 12:32:00,38.8,38.8,38.8,38.8,2
"7785",2020-08-21 12:36:00,38.8,38.8,38.8,38.8,3
"7786",2020-08-21 12:39:00,38.8,38.8,38.8,38.8,2
"7787",2020-08-21 12:48:00,38.83,38.83,38.8,38.8,3
"7788",2020-08-21 12:52:00,38.88,38.9,38.88,38.9,3
"7789",2020-08-21 13:09:00,38.91,38.91,38.91,38.91,10
"7790",2020-08-21 13:10:00,38.91,38.91,38.91,38.91,25
"7791",2020-08-21 13:14:00,38.95,38.95,38.91,38.91,52
"7792",2020-08-21 13:43:00,38.8,38.8,38.8,38.8,1
"7793",2020-08-21 13:48:00,38.8,38.8,38.8,38.8,1
"7794",2020-08-21 13:50:00,38.83,38.83,38.83,38.83,9
"7795",2020-08-21 13:58:00,38.8,38.8,38.8,38.8,2
"7796",2020-08-21 14:00:00,38.8,38.8,38.8,38.8,1
"7797",2020-08-21 14:04:00,38.88,38.88,38.88,38.88,2
"7798",2020-08-21 14:14:00,38.8,38.8,38.8,38.8,8
"7799",2020-08-21 14:19:00,38.85,38.85,38.85,38.85,1
"7800",2020-08-21 14:27:00,38.81,38.81,38.81,38.81,1
"7801",2020-08-21 14:30:00,38.9,38.9,38.9,38.9,1
"7802",2020-08-21 14:34:00,38.81,38.81,38.75,38.75,31
"7803",2020-08-21 14:36:00,38.85,38.91,38.85,38.91,109
"7804",2020-08-21 14:38:00,38.9,38.9,38.9,38.9,2
"7805",2020-08-21 14:55:00,38.89,38.89,38.86,38.86,101
"7806",2020-08-21 15:01:00,38.8,38.8,38.8,38.8,12
"7807",2020-08-21 15:03:00,38.85,38.85,38.85,38.85,893
"7808",2020-08-21 15:10:00,38.76,38.76,38.76,38.76,1
"7809",2020-08-21 15:12:00,38.72,38.72,38.72,38.72,306
"7810",2020-08-21 15:13:00,38.71,38.71,38.71,38.71,1
"7811",2020-08-21 15:15:00,38.7,38.7,38.7,38.7,41
"7812",2020-08-21 15:27:00,38.71,38.71,38.71,38.71,50
"7813",2020-08-21 15:28:00,38.71,38.71,38.71,38.71,1
"7814",2020-08-21 15:32:00,38.78,38.78,38.78,38.78,27
"7815",2020-08-21 15:41:00,38.79,38.79,38.79,38.79,1
"7816",2020-08-21 15:42:00,38.84,38.84,38.84,38.84,3
"7817",2020-08-21 15:45:00,38.75,38.75,38.75,38.75,10
"7818",2020-08-21 15:55:00,38.71,38.71,38.71,38.71,2
"7819",2020-08-21 16:01:00,38.79,38.79,38.79,38.79,16
"7820",2020-08-21 16:02:00,38.79,38.79,38.79,38.79,2
"7821",2020-08-21 16:03:00,38.79,38.79,38.79,38.79,6
"7822",2020-08-21 16:06:00,38.68,38.68,38.68,38.68,3
"7823",2020-08-21 16:07:00,38.82,38.82,38.82,38.82,5
"7824",2020-08-21 16:08:00,38.8,38.85,38.8,38.85,355
"7825",2020-08-21 16:09:00,38.9,38.9,38.9,38.9,3
"7826",2020-08-21 16:10:00,38.9,38.9,38.9,38.9,25
"7827",2020-08-21 16:11:00,38.96,38.96,38.95,38.95,101
"7828",2020-08-21 16:13:00,38.91,38.91,38.91,38.91,1
"7829",2020-08-21 16:18:00,38.91,38.91,38.91,38.91,3
"7830",2020-08-21 16:23:00,38.91,38.91,38.91,38.91,3
"7831",2020-08-21 16:27:00,38.91,38.98,38.91,38.98,20
"7832",2020-08-21 16:29:00,38.85,38.85,38.85,38.85,1
"7833",2020-08-21 16:30:00,38.95,39,38.94,39,1316
"7834",2020-08-21 16:31:00,38.95,39.02,38.95,38.96,1593
"7835",2020-08-21 16:32:00,39.01,39.36,39,39.28,16462
"7836",2020-08-21 16:33:00,39.27,39.27,39.11,39.2,7120
"7837",2020-08-21 16:34:00,39.19,39.21,39.1,39.13,8572
"7838",2020-08-21 16:35:00,39.14,39.14,39.04,39.04,7024
"7839",2020-08-21 16:36:00,39.04,39.07,38.97,38.97,3752
"7840",2020-08-21 16:37:00,38.98,39.04,38.93,38.97,6216
"7841",2020-08-21 16:38:00,38.98,39,38.95,38.98,2793
"7842",2020-08-21 16:39:00,38.96,38.98,38.9,38.91,6469
"7843",2020-08-21 16:40:00,38.9,38.9,38.83,38.88,6040
"7844",2020-08-21 16:41:00,38.9,38.94,38.79,38.79,6934
"7845",2020-08-21 16:42:00,38.78,38.82,38.77,38.8,2231
"7846",2020-08-21 16:43:00,38.8,38.87,38.8,38.84,2527
"7847",2020-08-21 16:44:00,38.85,38.92,38.85,38.92,5116
"7848",2020-08-21 16:45:00,38.92,38.97,38.9,38.97,3784
"7849",2020-08-21 16:46:00,38.98,39.01,38.95,38.95,7872
"7850",2020-08-21 16:47:00,38.92,38.95,38.86,38.86,2239
"7851",2020-08-21 16:48:00,38.84,38.87,38.82,38.82,3824
"7852",2020-08-21 16:49:00,38.82,38.86,38.82,38.83,2152
"7853",2020-08-21 16:50:00,38.82,38.87,38.8,38.85,3426
"7854",2020-08-21 16:51:00,38.86,38.88,38.72,38.73,3786
"7855",2020-08-21 16:52:00,38.75,38.84,38.75,38.81,3216
"7856",2020-08-21 16:53:00,38.78,38.88,38.78,38.88,2215
"7857",2020-08-21 16:54:00,38.88,38.89,38.85,38.85,1731
"7858",2020-08-21 16:55:00,38.82,38.84,38.8,38.84,1273
"7859",2020-08-21 16:56:00,38.83,38.85,38.82,38.83,1638
"7860",2020-08-21 16:57:00,38.82,38.83,38.71,38.74,6187
"7861",2020-08-21 16:58:00,38.73,38.78,38.73,38.75,2750
"7862",2020-08-21 16:59:00,38.75,38.79,38.74,38.74,1422
"7863",2020-08-21 17:00:00,38.75,38.83,38.75,38.81,4355
"7864",2020-08-21 17:01:00,38.82,38.82,38.76,38.81,4155
"7865",2020-08-21 17:02:00,38.8,38.81,38.78,38.81,3226
"7866",2020-08-21 17:03:00,38.8,38.8,38.78,38.78,1405
"7867",2020-08-21 17:04:00,38.79,38.81,38.77,38.8,2720
"7868",2020-08-21 17:05:00,38.82,38.88,38.82,38.84,2165
"7869",2020-08-21 17:06:00,38.84,38.84,38.76,38.78,2493
"7870",2020-08-21 17:07:00,38.78,38.84,38.78,38.84,1213
"7871",2020-08-21 17:08:00,38.84,38.87,38.84,38.86,2369
"7872",2020-08-21 17:09:00,38.86,38.88,38.83,38.88,1174
"7873",2020-08-21 17:10:00,38.9,38.94,38.9,38.92,1477
"7874",2020-08-21 17:11:00,38.92,38.94,38.9,38.9,3379
"7875",2020-08-21 17:12:00,38.89,38.91,38.84,38.9,5273
"7876",2020-08-21 17:13:00,38.9,38.91,38.88,38.91,1614
"7877",2020-08-21 17:14:00,38.91,38.96,38.91,38.94,2336
"7878",2020-08-21 17:15:00,38.92,38.94,38.92,38.94,107
"7879",2020-08-21 17:16:00,38.92,38.97,38.91,38.96,4045
"7880",2020-08-21 17:17:00,38.96,39.01,38.96,39.01,3145
"7881",2020-08-21 17:18:00,39.02,39.13,39.02,39.1,10444
"7882",2020-08-21 17:19:00,39.09,39.09,39.02,39.02,2979
"7883",2020-08-21 17:20:00,39.03,39.03,38.98,39.01,798
"7884",2020-08-21 17:21:00,39,39.01,38.96,39.01,2083
"7885",2020-08-21 17:22:00,38.99,39.01,38.99,39,402
"7886",2020-08-21 17:23:00,39,39,38.98,39,1506
"7887",2020-08-21 17:24:00,39,39.03,38.97,39,4611
"7888",2020-08-21 17:25:00,39,39.02,39,39.01,1562
"7889",2020-08-21 17:26:00,39.01,39.02,38.98,38.99,5484
"7890",2020-08-21 17:27:00,38.99,38.99,38.94,38.95,1029
"7891",2020-08-21 17:28:00,38.96,39.01,38.95,39.01,3657
"7892",2020-08-21 17:29:00,39.01,39.01,39,39,6547
"7893",2020-08-21 17:30:00,39,39.02,38.98,38.99,2181
"7894",2020-08-21 17:31:00,39,39.06,39,39.06,4925
"7895",2020-08-21 17:32:00,39.07,39.09,39.07,39.08,2551
"7896",2020-08-21 17:33:00,39.08,39.1,39.07,39.08,5770
"7897",2020-08-21 17:34:00,39.09,39.11,39.08,39.1,5322
"7898",2020-08-21 17:35:00,39.1,39.13,39.08,39.08,5422
"7899",2020-08-21 17:36:00,39.08,39.08,39.05,39.08,3276
"7900",2020-08-21 17:37:00,39.08,39.08,39.08,39.08,2595
"7901",2020-08-21 17:38:00,39.09,39.12,39.09,39.12,2122
"7902",2020-08-21 17:39:00,39.12,39.17,39.12,39.17,4793
"7903",2020-08-21 17:40:00,39.19,39.21,39.18,39.18,4425
"7904",2020-08-21 17:41:00,39.18,39.22,39.18,39.22,2552
"7905",2020-08-21 17:42:00,39.22,39.25,39.22,39.25,8280
"7906",2020-08-21 17:43:00,39.25,39.29,39.24,39.26,19107
"7907",2020-08-21 17:44:00,39.27,39.31,39.26,39.29,4329
"7908",2020-08-21 17:45:00,39.29,39.34,39.29,39.34,4853
"7909",2020-08-21 17:46:00,39.34,39.35,39.26,39.27,9916
"7910",2020-08-21 17:47:00,39.27,39.31,39.22,39.3,5467
"7911",2020-08-21 17:48:00,39.3,39.34,39.29,39.34,1494
"7912",2020-08-21 17:49:00,39.34,39.37,39.33,39.33,4944
"7913",2020-08-21 17:50:00,39.33,39.34,39.31,39.31,2572
"7914",2020-08-21 17:51:00,39.3,39.33,39.28,39.33,1680
"7915",2020-08-21 17:52:00,39.33,39.34,39.27,39.27,2279
"7916",2020-08-21 17:53:00,39.27,39.27,39.26,39.27,2216
"7917",2020-08-21 17:54:00,39.27,39.28,39.26,39.27,1405
"7918",2020-08-21 17:55:00,39.28,39.33,39.28,39.32,4635
"7919",2020-08-21 17:56:00,39.32,39.36,39.32,39.36,2425
"7920",2020-08-21 17:57:00,39.37,39.39,39.32,39.34,5864
"7921",2020-08-21 17:58:00,39.34,39.34,39.34,39.34,1779
"7922",2020-08-21 17:59:00,39.34,39.34,39.34,39.34,2827
"7923",2020-08-21 18:00:00,39.33,39.33,39.29,39.29,4782
"7924",2020-08-21 18:01:00,39.3,39.3,39.28,39.29,3703
"7925",2020-08-21 18:02:00,39.29,39.29,39.25,39.25,3565
"7926",2020-08-21 18:03:00,39.24,39.26,39.23,39.26,2053
"7927",2020-08-21 18:04:00,39.24,39.27,39.24,39.27,2611
"7928",2020-08-21 18:05:00,39.27,39.27,39.2,39.21,3088
"7929",2020-08-21 18:06:00,39.21,39.21,39.19,39.21,5014
"7930",2020-08-21 18:07:00,39.21,39.22,39.2,39.21,2115
"7931",2020-08-21 18:08:00,39.22,39.25,39.22,39.22,5074
"7932",2020-08-21 18:09:00,39.22,39.25,39.22,39.25,1464
"7933",2020-08-21 18:10:00,39.24,39.25,39.19,39.19,2366
"7934",2020-08-21 18:11:00,39.18,39.21,39.18,39.21,1007
"7935",2020-08-21 18:12:00,39.22,39.22,39.21,39.21,1395
"7936",2020-08-21 18:13:00,39.21,39.21,39.2,39.2,2490
"7937",2020-08-21 18:14:00,39.2,39.23,39.2,39.22,1483
"7938",2020-08-21 18:15:00,39.22,39.22,39.2,39.2,1932
"7939",2020-08-21 18:16:00,39.19,39.2,39.18,39.2,529
"7940",2020-08-21 18:17:00,39.2,39.2,39.19,39.19,1797
"7941",2020-08-21 18:18:00,39.2,39.2,39.16,39.16,1778
"7942",2020-08-21 18:19:00,39.16,39.16,39.13,39.16,2089
"7943",2020-08-21 18:20:00,39.16,39.16,39.15,39.16,1100
"7944",2020-08-21 18:21:00,39.16,39.18,39.16,39.18,3997
"7945",2020-08-21 18:22:00,39.18,39.2,39.18,39.2,1612
"7946",2020-08-21 18:23:00,39.21,39.26,39.21,39.26,1837
"7947",2020-08-21 18:24:00,39.26,39.28,39.26,39.28,2238
"7948",2020-08-21 18:25:00,39.29,39.34,39.29,39.34,3245
"7949",2020-08-21 18:26:00,39.34,39.34,39.32,39.32,3166
"7950",2020-08-21 18:27:00,39.31,39.32,39.3,39.31,1545
"7951",2020-08-21 18:28:00,39.31,39.34,39.31,39.34,3801
"7952",2020-08-21 18:29:00,39.35,39.36,39.34,39.36,1508
"7953",2020-08-21 18:30:00,39.36,39.36,39.34,39.34,5573
"7954",2020-08-21 18:31:00,39.33,39.33,39.31,39.32,3821
"7955",2020-08-21 18:32:00,39.32,39.33,39.3,39.31,2377
"7956",2020-08-21 18:33:00,39.32,39.32,39.3,39.3,3554
"7957",2020-08-21 18:34:00,39.31,39.32,39.31,39.32,1682
"7958",2020-08-21 18:35:00,39.31,39.31,39.25,39.25,3640
"7959",2020-08-21 18:36:00,39.26,39.26,39.24,39.24,2465
"7960",2020-08-21 18:37:00,39.23,39.23,39.22,39.22,1958
"7961",2020-08-21 18:38:00,39.22,39.26,39.22,39.26,3975
"7962",2020-08-21 18:39:00,39.28,39.28,39.26,39.27,6655
"7963",2020-08-21 18:40:00,39.28,39.28,39.28,39.28,1104
"7964",2020-08-21 18:41:00,39.28,39.3,39.27,39.3,2593
"7965",2020-08-21 18:42:00,39.31,39.31,39.31,39.31,91
"7966",2020-08-21 18:43:00,39.3,39.3,39.28,39.29,2616
"7967",2020-08-21 18:44:00,39.29,39.3,39.24,39.25,2453
"7968",2020-08-21 18:45:00,39.23,39.25,39.23,39.23,1296
"7969",2020-08-21 18:46:00,39.22,39.25,39.22,39.25,2593
"7970",2020-08-21 18:47:00,39.25,39.28,39.25,39.26,2403
"7971",2020-08-21 18:48:00,39.26,39.28,39.25,39.28,2098
"7972",2020-08-21 18:49:00,39.28,39.32,39.28,39.31,5332
"7973",2020-08-21 18:50:00,39.31,39.31,39,39.05,92310
"7974",2020-08-21 18:51:00,39.06,39.19,39.06,39.18,10785
"7975",2020-08-21 18:52:00,39.18,39.18,39.09,39.16,9331
"7976",2020-08-21 18:53:00,39.16,39.17,39.14,39.14,1677
"7977",2020-08-21 18:54:00,39.14,39.18,39.14,39.16,6281
"7978",2020-08-21 18:55:00,39.17,39.2,39.17,39.2,931
"7979",2020-08-21 18:56:00,39.19,39.19,39.16,39.16,2123
"7980",2020-08-21 18:57:00,39.16,39.2,39.14,39.19,4992
"7981",2020-08-21 18:58:00,39.19,39.2,39.18,39.18,4202
"7982",2020-08-21 18:59:00,39.18,39.2,39.18,39.19,1175
"7983",2020-08-21 19:00:00,39.19,39.19,39.08,39.1,6202
"7984",2020-08-21 19:01:00,39.1,39.14,39.1,39.13,1942
"7985",2020-08-21 19:02:00,39.13,39.18,39.13,39.15,5330
"7986",2020-08-21 19:03:00,39.15,39.19,39.15,39.17,2897
"7987",2020-08-21 19:04:00,39.16,39.18,39.15,39.17,2508
"7988",2020-08-21 19:05:00,39.17,39.17,39.16,39.16,2598
"7989",2020-08-21 19:06:00,39.16,39.22,39.16,39.21,4048
"7990",2020-08-21 19:07:00,39.22,39.23,39.22,39.22,1669
"7991",2020-08-21 19:08:00,39.23,39.29,39.23,39.29,2669
"7992",2020-08-21 19:09:00,39.28,39.3,39.27,39.28,3214
"7993",2020-08-21 19:10:00,39.27,39.28,39.27,39.28,1310
"7994",2020-08-21 19:11:00,39.28,39.28,39.27,39.28,2115
"7995",2020-08-21 19:12:00,39.27,39.3,39.26,39.3,1252
"7996",2020-08-21 19:13:00,39.29,39.29,39.28,39.28,2496
"7997",2020-08-21 19:14:00,39.28,39.3,39.28,39.29,1413
"7998",2020-08-21 19:15:00,39.28,39.31,39.26,39.31,3156
"7999",2020-08-21 19:16:00,39.32,39.32,39.27,39.27,2369
"8000",2020-08-21 19:17:00,39.28,39.28,39.27,39.27,1010
"8001",2020-08-21 19:18:00,39.26,39.26,39.24,39.25,5316
"8002",2020-08-21 19:19:00,39.26,39.27,39.26,39.26,1442
"8003",2020-08-21 19:20:00,39.26,39.27,39.26,39.27,803
"8004",2020-08-21 19:21:00,39.26,39.27,39.24,39.27,4099
"8005",2020-08-21 19:22:00,39.28,39.28,39.23,39.23,2961
"8006",2020-08-21 19:23:00,39.23,39.24,39.22,39.22,2106
"8007",2020-08-21 19:24:00,39.21,39.21,39.18,39.18,2311
"8008",2020-08-21 19:25:00,39.18,39.18,39.15,39.16,2828
"8009",2020-08-21 19:26:00,39.17,39.17,39.17,39.17,3138
"8010",2020-08-21 19:27:00,39.17,39.19,39.16,39.19,1908
"8011",2020-08-21 19:28:00,39.19,39.19,39.17,39.18,2653
"8012",2020-08-21 19:29:00,39.18,39.18,39.17,39.17,806
"8013",2020-08-21 19:30:00,39.18,39.19,39.18,39.18,3691
"8014",2020-08-21 19:31:00,39.18,39.18,39.16,39.16,2645
"8015",2020-08-21 19:32:00,39.15,39.15,39.14,39.14,1279
"8016",2020-08-21 19:33:00,39.14,39.19,39.14,39.19,4170
"8017",2020-08-21 19:34:00,39.19,39.19,39.17,39.18,2224
"8018",2020-08-21 19:35:00,39.18,39.18,39.18,39.18,2107
"8019",2020-08-21 19:36:00,39.18,39.18,39.17,39.17,900
"8020",2020-08-21 19:37:00,39.16,39.16,39.15,39.15,1487
"8021",2020-08-21 19:38:00,39.14,39.16,39.14,39.16,4600
"8022",2020-08-21 19:39:00,39.16,39.18,39.16,39.18,1718
"8023",2020-08-21 19:40:00,39.18,39.18,39.17,39.17,4060
"8024",2020-08-21 19:41:00,39.17,39.17,39.14,39.14,1517
"8025",2020-08-21 19:42:00,39.14,39.14,39.14,39.14,605
"8026",2020-08-21 19:43:00,39.14,39.14,39.13,39.13,373
"8027",2020-08-21 19:44:00,39.13,39.17,39.13,39.17,4889
"8028",2020-08-21 19:45:00,39.18,39.21,39.18,39.21,2126
"8029",2020-08-21 19:46:00,39.2,39.21,39.2,39.21,1251
"8030",2020-08-21 19:47:00,39.2,39.2,39.2,39.2,851
"8031",2020-08-21 19:48:00,39.19,39.23,39.19,39.22,4846
"8032",2020-08-21 19:49:00,39.21,39.21,39.19,39.19,2935
"8033",2020-08-21 19:50:00,39.2,39.2,39.19,39.19,796
"8034",2020-08-21 19:51:00,39.18,39.18,39.15,39.15,2556
"8035",2020-08-21 19:52:00,39.15,39.16,39.15,39.15,1678
"8036",2020-08-21 19:53:00,39.15,39.16,39.15,39.16,1098
"8037",2020-08-21 19:54:00,39.16,39.18,39.16,39.18,1314
"8038",2020-08-21 19:55:00,39.18,39.18,39.17,39.17,1823
"8039",2020-08-21 19:56:00,39.17,39.18,39.16,39.18,956
"8040",2020-08-21 19:57:00,39.18,39.18,39.18,39.18,1
"8041",2020-08-21 19:58:00,39.18,39.18,39.16,39.16,1180
"8042",2020-08-21 19:59:00,39.15,39.15,39.15,39.15,625
"8043",2020-08-21 20:00:00,39.15,39.15,39.15,39.15,657
"8044",2020-08-21 20:01:00,39.16,39.16,39.14,39.15,3474
"8045",2020-08-21 20:02:00,39.16,39.17,39.16,39.16,3380
"8046",2020-08-21 20:03:00,39.16,39.16,39.11,39.11,3058
"8047",2020-08-21 20:04:00,39.11,39.12,39.08,39.08,3158
"8048",2020-08-21 20:05:00,39.08,39.08,39.06,39.07,1015
"8049",2020-08-21 20:07:00,39.08,39.09,39.08,39.09,2109
"8050",2020-08-21 20:08:00,39.1,39.12,39.1,39.12,6475
"8051",2020-08-21 20:09:00,39.12,39.12,39.12,39.12,1564
"8052",2020-08-21 20:10:00,39.13,39.13,39.12,39.12,1772
"8053",2020-08-21 20:11:00,39.12,39.12,39.12,39.12,63
"8054",2020-08-21 20:12:00,39.11,39.11,39.09,39.1,2925
"8055",2020-08-21 20:13:00,39.1,39.1,39.1,39.1,489
"8056",2020-08-21 20:14:00,39.1,39.1,39.08,39.08,1401
"8057",2020-08-21 20:15:00,39.08,39.08,39.08,39.08,276
"8058",2020-08-21 20:16:00,39.08,39.1,39.08,39.1,616
"8059",2020-08-21 20:17:00,39.09,39.09,39.08,39.08,2608
"8060",2020-08-21 20:18:00,39.08,39.08,39.08,39.08,300
"8061",2020-08-21 20:19:00,39.07,39.08,39.06,39.07,2786
"8062",2020-08-21 20:20:00,39.08,39.09,39.08,39.09,4189
"8063",2020-08-21 20:21:00,39.08,39.08,39.06,39.06,1238
"8064",2020-08-21 20:22:00,39.06,39.06,39.06,39.06,194
"8065",2020-08-21 20:23:00,39.05,39.08,39.04,39.07,5431
"8066",2020-08-21 20:24:00,39.07,39.07,39.07,39.07,400
"8067",2020-08-21 20:25:00,39.06,39.06,39.05,39.06,1700
"8068",2020-08-21 20:26:00,39.05,39.05,39.04,39.04,1502
"8069",2020-08-21 20:27:00,39.03,39.07,39.03,39.06,4816
"8070",2020-08-21 20:28:00,39.07,39.07,39.07,39.07,151
"8071",2020-08-21 20:29:00,39.08,39.14,39.07,39.14,5181
"8072",2020-08-21 20:30:00,39.15,39.16,39.12,39.12,3122
"8073",2020-08-21 20:31:00,39.11,39.13,39.11,39.13,815
"8074",2020-08-21 20:32:00,39.13,39.14,39.12,39.12,4614
"8075",2020-08-21 20:33:00,39.12,39.13,39.12,39.13,2602
"8076",2020-08-21 20:35:00,39.12,39.12,39.11,39.11,2159
"8077",2020-08-21 20:36:00,39.1,39.1,39.1,39.1,408
"8078",2020-08-21 20:37:00,39.1,39.1,39.1,39.1,716
"8079",2020-08-21 20:38:00,39.09,39.12,39.09,39.1,6467
"8080",2020-08-21 20:39:00,39.1,39.12,39.1,39.12,805
"8081",2020-08-21 20:40:00,39.12,39.12,39.1,39.11,5443
"8082",2020-08-21 20:41:00,39.12,39.12,39.11,39.11,552
"8083",2020-08-21 20:42:00,39.1,39.11,39.1,39.11,705
"8084",2020-08-21 20:43:00,39.11,39.11,39.11,39.11,620
"8085",2020-08-21 20:44:00,39.1,39.1,39.08,39.08,4962
"8086",2020-08-21 20:45:00,39.07,39.07,39.01,39.01,4408
"8087",2020-08-21 20:46:00,39.01,39.02,39,39.01,6940
"8088",2020-08-21 20:47:00,39.01,39.03,39.01,39.02,2526
"8089",2020-08-21 20:48:00,39.02,39.02,39.02,39.02,1131
"8090",2020-08-21 20:49:00,39.01,39.01,38.99,39,2489
"8091",2020-08-21 20:50:00,39,39.04,38.98,39.04,6599
"8092",2020-08-21 20:51:00,39.03,39.03,39,39,1975
"8093",2020-08-21 20:52:00,39,39,38.99,39,659
"8094",2020-08-21 20:53:00,39,39.03,39,39.02,3002
"8095",2020-08-21 20:54:00,39.01,39.02,38.99,38.99,3007
"8096",2020-08-21 20:55:00,38.99,38.99,38.95,38.95,2753
"8097",2020-08-21 20:56:00,38.97,38.97,38.94,38.95,3086
"8098",2020-08-21 20:57:00,38.95,38.95,38.93,38.93,2139
"8099",2020-08-21 20:58:00,38.92,38.94,38.92,38.94,2750
"8100",2020-08-21 20:59:00,38.93,38.97,38.93,38.97,1862
"8101",2020-08-21 21:00:00,38.97,38.98,38.97,38.97,1995
"8102",2020-08-21 21:01:00,38.97,38.98,38.97,38.97,2070
"8103",2020-08-21 21:02:00,38.96,38.96,38.96,38.96,346
"8104",2020-08-21 21:03:00,38.97,38.97,38.96,38.97,2392
"8105",2020-08-21 21:04:00,38.97,38.98,38.97,38.98,858
"8106",2020-08-21 21:05:00,38.98,38.98,38.98,38.98,334
"8107",2020-08-21 21:06:00,38.98,38.98,38.98,38.98,806
"8108",2020-08-21 21:07:00,38.98,39,38.98,39,1443
"8109",2020-08-21 21:08:00,39,39.03,39,39.03,2433
"8110",2020-08-21 21:09:00,39.04,39.05,39.04,39.04,3078
"8111",2020-08-21 21:10:00,39.06,39.07,39.06,39.07,834
"8112",2020-08-21 21:11:00,39.07,39.08,39.05,39.05,3459
"8113",2020-08-21 21:12:00,39.05,39.05,39.03,39.04,3179
"8114",2020-08-21 21:13:00,39.06,39.08,39.06,39.08,507
"8115",2020-08-21 21:14:00,39.07,39.1,39.06,39.1,4327
"8116",2020-08-21 21:15:00,39.11,39.15,39.11,39.14,3484
"8117",2020-08-21 21:16:00,39.14,39.16,39.14,39.16,1391
"8118",2020-08-21 21:17:00,39.16,39.16,39.14,39.14,1900
"8119",2020-08-21 21:18:00,39.14,39.15,39.14,39.15,1601
"8120",2020-08-21 21:19:00,39.15,39.15,39.12,39.12,3900
"8121",2020-08-21 21:20:00,39.12,39.13,39.12,39.13,1131
"8122",2020-08-21 21:21:00,39.14,39.14,39.13,39.13,1407
"8123",2020-08-21 21:22:00,39.13,39.14,39.13,39.14,401
"8124",2020-08-21 21:23:00,39.13,39.13,39.12,39.12,2051
"8125",2020-08-21 21:24:00,39.12,39.12,39.1,39.11,3573
"8126",2020-08-21 21:25:00,39.11,39.12,39.11,39.12,1584
"8127",2020-08-21 21:26:00,39.12,39.14,39.12,39.13,2755
"8128",2020-08-21 21:27:00,39.13,39.14,39.12,39.14,1485
"8129",2020-08-21 21:28:00,39.13,39.13,39.13,39.13,2676
"8130",2020-08-21 21:29:00,39.12,39.15,39.12,39.14,4173
"8131",2020-08-21 21:30:00,39.13,39.14,39.13,39.13,2626
"8132",2020-08-21 21:31:00,39.14,39.14,39.13,39.14,1018
"8133",2020-08-21 21:32:00,39.15,39.16,39.15,39.16,2060
"8134",2020-08-21 21:33:00,39.16,39.16,39.15,39.15,1950
"8135",2020-08-21 21:34:00,39.15,39.16,39.15,39.16,3462
"8136",2020-08-21 21:35:00,39.16,39.2,39.16,39.17,5262
"8137",2020-08-21 21:36:00,39.18,39.18,39.15,39.15,4606
"8138",2020-08-21 21:37:00,39.14,39.14,39.12,39.14,2868
"8139",2020-08-21 21:38:00,39.14,39.14,39.13,39.13,801
"8140",2020-08-21 21:39:00,39.12,39.12,39.1,39.1,2289
"8141",2020-08-21 21:40:00,39.09,39.09,39.09,39.09,601
"8142",2020-08-21 21:41:00,39.09,39.11,39.09,39.11,3745
"8143",2020-08-21 21:42:00,39.11,39.11,39.11,39.11,3
"8144",2020-08-21 21:43:00,39.12,39.12,39.11,39.12,2807
"8145",2020-08-21 21:44:00,39.11,39.11,39.11,39.11,500
"8146",2020-08-21 21:45:00,39.1,39.1,39.1,39.1,700
"8147",2020-08-21 21:46:00,39.1,39.11,39.09,39.11,2636
"8148",2020-08-21 21:47:00,39.12,39.12,39.12,39.12,1572
"8149",2020-08-21 21:48:00,39.12,39.14,39.12,39.14,3304
"8150",2020-08-21 21:49:00,39.14,39.14,39.09,39.1,2527
"8151",2020-08-21 21:50:00,39.09,39.1,39.07,39.09,3653
"8152",2020-08-21 21:51:00,39.1,39.1,39.09,39.09,1490
"8153",2020-08-21 21:52:00,39.09,39.1,39.09,39.1,4321
"8154",2020-08-21 21:53:00,39.11,39.11,39.11,39.11,403
"8155",2020-08-21 21:54:00,39.12,39.12,39.12,39.12,128
"8156",2020-08-21 21:55:00,39.12,39.12,39.12,39.12,914
"8157",2020-08-21 21:56:00,39.13,39.13,39.13,39.13,905
"8158",2020-08-21 21:57:00,39.13,39.14,39.13,39.13,2989
"8159",2020-08-21 21:58:00,39.12,39.12,39.11,39.11,754
"8160",2020-08-21 21:59:00,39.11,39.16,39.11,39.16,8029
"8161",2020-08-21 22:00:00,39.17,39.17,39.16,39.17,1324
"8162",2020-08-21 22:01:00,39.17,39.2,39.17,39.18,6187
"8163",2020-08-21 22:02:00,39.19,39.21,39.19,39.21,2306
"8164",2020-08-21 22:03:00,39.21,39.22,39.18,39.22,3049
"8165",2020-08-21 22:04:00,39.22,39.22,39.2,39.2,2445
"8166",2020-08-21 22:05:00,39.2,39.21,39.2,39.21,957
"8167",2020-08-21 22:06:00,39.22,39.22,39.21,39.22,1857
"8168",2020-08-21 22:07:00,39.22,39.22,39.21,39.21,4024
"8169",2020-08-21 22:08:00,39.2,39.22,39.2,39.21,3016
"8170",2020-08-21 22:09:00,39.22,39.24,39.22,39.24,1629
"8171",2020-08-21 22:10:00,39.25,39.25,39.22,39.24,3844
"8172",2020-08-21 22:11:00,39.24,39.26,39.24,39.26,4442
"8173",2020-08-21 22:12:00,39.26,39.26,39.26,39.26,1309
"8174",2020-08-21 22:13:00,39.26,39.26,39.26,39.26,1990
"8175",2020-08-21 22:14:00,39.26,39.27,39.26,39.27,870
"8176",2020-08-21 22:15:00,39.26,39.27,39.26,39.27,2424
"8177",2020-08-21 22:16:00,39.26,39.26,39.23,39.24,3431
"8178",2020-08-21 22:17:00,39.24,39.24,39.23,39.24,796
"8179",2020-08-21 22:18:00,39.24,39.27,39.24,39.27,9122
"8180",2020-08-21 22:19:00,39.27,39.28,39.27,39.28,2403
"8181",2020-08-21 22:20:00,39.28,39.32,39.28,39.32,18790
"8182",2020-08-21 22:21:00,39.32,39.34,39.32,39.34,2994
"8183",2020-08-21 22:22:00,39.34,39.34,39.34,39.34,2338
"8184",2020-08-21 22:23:00,39.35,39.35,39.35,39.35,300
"8185",2020-08-21 22:24:00,39.34,39.36,39.32,39.34,5726
"8186",2020-08-21 22:25:00,39.35,39.36,39.32,39.32,3988
"8187",2020-08-21 22:26:00,39.33,39.33,39.3,39.32,4365
"8188",2020-08-21 22:27:00,39.32,39.32,39.31,39.32,201
"8189",2020-08-21 22:28:00,39.31,39.31,39.29,39.29,3278
"8190",2020-08-21 22:29:00,39.3,39.3,39.28,39.28,2118
"8191",2020-08-21 22:30:00,39.28,39.28,39.26,39.28,6097
"8192",2020-08-21 22:31:00,39.28,39.3,39.28,39.3,3365
"8193",2020-08-21 22:32:00,39.3,39.3,39.27,39.28,3066
"8194",2020-08-21 22:33:00,39.28,39.29,39.27,39.29,1823
"8195",2020-08-21 22:34:00,39.28,39.28,39.28,39.28,226
"8196",2020-08-21 22:35:00,39.29,39.3,39.29,39.3,2094
"8197",2020-08-21 22:36:00,39.3,39.33,39.3,39.33,2851
"8198",2020-08-21 22:37:00,39.34,39.34,39.32,39.33,3229
"8199",2020-08-21 22:38:00,39.33,39.34,39.33,39.33,1117
"8200",2020-08-21 22:39:00,39.34,39.34,39.34,39.34,3652
"8201",2020-08-21 22:40:00,39.34,39.34,39.34,39.34,781
"8202",2020-08-21 22:41:00,39.34,39.34,39.34,39.34,1161
"8203",2020-08-21 22:42:00,39.33,39.33,39.3,39.31,2765
"8204",2020-08-21 22:43:00,39.31,39.32,39.29,39.29,8228
"8205",2020-08-21 22:44:00,39.29,39.29,39.29,39.29,3146
"8206",2020-08-21 22:45:00,39.3,39.3,39.25,39.29,5893
"8207",2020-08-21 22:46:00,39.28,39.28,39.26,39.26,7030
"8208",2020-08-21 22:47:00,39.26,39.27,39.26,39.26,2845
"8209",2020-08-21 22:48:00,39.27,39.27,39.26,39.26,9976
"8210",2020-08-21 22:49:00,39.26,39.26,39.24,39.25,5121
"8211",2020-08-21 22:50:00,39.25,39.25,39.22,39.22,2310
"8212",2020-08-21 22:51:00,39.22,39.22,39.18,39.18,7016
"8213",2020-08-21 22:52:00,39.17,39.2,39.16,39.2,15111
"8214",2020-08-21 22:53:00,39.2,39.22,39.2,39.2,12751
"8215",2020-08-21 22:54:00,39.21,39.21,39.18,39.18,14940
"8216",2020-08-21 22:55:00,39.18,39.21,39.18,39.21,17025
"8217",2020-08-21 22:56:00,39.21,39.24,39.21,39.23,15896
"8218",2020-08-21 22:57:00,39.24,39.25,39.23,39.25,12353
"8219",2020-08-21 22:58:00,39.24,39.27,39.24,39.26,13841
"8220",2020-08-21 22:59:00,39.26,39.27,39.26,39.27,12722
"8221",2020-08-21 23:00:00,39.26,39.29,39.25,39.26,19674
"8222",2020-08-21 23:02:00,39.29,39.29,39.29,39.29,1
"8223",2020-08-21 23:04:00,39.26,39.26,39.26,39.26,2270
"8224",2020-08-21 23:05:00,39.27,39.27,39.18,39.18,74
"8225",2020-08-21 23:08:00,39.25,39.25,39.25,39.25,20
"8226",2020-08-21 23:11:00,39.26,39.26,39.25,39.25,51
"8227",2020-08-21 23:13:00,39.25,39.25,39.25,39.25,25
"8228",2020-08-21 23:17:00,39.25,39.25,39.25,39.25,100
"8229",2020-08-21 23:21:00,39.25,39.25,39.25,39.25,1
"8230",2020-08-21 23:22:00,39.25,39.25,39.25,39.25,4
"8231",2020-08-21 23:26:00,39.25,39.25,39.25,39.25,4
"8232",2020-08-21 23:28:00,39.25,39.25,39.25,39.25,6
"8233",2020-08-21 23:30:00,39.25,39.25,39.25,39.25,19
"8234",2020-08-21 23:32:00,39.26,39.26,39.26,39.26,8
"8235",2020-08-21 23:45:00,39.26,39.26,39.26,39.26,25
"8236",2020-08-21 23:46:00,39.21,39.21,39.21,39.21,5
"8237",2020-08-21 23:59:00,39.25,39.25,39.25,39.25,1
"8238",2020-08-22 00:14:00,39.25,39.27,39.25,39.27,200
"8239",2020-08-22 00:15:00,39.27,39.27,39.27,39.27,7
"8240",2020-08-22 00:18:00,39.27,39.27,39.27,39.27,14
"8241",2020-08-22 00:22:00,39.27,39.27,39.27,39.27,600
"8242",2020-08-22 00:23:00,39.27,39.27,39.27,39.27,307
"8243",2020-08-22 00:25:00,39.33,39.33,39.33,39.33,3
"8244",2020-08-22 00:38:00,39.27,39.27,39.27,39.27,25
"8245",2020-08-22 00:46:00,39.27,39.27,39.27,39.27,1
"8246",2020-08-22 00:47:00,39.27,39.27,39.27,39.27,5
"8247",2020-08-22 00:53:00,39.31,39.31,39.31,39.31,25
"8248",2020-08-22 00:56:00,39.27,39.27,39.26,39.26,2064
"8249",2020-08-22 00:58:00,39.24,39.24,39.24,39.24,1
"8250",2020-08-22 01:02:00,39.32,39.33,39.32,39.33,10
"8251",2020-08-22 01:40:00,39.3,39.3,39.3,39.3,477
"8252",2020-08-24 10:01:00,39.4,39.41,39.4,39.41,7
"8253",2020-08-24 10:04:00,39.5,39.56,39.5,39.54,34
"8254",2020-08-24 10:05:00,39.71,39.71,39.71,39.71,1
"8255",2020-08-24 10:06:00,39.7,39.7,39.7,39.7,6
"8256",2020-08-24 10:07:00,39.7,39.7,39.7,39.7,9
"8257",2020-08-24 10:08:00,39.72,39.72,39.72,39.72,56
"8258",2020-08-24 10:09:00,39.71,39.71,39.71,39.71,3
"8259",2020-08-24 10:11:00,39.58,39.72,39.56,39.72,55
"8260",2020-08-24 10:13:00,39.58,39.58,39.56,39.56,6
"8261",2020-08-24 10:14:00,39.56,39.72,39.56,39.72,16
"8262",2020-08-24 10:15:00,39.55,39.55,39.55,39.55,1
"8263",2020-08-24 10:16:00,39.56,39.56,39.56,39.56,1
"8264",2020-08-24 10:18:00,39.59,39.59,39.59,39.59,1
"8265",2020-08-24 10:19:00,39.69,39.69,39.69,39.69,4
"8266",2020-08-24 10:20:00,39.55,39.68,39.55,39.68,40
"8267",2020-08-24 10:22:00,39.7,39.7,39.7,39.7,1
"8268",2020-08-24 10:23:00,39.7,39.7,39.7,39.7,33
"8269",2020-08-24 10:24:00,39.7,39.7,39.7,39.7,4
"8270",2020-08-24 10:25:00,39.56,39.56,39.56,39.56,3
"8271",2020-08-24 10:28:00,39.68,39.69,39.56,39.56,4
"8272",2020-08-24 10:29:00,39.56,39.56,39.56,39.56,2
"8273",2020-08-24 10:30:00,39.56,39.56,39.56,39.56,3
"8274",2020-08-24 10:31:00,39.65,39.66,39.65,39.66,3
"8275",2020-08-24 10:32:00,39.66,39.68,39.66,39.68,2
"8276",2020-08-24 10:33:00,39.67,39.67,39.67,39.67,1
"8277",2020-08-24 10:34:00,39.67,39.67,39.57,39.57,6
"8278",2020-08-24 10:35:00,39.66,39.71,39.66,39.71,9
"8279",2020-08-24 10:36:00,39.71,39.71,39.71,39.71,5
"8280",2020-08-24 10:39:00,39.71,39.71,39.71,39.71,1
"8281",2020-08-24 10:40:00,39.71,39.71,39.71,39.71,11
"8282",2020-08-24 10:41:00,39.57,39.57,39.57,39.57,1
"8283",2020-08-24 10:45:00,39.57,39.7,39.57,39.7,6
"8284",2020-08-24 10:46:00,39.71,39.71,39.71,39.71,5
"8285",2020-08-24 10:47:00,39.7,39.7,39.7,39.7,2
"8286",2020-08-24 10:48:00,39.7,39.7,39.7,39.7,1
"8287",2020-08-24 10:49:00,39.7,39.7,39.7,39.7,3
"8288",2020-08-24 10:50:00,39.7,39.7,39.7,39.7,3
"8289",2020-08-24 10:51:00,39.7,39.71,39.7,39.71,14
"8290",2020-08-24 10:52:00,39.71,39.71,39.71,39.71,4
"8291",2020-08-24 10:54:00,39.56,39.56,39.56,39.56,20
"8292",2020-08-24 10:55:00,39.56,39.56,39.56,39.56,3
"8293",2020-08-24 10:58:00,39.56,39.56,39.56,39.56,1
"8294",2020-08-24 11:00:00,39.6,39.6,39.6,39.6,4
"8295",2020-08-24 11:01:00,39.56,39.6,39.47,39.47,12
"8296",2020-08-24 11:03:00,39.45,39.45,39.45,39.45,5
"8297",2020-08-24 11:04:00,39.49,39.49,39.49,39.49,2
"8298",2020-08-24 11:05:00,39.45,39.45,39.45,39.45,1
"8299",2020-08-24 11:06:00,39.49,39.51,39.49,39.51,46
"8300",2020-08-24 11:07:00,39.51,39.51,39.51,39.51,2
"8301",2020-08-24 11:08:00,39.45,39.45,39.29,39.29,6
"8302",2020-08-24 11:14:00,39.36,39.36,39.36,39.36,1
"8303",2020-08-24 11:15:00,39.29,39.29,39.29,39.29,6
"8304",2020-08-24 11:17:00,39.36,39.36,39.36,39.36,2
"8305",2020-08-24 11:22:00,39.36,39.36,39.36,39.36,3
"8306",2020-08-24 11:25:00,39.36,39.36,39.36,39.36,1
"8307",2020-08-24 11:28:00,39.36,39.36,39.36,39.36,4
"8308",2020-08-24 11:32:00,39.36,39.36,39.36,39.36,7
"8309",2020-08-24 11:40:00,39.41,39.41,39.41,39.41,3
"8310",2020-08-24 11:43:00,39.36,39.36,39.36,39.36,3
"8311",2020-08-24 11:44:00,39.36,39.36,39.36,39.36,1
"8312",2020-08-24 11:47:00,39.36,39.36,39.36,39.36,5
"8313",2020-08-24 11:48:00,39.37,39.37,39.37,39.37,1
"8314",2020-08-24 11:49:00,39.36,39.36,39.36,39.36,1
"8315",2020-08-24 11:51:00,39.36,39.36,39.35,39.35,4
"8316",2020-08-24 11:52:00,39.31,39.31,39.31,39.31,1
"8317",2020-08-24 11:53:00,39.36,39.36,39.36,39.36,2
"8318",2020-08-24 11:55:00,39.36,39.36,39.36,39.36,3
"8319",2020-08-24 11:57:00,39.36,39.36,39.36,39.36,2
"8320",2020-08-24 11:58:00,39.36,39.36,39.36,39.36,28
"8321",2020-08-24 12:01:00,39.36,39.36,39.36,39.36,5
"8322",2020-08-24 12:02:00,39.36,39.36,39.36,39.36,20
"8323",2020-08-24 12:08:00,39.38,39.38,39.38,39.38,1
"8324",2020-08-24 12:10:00,39.45,39.45,39.45,39.45,5
"8325",2020-08-24 12:11:00,39.46,39.46,39.46,39.46,2
"8326",2020-08-24 12:18:00,39.42,39.42,39.42,39.42,2
"8327",2020-08-24 12:19:00,39.4,39.4,39.4,39.4,15
"8328",2020-08-24 12:23:00,39.45,39.47,39.45,39.47,10
"8329",2020-08-24 12:25:00,39.46,39.46,39.46,39.46,1
"8330",2020-08-24 12:26:00,39.46,39.46,39.46,39.46,1
"8331",2020-08-24 12:32:00,39.45,39.45,39.45,39.45,1
"8332",2020-08-24 12:35:00,39.47,39.47,39.47,39.47,1
"8333",2020-08-24 12:36:00,39.5,39.5,39.5,39.5,1
"8334",2020-08-24 12:39:00,39.5,39.5,39.5,39.5,1
"8335",2020-08-24 12:40:00,39.5,39.5,39.5,39.5,3
"8336",2020-08-24 12:43:00,39.62,39.62,39.62,39.62,5
"8337",2020-08-24 12:44:00,39.67,39.67,39.67,39.67,93
"8338",2020-08-24 12:47:00,39.66,39.66,39.66,39.66,1
"8339",2020-08-24 12:50:00,39.66,39.66,39.66,39.66,5
"8340",2020-08-24 12:52:00,39.66,39.66,39.54,39.54,4
"8341",2020-08-24 12:55:00,39.51,39.51,39.51,39.51,5
"8342",2020-08-24 13:09:00,39.6,39.6,39.6,39.6,7
"8343",2020-08-24 13:18:00,39.63,39.63,39.63,39.63,10
"8344",2020-08-24 13:30:00,39.68,39.69,39.68,39.69,3
"8345",2020-08-24 13:32:00,39.69,39.69,39.69,39.69,1
"8346",2020-08-24 13:33:00,39.6,39.6,39.6,39.6,3
"8347",2020-08-24 13:36:00,39.6,39.6,39.6,39.6,1
"8348",2020-08-24 13:38:00,39.6,39.6,39.6,39.6,1
"8349",2020-08-24 13:42:00,39.67,39.67,39.67,39.67,11
"8350",2020-08-24 13:43:00,39.67,39.67,39.67,39.67,10
"8351",2020-08-24 13:45:00,39.55,39.55,39.5,39.5,58
"8352",2020-08-24 13:46:00,39.5,39.5,39.5,39.5,7
"8353",2020-08-24 13:50:00,39.55,39.55,39.54,39.54,3
"8354",2020-08-24 13:52:00,39.54,39.54,39.54,39.54,1
"8355",2020-08-24 13:54:00,39.54,39.54,39.54,39.54,5
"8356",2020-08-24 13:55:00,39.54,39.6,39.54,39.6,12
"8357",2020-08-24 13:56:00,39.61,39.61,39.61,39.61,36
"8358",2020-08-24 13:57:00,39.61,39.61,39.61,39.61,2
"8359",2020-08-24 13:59:00,39.6,39.6,39.6,39.6,1
"8360",2020-08-24 14:00:00,39.6,39.6,39.48,39.48,12
"8361",2020-08-24 14:01:00,39.59,39.59,39.59,39.59,2
"8362",2020-08-24 14:02:00,39.46,39.46,39.46,39.46,1
"8363",2020-08-24 14:04:00,39.5,39.5,39.5,39.5,3
"8364",2020-08-24 14:06:00,39.5,39.5,39.5,39.5,1
"8365",2020-08-24 14:09:00,39.5,39.5,39.5,39.5,3
"8366",2020-08-24 14:10:00,39.45,39.45,39.37,39.4,26
"8367",2020-08-24 14:11:00,39.47,39.48,39.47,39.48,11
"8368",2020-08-24 14:12:00,39.41,39.41,39.34,39.34,2
"8369",2020-08-24 14:15:00,39.49,39.49,39.49,39.49,7
"8370",2020-08-24 14:20:00,39.45,39.49,39.45,39.49,20
"8371",2020-08-24 14:24:00,39.58,39.58,39.58,39.58,1
"8372",2020-08-24 14:33:00,39.67,39.7,39.66,39.7,12
"8373",2020-08-24 14:35:00,39.61,39.64,39.6,39.6,44
"8374",2020-08-24 14:38:00,39.6,39.6,39.6,39.6,2
"8375",2020-08-24 14:39:00,39.6,39.68,39.6,39.6,57
"8376",2020-08-24 14:41:00,39.6,39.6,39.6,39.6,1
"8377",2020-08-24 14:43:00,39.61,39.61,39.61,39.61,1
"8378",2020-08-24 14:44:00,39.6,39.61,39.6,39.61,2
"8379",2020-08-24 14:45:00,39.6,39.61,39.6,39.61,14
"8380",2020-08-24 14:54:00,39.65,39.65,39.65,39.65,1
"8381",2020-08-24 14:55:00,39.65,39.65,39.65,39.65,2
"8382",2020-08-24 14:58:00,39.65,39.65,39.65,39.65,22
"8383",2020-08-24 15:02:00,39.7,39.7,39.7,39.7,1
"8384",2020-08-24 15:04:00,39.66,39.66,39.66,39.66,1
"8385",2020-08-24 15:05:00,39.66,39.66,39.6,39.6,21
"8386",2020-08-24 15:07:00,39.6,39.6,39.6,39.6,1
"8387",2020-08-24 15:09:00,39.6,39.6,39.6,39.6,6
"8388",2020-08-24 15:10:00,39.6,39.65,39.6,39.65,297
"8389",2020-08-24 15:11:00,39.6,39.65,39.6,39.6,102
"8390",2020-08-24 15:14:00,39.6,39.63,39.6,39.63,196
"8391",2020-08-24 15:15:00,39.63,39.63,39.63,39.63,100
"8392",2020-08-24 15:16:00,39.65,39.65,39.65,39.65,4
"8393",2020-08-24 15:24:00,39.6,39.6,39.6,39.6,80
"8394",2020-08-24 15:25:00,39.6,39.6,39.6,39.6,2
"8395",2020-08-24 15:29:00,39.56,39.62,39.56,39.56,14
"8396",2020-08-24 15:30:00,39.59,39.59,39.59,39.59,22
"8397",2020-08-24 15:31:00,39.58,39.62,39.56,39.62,50
"8398",2020-08-24 15:33:00,39.63,39.63,39.62,39.62,2
"8399",2020-08-24 15:34:00,39.62,39.62,39.62,39.62,13
"8400",2020-08-24 15:35:00,39.62,39.62,39.62,39.62,80
"8401",2020-08-24 15:36:00,39.62,39.63,39.62,39.63,17
"8402",2020-08-24 15:38:00,39.62,39.62,39.62,39.62,80
"8403",2020-08-24 15:40:00,39.63,39.63,39.63,39.63,1
"8404",2020-08-24 15:41:00,39.65,39.65,39.63,39.65,1488
"8405",2020-08-24 15:42:00,39.65,39.65,39.65,39.65,80
"8406",2020-08-24 15:43:00,39.67,39.67,39.67,39.67,3
"8407",2020-08-24 15:45:00,39.68,39.68,39.68,39.68,2
"8408",2020-08-24 15:46:00,39.68,39.68,39.68,39.68,1
"8409",2020-08-24 15:47:00,39.68,39.69,39.68,39.69,110
"8410",2020-08-24 15:48:00,39.69,39.69,39.69,39.69,8
"8411",2020-08-24 15:49:00,39.69,39.69,39.69,39.69,6
"8412",2020-08-24 15:50:00,39.68,39.68,39.67,39.68,406
"8413",2020-08-24 15:52:00,39.68,39.68,39.68,39.68,21
"8414",2020-08-24 15:56:00,39.65,39.65,39.65,39.65,1
"8415",2020-08-24 15:57:00,39.65,39.65,39.65,39.65,150
"8416",2020-08-24 15:58:00,39.68,39.68,39.65,39.65,178
"8417",2020-08-24 15:59:00,39.64,39.64,39.64,39.64,18
"8418",2020-08-24 16:01:00,39.63,39.63,39.63,39.63,16
"8419",2020-08-24 16:02:00,39.61,39.61,39.61,39.61,1
"8420",2020-08-24 16:03:00,39.61,39.61,39.61,39.61,10
"8421",2020-08-24 16:04:00,39.64,39.65,39.64,39.65,4
"8422",2020-08-24 16:06:00,39.66,39.66,39.66,39.66,10
"8423",2020-08-24 16:07:00,39.66,39.67,39.66,39.67,25
"8424",2020-08-24 16:09:00,39.69,39.69,39.69,39.69,5
"8425",2020-08-24 16:10:00,39.69,39.69,39.68,39.69,1234
"8426",2020-08-24 16:11:00,39.69,39.69,39.69,39.69,10
"8427",2020-08-24 16:12:00,39.69,39.69,39.69,39.69,744
"8428",2020-08-24 16:13:00,39.7,39.7,39.61,39.61,12
"8429",2020-08-24 16:14:00,39.63,39.63,39.63,39.63,2
"8430",2020-08-24 16:15:00,39.64,39.65,39.64,39.65,528
"8431",2020-08-24 16:16:00,39.64,39.64,39.6,39.6,115
"8432",2020-08-24 16:17:00,39.6,39.65,39.6,39.63,229
"8433",2020-08-24 16:19:00,39.64,39.64,39.57,39.57,5
"8434",2020-08-24 16:20:00,39.57,39.57,39.57,39.57,1
"8435",2020-08-24 16:21:00,39.65,39.65,39.65,39.65,5
"8436",2020-08-24 16:22:00,39.65,39.65,39.65,39.65,1
"8437",2020-08-24 16:23:00,39.65,39.65,39.65,39.65,2
"8438",2020-08-24 16:26:00,39.62,39.62,39.62,39.62,771
"8439",2020-08-24 16:27:00,39.62,39.62,39.62,39.62,23
"8440",2020-08-24 16:29:00,39.56,39.61,39.56,39.6,32
"8441",2020-08-24 16:30:00,39.6,39.71,39.57,39.68,2913
"8442",2020-08-24 16:31:00,39.71,39.8,39.68,39.73,9049
"8443",2020-08-24 16:32:00,39.74,39.75,39.66,39.69,9675
"8444",2020-08-24 16:33:00,39.69,39.81,39.64,39.78,15982
"8445",2020-08-24 16:34:00,39.79,40.14,39.78,40.12,38363
"8446",2020-08-24 16:35:00,40.06,40.15,39.97,40.12,36562
"8447",2020-08-24 16:36:00,40.12,40.4,40.12,40.32,33485
"8448",2020-08-24 16:37:00,40.31,40.32,40.15,40.2,30661
"8449",2020-08-24 16:38:00,40.2,40.26,40.15,40.26,12546
"8450",2020-08-24 16:39:00,40.23,40.23,40.16,40.2,8548
"8451",2020-08-24 16:40:00,40.2,40.31,40.13,40.31,12415
"8452",2020-08-24 16:41:00,40.31,40.47,40.29,40.42,34808
"8453",2020-08-24 16:42:00,40.4,40.4,40.28,40.3,14369
"8454",2020-08-24 16:43:00,40.33,40.53,40.33,40.4,39951
"8455",2020-08-24 16:44:00,40.4,40.54,40.4,40.49,24463
"8456",2020-08-24 16:45:00,40.47,40.53,40.41,40.45,14586
"8457",2020-08-24 16:46:00,40.48,40.56,40.47,40.51,15350
"8458",2020-08-24 16:47:00,40.51,40.61,40.51,40.56,12892
"8459",2020-08-24 16:48:00,40.55,40.57,40.49,40.51,22214
"8460",2020-08-24 16:49:00,40.48,40.5,40.38,40.42,17734
"8461",2020-08-24 16:50:00,40.46,40.53,40.45,40.5,10665
"8462",2020-08-24 16:51:00,40.55,40.6,40.44,40.48,23121
"8463",2020-08-24 16:52:00,40.48,40.7,40.48,40.67,16064
"8464",2020-08-24 16:53:00,40.66,40.67,40.49,40.49,13660
"8465",2020-08-24 16:54:00,40.5,40.51,40.35,40.38,16078
"8466",2020-08-24 16:55:00,40.4,40.45,40.3,40.33,22158
"8467",2020-08-24 16:56:00,40.32,40.44,40.32,40.41,16935
"8468",2020-08-24 16:57:00,40.43,40.43,40.35,40.37,5144
"8469",2020-08-24 16:58:00,40.38,40.49,40.37,40.46,7385
"8470",2020-08-24 16:59:00,40.46,40.55,40.41,40.55,8799
"8471",2020-08-24 17:00:00,40.56,40.56,40.48,40.54,15043
"8472",2020-08-24 17:01:00,40.57,40.64,40.57,40.63,27696
"8473",2020-08-24 17:02:00,40.62,40.68,40.58,40.66,31640
"8474",2020-08-24 17:03:00,40.66,40.75,40.55,40.7,31050
"8475",2020-08-24 17:04:00,40.69,40.7,40.53,40.57,23439
"8476",2020-08-24 17:05:00,40.58,40.6,40.5,40.56,20418
"8477",2020-08-24 17:06:00,40.56,40.66,40.56,40.62,14794
"8478",2020-08-24 17:07:00,40.63,40.64,40.5,40.5,14778
"8479",2020-08-24 17:08:00,40.51,40.56,40.45,40.54,10643
"8480",2020-08-24 17:09:00,40.56,40.58,40.48,40.5,10984
"8481",2020-08-24 17:10:00,40.5,40.59,40.49,40.5,9919
"8482",2020-08-24 17:11:00,40.49,40.6,40.47,40.51,11334
"8483",2020-08-24 17:12:00,40.5,40.54,40.48,40.51,5945
"8484",2020-08-24 17:13:00,40.52,40.55,40.49,40.55,4783
"8485",2020-08-24 17:14:00,40.56,40.65,40.54,40.64,11564
"8486",2020-08-24 17:15:00,40.64,40.78,40.64,40.75,16606
"8487",2020-08-24 17:16:00,40.76,40.77,40.72,40.74,11314
"8488",2020-08-24 17:17:00,40.75,40.78,40.72,40.77,6991
"8489",2020-08-24 17:18:00,40.77,40.77,40.71,40.74,4917
"8490",2020-08-24 17:19:00,40.75,40.77,40.66,40.66,4011
"8491",2020-08-24 17:20:00,40.68,40.73,40.67,40.7,4453
"8492",2020-08-24 17:21:00,40.7,40.79,40.68,40.79,7178
"8493",2020-08-24 17:22:00,40.78,40.79,40.71,40.73,17544
"8494",2020-08-24 17:23:00,40.72,40.77,40.72,40.73,7371
"8495",2020-08-24 17:24:00,40.73,40.76,40.64,40.64,6802
"8496",2020-08-24 17:25:00,40.63,40.68,40.62,40.64,1776
"8497",2020-08-24 17:26:00,40.63,40.63,40.58,40.62,3161
"8498",2020-08-24 17:27:00,40.62,40.64,40.61,40.62,2164
"8499",2020-08-24 17:28:00,40.63,40.66,40.62,40.62,4226
"8500",2020-08-24 17:29:00,40.6,40.6,40.55,40.58,4258
"8501",2020-08-24 17:30:00,40.6,40.65,40.57,40.61,8088
"8502",2020-08-24 17:31:00,40.6,40.63,40.56,40.56,5586
"8503",2020-08-24 17:32:00,40.57,40.61,40.56,40.61,4333
"8504",2020-08-24 17:33:00,40.6,40.6,40.53,40.55,2293
"8505",2020-08-24 17:34:00,40.54,40.55,40.5,40.55,3100
"8506",2020-08-24 17:35:00,40.55,40.6,40.52,40.52,4359
"8507",2020-08-24 17:36:00,40.52,40.55,40.48,40.52,781
"8508",2020-08-24 17:37:00,40.52,40.54,40.49,40.49,5819
"8509",2020-08-24 17:38:00,40.49,40.51,40.46,40.5,9184
"8510",2020-08-24 17:39:00,40.51,40.51,40.45,40.46,2362
"8511",2020-08-24 17:40:00,40.48,40.53,40.46,40.53,2785
"8512",2020-08-24 17:41:00,40.52,40.56,40.5,40.55,3735
"8513",2020-08-24 17:42:00,40.54,40.58,40.52,40.58,3712
"8514",2020-08-24 17:43:00,40.58,40.6,40.53,40.53,9250
"8515",2020-08-24 17:44:00,40.54,40.56,40.52,40.52,4139
"8516",2020-08-24 17:45:00,40.54,40.6,40.54,40.58,4163
"8517",2020-08-24 17:46:00,40.58,40.59,40.56,40.56,9325
"8518",2020-08-24 17:47:00,40.56,40.58,40.54,40.58,6798
"8519",2020-08-24 17:48:00,40.58,40.59,40.57,40.57,3847
"8520",2020-08-24 17:49:00,40.56,40.56,40.52,40.54,4626
"8521",2020-08-24 17:50:00,40.54,40.54,40.47,40.47,4567
"8522",2020-08-24 17:51:00,40.46,40.48,40.45,40.45,6827
"8523",2020-08-24 17:52:00,40.44,40.44,40.35,40.36,9884
"8524",2020-08-24 17:53:00,40.35,40.35,40.23,40.28,9028
"8525",2020-08-24 17:54:00,40.26,40.27,40.15,40.17,12803
"8526",2020-08-24 17:55:00,40.16,40.18,40.12,40.16,5970
"8527",2020-08-24 17:56:00,40.17,40.26,40.17,40.23,6321
"8528",2020-08-24 17:57:00,40.22,40.27,40.2,40.25,4379
"8529",2020-08-24 17:58:00,40.25,40.26,40.22,40.24,2689
"8530",2020-08-24 17:59:00,40.26,40.28,40.2,40.24,6320
"8531",2020-08-24 18:00:00,40.26,40.27,40.22,40.22,8916
"8532",2020-08-24 18:01:00,40.2,40.2,40.16,40.18,4770
"8533",2020-08-24 18:02:00,40.18,40.28,40.18,40.27,2077
"8534",2020-08-24 18:03:00,40.27,40.27,40.22,40.23,3619
"8535",2020-08-24 18:04:00,40.21,40.22,40.18,40.19,4799
"8536",2020-08-24 18:05:00,40.17,40.19,40.17,40.19,1583
"8537",2020-08-24 18:06:00,40.17,40.2,40.16,40.2,1278
"8538",2020-08-24 18:07:00,40.2,40.24,40.2,40.24,1756
"8539",2020-08-24 18:08:00,40.24,40.24,40.22,40.22,1765
"8540",2020-08-24 18:09:00,40.22,40.26,40.22,40.24,2560
"8541",2020-08-24 18:10:00,40.25,40.27,40.23,40.23,2156
"8542",2020-08-24 18:11:00,40.24,40.29,40.24,40.29,3158
"8543",2020-08-24 18:12:00,40.28,40.3,40.26,40.29,2409
"8544",2020-08-24 18:13:00,40.3,40.32,40.28,40.28,1079
"8545",2020-08-24 18:14:00,40.29,40.3,40.29,40.3,25
"8546",2020-08-24 18:15:00,40.3,40.3,40.3,40.3,2909
"8547",2020-08-24 18:16:00,40.3,40.3,40.26,40.26,3902
"8548",2020-08-24 18:17:00,40.26,40.26,40.21,40.21,4465
"8549",2020-08-24 18:18:00,40.22,40.22,40.21,40.22,2507
"8550",2020-08-24 18:19:00,40.22,40.22,40.2,40.2,4457
"8551",2020-08-24 18:20:00,40.19,40.2,40.18,40.18,3904
"8552",2020-08-24 18:21:00,40.18,40.24,40.18,40.23,2197
"8553",2020-08-24 18:22:00,40.23,40.26,40.23,40.25,1188
"8554",2020-08-24 18:23:00,40.27,40.28,40.25,40.25,2280
"8555",2020-08-24 18:24:00,40.25,40.25,40.19,40.22,2734
"8556",2020-08-24 18:25:00,40.23,40.23,40.2,40.2,723
"8557",2020-08-24 18:26:00,40.21,40.23,40.19,40.23,2212
"8558",2020-08-24 18:27:00,40.22,40.22,40.11,40.12,4114
"8559",2020-08-24 18:28:00,40.13,40.19,40.12,40.12,3194
"8560",2020-08-24 18:29:00,40.11,40.14,40.05,40.09,2991
"8561",2020-08-24 18:30:00,40.09,40.14,40.09,40.12,3880
"8562",2020-08-24 18:31:00,40.12,40.2,40.11,40.2,3730
"8563",2020-08-24 18:32:00,40.2,40.2,40.18,40.18,2404
"8564",2020-08-24 18:33:00,40.17,40.17,40.13,40.14,1684
"8565",2020-08-24 18:34:00,40.13,40.13,40.09,40.1,2808
"8566",2020-08-24 18:35:00,40.1,40.1,40.06,40.08,4409
"8567",2020-08-24 18:36:00,40.06,40.1,39.99,40.02,18045
"8568",2020-08-24 18:37:00,40.03,40.1,40.03,40.09,3926
"8569",2020-08-24 18:38:00,40.08,40.1,40.06,40.08,6301
"8570",2020-08-24 18:39:00,40.09,40.12,40.04,40.12,2885
"8571",2020-08-24 18:40:00,40.13,40.16,40.13,40.16,2877
"8572",2020-08-24 18:41:00,40.17,40.21,40.17,40.19,3394
"8573",2020-08-24 18:42:00,40.18,40.21,40.18,40.21,2557
"8574",2020-08-24 18:43:00,40.21,40.22,40.2,40.2,2492
"8575",2020-08-24 18:44:00,40.2,40.23,40.2,40.23,1223
"8576",2020-08-24 18:45:00,40.24,40.25,40.22,40.22,2323
"8577",2020-08-24 18:46:00,40.22,40.24,40.22,40.24,1815
"8578",2020-08-24 18:47:00,40.23,40.23,40.19,40.19,3020
"8579",2020-08-24 18:48:00,40.2,40.22,40.2,40.22,2100
"8580",2020-08-24 18:49:00,40.23,40.23,40.23,40.23,109
"8581",2020-08-24 18:50:00,40.24,40.24,40.22,40.22,1538
"8582",2020-08-24 18:51:00,40.22,40.22,40.2,40.2,1246
"8583",2020-08-24 18:52:00,40.2,40.21,40.19,40.19,1510
"8584",2020-08-24 18:53:00,40.2,40.23,40.2,40.2,649
"8585",2020-08-24 18:54:00,40.18,40.21,40.18,40.21,1118
"8586",2020-08-24 18:55:00,40.21,40.25,40.2,40.24,1564
"8587",2020-08-24 18:56:00,40.25,40.26,40.23,40.24,1687
"8588",2020-08-24 18:57:00,40.24,40.25,40.22,40.25,2557
"8589",2020-08-24 18:58:00,40.25,40.27,40.24,40.27,1172
"8590",2020-08-24 18:59:00,40.26,40.26,40.23,40.25,1726
"8591",2020-08-24 19:00:00,40.23,40.26,40.23,40.26,1759
"8592",2020-08-24 19:01:00,40.27,40.3,40.27,40.3,4405
"8593",2020-08-24 19:02:00,40.31,40.34,40.31,40.33,2307
"8594",2020-08-24 19:03:00,40.33,40.34,40.32,40.34,992
"8595",2020-08-24 19:04:00,40.34,40.34,40.33,40.33,1651
"8596",2020-08-24 19:05:00,40.34,40.34,40.33,40.33,2758
"8597",2020-08-24 19:06:00,40.33,40.36,40.33,40.36,2519
"8598",2020-08-24 19:07:00,40.35,40.36,40.34,40.34,5323
"8599",2020-08-24 19:08:00,40.34,40.35,40.34,40.34,1482
"8600",2020-08-24 19:09:00,40.33,40.34,40.33,40.34,236
"8601",2020-08-24 19:10:00,40.35,40.35,40.32,40.34,1856
"8602",2020-08-24 19:11:00,40.34,40.34,40.32,40.33,3186
"8603",2020-08-24 19:12:00,40.34,40.34,40.3,40.31,1500
"8604",2020-08-24 19:13:00,40.33,40.35,40.32,40.34,829
"8605",2020-08-24 19:14:00,40.34,40.37,40.34,40.36,8590
"8606",2020-08-24 19:15:00,40.35,40.39,40.33,40.36,3383
"8607",2020-08-24 19:16:00,40.36,40.46,40.36,40.45,7321
"8608",2020-08-24 19:17:00,40.44,40.5,40.44,40.49,3568
"8609",2020-08-24 19:18:00,40.48,40.5,40.46,40.49,4850
"8610",2020-08-24 19:19:00,40.49,40.51,40.48,40.51,3374
"8611",2020-08-24 19:20:00,40.51,40.54,40.51,40.51,5988
"8612",2020-08-24 19:21:00,40.5,40.5,40.46,40.48,5285
"8613",2020-08-24 19:22:00,40.48,40.49,40.46,40.49,26912
"8614",2020-08-24 19:23:00,40.47,40.47,40.46,40.47,1078
"8615",2020-08-24 19:24:00,40.47,40.47,40.43,40.45,4421
"8616",2020-08-24 19:25:00,40.46,40.48,40.45,40.47,3373
"8617",2020-08-24 19:26:00,40.47,40.48,40.47,40.47,1611
"8618",2020-08-24 19:27:00,40.46,40.46,40.41,40.42,2601
"8619",2020-08-24 19:28:00,40.43,40.43,40.39,40.4,2709
"8620",2020-08-24 19:29:00,40.42,40.42,40.42,40.42,213
"8621",2020-08-24 19:30:00,40.42,40.44,40.41,40.43,837
"8622",2020-08-24 19:31:00,40.42,40.42,40.4,40.42,3098
"8623",2020-08-24 19:32:00,40.43,40.46,40.43,40.46,2748
"8624",2020-08-24 19:33:00,40.46,40.46,40.45,40.46,1330
"8625",2020-08-24 19:34:00,40.45,40.45,40.42,40.42,2378
"8626",2020-08-24 19:35:00,40.44,40.45,40.43,40.44,927
"8627",2020-08-24 19:36:00,40.45,40.46,40.45,40.46,1885
"8628",2020-08-24 19:37:00,40.46,40.46,40.44,40.44,2378
"8629",2020-08-24 19:38:00,40.44,40.44,40.42,40.42,2625
"8630",2020-08-24 19:39:00,40.42,40.42,40.41,40.41,2623
"8631",2020-08-24 19:40:00,40.41,40.47,40.41,40.47,6257
"8632",2020-08-24 19:41:00,40.47,40.52,40.47,40.52,9704
"8633",2020-08-24 19:42:00,40.52,40.54,40.52,40.54,5026
"8634",2020-08-24 19:43:00,40.53,40.54,40.51,40.51,4987
"8635",2020-08-24 19:44:00,40.53,40.55,40.52,40.54,3665
"8636",2020-08-24 19:45:00,40.55,40.56,40.54,40.56,3929
"8637",2020-08-24 19:46:00,40.54,40.58,40.54,40.58,1432
"8638",2020-08-24 19:47:00,40.58,40.6,40.58,40.6,1820
"8639",2020-08-24 19:48:00,40.59,40.64,40.59,40.63,6591
"8640",2020-08-24 19:49:00,40.62,40.64,40.62,40.64,4291
"8641",2020-08-24 19:50:00,40.63,40.66,40.63,40.66,3210
"8642",2020-08-24 19:51:00,40.66,40.67,40.65,40.66,7001
"8643",2020-08-24 19:52:00,40.65,40.67,40.65,40.65,4327
"8644",2020-08-24 19:53:00,40.64,40.65,40.63,40.63,1529
"8645",2020-08-24 19:54:00,40.62,40.62,40.56,40.56,3720
"8646",2020-08-24 19:55:00,40.56,40.57,40.52,40.52,4935
"8647",2020-08-24 19:56:00,40.52,40.53,40.51,40.53,4122
"8648",2020-08-24 19:57:00,40.53,40.54,40.52,40.52,1386
"8649",2020-08-24 19:58:00,40.52,40.53,40.52,40.53,3393
"8650",2020-08-24 19:59:00,40.54,40.56,40.52,40.53,3402
"8651",2020-08-24 20:00:00,40.54,40.54,40.51,40.52,3587
"8652",2020-08-24 20:01:00,40.5,40.51,40.49,40.49,6999
"8653",2020-08-24 20:02:00,40.48,40.5,40.45,40.48,5017
"8654",2020-08-24 20:03:00,40.5,40.52,40.5,40.52,3392
"8655",2020-08-24 20:04:00,40.52,40.54,40.52,40.54,1206
"8656",2020-08-24 20:05:00,40.53,40.53,40.53,40.53,101
"8657",2020-08-24 20:06:00,40.53,40.53,40.51,40.51,2119
"8658",2020-08-24 20:07:00,40.51,40.51,40.49,40.5,1652
"8659",2020-08-24 20:08:00,40.5,40.54,40.5,40.54,1286
"8660",2020-08-24 20:09:00,40.54,40.57,40.54,40.57,2982
"8661",2020-08-24 20:10:00,40.57,40.59,40.56,40.56,1976
"8662",2020-08-24 20:11:00,40.57,40.57,40.57,40.57,706
"8663",2020-08-24 20:12:00,40.58,40.6,40.55,40.56,3839
"8664",2020-08-24 20:13:00,40.56,40.57,40.56,40.57,1194
"8665",2020-08-24 20:14:00,40.57,40.58,40.52,40.52,2914
"8666",2020-08-24 20:15:00,40.54,40.55,40.54,40.55,878
"8667",2020-08-24 20:16:00,40.56,40.56,40.55,40.55,1313
"8668",2020-08-24 20:17:00,40.54,40.54,40.53,40.54,635
"8669",2020-08-24 20:18:00,40.54,40.54,40.52,40.53,1432
"8670",2020-08-24 20:19:00,40.53,40.54,40.53,40.54,1003
"8671",2020-08-24 20:20:00,40.52,40.53,40.52,40.53,1199
"8672",2020-08-24 20:21:00,40.54,40.54,40.53,40.53,664
"8673",2020-08-24 20:22:00,40.54,40.56,40.54,40.54,1038
"8674",2020-08-24 20:23:00,40.52,40.52,40.48,40.49,1339
"8675",2020-08-24 20:24:00,40.46,40.46,40.42,40.45,3533
"8676",2020-08-24 20:25:00,40.45,40.48,40.44,40.48,6850
"8677",2020-08-24 20:26:00,40.48,40.49,40.47,40.47,273
"8678",2020-08-24 20:27:00,40.47,40.47,40.44,40.44,1224
"8679",2020-08-24 20:28:00,40.44,40.46,40.44,40.46,1295
"8680",2020-08-24 20:29:00,40.43,40.44,40.43,40.44,1004
"8681",2020-08-24 20:30:00,40.44,40.46,40.44,40.44,1374
"8682",2020-08-24 20:31:00,40.44,40.44,40.39,40.39,1885
"8683",2020-08-24 20:32:00,40.4,40.44,40.4,40.44,1054
"8684",2020-08-24 20:33:00,40.43,40.43,40.41,40.41,1536
"8685",2020-08-24 20:34:00,40.43,40.45,40.43,40.45,800
"8686",2020-08-24 20:35:00,40.43,40.43,40.43,40.43,202
"8687",2020-08-24 20:36:00,40.46,40.48,40.46,40.46,221
"8688",2020-08-24 20:37:00,40.46,40.48,40.46,40.48,910
"8689",2020-08-24 20:38:00,40.48,40.48,40.48,40.48,816
"8690",2020-08-24 20:39:00,40.47,40.49,40.46,40.49,2897
"8691",2020-08-24 20:40:00,40.49,40.49,40.46,40.46,2432
"8692",2020-08-24 20:41:00,40.46,40.46,40.44,40.45,4225
"8693",2020-08-24 20:42:00,40.47,40.47,40.42,40.45,2640
"8694",2020-08-24 20:43:00,40.46,40.46,40.45,40.45,1522
"8695",2020-08-24 20:44:00,40.44,40.44,40.4,40.41,4270
"8696",2020-08-24 20:45:00,40.4,40.44,40.4,40.44,1034
"8697",2020-08-24 20:46:00,40.44,40.48,40.44,40.48,366
"8698",2020-08-24 20:47:00,40.48,40.48,40.48,40.48,1423
"8699",2020-08-24 20:48:00,40.47,40.48,40.46,40.48,1800
"8700",2020-08-24 20:49:00,40.48,40.49,40.48,40.48,1700
"8701",2020-08-24 20:50:00,40.48,40.49,40.48,40.49,1598
"8702",2020-08-24 20:51:00,40.5,40.54,40.49,40.52,2239
"8703",2020-08-24 20:52:00,40.51,40.54,40.51,40.54,1119
"8704",2020-08-24 20:53:00,40.53,40.54,40.53,40.53,525
"8705",2020-08-24 20:54:00,40.53,40.55,40.53,40.55,2495
"8706",2020-08-24 20:55:00,40.55,40.57,40.55,40.57,4155
"8707",2020-08-24 20:56:00,40.57,40.58,40.56,40.57,3028
"8708",2020-08-24 20:57:00,40.56,40.62,40.56,40.62,1532
"8709",2020-08-24 20:58:00,40.63,40.64,40.62,40.62,2702
"8710",2020-08-24 20:59:00,40.63,40.63,40.61,40.61,919
"8711",2020-08-24 21:00:00,40.61,40.63,40.61,40.62,1651
"8712",2020-08-24 21:01:00,40.62,40.62,40.62,40.62,500
"8713",2020-08-24 21:02:00,40.63,40.63,40.61,40.61,1105
"8714",2020-08-24 21:03:00,40.63,40.63,40.62,40.62,600
"8715",2020-08-24 21:04:00,40.6,40.61,40.55,40.55,2514
"8716",2020-08-24 21:05:00,40.56,40.56,40.54,40.54,1401
"8717",2020-08-24 21:06:00,40.54,40.55,40.52,40.54,6336
"8718",2020-08-24 21:07:00,40.54,40.57,40.54,40.57,1421
"8719",2020-08-24 21:08:00,40.58,40.58,40.55,40.55,2636
"8720",2020-08-24 21:09:00,40.54,40.56,40.54,40.55,648
"8721",2020-08-24 21:10:00,40.54,40.54,40.52,40.53,1649
"8722",2020-08-24 21:11:00,40.54,40.54,40.54,40.54,666
"8723",2020-08-24 21:12:00,40.55,40.55,40.52,40.53,2101
"8724",2020-08-24 21:13:00,40.54,40.55,40.54,40.55,86
"8725",2020-08-24 21:14:00,40.55,40.55,40.54,40.54,1254
"8726",2020-08-24 21:15:00,40.52,40.53,40.52,40.53,578
"8727",2020-08-24 21:16:00,40.52,40.53,40.51,40.52,3178
"8728",2020-08-24 21:17:00,40.52,40.54,40.52,40.54,636
"8729",2020-08-24 21:18:00,40.53,40.53,40.51,40.51,1420
"8730",2020-08-24 21:19:00,40.51,40.51,40.48,40.49,2741
"8731",2020-08-24 21:20:00,40.49,40.51,40.49,40.51,815
"8732",2020-08-24 21:21:00,40.51,40.51,40.5,40.51,2752
"8733",2020-08-24 21:22:00,40.5,40.5,40.48,40.5,2220
"8734",2020-08-24 21:23:00,40.5,40.5,40.46,40.47,874
"8735",2020-08-24 21:24:00,40.47,40.47,40.46,40.47,1515
"8736",2020-08-24 21:25:00,40.45,40.46,40.45,40.46,737
"8737",2020-08-24 21:26:00,40.45,40.46,40.44,40.44,3891
"8738",2020-08-24 21:27:00,40.44,40.46,40.44,40.45,2054
"8739",2020-08-24 21:28:00,40.46,40.46,40.44,40.44,1983
"8740",2020-08-24 21:29:00,40.44,40.44,40.42,40.42,2499
"8741",2020-08-24 21:30:00,40.41,40.42,40.39,40.39,2668
"8742",2020-08-24 21:31:00,40.39,40.39,40.36,40.38,2800
"8743",2020-08-24 21:32:00,40.38,40.38,40.36,40.38,2016
"8744",2020-08-24 21:33:00,40.39,40.4,40.39,40.4,1065
"8745",2020-08-24 21:34:00,40.39,40.4,40.36,40.37,6290
"8746",2020-08-24 21:35:00,40.37,40.38,40.35,40.35,4001
"8747",2020-08-24 21:36:00,40.36,40.38,40.36,40.37,2152
"8748",2020-08-24 21:37:00,40.37,40.37,40.34,40.37,3396
"8749",2020-08-24 21:38:00,40.38,40.39,40.37,40.37,1179
"8750",2020-08-24 21:39:00,40.37,40.39,40.37,40.38,984
"8751",2020-08-24 21:40:00,40.38,40.38,40.38,40.38,522
"8752",2020-08-24 21:41:00,40.38,40.38,40.38,40.38,1403
"8753",2020-08-24 21:42:00,40.36,40.38,40.34,40.37,3856
"8754",2020-08-24 21:43:00,40.36,40.37,40.36,40.37,434
"8755",2020-08-24 21:44:00,40.39,40.43,40.39,40.43,4312
"8756",2020-08-24 21:45:00,40.43,40.43,40.42,40.42,3437
"8757",2020-08-24 21:46:00,40.42,40.45,40.42,40.45,793
"8758",2020-08-24 21:47:00,40.46,40.46,40.44,40.45,1327
"8759",2020-08-24 21:48:00,40.44,40.46,40.44,40.46,1253
"8760",2020-08-24 21:49:00,40.46,40.46,40.44,40.45,1913
"8761",2020-08-24 21:50:00,40.45,40.46,40.44,40.44,1433
"8762",2020-08-24 21:51:00,40.44,40.44,40.42,40.42,2014
"8763",2020-08-24 21:52:00,40.43,40.46,40.43,40.44,2250
"8764",2020-08-24 21:53:00,40.44,40.44,40.39,40.42,5918
"8765",2020-08-24 21:54:00,40.42,40.43,40.42,40.42,1401
"8766",2020-08-24 21:55:00,40.41,40.41,40.4,40.4,1904
"8767",2020-08-24 21:56:00,40.39,40.4,40.37,40.38,3855
"8768",2020-08-24 21:57:00,40.39,40.4,40.38,40.38,1600
"8769",2020-08-24 21:58:00,40.38,40.4,40.37,40.39,2354
"8770",2020-08-24 21:59:00,40.4,40.4,40.37,40.38,2540
"8771",2020-08-24 22:00:00,40.38,40.39,40.38,40.39,800
"8772",2020-08-24 22:01:00,40.39,40.39,40.36,40.36,3184
"8773",2020-08-24 22:02:00,40.36,40.37,40.36,40.37,1445
"8774",2020-08-24 22:03:00,40.37,40.37,40.36,40.36,2800
"8775",2020-08-24 22:04:00,40.36,40.36,40.33,40.36,2387
"8776",2020-08-24 22:05:00,40.38,40.39,40.38,40.38,610
"8777",2020-08-24 22:06:00,40.38,40.38,40.34,40.34,4455
"8778",2020-08-24 22:07:00,40.34,40.34,40.33,40.34,864
"8779",2020-08-24 22:08:00,40.34,40.34,40.31,40.31,1508
"8780",2020-08-24 22:09:00,40.33,40.36,40.33,40.36,2157
"8781",2020-08-24 22:10:00,40.37,40.38,40.35,40.35,2321
"8782",2020-08-24 22:11:00,40.33,40.34,40.31,40.31,3801
"8783",2020-08-24 22:12:00,40.31,40.33,40.3,40.31,3960
"8784",2020-08-24 22:13:00,40.31,40.32,40.3,40.3,3420
"8785",2020-08-24 22:14:00,40.3,40.3,40.28,40.29,2563
"8786",2020-08-24 22:15:00,40.29,40.3,40.29,40.29,7396
"8787",2020-08-24 22:16:00,40.3,40.3,40.28,40.3,7568
"8788",2020-08-24 22:17:00,40.3,40.32,40.3,40.31,3847
"8789",2020-08-24 22:18:00,40.3,40.32,40.3,40.32,2766
"8790",2020-08-24 22:19:00,40.32,40.32,40.3,40.31,3477
"8791",2020-08-24 22:20:00,40.3,40.33,40.3,40.33,2151
"8792",2020-08-24 22:21:00,40.32,40.33,40.32,40.32,1000
"8793",2020-08-24 22:22:00,40.33,40.33,40.32,40.33,1602
"8794",2020-08-24 22:23:00,40.33,40.33,40.33,40.33,1044
"8795",2020-08-24 22:24:00,40.34,40.37,40.34,40.36,1807
"8796",2020-08-24 22:25:00,40.35,40.37,40.35,40.37,1360
"8797",2020-08-24 22:26:00,40.36,40.38,40.35,40.38,1905
"8798",2020-08-24 22:27:00,40.38,40.38,40.37,40.38,933
"8799",2020-08-24 22:28:00,40.37,40.37,40.35,40.35,3634
"8800",2020-08-24 22:29:00,40.37,40.38,40.37,40.37,2899
"8801",2020-08-24 22:30:00,40.36,40.38,40.36,40.38,1614
"8802",2020-08-24 22:31:00,40.37,40.4,40.37,40.4,7558
"8803",2020-08-24 22:32:00,40.4,40.44,40.4,40.44,2463
"8804",2020-08-24 22:33:00,40.44,40.44,40.42,40.42,2510
"8805",2020-08-24 22:34:00,40.42,40.42,40.42,40.42,2291
"8806",2020-08-24 22:35:00,40.42,40.42,40.39,40.39,4303
"8807",2020-08-24 22:36:00,40.38,40.4,40.38,40.39,3612
"8808",2020-08-24 22:37:00,40.38,40.38,40.36,40.36,2207
"8809",2020-08-24 22:38:00,40.36,40.41,40.36,40.39,9054
"8810",2020-08-24 22:39:00,40.38,40.4,40.38,40.4,2242
"8811",2020-08-24 22:40:00,40.4,40.4,40.39,40.39,1665
"8812",2020-08-24 22:41:00,40.4,40.41,40.4,40.4,3326
"8813",2020-08-24 22:42:00,40.41,40.43,40.4,40.42,5036
"8814",2020-08-24 22:43:00,40.43,40.44,40.43,40.44,2204
"8815",2020-08-24 22:44:00,40.44,40.48,40.44,40.48,5724
"8816",2020-08-24 22:45:00,40.48,40.49,40.46,40.49,3340
"8817",2020-08-24 22:46:00,40.49,40.49,40.47,40.48,3124
"8818",2020-08-24 22:47:00,40.47,40.48,40.47,40.47,2657
"8819",2020-08-24 22:48:00,40.48,40.48,40.46,40.46,4272
"8820",2020-08-24 22:49:00,40.46,40.46,40.44,40.46,4869
"8821",2020-08-24 22:50:00,40.46,40.49,40.46,40.49,11490
"8822",2020-08-24 22:51:00,40.49,40.54,40.49,40.54,15829
"8823",2020-08-24 22:52:00,40.54,40.55,40.54,40.54,18164
"8824",2020-08-24 22:53:00,40.54,40.54,40.52,40.52,10825
"8825",2020-08-24 22:54:00,40.52,40.54,40.52,40.52,7565
"8826",2020-08-24 22:55:00,40.52,40.56,40.52,40.56,5532
"8827",2020-08-24 22:56:00,40.56,40.56,40.52,40.54,11661
"8828",2020-08-24 22:57:00,40.54,40.54,40.52,40.52,9952
"8829",2020-08-24 22:58:00,40.51,40.54,40.51,40.52,5643
"8830",2020-08-24 22:59:00,40.52,40.54,40.5,40.54,15943
"8831",2020-08-24 23:00:00,40.54,40.61,40.48,40.49,49381
"8832",2020-08-24 23:01:00,40.5,40.52,40.48,40.48,16852
"8833",2020-08-24 23:02:00,40.47,40.54,40.47,40.54,110
"8834",2020-08-24 23:05:00,40.47,40.49,40.47,40.49,3204
"8835",2020-08-24 23:06:00,40.48,40.48,40.45,40.47,7
"8836",2020-08-24 23:07:00,40.47,40.47,40.47,40.47,25
"8837",2020-08-24 23:08:00,40.31,40.51,40.31,40.51,115
"8838",2020-08-24 23:09:00,40.5,40.5,40.5,40.5,1
"8839",2020-08-24 23:10:00,40.47,40.47,40.47,40.47,104
"8840",2020-08-24 23:11:00,40.47,40.47,40.47,40.47,1
"8841",2020-08-24 23:13:00,40.47,40.47,40.47,40.47,115
"8842",2020-08-24 23:14:00,40.47,40.51,40.47,40.51,33
"8843",2020-08-24 23:15:00,40.31,40.31,40.31,40.31,20
"8844",2020-08-24 23:17:00,40.51,40.51,40.51,40.51,40
"8845",2020-08-24 23:19:00,40.51,40.51,40.51,40.51,33
"8846",2020-08-24 23:20:00,40.51,40.51,40.51,40.51,35
"8847",2020-08-24 23:21:00,40.51,40.51,40.51,40.51,3
"8848",2020-08-24 23:26:00,40.5,40.51,40.5,40.51,110
"8849",2020-08-24 23:29:00,40.31,40.31,40.31,40.31,7
"8850",2020-08-24 23:32:00,40.47,40.47,40.47,40.47,3
"8851",2020-08-24 23:34:00,40.47,40.47,40.47,40.47,3
"8852",2020-08-24 23:36:00,40.51,40.51,40.31,40.31,356
"8853",2020-08-24 23:37:00,40.59,40.59,40.59,40.59,3
"8854",2020-08-24 23:38:00,40.59,40.59,40.59,40.59,3
"8855",2020-08-24 23:44:00,40.59,40.59,40.59,40.59,2
"8856",2020-08-24 23:47:00,40.47,40.47,40.47,40.47,6
"8857",2020-08-24 23:48:00,40.47,40.47,40.47,40.47,2
"8858",2020-08-24 23:52:00,40.47,40.47,40.47,40.47,100
"8859",2020-08-25 00:00:00,40.4,40.55,40.4,40.55,2
"8860",2020-08-25 00:06:00,40.31,40.31,40.31,40.31,12
"8861",2020-08-25 00:25:00,40.49,40.49,40.49,40.49,7
"8862",2020-08-25 00:31:00,40.55,40.55,40.55,40.55,1
"8863",2020-08-25 00:37:00,40.55,40.55,40.5,40.5,105
"8864",2020-08-25 00:38:00,40.52,40.52,40.52,40.52,20
"8865",2020-08-25 00:42:00,40.32,40.32,40.31,40.31,5
"8866",2020-08-25 00:43:00,40.55,40.55,40.55,40.55,25
"8867",2020-08-25 00:46:00,40.5,40.5,40.5,40.5,10
"8868",2020-08-25 00:50:00,40.5,40.5,40.5,40.5,74
"8869",2020-08-25 00:53:00,40.49,40.49,40.49,40.49,1
"8870",2020-08-25 00:54:00,40.5,40.5,40.5,40.5,1
"8871",2020-08-25 00:55:00,40.54,40.54,40.54,40.54,1
"8872",2020-08-25 00:56:00,40.49,40.49,40.49,40.49,1
"8873",2020-08-25 00:57:00,40.5,40.54,40.5,40.5,102
"8874",2020-08-25 00:58:00,40.5,40.5,40.4,40.4,396
"8875",2020-08-25 01:00:00,40.54,40.54,40.51,40.53,1174
"8876",2020-08-25 01:02:00,40.55,40.55,40.5,40.5,528
"8877",2020-08-25 01:16:00,40.55,40.55,40.55,40.55,269
"8878",2020-08-25 01:30:00,40.64,40.7,40.58,40.58,7
"8879",2020-08-25 01:42:00,40.31,40.31,40.31,40.31,2
"8880",2020-08-25 10:01:00,40.57,40.58,40.57,40.58,6
"8881",2020-08-25 10:02:00,40.58,40.58,40.58,40.58,3
"8882",2020-08-25 10:03:00,40.7,40.71,40.7,40.71,10
"8883",2020-08-25 10:07:00,40.78,40.78,40.78,40.78,10
"8884",2020-08-25 10:09:00,40.74,40.74,40.74,40.74,30
"8885",2020-08-25 10:10:00,40.76,40.76,40.76,40.76,5
"8886",2020-08-25 10:11:00,40.77,40.78,40.77,40.78,100
"8887",2020-08-25 10:12:00,40.78,40.8,40.78,40.8,2
"8888",2020-08-25 10:13:00,40.8,40.82,40.8,40.82,5
"8889",2020-08-25 10:14:00,40.87,40.87,40.87,40.87,1
"8890",2020-08-25 10:15:00,40.84,40.87,40.84,40.87,25
"8891",2020-08-25 10:17:00,40.81,40.81,40.81,40.81,4
"8892",2020-08-25 10:18:00,40.81,40.87,40.81,40.87,13
"8893",2020-08-25 10:19:00,40.87,40.87,40.87,40.87,1
"8894",2020-08-25 10:20:00,40.87,40.87,40.87,40.87,20
"8895",2020-08-25 10:22:00,40.87,40.87,40.87,40.87,1
"8896",2020-08-25 10:23:00,40.87,40.87,40.87,40.87,26
"8897",2020-08-25 10:24:00,40.81,40.81,40.81,40.81,20
"8898",2020-08-25 10:26:00,40.81,40.81,40.81,40.81,10
"8899",2020-08-25 10:27:00,40.81,40.81,40.81,40.81,4
"8900",2020-08-25 10:29:00,40.81,40.81,40.81,40.81,11
"8901",2020-08-25 10:35:00,40.81,40.81,40.81,40.81,31
"8902",2020-08-25 10:36:00,40.82,40.85,40.81,40.81,22
"8903",2020-08-25 10:43:00,40.85,40.85,40.85,40.85,11
"8904",2020-08-25 10:44:00,40.85,40.85,40.85,40.85,2
"8905",2020-08-25 10:48:00,40.81,40.81,40.81,40.81,10
"8906",2020-08-25 10:49:00,40.85,40.85,40.85,40.85,10
"8907",2020-08-25 10:54:00,40.85,40.85,40.85,40.85,4
"8908",2020-08-25 10:55:00,40.85,40.86,40.81,40.81,11
"8909",2020-08-25 11:00:00,40.87,41,40.87,40.97,253
"8910",2020-08-25 11:01:00,40.97,40.97,40.57,40.57,343
"8911",2020-08-25 11:02:00,40.5,40.65,40.5,40.65,4
"8912",2020-08-25 11:03:00,40.63,40.63,40.63,40.63,1
"8913",2020-08-25 11:04:00,40.61,40.61,40.5,40.5,26
"8914",2020-08-25 11:05:00,40.5,40.5,40.45,40.46,187
"8915",2020-08-25 11:06:00,40.45,40.5,40.45,40.5,11
"8916",2020-08-25 11:07:00,40.5,40.6,40.46,40.6,39
"8917",2020-08-25 11:09:00,40.65,40.65,40.64,40.64,50
"8918",2020-08-25 11:11:00,40.77,40.77,40.77,40.77,5
"8919",2020-08-25 11:12:00,40.63,40.7,40.63,40.7,27
"8920",2020-08-25 11:14:00,40.65,40.7,40.65,40.7,8
"8921",2020-08-25 11:16:00,40.63,40.63,40.63,40.63,10
"8922",2020-08-25 11:17:00,40.7,40.7,40.7,40.7,6
"8923",2020-08-25 11:18:00,40.7,40.7,40.7,40.7,4
"8924",2020-08-25 11:23:00,40.7,40.7,40.7,40.7,1
"8925",2020-08-25 11:27:00,40.61,40.61,40.61,40.61,2
"8926",2020-08-25 11:30:00,40.63,40.63,40.6,40.6,5
"8927",2020-08-25 11:32:00,40.61,40.7,40.6,40.7,24
"8928",2020-08-25 11:33:00,40.7,40.7,40.7,40.7,2
"8929",2020-08-25 11:36:00,40.7,40.7,40.7,40.7,6
"8930",2020-08-25 11:37:00,40.7,40.7,40.7,40.7,30
"8931",2020-08-25 11:39:00,40.66,40.66,40.66,40.66,5
"8932",2020-08-25 11:40:00,40.66,40.66,40.66,40.66,5
"8933",2020-08-25 11:42:00,40.77,40.79,40.77,40.79,20
"8934",2020-08-25 11:47:00,40.67,40.67,40.67,40.67,5
"8935",2020-08-25 11:49:00,40.67,40.67,40.67,40.67,3
"8936",2020-08-25 11:50:00,40.67,40.67,40.67,40.67,5
"8937",2020-08-25 11:52:00,40.7,40.7,40.7,40.7,2
"8938",2020-08-25 11:54:00,40.7,40.7,40.7,40.7,2
"8939",2020-08-25 11:55:00,40.67,40.67,40.67,40.67,8
"8940",2020-08-25 12:00:00,40.68,40.68,40.68,40.68,160
"8941",2020-08-25 12:01:00,40.7,40.7,40.7,40.7,2
"8942",2020-08-25 12:02:00,40.7,40.7,40.7,40.7,1
"8943",2020-08-25 12:09:00,40.7,40.7,40.7,40.7,1
"8944",2020-08-25 12:11:00,40.7,40.7,40.7,40.7,1
"8945",2020-08-25 12:13:00,40.7,40.7,40.66,40.66,9
"8946",2020-08-25 12:15:00,40.7,40.7,40.7,40.7,1
"8947",2020-08-25 12:22:00,40.7,40.7,40.7,40.7,9
"8948",2020-08-25 12:25:00,40.66,40.66,40.66,40.66,5
"8949",2020-08-25 12:28:00,40.66,40.66,40.66,40.66,10
"8950",2020-08-25 12:30:00,40.66,40.66,40.66,40.66,18
"8951",2020-08-25 12:33:00,40.7,40.76,40.7,40.76,5
"8952",2020-08-25 12:35:00,40.76,40.76,40.76,40.76,2
"8953",2020-08-25 12:36:00,40.76,40.76,40.76,40.76,1
"8954",2020-08-25 12:40:00,40.76,40.76,40.76,40.76,1
"8955",2020-08-25 12:42:00,40.66,40.66,40.66,40.66,2
"8956",2020-08-25 12:48:00,40.66,40.66,40.65,40.65,10
"8957",2020-08-25 12:54:00,40.7,40.7,40.7,40.7,1
"8958",2020-08-25 12:57:00,40.76,40.76,40.76,40.76,3
"8959",2020-08-25 12:59:00,40.67,40.67,40.67,40.67,1
"8960",2020-08-25 13:08:00,40.7,40.7,40.7,40.7,1
"8961",2020-08-25 13:17:00,40.7,40.7,40.7,40.7,2
"8962",2020-08-25 13:24:00,40.7,40.7,40.7,40.7,6
"8963",2020-08-25 13:26:00,40.76,40.76,40.76,40.76,1
"8964",2020-08-25 13:27:00,40.76,40.76,40.76,40.76,5
"8965",2020-08-25 13:38:00,40.75,40.75,40.75,40.75,3
"8966",2020-08-25 13:41:00,40.75,40.75,40.75,40.75,2
"8967",2020-08-25 13:48:00,40.75,40.75,40.75,40.75,17
"8968",2020-08-25 13:50:00,40.75,40.75,40.75,40.75,1
"8969",2020-08-25 13:54:00,40.76,40.8,40.76,40.8,21
"8970",2020-08-25 13:56:00,40.8,40.8,40.8,40.8,5
"8971",2020-08-25 13:57:00,40.75,40.8,40.75,40.8,22
"8972",2020-08-25 13:59:00,40.75,40.75,40.75,40.75,98
"8973",2020-08-25 14:01:00,40.75,40.75,40.75,40.75,10
"8974",2020-08-25 14:02:00,40.75,40.75,40.72,40.72,4
"8975",2020-08-25 14:03:00,40.7,40.74,40.7,40.74,8
"8976",2020-08-25 14:04:00,40.7,40.7,40.63,40.63,10
"8977",2020-08-25 14:06:00,40.74,40.74,40.63,40.63,6
"8978",2020-08-25 14:11:00,40.68,40.68,40.68,40.68,1
"8979",2020-08-25 14:12:00,40.65,40.68,40.65,40.68,16
"8980",2020-08-25 14:13:00,40.68,40.68,40.68,40.68,50
"8981",2020-08-25 14:15:00,40.6,40.6,40.6,40.6,1
"8982",2020-08-25 14:16:00,40.6,40.6,40.6,40.6,1
"8983",2020-08-25 14:18:00,40.7,40.7,40.7,40.7,21
"8984",2020-08-25 14:21:00,40.51,40.51,40.51,40.51,1
"8985",2020-08-25 14:22:00,40.51,40.51,40.51,40.51,2
"8986",2020-08-25 14:23:00,40.51,40.51,40.51,40.51,5
"8987",2020-08-25 14:25:00,40.5,40.5,40.5,40.5,2
"8988",2020-08-25 14:27:00,40.6,40.6,40.6,40.6,1
"8989",2020-08-25 14:28:00,40.4,40.4,40.4,40.4,10
"8990",2020-08-25 14:29:00,40.59,40.59,40.59,40.59,18
"8991",2020-08-25 14:32:00,40.41,40.41,40.41,40.41,1
"8992",2020-08-25 14:33:00,40.42,40.48,40.42,40.48,5
"8993",2020-08-25 14:40:00,40.47,40.47,40.47,40.47,2
"8994",2020-08-25 14:45:00,40.47,40.47,40.47,40.47,1
"8995",2020-08-25 14:49:00,40.47,40.47,40.47,40.47,18
"8996",2020-08-25 15:00:00,40.47,40.47,40.42,40.42,5
"8997",2020-08-25 15:01:00,40.49,40.49,40.47,40.49,464
"8998",2020-08-25 15:02:00,40.44,40.44,40.44,40.44,8
"8999",2020-08-25 15:04:00,40.35,40.46,40.35,40.46,178
"9000",2020-08-25 15:08:00,40.46,40.46,40.46,40.46,2
"9001",2020-08-25 15:09:00,40.49,40.49,40.49,40.49,1
"9002",2020-08-25 15:10:00,40.43,40.43,40.43,40.43,1
"9003",2020-08-25 15:11:00,40.45,40.45,40.45,40.45,70
"9004",2020-08-25 15:17:00,40.43,40.45,40.41,40.45,491
"9005",2020-08-25 15:18:00,40.43,40.43,40.4,40.4,280
"9006",2020-08-25 15:20:00,40.36,40.36,40.36,40.36,17
"9007",2020-08-25 15:23:00,40.35,40.35,40.31,40.31,11
"9008",2020-08-25 15:25:00,40.31,40.36,40.31,40.32,4
"9009",2020-08-25 15:33:00,40.35,40.35,40.35,40.35,2
"9010",2020-08-25 15:34:00,40.33,40.46,40.33,40.46,11
"9011",2020-08-25 15:35:00,40.46,40.46,40.46,40.46,1
"9012",2020-08-25 15:36:00,40.45,40.45,40.45,40.45,10
"9013",2020-08-25 15:41:00,40.38,40.38,40.38,40.38,3
"9014",2020-08-25 15:42:00,40.32,40.37,40.31,40.31,245
"9015",2020-08-25 15:43:00,40.3,40.3,40.3,40.3,4
"9016",2020-08-25 15:48:00,40.35,40.35,40.32,40.32,4
"9017",2020-08-25 15:55:00,40.4,40.4,40.4,40.4,1
"9018",2020-08-25 15:57:00,40.46,40.46,40.46,40.46,760
"9019",2020-08-25 15:58:00,40.39,40.39,40.39,40.39,10
"9020",2020-08-25 16:00:00,40.4,40.4,40.4,40.4,2
"9021",2020-08-25 16:04:00,40.4,40.4,40.4,40.4,1
"9022",2020-08-25 16:05:00,40.4,40.4,40.4,40.4,2
"9023",2020-08-25 16:10:00,40.44,40.44,40.44,40.44,1
"9024",2020-08-25 16:12:00,40.45,40.45,40.4,40.4,523
"9025",2020-08-25 16:13:00,40.5,40.5,40.36,40.36,27
"9026",2020-08-25 16:19:00,40.48,40.48,40.48,40.48,1
"9027",2020-08-25 16:20:00,40.45,40.45,40.45,40.45,46
"9028",2020-08-25 16:22:00,40.37,40.37,40.37,40.37,10
"9029",2020-08-25 16:24:00,40.37,40.39,40.37,40.39,303
"9030",2020-08-25 16:25:00,40.37,40.37,40.37,40.37,400
"9031",2020-08-25 16:26:00,40.37,40.37,40.37,40.37,297
"9032",2020-08-25 16:27:00,40.39,40.39,40.39,40.39,557
"9033",2020-08-25 16:28:00,40.37,40.38,40.36,40.36,1502
"9034",2020-08-25 16:29:00,40.36,40.36,40.32,40.32,105
"9035",2020-08-25 16:30:00,40.32,40.32,40.32,40.32,3
"9036",2020-08-25 16:31:00,40.44,40.44,40.21,40.25,17040
"9037",2020-08-25 16:32:00,40.21,40.3,40.2,40.22,8224
"9038",2020-08-25 16:33:00,40.2,40.23,40.01,40.02,24368
"9039",2020-08-25 16:34:00,40.04,40.08,39.89,39.91,19179
"9040",2020-08-25 16:35:00,39.9,40,39.9,39.97,5962
"9041",2020-08-25 16:36:00,39.99,40.14,39.99,40.14,15325
"9042",2020-08-25 16:37:00,40.15,40.18,40.05,40.15,9915
"9043",2020-08-25 16:38:00,40.15,40.25,40.15,40.23,13828
"9044",2020-08-25 16:39:00,40.24,40.24,40.04,40.16,13068
"9045",2020-08-25 16:40:00,40.15,40.16,40.02,40.07,21350
"9046",2020-08-25 16:41:00,40.07,40.09,39.93,39.95,19474
"9047",2020-08-25 16:42:00,39.95,40,39.95,39.98,3827
"9048",2020-08-25 16:43:00,40,40,39.91,39.93,19776
"9049",2020-08-25 16:44:00,39.94,39.95,39.86,39.89,11963
"9050",2020-08-25 16:45:00,39.88,39.88,39.74,39.76,9452
"9051",2020-08-25 16:46:00,39.76,39.84,39.74,39.79,15350
"9052",2020-08-25 16:47:00,39.78,39.86,39.77,39.84,5817
"9053",2020-08-25 16:48:00,39.85,39.87,39.76,39.76,8295
"9054",2020-08-25 16:49:00,39.78,39.78,39.73,39.76,10265
"9055",2020-08-25 16:50:00,39.76,39.76,39.62,39.64,19301
"9056",2020-08-25 16:51:00,39.66,39.74,39.66,39.73,16421
"9057",2020-08-25 16:52:00,39.73,39.82,39.71,39.76,9615
"9058",2020-08-25 16:53:00,39.76,39.82,39.76,39.82,4072
"9059",2020-08-25 16:54:00,39.81,39.85,39.78,39.79,6298
"9060",2020-08-25 16:55:00,39.78,39.78,39.66,39.66,5835
"9061",2020-08-25 16:56:00,39.64,39.64,39.57,39.64,11037
"9062",2020-08-25 16:57:00,39.65,39.66,39.56,39.6,8356
"9063",2020-08-25 16:58:00,39.59,39.59,39.55,39.55,4477
"9064",2020-08-25 16:59:00,39.54,39.59,39.46,39.59,19897
"9065",2020-08-25 17:00:00,39.59,39.66,39.58,39.59,14953
"9066",2020-08-25 17:01:00,39.6,39.65,39.55,39.56,21196
"9067",2020-08-25 17:02:00,39.57,39.69,39.55,39.69,9934
"9068",2020-08-25 17:03:00,39.68,39.68,39.59,39.62,4879
"9069",2020-08-25 17:04:00,39.62,39.65,39.58,39.65,6872
"9070",2020-08-25 17:05:00,39.63,39.63,39.6,39.62,7186
"9071",2020-08-25 17:06:00,39.62,39.62,39.54,39.54,7285
"9072",2020-08-25 17:07:00,39.54,39.58,39.5,39.5,8375
"9073",2020-08-25 17:08:00,39.5,39.51,39.42,39.42,12696
"9074",2020-08-25 17:09:00,39.42,39.42,39.36,39.37,8750
"9075",2020-08-25 17:10:00,39.36,39.38,39.32,39.32,7363
"9076",2020-08-25 17:11:00,39.33,39.46,39.32,39.46,5059
"9077",2020-08-25 17:12:00,39.47,39.53,39.47,39.51,8081
"9078",2020-08-25 17:13:00,39.5,39.54,39.5,39.54,6208
"9079",2020-08-25 17:14:00,39.53,39.56,39.53,39.54,4532
"9080",2020-08-25 17:15:00,39.57,39.7,39.57,39.68,5943
"9081",2020-08-25 17:16:00,39.65,39.69,39.64,39.65,6141
"9082",2020-08-25 17:17:00,39.65,39.72,39.65,39.72,8091
"9083",2020-08-25 17:18:00,39.72,39.75,39.68,39.75,8927
"9084",2020-08-25 17:19:00,39.75,39.76,39.7,39.72,4391
"9085",2020-08-25 17:20:00,39.74,39.83,39.73,39.8,9851
"9086",2020-08-25 17:21:00,39.81,39.88,39.78,39.78,21302
"9087",2020-08-25 17:22:00,39.76,39.76,39.67,39.71,11407
"9088",2020-08-25 17:23:00,39.71,39.79,39.7,39.72,6700
"9089",2020-08-25 17:24:00,39.71,39.75,39.7,39.75,5669
"9090",2020-08-25 17:25:00,39.76,39.8,39.74,39.77,3003
"9091",2020-08-25 17:26:00,39.77,39.83,39.77,39.81,3329
"9092",2020-08-25 17:27:00,39.8,39.82,39.78,39.78,2003
"9093",2020-08-25 17:28:00,39.78,39.78,39.67,39.67,4358
"9094",2020-08-25 17:29:00,39.66,39.7,39.66,39.7,1759
"9095",2020-08-25 17:30:00,39.69,39.7,39.67,39.69,4089
"9096",2020-08-25 17:31:00,39.69,39.7,39.65,39.67,3335
"9097",2020-08-25 17:32:00,39.68,39.68,39.64,39.65,2733
"9098",2020-08-25 17:33:00,39.66,39.74,39.66,39.74,3517
"9099",2020-08-25 17:34:00,39.71,39.71,39.62,39.62,2818
"9100",2020-08-25 17:35:00,39.63,39.69,39.62,39.66,2737
"9101",2020-08-25 17:36:00,39.62,39.65,39.61,39.65,1465
"9102",2020-08-25 17:37:00,39.64,39.64,39.62,39.63,2448
"9103",2020-08-25 17:38:00,39.64,39.64,39.63,39.64,621
"9104",2020-08-25 17:39:00,39.65,39.72,39.65,39.71,1351
"9105",2020-08-25 17:40:00,39.68,39.72,39.68,39.72,1050
"9106",2020-08-25 17:41:00,39.73,39.75,39.7,39.7,988
"9107",2020-08-25 17:42:00,39.69,39.72,39.69,39.72,1138
"9108",2020-08-25 17:43:00,39.73,39.73,39.61,39.61,2984
"9109",2020-08-25 17:44:00,39.62,39.62,39.61,39.62,4426
"9110",2020-08-25 17:45:00,39.61,39.61,39.56,39.56,2339
"9111",2020-08-25 17:46:00,39.55,39.62,39.55,39.62,1240
"9112",2020-08-25 17:47:00,39.66,39.72,39.62,39.65,2935
"9113",2020-08-25 17:48:00,39.67,39.68,39.64,39.64,2245
"9114",2020-08-25 17:49:00,39.65,39.66,39.64,39.64,978
"9115",2020-08-25 17:50:00,39.65,39.67,39.65,39.65,1981
"9116",2020-08-25 17:51:00,39.65,39.65,39.61,39.61,1670
"9117",2020-08-25 17:52:00,39.61,39.63,39.59,39.63,964
"9118",2020-08-25 17:53:00,39.64,39.7,39.64,39.66,4091
"9119",2020-08-25 17:54:00,39.63,39.64,39.6,39.62,2069
"9120",2020-08-25 17:55:00,39.62,39.68,39.62,39.66,1937
"9121",2020-08-25 17:56:00,39.66,39.67,39.65,39.67,1324
"9122",2020-08-25 17:57:00,39.67,39.69,39.67,39.69,802
"9123",2020-08-25 17:58:00,39.67,39.7,39.66,39.7,1041
"9124",2020-08-25 17:59:00,39.71,39.76,39.7,39.76,1331
"9125",2020-08-25 18:00:00,39.76,39.77,39.75,39.76,2532
"9126",2020-08-25 18:01:00,39.76,39.81,39.76,39.79,4436
"9127",2020-08-25 18:02:00,39.79,39.8,39.78,39.8,1304
"9128",2020-08-25 18:03:00,39.8,39.86,39.8,39.85,2936
"9129",2020-08-25 18:04:00,39.83,39.84,39.79,39.79,4186
"9130",2020-08-25 18:05:00,39.8,39.82,39.8,39.82,859
"9131",2020-08-25 18:06:00,39.83,39.84,39.82,39.83,1754
"9132",2020-08-25 18:07:00,39.84,39.89,39.84,39.89,2052
"9133",2020-08-25 18:08:00,39.88,39.88,39.84,39.85,4241
"9134",2020-08-25 18:09:00,39.84,39.86,39.83,39.86,691
"9135",2020-08-25 18:10:00,39.87,39.87,39.83,39.84,4525
"9136",2020-08-25 18:11:00,39.84,39.84,39.81,39.82,1860
"9137",2020-08-25 18:12:00,39.82,39.84,39.81,39.83,984
"9138",2020-08-25 18:13:00,39.83,39.91,39.83,39.9,1815
"9139",2020-08-25 18:14:00,39.91,39.94,39.91,39.94,1764
"9140",2020-08-25 18:15:00,39.94,39.94,39.9,39.91,1979
"9141",2020-08-25 18:16:00,39.91,39.93,39.91,39.92,832
"9142",2020-08-25 18:17:00,39.92,39.97,39.92,39.96,379
"9143",2020-08-25 18:18:00,39.96,39.99,39.96,39.99,992
"9144",2020-08-25 18:19:00,39.99,39.99,39.96,39.96,3500
"9145",2020-08-25 18:20:00,39.95,39.97,39.87,39.95,6575
"9146",2020-08-25 18:21:00,39.95,39.96,39.93,39.93,1677
"9147",2020-08-25 18:22:00,39.93,39.94,39.88,39.88,2448
"9148",2020-08-25 18:23:00,39.89,39.89,39.83,39.83,2195
"9149",2020-08-25 18:24:00,39.84,39.86,39.84,39.85,1224
"9150",2020-08-25 18:25:00,39.86,39.88,39.85,39.86,3371
"9151",2020-08-25 18:26:00,39.88,39.9,39.88,39.89,1274
"9152",2020-08-25 18:27:00,39.87,39.9,39.86,39.88,2945
"9153",2020-08-25 18:28:00,39.88,39.9,39.88,39.88,1102
"9154",2020-08-25 18:29:00,39.89,39.92,39.89,39.91,1350
"9155",2020-08-25 18:30:00,39.92,39.96,39.92,39.95,1573
"9156",2020-08-25 18:31:00,39.95,39.95,39.91,39.92,3334
"9157",2020-08-25 18:32:00,39.91,39.91,39.87,39.88,2074
"9158",2020-08-25 18:33:00,39.86,39.87,39.84,39.86,2871
"9159",2020-08-25 18:34:00,39.88,39.92,39.88,39.92,1234
"9160",2020-08-25 18:35:00,39.91,39.93,39.9,39.93,976
"9161",2020-08-25 18:36:00,39.93,39.93,39.9,39.92,1215
"9162",2020-08-25 18:37:00,39.92,39.92,39.91,39.92,938
"9163",2020-08-25 18:38:00,39.92,39.95,39.92,39.95,1670
"9164",2020-08-25 18:39:00,39.95,39.98,39.95,39.95,2004
"9165",2020-08-25 18:40:00,39.94,39.95,39.92,39.92,893
"9166",2020-08-25 18:41:00,39.93,39.93,39.88,39.9,3866
"9167",2020-08-25 18:42:00,39.92,39.93,39.9,39.9,1592
"9168",2020-08-25 18:43:00,39.88,39.88,39.83,39.83,4928
"9169",2020-08-25 18:44:00,39.86,39.86,39.84,39.84,791
"9170",2020-08-25 18:45:00,39.84,39.84,39.81,39.82,5720
"9171",2020-08-25 18:46:00,39.85,39.86,39.82,39.86,2397
"9172",2020-08-25 18:47:00,39.86,39.88,39.85,39.85,1260
"9173",2020-08-25 18:48:00,39.86,39.86,39.83,39.83,2262
"9174",2020-08-25 18:49:00,39.83,39.85,39.83,39.85,763
"9175",2020-08-25 18:50:00,39.85,39.86,39.85,39.86,623
"9176",2020-08-25 18:51:00,39.87,39.9,39.87,39.9,1758
"9177",2020-08-25 18:52:00,39.91,39.91,39.89,39.9,825
"9178",2020-08-25 18:53:00,39.9,39.92,39.89,39.89,1616
"9179",2020-08-25 18:55:00,39.9,39.93,39.9,39.93,2216
"9180",2020-08-25 18:56:00,39.94,39.96,39.94,39.95,527
"9181",2020-08-25 18:57:00,39.96,39.97,39.96,39.97,869
"9182",2020-08-25 18:58:00,39.97,40,39.96,39.96,2290
"9183",2020-08-25 18:59:00,39.96,39.97,39.95,39.97,578
"9184",2020-08-25 19:00:00,39.96,39.97,39.96,39.97,501
"9185",2020-08-25 19:01:00,39.96,39.97,39.93,39.94,2900
"9186",2020-08-25 19:02:00,39.94,39.94,39.92,39.92,769
"9187",2020-08-25 19:03:00,39.93,39.93,39.91,39.92,3680
"9188",2020-08-25 19:04:00,39.92,39.94,39.92,39.93,5499
"9189",2020-08-25 19:05:00,39.93,39.99,39.92,39.97,14376
"9190",2020-08-25 19:06:00,39.97,39.99,39.96,39.99,8437
"9191",2020-08-25 19:07:00,40,40,39.98,39.98,3651
"9192",2020-08-25 19:08:00,39.97,39.97,39.96,39.97,1444
"9193",2020-08-25 19:09:00,39.98,39.99,39.98,39.98,1433
"9194",2020-08-25 19:10:00,39.98,39.99,39.95,39.99,3020
"9195",2020-08-25 19:11:00,40,40.03,40,40.02,1909
"9196",2020-08-25 19:12:00,40.03,40.09,40.03,40.05,3128
"9197",2020-08-25 19:13:00,40.06,40.06,40.03,40.03,1205
"9198",2020-08-25 19:14:00,40.02,40.02,39.98,39.98,4159
"9199",2020-08-25 19:15:00,39.98,39.98,39.93,39.94,3689
"9200",2020-08-25 19:16:00,39.94,39.98,39.93,39.98,6407
"9201",2020-08-25 19:17:00,39.98,40.02,39.98,40.02,1315
"9202",2020-08-25 19:18:00,40.03,40.03,40.01,40.02,718
"9203",2020-08-25 19:19:00,40.02,40.02,40.01,40.01,202
"9204",2020-08-25 19:20:00,40.01,40.02,40.01,40.02,22
"9205",2020-08-25 19:21:00,40.03,40.04,40.01,40.04,1319
"9206",2020-08-25 19:22:00,40.04,40.06,40.04,40.06,1082
"9207",2020-08-25 19:23:00,40.07,40.09,40.06,40.06,2243
"9208",2020-08-25 19:24:00,40.07,40.07,40.06,40.06,521
"9209",2020-08-25 19:25:00,40.06,40.07,40.05,40.07,1391
"9210",2020-08-25 19:26:00,40.08,40.09,40.06,40.08,2306
"9211",2020-08-25 19:27:00,40.08,40.08,40.07,40.07,731
"9212",2020-08-25 19:28:00,40.08,40.11,40.08,40.09,1690
"9213",2020-08-25 19:29:00,40.1,40.11,40.1,40.1,812
"9214",2020-08-25 19:30:00,40.11,40.12,40.1,40.1,1482
"9215",2020-08-25 19:31:00,40.11,40.13,40.1,40.12,2141
"9216",2020-08-25 19:32:00,40.12,40.16,40.12,40.16,2829
"9217",2020-08-25 19:33:00,40.16,40.17,40.13,40.13,3046
"9218",2020-08-25 19:34:00,40.13,40.18,40.13,40.18,2155
"9219",2020-08-25 19:35:00,40.18,40.19,40.18,40.19,3326
"9220",2020-08-25 19:36:00,40.19,40.2,40.16,40.18,6345
"9221",2020-08-25 19:37:00,40.17,40.17,40.16,40.16,2636
"9222",2020-08-25 19:38:00,40.15,40.16,40.12,40.16,3346
"9223",2020-08-25 19:39:00,40.16,40.16,40.15,40.15,6332
"9224",2020-08-25 19:40:00,40.15,40.18,40.15,40.16,3907
"9225",2020-08-25 19:41:00,40.16,40.18,40.15,40.15,1939
"9226",2020-08-25 19:42:00,40.16,40.18,40.16,40.18,538
"9227",2020-08-25 19:43:00,40.17,40.17,40.16,40.16,517
"9228",2020-08-25 19:44:00,40.16,40.16,40.15,40.15,1507
"9229",2020-08-25 19:45:00,40.15,40.19,40.15,40.19,516
"9230",2020-08-25 19:46:00,40.18,40.2,40.18,40.2,738
"9231",2020-08-25 19:47:00,40.21,40.23,40.2,40.23,5148
"9232",2020-08-25 19:48:00,40.24,40.27,40.24,40.27,12675
"9233",2020-08-25 19:49:00,40.26,40.29,40.26,40.29,11307
"9234",2020-08-25 19:50:00,40.28,40.29,40.17,40.22,9782
"9235",2020-08-25 19:51:00,40.21,40.26,40.21,40.24,6789
"9236",2020-08-25 19:52:00,40.24,40.26,40.24,40.26,8555
"9237",2020-08-25 19:53:00,40.26,40.26,40.2,40.21,7432
"9238",2020-08-25 19:54:00,40.2,40.2,40.18,40.18,6739
"9239",2020-08-25 19:55:00,40.18,40.18,40.11,40.13,14831
"9240",2020-08-25 19:56:00,40.12,40.17,40.12,40.17,7726
"9241",2020-08-25 19:57:00,40.17,40.21,40.17,40.21,556
"9242",2020-08-25 19:58:00,40.21,40.21,40.18,40.19,475
"9243",2020-08-25 19:59:00,40.18,40.2,40.17,40.19,876
"9244",2020-08-25 20:00:00,40.18,40.2,40.18,40.18,1759
"9245",2020-08-25 20:01:00,40.18,40.2,40.16,40.19,790
"9246",2020-08-25 20:02:00,40.2,40.23,40.2,40.23,1685
"9247",2020-08-25 20:03:00,40.22,40.25,40.22,40.25,1154
"9248",2020-08-25 20:04:00,40.25,40.25,40.24,40.24,1524
"9249",2020-08-25 20:05:00,40.24,40.24,40.23,40.23,701
"9250",2020-08-25 20:06:00,40.23,40.26,40.22,40.22,4843
"9251",2020-08-25 20:07:00,40.21,40.21,40.2,40.2,2935
"9252",2020-08-25 20:08:00,40.21,40.23,40.21,40.21,3282
"9253",2020-08-25 20:09:00,40.22,40.22,40.22,40.22,700
"9254",2020-08-25 20:10:00,40.23,40.27,40.23,40.27,1927
"9255",2020-08-25 20:11:00,40.26,40.26,40.26,40.26,270
"9256",2020-08-25 20:12:00,40.25,40.28,40.25,40.28,1806
"9257",2020-08-25 20:13:00,40.29,40.32,40.29,40.3,4167
"9258",2020-08-25 20:14:00,40.31,40.31,40.3,40.31,1577
"9259",2020-08-25 20:15:00,40.3,40.3,40.28,40.28,1527
"9260",2020-08-25 20:16:00,40.3,40.35,40.3,40.34,22062
"9261",2020-08-25 20:17:00,40.34,40.34,40.32,40.33,1956
"9262",2020-08-25 20:18:00,40.34,40.35,40.33,40.33,1726
"9263",2020-08-25 20:19:00,40.34,40.36,40.34,40.34,2960
"9264",2020-08-25 20:20:00,40.34,40.4,40.34,40.4,13542
"9265",2020-08-25 20:21:00,40.39,40.39,40.32,40.32,2056
"9266",2020-08-25 20:22:00,40.3,40.3,40.28,40.28,1723
"9267",2020-08-25 20:23:00,40.28,40.28,40.28,40.28,1247
"9268",2020-08-25 20:24:00,40.28,40.28,40.28,40.28,1320
"9269",2020-08-25 20:25:00,40.28,40.3,40.27,40.28,2143
"9270",2020-08-25 20:26:00,40.28,40.28,40.24,40.24,3362
"9271",2020-08-25 20:27:00,40.24,40.27,40.24,40.27,1093
"9272",2020-08-25 20:28:00,40.28,40.32,40.28,40.32,1703
"9273",2020-08-25 20:29:00,40.31,40.34,40.3,40.32,4998
"9274",2020-08-25 20:30:00,40.32,40.32,40.32,40.32,581
"9275",2020-08-25 20:31:00,40.33,40.34,40.33,40.34,3835
"9276",2020-08-25 20:32:00,40.34,40.34,40.32,40.32,2703
"9277",2020-08-25 20:33:00,40.31,40.31,40.31,40.31,1011
"9278",2020-08-25 20:34:00,40.32,40.32,40.32,40.32,1956
"9279",2020-08-25 20:35:00,40.32,40.34,40.32,40.34,1006
"9280",2020-08-25 20:36:00,40.34,40.38,40.34,40.38,2350
"9281",2020-08-25 20:37:00,40.38,40.4,40.38,40.4,1464
"9282",2020-08-25 20:38:00,40.4,40.4,40.38,40.39,3858
"9283",2020-08-25 20:39:00,40.38,40.38,40.38,40.38,459
"9284",2020-08-25 20:40:00,40.39,40.4,40.39,40.39,2783
"9285",2020-08-25 20:41:00,40.4,40.41,40.4,40.41,108
"9286",2020-08-25 20:42:00,40.41,40.41,40.39,40.39,3102
"9287",2020-08-25 20:43:00,40.39,40.4,40.36,40.36,5329
"9288",2020-08-25 20:44:00,40.38,40.38,40.36,40.36,2065
"9289",2020-08-25 20:45:00,40.36,40.36,40.32,40.33,5155
"9290",2020-08-25 20:46:00,40.34,40.37,40.32,40.36,5138
"9291",2020-08-25 20:47:00,40.37,40.39,40.37,40.39,343
"9292",2020-08-25 20:48:00,40.4,40.41,40.4,40.4,660
"9293",2020-08-25 20:49:00,40.39,40.39,40.36,40.37,5035
"9294",2020-08-25 20:50:00,40.37,40.38,40.37,40.38,290
"9295",2020-08-25 20:51:00,40.37,40.4,40.36,40.37,4057
"9296",2020-08-25 20:52:00,40.36,40.36,40.35,40.35,1141
"9297",2020-08-25 20:53:00,40.36,40.36,40.33,40.33,2545
"9298",2020-08-25 20:54:00,40.33,40.33,40.31,40.31,1674
"9299",2020-08-25 20:55:00,40.32,40.34,40.32,40.33,1403
"9300",2020-08-25 20:56:00,40.34,40.34,40.33,40.33,81
"9301",2020-08-25 20:57:00,40.34,40.34,40.32,40.32,2491
"9302",2020-08-25 20:58:00,40.32,40.35,40.31,40.35,649
"9303",2020-08-25 20:59:00,40.35,40.35,40.34,40.34,121
"9304",2020-08-25 21:00:00,40.35,40.36,40.34,40.34,1314
"9305",2020-08-25 21:01:00,40.35,40.35,40.34,40.34,443
"9306",2020-08-25 21:02:00,40.34,40.34,40.31,40.31,4071
"9307",2020-08-25 21:03:00,40.31,40.32,40.31,40.32,980
"9308",2020-08-25 21:04:00,40.32,40.36,40.32,40.36,3674
"9309",2020-08-25 21:05:00,40.36,40.36,40.35,40.35,655
"9310",2020-08-25 21:06:00,40.34,40.34,40.34,40.34,528
"9311",2020-08-25 21:07:00,40.34,40.34,40.34,40.34,800
"9312",2020-08-25 21:08:00,40.34,40.35,40.34,40.35,605
"9313",2020-08-25 21:09:00,40.36,40.37,40.36,40.37,1366
"9314",2020-08-25 21:10:00,40.37,40.38,40.37,40.38,1401
"9315",2020-08-25 21:11:00,40.37,40.39,40.36,40.39,2281
"9316",2020-08-25 21:12:00,40.4,40.4,40.4,40.4,1510
"9317",2020-08-25 21:13:00,40.4,40.4,40.39,40.4,2501
"9318",2020-08-25 21:14:00,40.4,40.4,40.39,40.39,101
"9319",2020-08-25 21:15:00,40.4,40.4,40.39,40.4,1580
"9320",2020-08-25 21:16:00,40.4,40.4,40.31,40.36,4864
"9321",2020-08-25 21:17:00,40.35,40.35,40.31,40.33,5310
"9322",2020-08-25 21:18:00,40.34,40.38,40.34,40.38,1465
"9323",2020-08-25 21:19:00,40.37,40.4,40.37,40.4,1196
"9324",2020-08-25 21:20:00,40.41,40.42,40.4,40.4,2324
"9325",2020-08-25 21:21:00,40.4,40.4,40.38,40.38,625
"9326",2020-08-25 21:22:00,40.39,40.41,40.39,40.4,3290
"9327",2020-08-25 21:23:00,40.4,40.4,40.4,40.4,1600
"9328",2020-08-25 21:24:00,40.4,40.41,40.4,40.41,3976
"9329",2020-08-25 21:25:00,40.4,40.41,40.4,40.41,2278
"9330",2020-08-25 21:26:00,40.41,40.44,40.41,40.44,2663
"9331",2020-08-25 21:27:00,40.45,40.45,40.45,40.45,102
"9332",2020-08-25 21:28:00,40.45,40.48,40.45,40.48,3655
"9333",2020-08-25 21:29:00,40.48,40.48,40.45,40.48,3268
"9334",2020-08-25 21:30:00,40.49,40.5,40.48,40.5,1492
"9335",2020-08-25 21:31:00,40.5,40.5,40.48,40.48,1926
"9336",2020-08-25 21:32:00,40.49,40.49,40.49,40.49,579
"9337",2020-08-25 21:33:00,40.48,40.52,40.48,40.52,4996
"9338",2020-08-25 21:34:00,40.51,40.52,40.51,40.51,834
"9339",2020-08-25 21:35:00,40.52,40.52,40.5,40.52,1175
"9340",2020-08-25 21:36:00,40.52,40.53,40.5,40.5,4419
"9341",2020-08-25 21:37:00,40.49,40.5,40.49,40.5,2209
"9342",2020-08-25 21:38:00,40.49,40.49,40.49,40.49,1200
"9343",2020-08-25 21:39:00,40.49,40.49,40.48,40.49,2122
"9344",2020-08-25 21:40:00,40.48,40.5,40.48,40.5,2311
"9345",2020-08-25 21:41:00,40.5,40.5,40.49,40.49,1815
"9346",2020-08-25 21:42:00,40.5,40.51,40.5,40.51,1566
"9347",2020-08-25 21:43:00,40.52,40.55,40.52,40.55,4953
"9348",2020-08-25 21:44:00,40.55,40.56,40.54,40.54,2145
"9349",2020-08-25 21:45:00,40.54,40.54,40.52,40.52,3856
"9350",2020-08-25 21:46:00,40.52,40.52,40.52,40.52,100
"9351",2020-08-25 21:47:00,40.52,40.53,40.52,40.53,254
"9352",2020-08-25 21:48:00,40.54,40.54,40.54,40.54,1239
"9353",2020-08-25 21:49:00,40.54,40.54,40.53,40.53,2112
"9354",2020-08-25 21:50:00,40.54,40.55,40.54,40.55,2760
"9355",2020-08-25 21:51:00,40.55,40.57,40.55,40.55,1714
"9356",2020-08-25 21:52:00,40.56,40.56,40.54,40.54,1061
"9357",2020-08-25 21:53:00,40.54,40.54,40.49,40.52,3290
"9358",2020-08-25 21:54:00,40.52,40.52,40.5,40.51,2930
"9359",2020-08-25 21:55:00,40.52,40.53,40.52,40.53,705
"9360",2020-08-25 21:56:00,40.53,40.53,40.52,40.52,300
"9361",2020-08-25 21:57:00,40.53,40.53,40.51,40.52,2398
"9362",2020-08-25 21:58:00,40.51,40.53,40.5,40.53,2687
"9363",2020-08-25 21:59:00,40.52,40.55,40.52,40.55,5147
"9364",2020-08-25 22:00:00,40.54,40.54,40.54,40.54,405
"9365",2020-08-25 22:01:00,40.54,40.54,40.49,40.52,14091
"9366",2020-08-25 22:02:00,40.51,40.51,40.49,40.5,2100
"9367",2020-08-25 22:03:00,40.51,40.52,40.51,40.52,1914
"9368",2020-08-25 22:04:00,40.52,40.52,40.52,40.52,100
"9369",2020-08-25 22:05:00,40.52,40.54,40.52,40.52,3010
"9370",2020-08-25 22:06:00,40.51,40.51,40.5,40.5,1350
"9371",2020-08-25 22:07:00,40.51,40.52,40.51,40.52,400
"9372",2020-08-25 22:08:00,40.52,40.56,40.52,40.56,1719
"9373",2020-08-25 22:09:00,40.56,40.57,40.54,40.56,2399
"9374",2020-08-25 22:10:00,40.56,40.57,40.56,40.57,1032
"9375",2020-08-25 22:11:00,40.58,40.58,40.57,40.58,1990
"9376",2020-08-25 22:12:00,40.59,40.59,40.56,40.56,1803
"9377",2020-08-25 22:13:00,40.56,40.56,40.56,40.56,215
"9378",2020-08-25 22:14:00,40.55,40.55,40.55,40.55,200
"9379",2020-08-25 22:15:00,40.55,40.55,40.54,40.55,1251
"9380",2020-08-25 22:16:00,40.55,40.56,40.54,40.56,701
"9381",2020-08-25 22:17:00,40.56,40.59,40.56,40.59,2114
"9382",2020-08-25 22:18:00,40.59,40.59,40.58,40.58,701
"9383",2020-08-25 22:19:00,40.58,40.58,40.57,40.57,1033
"9384",2020-08-25 22:20:00,40.58,40.6,40.58,40.59,1179
"9385",2020-08-25 22:21:00,40.58,40.58,40.56,40.57,2651
"9386",2020-08-25 22:22:00,40.56,40.56,40.56,40.56,500
"9387",2020-08-25 22:23:00,40.57,40.57,40.57,40.57,400
"9388",2020-08-25 22:24:00,40.57,40.58,40.57,40.57,1045
"9389",2020-08-25 22:25:00,40.58,40.61,40.58,40.61,6123
"9390",2020-08-25 22:26:00,40.61,40.62,40.6,40.62,3706
"9391",2020-08-25 22:27:00,40.63,40.64,40.63,40.64,2641
"9392",2020-08-25 22:28:00,40.63,40.64,40.62,40.64,3425
"9393",2020-08-25 22:29:00,40.63,40.64,40.63,40.64,300
"9394",2020-08-25 22:30:00,40.64,40.65,40.64,40.65,775
"9395",2020-08-25 22:31:00,40.65,40.69,40.64,40.67,31203
"9396",2020-08-25 22:32:00,40.67,40.67,40.67,40.67,100
"9397",2020-08-25 22:33:00,40.66,40.67,40.65,40.66,5366
"9398",2020-08-25 22:34:00,40.66,40.66,40.62,40.62,2313
"9399",2020-08-25 22:35:00,40.62,40.62,40.58,40.58,3662
"9400",2020-08-25 22:36:00,40.58,40.6,40.58,40.59,2446
"9401",2020-08-25 22:37:00,40.6,40.6,40.58,40.58,1415
"9402",2020-08-25 22:38:00,40.58,40.58,40.56,40.56,4441
"9403",2020-08-25 22:39:00,40.55,40.55,40.51,40.51,4240
"9404",2020-08-25 22:40:00,40.5,40.5,40.46,40.5,9651
"9405",2020-08-25 22:41:00,40.51,40.52,40.5,40.51,5712
"9406",2020-08-25 22:42:00,40.5,40.5,40.5,40.5,2760
"9407",2020-08-25 22:43:00,40.49,40.49,40.46,40.46,5936
"9408",2020-08-25 22:44:00,40.45,40.46,40.42,40.44,8835
"9409",2020-08-25 22:45:00,40.45,40.46,40.43,40.44,5027
"9410",2020-08-25 22:46:00,40.44,40.49,40.44,40.48,6074
"9411",2020-08-25 22:47:00,40.47,40.52,40.47,40.52,3789
"9412",2020-08-25 22:48:00,40.52,40.52,40.51,40.52,7102
"9413",2020-08-25 22:49:00,40.52,40.52,40.5,40.5,4082
"9414",2020-08-25 22:50:00,40.5,40.5,40.48,40.48,1595
"9415",2020-08-25 22:51:00,40.48,40.52,40.46,40.5,15971
"9416",2020-08-25 22:52:00,40.5,40.52,40.5,40.52,13797
"9417",2020-08-25 22:53:00,40.52,40.56,40.51,40.54,15731
"9418",2020-08-25 22:54:00,40.54,40.56,40.54,40.54,21064
"9419",2020-08-25 22:55:00,40.53,40.54,40.5,40.54,16772
"9420",2020-08-25 22:56:00,40.54,40.54,40.5,40.51,14233
"9421",2020-08-25 22:57:00,40.51,40.51,40.48,40.5,11078
"9422",2020-08-25 22:58:00,40.51,40.54,40.51,40.52,10562
"9423",2020-08-25 22:59:00,40.53,40.54,40.51,40.52,6900
"9424",2020-08-25 23:00:00,40.52,40.56,40.5,40.56,18122
"9425",2020-08-25 23:02:00,40.37,40.37,40.37,40.37,30
"9426",2020-08-25 23:05:00,40.55,40.63,40.55,40.63,4975
"9427",2020-08-25 23:06:00,40.45,40.45,40.45,40.45,3
"9428",2020-08-25 23:07:00,40.35,40.4,40.35,40.4,26
"9429",2020-08-25 23:15:00,40.4,40.4,40.4,40.4,2
"9430",2020-08-25 23:16:00,40.5,40.5,40.5,40.5,3
"9431",2020-08-25 23:18:00,40.5,40.5,40.5,40.5,25
"9432",2020-08-25 23:23:00,40.43,40.43,40.43,40.43,1
"9433",2020-08-25 23:24:00,40.41,40.52,40.41,40.52,13
"9434",2020-08-25 23:26:00,40.52,40.52,40.52,40.52,25
"9435",2020-08-25 23:27:00,40.52,40.52,40.52,40.52,2
"9436",2020-08-25 23:30:00,40.52,40.52,40.52,40.52,1
"9437",2020-08-25 23:31:00,40.52,40.52,40.52,40.52,3
"9438",2020-08-25 23:33:00,40.52,40.52,40.52,40.52,1
"9439",2020-08-25 23:34:00,40.52,40.52,40.52,40.52,1
"9440",2020-08-25 23:35:00,40.52,40.52,40.52,40.52,1
"9441",2020-08-25 23:36:00,40.42,40.42,40.42,40.42,5
"9442",2020-08-25 23:38:00,40.43,40.43,40.43,40.43,1
"9443",2020-08-25 23:43:00,40.52,40.54,40.52,40.54,40
"9444",2020-08-25 23:47:00,40.43,40.43,40.43,40.43,12
"9445",2020-08-25 23:59:00,40.55,40.55,40.55,40.55,80
"9446",2020-08-26 00:01:00,40.55,40.55,40.55,40.55,2
"9447",2020-08-26 00:02:00,40.55,40.55,40.55,40.55,50
"9448",2020-08-26 00:04:00,40.55,40.55,40.55,40.55,1
"9449",2020-08-26 00:06:00,40.54,40.54,40.54,40.54,2
"9450",2020-08-26 00:17:00,40.55,40.55,40.55,40.55,50
"9451",2020-08-26 00:32:00,40.55,40.55,40.55,40.55,89
"9452",2020-08-26 00:34:00,40.55,40.55,40.55,40.55,2
"9453",2020-08-26 00:36:00,40.55,40.55,40.55,40.55,100
"9454",2020-08-26 00:37:00,40.55,40.55,40.55,40.55,1
"9455",2020-08-26 00:39:00,40.44,40.44,40.44,40.44,1
"9456",2020-08-26 00:40:00,40.55,40.55,40.55,40.55,2
"9457",2020-08-26 00:43:00,40.43,40.43,40.43,40.43,7
"9458",2020-08-26 00:47:00,40.54,40.54,40.54,40.54,2
"9459",2020-08-26 00:49:00,40.41,40.41,40.41,40.41,5
"9460",2020-08-26 00:59:00,40.5,40.5,40.5,40.5,20
"9461",2020-08-26 01:00:00,40.54,40.54,40.54,40.54,1
"9462",2020-08-26 01:22:00,40.44,40.44,40.41,40.41,298
"9463",2020-08-26 01:38:00,40.43,40.43,40.4,40.4,272
"9464",2020-08-26 10:01:00,40.51,40.51,40.51,40.51,1
"9465",2020-08-26 10:02:00,40.51,40.51,40.51,40.51,5
"9466",2020-08-26 10:03:00,40.49,40.5,40.49,40.5,60
"9467",2020-08-26 10:04:00,40.51,40.52,40.51,40.51,25
"9468",2020-08-26 10:05:00,40.5,40.5,40.35,40.35,57
"9469",2020-08-26 10:06:00,40.35,40.35,40.34,40.34,4
"9470",2020-08-26 10:07:00,40.3,40.36,40.3,40.3,6
"9471",2020-08-26 10:08:00,40.36,40.36,40.36,40.36,10
"9472",2020-08-26 10:13:00,40.4,40.4,40.36,40.36,9
"9473",2020-08-26 10:14:00,40.38,40.38,40.38,40.38,35
"9474",2020-08-26 10:16:00,40.38,40.38,40.38,40.38,10
"9475",2020-08-26 10:17:00,40.38,40.38,40.38,40.38,11
"9476",2020-08-26 10:18:00,40.38,40.38,40.38,40.38,10
"9477",2020-08-26 10:19:00,40.38,40.38,40.38,40.38,1
"9478",2020-08-26 10:23:00,40.38,40.38,40.38,40.38,3
"9479",2020-08-26 10:24:00,40.36,40.36,40.36,40.36,1
"9480",2020-08-26 10:25:00,40.38,40.38,40.38,40.38,2
"9481",2020-08-26 10:26:00,40.36,40.36,40.36,40.36,53
"9482",2020-08-26 10:31:00,40.36,40.36,40.36,40.36,5
"9483",2020-08-26 10:32:00,40.36,40.36,40.36,40.36,33
"9484",2020-08-26 10:33:00,40.38,40.38,40.38,40.38,3
"9485",2020-08-26 10:34:00,40.38,40.38,40.38,40.38,1
"9486",2020-08-26 10:35:00,40.38,40.38,40.38,40.38,5
"9487",2020-08-26 10:36:00,40.38,40.38,40.35,40.35,15
"9488",2020-08-26 10:38:00,40.38,40.38,40.38,40.38,3
"9489",2020-08-26 10:39:00,40.38,40.38,40.38,40.38,1
"9490",2020-08-26 10:42:00,40.38,40.38,40.38,40.38,1
"9491",2020-08-26 10:45:00,40.38,40.38,40.38,40.38,23
"9492",2020-08-26 10:48:00,40.45,40.45,40.45,40.45,50
"9493",2020-08-26 10:49:00,40.45,40.45,40.45,40.45,54
"9494",2020-08-26 10:51:00,40.42,40.43,40.42,40.42,21
"9495",2020-08-26 10:53:00,40.41,40.41,40.41,40.41,2
"9496",2020-08-26 10:54:00,40.41,40.41,40.4,40.4,25
"9497",2020-08-26 10:55:00,40.4,40.4,40.4,40.4,15
"9498",2020-08-26 10:58:00,40.42,40.42,40.42,40.42,10
"9499",2020-08-26 11:00:00,40.56,40.56,40.56,40.56,1504
"9500",2020-08-26 11:02:00,40.5,40.6,40.5,40.6,11
"9501",2020-08-26 11:03:00,40.6,40.6,40.6,40.6,5
"9502",2020-08-26 11:04:00,40.6,40.6,40.6,40.6,8
"9503",2020-08-26 11:05:00,40.6,40.6,40.6,40.6,18
"9504",2020-08-26 11:06:00,40.6,40.6,40.6,40.6,1
"9505",2020-08-26 11:07:00,40.6,40.6,40.6,40.6,7
"9506",2020-08-26 11:08:00,40.65,40.65,40.65,40.65,5
"9507",2020-08-26 11:09:00,40.65,40.65,40.65,40.65,10
"9508",2020-08-26 11:10:00,40.65,40.65,40.65,40.65,4
"9509",2020-08-26 11:11:00,40.65,40.65,40.61,40.61,6
"9510",2020-08-26 11:12:00,40.65,40.65,40.65,40.65,1
"9511",2020-08-26 11:14:00,40.69,40.69,40.69,40.69,2
"9512",2020-08-26 11:15:00,40.69,40.69,40.69,40.69,140
"9513",2020-08-26 11:18:00,40.66,40.66,40.65,40.65,137
"9514",2020-08-26 11:19:00,40.6,40.6,40.6,40.6,5
"9515",2020-08-26 11:23:00,40.66,40.68,40.66,40.68,2
"9516",2020-08-26 11:24:00,40.68,40.68,40.68,40.68,1
"9517",2020-08-26 11:25:00,40.68,40.68,40.66,40.66,24
"9518",2020-08-26 11:26:00,40.6,40.6,40.6,40.6,2
"9519",2020-08-26 11:28:00,40.68,40.68,40.6,40.6,2
"9520",2020-08-26 11:29:00,40.6,40.68,40.6,40.68,7
"9521",2020-08-26 11:31:00,40.68,40.68,40.68,40.68,1
"9522",2020-08-26 11:35:00,40.68,40.68,40.68,40.68,13
"9523",2020-08-26 11:36:00,40.68,40.68,40.68,40.68,1
"9524",2020-08-26 11:37:00,40.74,40.74,40.7,40.72,47
"9525",2020-08-26 11:38:00,40.72,40.72,40.72,40.72,87
"9526",2020-08-26 11:39:00,40.73,40.73,40.73,40.73,1
"9527",2020-08-26 11:41:00,40.62,40.74,40.62,40.74,15
"9528",2020-08-26 11:43:00,40.73,40.73,40.72,40.72,4
"9529",2020-08-26 11:44:00,40.72,40.72,40.72,40.72,1
"9530",2020-08-26 11:47:00,40.71,40.71,40.71,40.71,5
"9531",2020-08-26 11:48:00,40.63,40.63,40.63,40.63,25
"9532",2020-08-26 11:50:00,40.63,40.63,40.63,40.63,24
"9533",2020-08-26 11:51:00,40.66,40.66,40.66,40.66,1
"9534",2020-08-26 11:52:00,40.66,40.66,40.66,40.66,9
"9535",2020-08-26 11:53:00,40.66,40.66,40.64,40.64,13
"9536",2020-08-26 11:54:00,40.66,40.66,40.66,40.66,2
"9537",2020-08-26 11:57:00,40.64,40.64,40.64,40.64,111
"9538",2020-08-26 12:02:00,40.76,40.76,40.76,40.76,25
"9539",2020-08-26 12:03:00,40.75,40.75,40.75,40.75,3
"9540",2020-08-26 12:04:00,40.75,40.75,40.75,40.75,1
"9541",2020-08-26 12:07:00,40.81,40.81,40.81,40.81,1
"9542",2020-08-26 12:08:00,40.74,40.74,40.74,40.74,3
"9543",2020-08-26 12:09:00,40.81,40.81,40.75,40.75,6
"9544",2020-08-26 12:10:00,40.74,40.75,40.74,40.75,9
"9545",2020-08-26 12:12:00,40.61,40.61,40.6,40.6,6
"9546",2020-08-26 12:13:00,40.73,40.73,40.73,40.73,1
"9547",2020-08-26 12:14:00,40.61,40.61,40.61,40.61,1
"9548",2020-08-26 12:19:00,40.62,40.62,40.62,40.62,1
"9549",2020-08-26 12:20:00,40.73,40.73,40.73,40.73,2
"9550",2020-08-26 12:22:00,40.74,40.74,40.62,40.74,32
"9551",2020-08-26 12:27:00,40.64,40.64,40.64,40.64,1
"9552",2020-08-26 12:29:00,40.75,40.75,40.75,40.75,1
"9553",2020-08-26 12:34:00,40.65,40.65,40.65,40.65,10
"9554",2020-08-26 12:35:00,40.68,40.68,40.68,40.68,1
"9555",2020-08-26 12:38:00,40.75,40.75,40.75,40.75,5
"9556",2020-08-26 12:39:00,40.68,40.75,40.68,40.75,3
"9557",2020-08-26 12:40:00,40.75,40.75,40.75,40.75,3
"9558",2020-08-26 12:41:00,40.7,40.75,40.7,40.75,6
"9559",2020-08-26 12:45:00,40.75,40.75,40.75,40.75,1
"9560",2020-08-26 12:46:00,40.8,40.8,40.8,40.8,2
"9561",2020-08-26 12:47:00,40.78,40.78,40.78,40.78,50
"9562",2020-08-26 12:54:00,40.75,40.75,40.75,40.75,6
"9563",2020-08-26 12:56:00,40.8,40.8,40.8,40.8,50
"9564",2020-08-26 12:58:00,40.8,40.8,40.8,40.8,16
"9565",2020-08-26 12:59:00,40.8,40.8,40.8,40.8,142
"9566",2020-08-26 13:01:00,40.77,40.77,40.77,40.77,20
"9567",2020-08-26 13:02:00,40.78,40.78,40.78,40.78,7
"9568",2020-08-26 13:03:00,40.77,40.77,40.77,40.77,10
"9569",2020-08-26 13:09:00,40.77,40.77,40.77,40.77,1
"9570",2020-08-26 13:11:00,40.77,40.77,40.77,40.77,7
"9571",2020-08-26 13:14:00,40.78,40.78,40.78,40.78,5
"9572",2020-08-26 13:18:00,40.74,40.74,40.74,40.74,1
"9573",2020-08-26 13:19:00,40.8,40.81,40.74,40.81,3
"9574",2020-08-26 13:21:00,40.74,40.81,40.74,40.81,3
"9575",2020-08-26 13:23:00,40.81,40.81,40.81,40.81,1
"9576",2020-08-26 13:24:00,40.81,40.81,40.81,40.81,32
"9577",2020-08-26 13:26:00,40.81,40.81,40.81,40.81,7
"9578",2020-08-26 13:27:00,40.83,40.83,40.83,40.83,24
"9579",2020-08-26 13:28:00,40.83,40.83,40.81,40.82,27
"9580",2020-08-26 13:29:00,40.81,40.83,40.81,40.83,11
"9581",2020-08-26 13:30:00,40.81,40.81,40.81,40.81,1
"9582",2020-08-26 13:31:00,40.81,40.81,40.81,40.81,17
"9583",2020-08-26 13:33:00,40.82,40.82,40.82,40.82,4
"9584",2020-08-26 13:34:00,40.81,40.81,40.81,40.81,5
"9585",2020-08-26 13:35:00,40.81,40.81,40.81,40.81,25
"9586",2020-08-26 13:37:00,40.81,40.81,40.81,40.81,1
"9587",2020-08-26 13:38:00,40.81,40.81,40.81,40.81,133
"9588",2020-08-26 13:40:00,40.81,40.81,40.81,40.81,1
"9589",2020-08-26 13:42:00,40.81,40.81,40.81,40.81,4
"9590",2020-08-26 13:44:00,40.81,40.81,40.81,40.81,6
"9591",2020-08-26 13:45:00,40.81,40.81,40.81,40.81,49
"9592",2020-08-26 13:46:00,40.8,40.8,40.8,40.8,226
"9593",2020-08-26 13:49:00,40.8,40.8,40.74,40.74,30
"9594",2020-08-26 13:50:00,40.8,40.8,40.8,40.8,3
"9595",2020-08-26 13:54:00,40.8,40.8,40.68,40.68,57
"9596",2020-08-26 13:58:00,40.66,40.66,40.65,40.65,10
"9597",2020-08-26 13:59:00,40.62,40.62,40.6,40.6,111
"9598",2020-08-26 14:01:00,40.66,40.66,40.66,40.66,1
"9599",2020-08-26 14:03:00,40.6,40.7,40.6,40.7,542
"9600",2020-08-26 14:04:00,40.6,40.65,40.6,40.65,632
"9601",2020-08-26 14:12:00,40.75,40.75,40.6,40.6,14
"9602",2020-08-26 14:19:00,40.75,40.8,40.75,40.8,3
"9603",2020-08-26 14:21:00,40.77,40.77,40.77,40.77,30
"9604",2020-08-26 14:22:00,40.77,40.77,40.77,40.77,7
"9605",2020-08-26 14:26:00,40.72,40.72,40.72,40.72,3
"9606",2020-08-26 14:27:00,40.79,40.79,40.79,40.79,1
"9607",2020-08-26 14:29:00,40.72,40.72,40.71,40.71,17
"9608",2020-08-26 14:30:00,40.65,40.65,40.65,40.65,1
"9609",2020-08-26 14:35:00,40.65,40.65,40.65,40.65,20
"9610",2020-08-26 14:36:00,40.65,40.67,40.65,40.67,21
"9611",2020-08-26 14:38:00,40.64,40.65,40.64,40.65,12
"9612",2020-08-26 14:40:00,40.65,40.65,40.65,40.65,1
"9613",2020-08-26 14:41:00,40.65,40.65,40.65,40.65,6
"9614",2020-08-26 14:45:00,40.64,40.64,40.64,40.64,1
"9615",2020-08-26 14:46:00,40.65,40.65,40.65,40.65,245
"9616",2020-08-26 14:48:00,40.65,40.65,40.65,40.65,2
"9617",2020-08-26 14:50:00,40.64,40.64,40.64,40.64,5
"9618",2020-08-26 14:54:00,40.64,40.65,40.64,40.65,17
"9619",2020-08-26 14:55:00,40.65,40.65,40.65,40.65,200
"9620",2020-08-26 14:56:00,40.63,40.63,40.63,40.63,2
"9621",2020-08-26 14:57:00,40.6,40.6,40.6,40.6,2
"9622",2020-08-26 14:59:00,40.65,40.69,40.65,40.65,856
"9623",2020-08-26 15:02:00,40.63,40.63,40.6,40.6,100
"9624",2020-08-26 15:03:00,40.54,40.54,40.54,40.54,1
"9625",2020-08-26 15:06:00,40.65,40.65,40.65,40.65,13
"9626",2020-08-26 15:07:00,40.56,40.6,40.52,40.52,1444
"9627",2020-08-26 15:08:00,40.5,40.5,40.5,40.5,217
"9628",2020-08-26 15:09:00,40.5,40.5,40.4,40.4,67
"9629",2020-08-26 15:14:00,40.39,40.39,40.38,40.38,78
"9630",2020-08-26 15:16:00,40.38,40.38,40.38,40.38,1
"9631",2020-08-26 15:24:00,40.38,40.38,40.38,40.38,20
"9632",2020-08-26 15:25:00,40.38,40.48,40.38,40.48,4
"9633",2020-08-26 15:26:00,40.53,40.55,40.53,40.53,94
"9634",2020-08-26 15:27:00,40.57,40.57,40.57,40.57,1
"9635",2020-08-26 15:29:00,40.56,40.56,40.56,40.56,3
"9636",2020-08-26 15:30:00,40.46,40.46,40.46,40.46,5
"9637",2020-08-26 15:31:00,40.56,40.56,40.56,40.56,2
"9638",2020-08-26 15:32:00,40.56,40.56,40.56,40.56,1
"9639",2020-08-26 15:40:00,40.55,40.55,40.46,40.46,637
"9640",2020-08-26 15:41:00,40.46,40.46,40.46,40.46,6
"9641",2020-08-26 15:42:00,40.51,40.51,40.51,40.51,10
"9642",2020-08-26 15:43:00,40.5,40.5,40.5,40.5,15
"9643",2020-08-26 15:44:00,40.49,40.49,40.49,40.49,5
"9644",2020-08-26 15:46:00,40.46,40.46,40.46,40.46,2
"9645",2020-08-26 15:47:00,40.44,40.44,40.44,40.44,1
"9646",2020-08-26 15:50:00,40.46,40.46,40.46,40.46,110
"9647",2020-08-26 15:53:00,40.46,40.46,40.46,40.46,890
"9648",2020-08-26 15:54:00,40.53,40.53,40.53,40.53,1
"9649",2020-08-26 15:55:00,40.49,40.49,40.49,40.49,2
"9650",2020-08-26 15:57:00,40.49,40.49,40.49,40.49,9
"9651",2020-08-26 15:59:00,40.49,40.49,40.49,40.49,1
"9652",2020-08-26 16:00:00,40.46,40.46,40.46,40.46,651
"9653",2020-08-26 16:02:00,40.44,40.44,40.44,40.44,4
"9654",2020-08-26 16:03:00,40.46,40.48,40.46,40.48,400
"9655",2020-08-26 16:04:00,40.48,40.48,40.48,40.48,2
"9656",2020-08-26 16:05:00,40.46,40.46,40.46,40.46,10
"9657",2020-08-26 16:10:00,40.48,40.48,40.48,40.48,10
"9658",2020-08-26 16:11:00,40.53,40.54,40.38,40.38,419
"9659",2020-08-26 16:13:00,40.6,40.6,40.6,40.6,23
"9660",2020-08-26 16:15:00,40.48,40.48,40.48,40.48,70
"9661",2020-08-26 16:16:00,40.46,40.48,40.45,40.48,207
"9662",2020-08-26 16:18:00,40.55,40.55,40.48,40.48,148
"9663",2020-08-26 16:19:00,40.48,40.5,40.48,40.5,6
"9664",2020-08-26 16:20:00,40.48,40.48,40.48,40.48,3
"9665",2020-08-26 16:21:00,40.55,40.55,40.55,40.55,5
"9666",2020-08-26 16:27:00,40.65,40.65,40.65,40.65,15
"9667",2020-08-26 16:29:00,40.59,40.64,40.59,40.64,478
"9668",2020-08-26 16:30:00,40.65,40.7,40.46,40.62,1120
"9669",2020-08-26 16:31:00,40.55,40.58,40.49,40.52,2550
"9670",2020-08-26 16:32:00,40.52,40.59,40.26,40.36,11631
"9671",2020-08-26 16:33:00,40.36,40.38,40.23,40.28,15676
"9672",2020-08-26 16:34:00,40.29,40.34,40.22,40.3,13212
"9673",2020-08-26 16:35:00,40.33,40.5,40.29,40.49,18809
"9674",2020-08-26 16:36:00,40.5,40.58,40.5,40.54,8773
"9675",2020-08-26 16:37:00,40.54,40.59,40.49,40.5,8442
"9676",2020-08-26 16:38:00,40.52,40.52,40.39,40.41,3544
"9677",2020-08-26 16:39:00,40.4,40.49,40.4,40.43,2519
"9678",2020-08-26 16:40:00,40.45,40.45,40.38,40.38,5195
"9679",2020-08-26 16:41:00,40.39,40.4,40.35,40.39,5313
"9680",2020-08-26 16:42:00,40.4,40.48,40.4,40.48,3857
"9681",2020-08-26 16:43:00,40.5,40.54,40.47,40.54,5543
"9682",2020-08-26 16:44:00,40.52,40.56,40.51,40.54,4921
"9683",2020-08-26 16:45:00,40.52,40.53,40.48,40.48,3448
"9684",2020-08-26 16:46:00,40.48,40.64,40.48,40.64,10039
"9685",2020-08-26 16:47:00,40.65,40.77,40.65,40.74,13454
"9686",2020-08-26 16:48:00,40.7,40.73,40.69,40.69,3500
"9687",2020-08-26 16:49:00,40.7,40.7,40.65,40.65,2834
"9688",2020-08-26 16:50:00,40.62,40.68,40.58,40.68,5933
"9689",2020-08-26 16:51:00,40.66,40.68,40.64,40.66,11598
"9690",2020-08-26 16:52:00,40.68,40.68,40.59,40.59,1688
"9691",2020-08-26 16:53:00,40.54,40.58,40.54,40.57,1364
"9692",2020-08-26 16:54:00,40.53,40.53,40.43,40.43,3705
"9693",2020-08-26 16:55:00,40.43,40.46,40.42,40.42,5322
"9694",2020-08-26 16:56:00,40.43,40.51,40.43,40.48,6856
"9695",2020-08-26 16:57:00,40.47,40.5,40.42,40.42,4269
"9696",2020-08-26 16:58:00,40.43,40.45,40.42,40.45,1332
"9697",2020-08-26 16:59:00,40.45,40.45,40.4,40.41,3524
"9698",2020-08-26 17:00:00,40.41,40.43,40.39,40.41,2637
"9699",2020-08-26 17:01:00,40.42,40.43,40.38,40.41,3739
"9700",2020-08-26 17:02:00,40.42,40.42,40.37,40.4,3390
"9701",2020-08-26 17:03:00,40.39,40.4,40.3,40.32,3977
"9702",2020-08-26 17:04:00,40.33,40.34,40.26,40.26,3276
"9703",2020-08-26 17:05:00,40.25,40.3,40.24,40.3,3821
"9704",2020-08-26 17:06:00,40.3,40.35,40.3,40.35,525
"9705",2020-08-26 17:07:00,40.36,40.39,40.34,40.34,970
"9706",2020-08-26 17:08:00,40.34,40.34,40.23,40.23,7082
"9707",2020-08-26 17:09:00,40.24,40.26,40.16,40.24,9217
"9708",2020-08-26 17:10:00,40.24,40.26,40.21,40.26,3216
"9709",2020-08-26 17:11:00,40.26,40.29,40.23,40.23,2790
"9710",2020-08-26 17:12:00,40.24,40.26,40.21,40.26,2197
"9711",2020-08-26 17:13:00,40.27,40.29,40.24,40.25,2315
"9712",2020-08-26 17:14:00,40.26,40.26,40.24,40.24,3205
"9713",2020-08-26 17:15:00,40.25,40.28,40.24,40.28,2016
"9714",2020-08-26 17:16:00,40.26,40.33,40.26,40.33,1946
"9715",2020-08-26 17:17:00,40.32,40.39,40.32,40.38,6847
"9716",2020-08-26 17:18:00,40.39,40.42,40.36,40.39,2599
"9717",2020-08-26 17:19:00,40.38,40.41,40.37,40.41,4058
"9718",2020-08-26 17:20:00,40.4,40.42,40.4,40.42,1032
"9719",2020-08-26 17:21:00,40.41,40.41,40.34,40.35,1413
"9720",2020-08-26 17:22:00,40.34,40.36,40.32,40.33,2528
"9721",2020-08-26 17:23:00,40.34,40.34,40.3,40.32,3345
"9722",2020-08-26 17:24:00,40.33,40.35,40.32,40.32,1800
"9723",2020-08-26 17:25:00,40.32,40.37,40.32,40.36,2965
"9724",2020-08-26 17:26:00,40.35,40.37,40.34,40.37,1799
"9725",2020-08-26 17:27:00,40.36,40.37,40.33,40.37,2884
"9726",2020-08-26 17:28:00,40.38,40.38,40.36,40.37,2656
"9727",2020-08-26 17:29:00,40.37,40.37,40.34,40.36,2321
"9728",2020-08-26 17:30:00,40.36,40.37,40.36,40.36,772
"9729",2020-08-26 17:31:00,40.36,40.36,40.34,40.35,2006
"9730",2020-08-26 17:32:00,40.35,40.41,40.35,40.41,3689
"9731",2020-08-26 17:33:00,40.41,40.43,40.39,40.43,2005
"9732",2020-08-26 17:34:00,40.44,40.46,40.41,40.41,649
"9733",2020-08-26 17:35:00,40.41,40.43,40.41,40.43,1198
"9734",2020-08-26 17:36:00,40.43,40.43,40.41,40.41,2075
"9735",2020-08-26 17:37:00,40.4,40.4,40.38,40.39,474
"9736",2020-08-26 17:38:00,40.37,40.37,40.32,40.34,8369
"9737",2020-08-26 17:39:00,40.36,40.36,40.33,40.35,1414
"9738",2020-08-26 17:40:00,40.34,40.37,40.34,40.36,3861
"9739",2020-08-26 17:41:00,40.36,40.39,40.35,40.35,4158
"9740",2020-08-26 17:42:00,40.35,40.36,40.32,40.36,15758
"9741",2020-08-26 17:43:00,40.36,40.36,40.3,40.33,7672
"9742",2020-08-26 17:44:00,40.33,40.34,40.31,40.34,6727
"9743",2020-08-26 17:45:00,40.34,40.4,40.34,40.4,2666
"9744",2020-08-26 17:46:00,40.41,40.41,40.36,40.36,2698
"9745",2020-08-26 17:47:00,40.35,40.35,40.27,40.28,3277
"9746",2020-08-26 17:48:00,40.29,40.34,40.29,40.34,7823
"9747",2020-08-26 17:49:00,40.33,40.34,40.31,40.34,1459
"9748",2020-08-26 17:50:00,40.35,40.38,40.35,40.38,4158
"9749",2020-08-26 17:51:00,40.39,40.39,40.38,40.38,220
"9750",2020-08-26 17:52:00,40.38,40.4,40.37,40.4,1372
"9751",2020-08-26 17:53:00,40.4,40.43,40.4,40.42,6194
"9752",2020-08-26 17:54:00,40.41,40.42,40.4,40.4,1470
"9753",2020-08-26 17:55:00,40.4,40.4,40.37,40.37,2140
"9754",2020-08-26 17:56:00,40.38,40.41,40.38,40.41,1418
"9755",2020-08-26 17:57:00,40.42,40.47,40.42,40.47,1265
"9756",2020-08-26 17:58:00,40.46,40.49,40.46,40.49,1298
"9757",2020-08-26 17:59:00,40.49,40.51,40.49,40.5,4472
"9758",2020-08-26 18:00:00,40.5,40.5,40.48,40.49,6732
"9759",2020-08-26 18:01:00,40.49,40.62,40.49,40.6,5253
"9760",2020-08-26 18:02:00,40.61,40.66,40.61,40.65,5734
"9761",2020-08-26 18:03:00,40.65,40.69,40.62,40.69,5585
"9762",2020-08-26 18:04:00,40.69,40.69,40.65,40.65,5916
"9763",2020-08-26 18:05:00,40.66,40.83,40.66,40.82,18985
"9764",2020-08-26 18:06:00,40.83,40.94,40.83,40.93,24790
"9765",2020-08-26 18:07:00,40.93,41.09,40.93,40.99,57417
"9766",2020-08-26 18:08:00,41,41.16,40.99,41.12,37849
"9767",2020-08-26 18:09:00,41.12,41.14,41.06,41.14,19705
"9768",2020-08-26 18:10:00,41.15,41.22,41.12,41.22,10757
"9769",2020-08-26 18:11:00,41.23,41.31,41.21,41.29,33106
"9770",2020-08-26 18:12:00,41.3,41.33,41.11,41.14,17494
"9771",2020-08-26 18:13:00,41.14,41.15,41.02,41.04,17067
"9772",2020-08-26 18:14:00,41.03,41.05,41.01,41.02,13118
"9773",2020-08-26 18:15:00,41.02,41.18,41.01,41.15,16484
"9774",2020-08-26 18:16:00,41.14,41.2,41.12,41.13,9777
"9775",2020-08-26 18:17:00,41.13,41.13,41.08,41.09,6342
"9776",2020-08-26 18:18:00,41.08,41.08,41.04,41.06,8090
"9777",2020-08-26 18:19:00,41.05,41.08,41.05,41.08,5309
"9778",2020-08-26 18:20:00,41.09,41.12,41.08,41.12,5135
"9779",2020-08-26 18:21:00,41.13,41.13,41.1,41.12,3975
"9780",2020-08-26 18:22:00,41.11,41.11,41.02,41.1,5021
"9781",2020-08-26 18:23:00,41.1,41.11,41.09,41.1,5044
"9782",2020-08-26 18:24:00,41.1,41.1,41.03,41.03,1884
"9783",2020-08-26 18:25:00,41.04,41.04,41.01,41.02,3551
"9784",2020-08-26 18:26:00,41.02,41.1,41,41.07,15415
"9785",2020-08-26 18:27:00,41.06,41.07,41.04,41.04,2094
"9786",2020-08-26 18:28:00,41.05,41.11,41.05,41.11,5500
"9787",2020-08-26 18:29:00,41.11,41.13,41.08,41.09,5207
"9788",2020-08-26 18:30:00,41.08,41.08,41.06,41.08,3701
"9789",2020-08-26 18:31:00,41.07,41.07,41.04,41.04,5935
"9790",2020-08-26 18:32:00,41.04,41.05,41.02,41.04,1659
"9791",2020-08-26 18:33:00,41.03,41.03,41.01,41.02,2836
"9792",2020-08-26 18:34:00,41.03,41.03,40.94,40.94,23873
"9793",2020-08-26 18:35:00,40.93,40.94,40.86,40.88,7331
"9794",2020-08-26 18:36:00,40.9,40.94,40.89,40.91,6091
"9795",2020-08-26 18:37:00,40.92,40.93,40.9,40.9,4580
"9796",2020-08-26 18:38:00,40.88,40.88,40.86,40.86,2751
"9797",2020-08-26 18:39:00,40.86,40.89,40.86,40.87,2897
"9798",2020-08-26 18:40:00,40.86,40.96,40.86,40.96,6023
"9799",2020-08-26 18:41:00,40.97,41,40.97,41,3550
"9800",2020-08-26 18:42:00,41,41.02,40.98,41,7651
"9801",2020-08-26 18:43:00,41,41.01,40.98,40.99,3743
"9802",2020-08-26 18:44:00,41,41.02,40.98,41,2324
"9803",2020-08-26 18:45:00,40.98,41.03,40.98,41.03,2350
"9804",2020-08-26 18:46:00,41.02,41.05,41.02,41.04,7127
"9805",2020-08-26 18:47:00,41.04,41.04,41.02,41.02,1521
"9806",2020-08-26 18:48:00,41.02,41.03,41.02,41.02,6809
"9807",2020-08-26 18:49:00,41.02,41.02,41,41.02,1844
"9808",2020-08-26 18:50:00,41.02,41.02,40.95,40.96,4089
"9809",2020-08-26 18:51:00,40.97,41.01,40.97,41.01,4198
"9810",2020-08-26 18:52:00,41.02,41.03,41.01,41.01,1582
"9811",2020-08-26 18:53:00,41.01,41.01,40.93,40.95,3123
"9812",2020-08-26 18:54:00,40.96,40.98,40.96,40.98,1977
"9813",2020-08-26 18:55:00,40.98,40.98,40.97,40.97,2005
"9814",2020-08-26 18:56:00,40.97,40.98,40.95,40.98,2228
"9815",2020-08-26 18:57:00,40.98,40.98,40.97,40.98,17
"9816",2020-08-26 18:58:00,40.98,40.99,40.96,40.99,2558
"9817",2020-08-26 18:59:00,40.99,41,40.99,40.99,2125
"9818",2020-08-26 19:00:00,40.98,41,40.96,40.96,3635
"9819",2020-08-26 19:01:00,40.96,40.96,40.81,40.89,19941
"9820",2020-08-26 19:02:00,40.88,40.93,40.85,40.91,15983
"9821",2020-08-26 19:03:00,40.92,41,40.91,40.99,4187
"9822",2020-08-26 19:04:00,41.01,41.02,40.99,41.02,9694
"9823",2020-08-26 19:05:00,41.01,41.07,41,41.07,3328
"9824",2020-08-26 19:06:00,41.07,41.1,41.07,41.09,8264
"9825",2020-08-26 19:07:00,41.1,41.11,41.07,41.07,11287
"9826",2020-08-26 19:08:00,41.02,41.06,41.02,41.06,2582
"9827",2020-08-26 19:09:00,41.07,41.1,41.07,41.07,3952
"9828",2020-08-26 19:10:00,41.06,41.09,41.04,41.09,4410
"9829",2020-08-26 19:11:00,41.08,41.08,41.02,41.02,3870
"9830",2020-08-26 19:12:00,41.02,41.02,40.99,40.99,2758
"9831",2020-08-26 19:13:00,40.99,40.99,40.97,40.97,711
"9832",2020-08-26 19:14:00,40.97,41,40.97,40.99,1728
"9833",2020-08-26 19:15:00,40.99,40.99,40.98,40.98,1866
"9834",2020-08-26 19:16:00,40.98,40.98,40.97,40.98,983
"9835",2020-08-26 19:17:00,40.99,40.99,40.98,40.98,1143
"9836",2020-08-26 19:18:00,40.98,41.01,40.98,41.01,612
"9837",2020-08-26 19:19:00,41.02,41.03,41.01,41.03,1902
"9838",2020-08-26 19:20:00,41.04,41.05,41.03,41.04,2193
"9839",2020-08-26 19:21:00,41.04,41.05,41.03,41.04,2211
"9840",2020-08-26 19:22:00,41.04,41.08,41.04,41.08,1082
"9841",2020-08-26 19:23:00,41.1,41.1,41.07,41.07,3439
"9842",2020-08-26 19:24:00,41.06,41.07,41.06,41.07,889
"9843",2020-08-26 19:25:00,41.06,41.08,41.06,41.08,725
"9844",2020-08-26 19:26:00,41.08,41.1,41.07,41.1,2778
"9845",2020-08-26 19:27:00,41.1,41.14,41.1,41.14,7821
"9846",2020-08-26 19:28:00,41.14,41.15,41.13,41.14,3945
"9847",2020-08-26 19:29:00,41.14,41.14,41.13,41.13,2843
"9848",2020-08-26 19:30:00,41.12,41.13,41.1,41.1,2304
"9849",2020-08-26 19:31:00,41.11,41.14,41.11,41.14,1432
"9850",2020-08-26 19:32:00,41.14,41.14,41.12,41.12,4219
"9851",2020-08-26 19:33:00,41.12,41.12,41.11,41.11,2377
"9852",2020-08-26 19:34:00,41.1,41.12,41.1,41.11,2342
"9853",2020-08-26 19:35:00,41.11,41.13,41.1,41.12,4520
"9854",2020-08-26 19:36:00,41.13,41.14,41.08,41.08,3896
"9855",2020-08-26 19:37:00,41.08,41.09,41.05,41.06,7259
"9856",2020-08-26 19:38:00,41.06,41.06,41.02,41.02,6248
"9857",2020-08-26 19:39:00,41.02,41.02,40.98,41,5565
"9858",2020-08-26 19:40:00,41,41,40.94,40.94,5687
"9859",2020-08-26 19:41:00,40.93,40.93,40.9,40.91,3393
"9860",2020-08-26 19:42:00,40.91,40.91,40.86,40.87,8414
"9861",2020-08-26 19:43:00,40.86,40.86,40.82,40.82,4874
"9862",2020-08-26 19:44:00,40.82,40.84,40.78,40.78,7859
"9863",2020-08-26 19:45:00,40.77,40.78,40.73,40.75,17381
"9864",2020-08-26 19:46:00,40.77,40.77,40.68,40.68,8817
"9865",2020-08-26 19:47:00,40.69,40.78,40.67,40.7,24347
"9866",2020-08-26 19:48:00,40.7,40.71,40.65,40.71,5807
"9867",2020-08-26 19:49:00,40.75,40.76,40.75,40.76,3196
"9868",2020-08-26 19:50:00,40.77,40.81,40.76,40.8,5649
"9869",2020-08-26 19:51:00,40.82,40.82,40.8,40.82,2686
"9870",2020-08-26 19:52:00,40.82,40.82,40.78,40.8,4496
"9871",2020-08-26 19:53:00,40.8,40.86,40.8,40.86,3253
"9872",2020-08-26 19:54:00,40.85,40.87,40.85,40.86,4231
"9873",2020-08-26 19:55:00,40.86,40.89,40.86,40.87,2612
"9874",2020-08-26 19:56:00,40.87,40.91,40.86,40.91,1287
"9875",2020-08-26 19:57:00,40.9,40.94,40.9,40.94,2215
"9876",2020-08-26 19:58:00,40.94,40.94,40.91,40.91,3012
"9877",2020-08-26 19:59:00,40.93,40.94,40.93,40.93,1559
"9878",2020-08-26 20:00:00,40.92,40.92,40.88,40.9,3685
"9879",2020-08-26 20:01:00,40.91,40.96,40.91,40.94,2057
"9880",2020-08-26 20:02:00,40.94,40.96,40.94,40.96,3638
"9881",2020-08-26 20:03:00,40.97,41,40.97,40.99,4094
"9882",2020-08-26 20:04:00,41,41.01,40.97,40.97,2367
"9883",2020-08-26 20:05:00,40.97,40.99,40.97,40.97,2855
"9884",2020-08-26 20:06:00,40.97,41.01,40.97,41,1848
"9885",2020-08-26 20:07:00,41,41.02,41,41.02,5061
"9886",2020-08-26 20:08:00,41.01,41.01,40.98,41,2495
"9887",2020-08-26 20:09:00,41,41,40.99,40.99,1322
"9888",2020-08-26 20:10:00,40.99,40.99,40.98,40.98,1702
"9889",2020-08-26 20:11:00,41,41.04,41,41.03,2752
"9890",2020-08-26 20:12:00,41.03,41.04,41.03,41.03,2032
"9891",2020-08-26 20:13:00,41.03,41.04,41.02,41.03,3348
"9892",2020-08-26 20:14:00,41.04,41.04,41.04,41.04,139
"9893",2020-08-26 20:15:00,41.03,41.04,41.03,41.03,3453
"9894",2020-08-26 20:16:00,41.03,41.05,41.03,41.04,1311
"9895",2020-08-26 20:17:00,41.04,41.04,41.01,41.04,2858
"9896",2020-08-26 20:18:00,41.05,41.05,41.02,41.02,3701
"9897",2020-08-26 20:19:00,41.01,41.01,41,41,2408
"9898",2020-08-26 20:20:00,41,41.03,41,41.03,1139
"9899",2020-08-26 20:21:00,41.02,41.03,40.98,40.99,4309
"9900",2020-08-26 20:22:00,40.99,41.02,40.98,41.02,2095
"9901",2020-08-26 20:23:00,41.01,41.02,41.01,41.02,1741
"9902",2020-08-26 20:24:00,41.01,41.01,40.99,41,1505
"9903",2020-08-26 20:25:00,41,41.03,41,41.03,1157
"9904",2020-08-26 20:26:00,41.03,41.03,41,41.02,1919
"9905",2020-08-26 20:27:00,41.02,41.02,41.02,41.02,1
"9906",2020-08-26 20:28:00,41.01,41.01,41,41,1739
"9907",2020-08-26 20:29:00,41,41,41,41,1208
"9908",2020-08-26 20:30:00,41.01,41.02,41.01,41.01,2355
"9909",2020-08-26 20:31:00,41.01,41.02,41.01,41.01,988
"9910",2020-08-26 20:32:00,41.01,41.01,41.01,41.01,581
"9911",2020-08-26 20:33:00,41.02,41.02,41,41,2071
"9912",2020-08-26 20:34:00,41.01,41.02,41.01,41.02,632
"9913",2020-08-26 20:35:00,41.01,41.01,41,41.01,1608
"9914",2020-08-26 20:36:00,41.01,41.01,41,41,1238
"9915",2020-08-26 20:37:00,41,41.01,41,41.01,394
"9916",2020-08-26 20:38:00,41.02,41.02,40.99,40.99,4180
"9917",2020-08-26 20:39:00,41,41.03,41,41.02,572
"9918",2020-08-26 20:40:00,41.03,41.08,41.03,41.06,7860
"9919",2020-08-26 20:41:00,41.06,41.08,41.05,41.07,605
"9920",2020-08-26 20:42:00,41.08,41.08,41.06,41.06,3376
"9921",2020-08-26 20:43:00,41.06,41.06,41.04,41.05,987
"9922",2020-08-26 20:44:00,41.05,41.05,41.04,41.05,1645
"9923",2020-08-26 20:45:00,41.06,41.06,41.01,41.02,2850
"9924",2020-08-26 20:46:00,41.02,41.02,41.01,41.02,1081
"9925",2020-08-26 20:47:00,41.02,41.06,41.02,41.06,3505
"9926",2020-08-26 20:48:00,41.07,41.1,41.07,41.09,1916
"9927",2020-08-26 20:49:00,41.1,41.1,41.08,41.08,2392
"9928",2020-08-26 20:50:00,41.08,41.09,41.06,41.06,2465
"9929",2020-08-26 20:51:00,41.05,41.05,41.04,41.05,4029
"9930",2020-08-26 20:52:00,41.05,41.07,41.05,41.07,1006
"9931",2020-08-26 20:53:00,41.08,41.08,41.06,41.06,3154
"9932",2020-08-26 20:54:00,41.06,41.06,41.06,41.06,766
"9933",2020-08-26 20:55:00,41.07,41.07,41.07,41.07,1453
"9934",2020-08-26 20:56:00,41.08,41.08,41.08,41.08,1500
"9935",2020-08-26 20:57:00,41.07,41.09,41.07,41.09,1335
"9936",2020-08-26 20:58:00,41.09,41.09,41.08,41.09,1918
"9937",2020-08-26 20:59:00,41.09,41.12,41.09,41.12,783
"9938",2020-08-26 21:00:00,41.11,41.11,41.08,41.09,1055
"9939",2020-08-26 21:01:00,41.09,41.09,41.08,41.08,1713
"9940",2020-08-26 21:02:00,41.08,41.1,41.08,41.1,447
"9941",2020-08-26 21:03:00,41.1,41.12,41.1,41.12,2608
"9942",2020-08-26 21:04:00,41.12,41.12,41.1,41.1,2576
"9943",2020-08-26 21:05:00,41.09,41.1,41.07,41.07,3242
"9944",2020-08-26 21:06:00,41.07,41.07,41.02,41.02,3966
"9945",2020-08-26 21:07:00,41.03,41.04,41.02,41.03,1823
"9946",2020-08-26 21:08:00,41.04,41.04,41.02,41.03,3553
"9947",2020-08-26 21:09:00,41.03,41.03,41.02,41.02,1538
"9948",2020-08-26 21:10:00,41.02,41.02,41.01,41.01,1435
"9949",2020-08-26 21:11:00,41.01,41.02,40.99,41.01,3129
"9950",2020-08-26 21:12:00,41.03,41.03,41.01,41.01,5350
"9951",2020-08-26 21:13:00,41.01,41.02,41,41.01,3298
"9952",2020-08-26 21:14:00,41.01,41.02,41.01,41.02,1235
"9953",2020-08-26 21:15:00,41.02,41.03,41.02,41.03,1701
"9954",2020-08-26 21:16:00,41.03,41.03,41.03,41.03,819
"9955",2020-08-26 21:17:00,41.03,41.06,41.03,41.06,1519
"9956",2020-08-26 21:18:00,41.06,41.08,41.06,41.08,884
"9957",2020-08-26 21:19:00,41.08,41.1,41.08,41.1,2277
"9958",2020-08-26 21:20:00,41.1,41.1,41.07,41.07,3121
"9959",2020-08-26 21:21:00,41.08,41.09,41.07,41.09,800
"9960",2020-08-26 21:22:00,41.1,41.1,41.09,41.1,1258
"9961",2020-08-26 21:23:00,41.1,41.13,41.09,41.11,2734
"9962",2020-08-26 21:24:00,41.11,41.11,41.08,41.08,4651
"9963",2020-08-26 21:25:00,41.08,41.08,41.07,41.07,1621
"9964",2020-08-26 21:26:00,41.07,41.08,41.05,41.05,4675
"9965",2020-08-26 21:27:00,41.04,41.04,41.02,41.04,5909
"9966",2020-08-26 21:28:00,41.05,41.06,41.04,41.05,1743
"9967",2020-08-26 21:29:00,41.05,41.08,41.05,41.07,1276
"9968",2020-08-26 21:30:00,41.07,41.08,41.06,41.06,2682
"9969",2020-08-26 21:31:00,41.07,41.08,41.07,41.08,821
"9970",2020-08-26 21:32:00,41.07,41.07,41.06,41.06,2218
"9971",2020-08-26 21:33:00,41.06,41.06,41.02,41.02,3339
"9972",2020-08-26 21:34:00,41.01,41.01,40.98,40.98,2563
"9973",2020-08-26 21:35:00,40.97,40.97,40.91,40.92,12571
"9974",2020-08-26 21:36:00,40.91,40.92,40.84,40.84,12053
"9975",2020-08-26 21:37:00,40.84,40.88,40.82,40.86,9252
"9976",2020-08-26 21:38:00,40.86,40.86,40.84,40.85,2533
"9977",2020-08-26 21:39:00,40.84,40.84,40.82,40.83,8079
"9978",2020-08-26 21:40:00,40.83,40.86,40.83,40.83,2921
"9979",2020-08-26 21:41:00,40.85,40.88,40.83,40.87,2718
"9980",2020-08-26 21:42:00,40.86,40.86,40.83,40.85,2829
"9981",2020-08-26 21:43:00,40.85,40.85,40.8,40.81,2930
"9982",2020-08-26 21:44:00,40.81,40.81,40.76,40.78,4556
"9983",2020-08-26 21:45:00,40.76,40.77,40.72,40.75,5323
"9984",2020-08-26 21:46:00,40.76,40.79,40.76,40.79,4509
"9985",2020-08-26 21:47:00,40.78,40.81,40.78,40.8,3921
"9986",2020-08-26 21:48:00,40.79,40.84,40.77,40.83,4370
"9987",2020-08-26 21:49:00,40.82,40.86,40.82,40.85,6646
"9988",2020-08-26 21:50:00,40.86,40.88,40.86,40.88,5925
"9989",2020-08-26 21:51:00,40.88,40.9,40.88,40.89,10323
"9990",2020-08-26 21:52:00,40.89,40.89,40.88,40.89,1824
"9991",2020-08-26 21:53:00,40.89,40.92,40.89,40.9,4081
"9992",2020-08-26 21:54:00,40.89,40.89,40.85,40.85,2593
"9993",2020-08-26 21:55:00,40.86,40.86,40.83,40.84,6142
"9994",2020-08-26 21:56:00,40.83,40.83,40.79,40.8,8600
"9995",2020-08-26 21:57:00,40.8,40.82,40.77,40.78,4088
"9996",2020-08-26 21:58:00,40.77,40.77,40.68,40.71,7585
"9997",2020-08-26 21:59:00,40.72,40.74,40.69,40.74,3465
"9998",2020-08-26 22:00:00,40.74,40.75,40.7,40.71,4737
"9999",2020-08-26 22:01:00,40.71,40.71,40.69,40.71,3287
"10000",2020-08-26 22:02:00,40.71,40.76,40.71,40.75,2946
"10001",2020-08-26 22:03:00,40.76,40.8,40.76,40.79,4178
"10002",2020-08-26 22:04:00,40.78,40.79,40.77,40.79,1891
"10003",2020-08-26 22:05:00,40.79,40.79,40.76,40.77,4418
"10004",2020-08-26 22:06:00,40.77,40.82,40.77,40.82,3944
"10005",2020-08-26 22:07:00,40.82,40.85,40.81,40.85,2114
"10006",2020-08-26 22:08:00,40.84,40.86,40.83,40.86,2872
"10007",2020-08-26 22:09:00,40.85,40.86,40.83,40.86,3004
"10008",2020-08-26 22:10:00,40.87,40.88,40.86,40.88,2127
"10009",2020-08-26 22:11:00,40.87,40.87,40.84,40.86,1448
"10010",2020-08-26 22:12:00,40.87,40.9,40.87,40.89,3837
"10011",2020-08-26 22:13:00,40.9,40.92,40.9,40.92,2832
"10012",2020-08-26 22:14:00,40.91,40.92,40.9,40.92,4013
"10013",2020-08-26 22:15:00,40.92,40.95,40.92,40.95,2474
"10014",2020-08-26 22:16:00,40.95,40.96,40.94,40.95,3348
"10015",2020-08-26 22:17:00,40.95,40.95,40.92,40.92,3405
"10016",2020-08-26 22:18:00,40.93,40.94,40.93,40.94,1531
"10017",2020-08-26 22:19:00,40.94,40.94,40.9,40.9,3491
"10018",2020-08-26 22:20:00,40.9,40.92,40.9,40.92,1316
"10019",2020-08-26 22:21:00,40.92,40.92,40.9,40.92,2414
"10020",2020-08-26 22:22:00,40.93,40.96,40.93,40.95,3368
"10021",2020-08-26 22:23:00,40.96,40.96,40.95,40.95,2176
"10022",2020-08-26 22:24:00,40.95,40.98,40.95,40.98,4044
"10023",2020-08-26 22:25:00,40.97,40.97,40.94,40.96,6488
"10024",2020-08-26 22:26:00,40.97,40.97,40.95,40.97,2028
"10025",2020-08-26 22:27:00,40.98,41,40.98,41,1934
"10026",2020-08-26 22:28:00,40.99,41,40.96,40.99,6363
"10027",2020-08-26 22:29:00,41,41,40.97,40.99,2994
"10028",2020-08-26 22:30:00,40.99,41,40.99,41,2594
"10029",2020-08-26 22:31:00,41,41,40.98,40.99,11503
"10030",2020-08-26 22:32:00,40.99,41.01,40.99,41.01,2919
"10031",2020-08-26 22:33:00,41.01,41.01,40.97,40.97,4899
"10032",2020-08-26 22:34:00,40.97,40.97,40.94,40.94,3276
"10033",2020-08-26 22:35:00,40.94,40.95,40.92,40.92,2715
"10034",2020-08-26 22:36:00,40.93,40.94,40.92,40.94,3382
"10035",2020-08-26 22:37:00,40.95,40.98,40.95,40.98,3572
"10036",2020-08-26 22:38:00,41,41.01,41,41.01,2665
"10037",2020-08-26 22:39:00,41,41,40.97,40.97,4688
"10038",2020-08-26 22:40:00,40.97,40.98,40.96,40.96,2460
"10039",2020-08-26 22:41:00,40.96,40.98,40.95,40.98,3015
"10040",2020-08-26 22:42:00,40.98,40.98,40.95,40.95,8680
"10041",2020-08-26 22:43:00,40.94,40.95,40.94,40.94,3750
"10042",2020-08-26 22:44:00,40.94,40.97,40.94,40.97,11830
"10043",2020-08-26 22:45:00,40.97,40.97,40.96,40.96,4904
"10044",2020-08-26 22:46:00,40.96,41.02,40.96,41.02,16001
"10045",2020-08-26 22:47:00,41.02,41.04,41.02,41.04,11134
"10046",2020-08-26 22:48:00,41.04,41.05,41.03,41.03,3020
"10047",2020-08-26 22:49:00,41.03,41.04,41.02,41.02,3371
"10048",2020-08-26 22:50:00,41.01,41.04,41.01,41.04,5958
"10049",2020-08-26 22:51:00,41.06,41.07,41.05,41.07,11774
"10050",2020-08-26 22:52:00,41.08,41.08,41.06,41.08,11400
"10051",2020-08-26 22:53:00,41.08,41.08,41.06,41.07,13370
"10052",2020-08-26 22:54:00,41.07,41.07,41.05,41.06,10019
"10053",2020-08-26 22:55:00,41.06,41.06,41.01,41.05,18913
"10054",2020-08-26 22:56:00,41.04,41.06,41.03,41.06,9695
"10055",2020-08-26 22:57:00,41.05,41.08,41.05,41.08,7617
"10056",2020-08-26 22:58:00,41.07,41.1,41.06,41.08,9982
"10057",2020-08-26 22:59:00,41.08,41.09,41.06,41.07,8572
"10058",2020-08-26 23:00:00,41.06,41.1,41.06,41.08,10166
"10059",2020-08-26 23:01:00,40.97,40.97,40.97,40.97,133
"10060",2020-08-26 23:03:00,41.07,41.07,41.07,41.07,383
"10061",2020-08-26 23:04:00,41,41,41,41,1
"10062",2020-08-26 23:05:00,41.08,41.08,41.08,41.08,4461
"10063",2020-08-26 23:07:00,41.07,41.07,41.06,41.06,28
"10064",2020-08-26 23:12:00,41.07,41.07,41.07,41.07,300
"10065",2020-08-26 23:17:00,41.07,41.07,41.07,41.07,390
"10066",2020-08-26 23:19:00,41.07,41.07,41.07,41.07,62
"10067",2020-08-26 23:20:00,41.08,41.08,41.07,41.07,20
"10068",2020-08-26 23:22:00,41.07,41.07,41.07,41.07,8
"10069",2020-08-26 23:24:00,41.09,41.09,41.09,41.09,1
"10070",2020-08-26 23:25:00,41.1,41.1,41.09,41.09,101
"10071",2020-08-26 23:27:00,41.09,41.1,41.09,41.1,6
"10072",2020-08-26 23:31:00,41.09,41.09,41.09,41.09,24
"10073",2020-08-26 23:32:00,41.09,41.09,41.04,41.04,3121
"10074",2020-08-26 23:35:00,41.14,41.14,41.14,41.14,2
"10075",2020-08-26 23:36:00,41.18,41.18,41.14,41.14,2
"10076",2020-08-26 23:42:00,41.14,41.14,41.14,41.14,17
"10077",2020-08-26 23:43:00,41.1,41.1,41.1,41.1,1
"10078",2020-08-26 23:44:00,41.13,41.13,41.13,41.13,7
"10079",2020-08-26 23:52:00,41.05,41.05,41.05,41.05,31
"10080",2020-08-27 00:05:00,41.1,41.1,41.1,41.1,7
"10081",2020-08-27 00:12:00,41.06,41.06,41.06,41.06,1
"10082",2020-08-27 00:15:00,41.09,41.09,41.09,41.09,1
"10083",2020-08-27 00:20:00,41.09,41.09,41.09,41.09,3
"10084",2020-08-27 00:22:00,41.09,41.09,41.09,41.09,3
"10085",2020-08-27 00:23:00,41.09,41.09,41.09,41.09,2
"10086",2020-08-27 00:25:00,41.09,41.09,41.09,41.09,8
"10087",2020-08-27 00:26:00,41.09,41.1,41.09,41.1,300
"10088",2020-08-27 00:30:00,41.12,41.12,41.12,41.12,102
"10089",2020-08-27 00:31:00,41.12,41.12,41.12,41.12,18
"10090",2020-08-27 00:32:00,41.12,41.12,41.12,41.12,4
"10091",2020-08-27 00:33:00,41.12,41.12,41.12,41.12,126
"10092",2020-08-27 00:37:00,41.03,41.03,41.03,41.03,104
"10093",2020-08-27 00:38:00,41.03,41.03,41.03,41.03,5
"10094",2020-08-27 00:39:00,41.03,41.03,41.03,41.03,1
"10095",2020-08-27 00:40:00,41.03,41.12,41.03,41.12,91
"10096",2020-08-27 00:44:00,41.03,41.03,41.03,41.03,5
"10097",2020-08-27 00:45:00,41.03,41.03,41.03,41.03,4
"10098",2020-08-27 00:46:00,41.03,41.03,41.03,41.03,70
"10099",2020-08-27 00:48:00,41.06,41.06,41.06,41.06,1
"10100",2020-08-27 00:49:00,41.12,41.12,41.12,41.12,3
"10101",2020-08-27 00:50:00,41.03,41.03,41.03,41.03,2
"10102",2020-08-27 00:51:00,41.03,41.03,41.03,41.03,28
"10103",2020-08-27 00:53:00,41.03,41.03,41.03,41.03,37
"10104",2020-08-27 00:58:00,41.12,41.12,41.03,41.03,202
"10105",2020-08-27 01:00:00,41.13,41.21,41.13,41.21,563
"10106",2020-08-27 01:02:00,41.18,41.25,41.18,41.25,314
"10107",2020-08-27 01:03:00,41.25,41.25,41.22,41.25,137
"10108",2020-08-27 01:04:00,41.2,41.2,41.15,41.15,186
"10109",2020-08-27 01:06:00,41.13,41.13,41.13,41.13,310
"10110",2020-08-27 01:07:00,41.1,41.1,41.1,41.1,690
"10111",2020-08-27 01:22:00,41.02,41.02,41.02,41.02,90
"10112",2020-08-27 01:30:00,41.02,41.02,41.02,41.02,10
"10113",2020-08-27 01:36:00,41.02,41.02,41.02,41.02,2
"10114",2020-08-27 01:38:00,41.02,41.02,41.02,41.02,5
"10115",2020-08-27 10:02:00,41.28,41.6,41.2,41.2,602
"10116",2020-08-27 10:03:00,41.2,41.2,41.2,41.2,2
"10117",2020-08-27 10:04:00,41.2,41.2,41.03,41.03,27
"10118",2020-08-27 10:06:00,41.03,41.03,41.02,41.02,5
"10119",2020-08-27 10:08:00,41.02,41.02,41.02,41.02,11
"10120",2020-08-27 10:10:00,41.03,41.03,41.03,41.03,5
"10121",2020-08-27 10:11:00,41.03,41.03,41.03,41.03,1
"10122",2020-08-27 10:12:00,41.09,41.09,41.09,41.09,1
"10123",2020-08-27 10:14:00,41.1,41.1,41.09,41.09,38
"10124",2020-08-27 10:18:00,41.14,41.14,41.1,41.13,17
"10125",2020-08-27 10:20:00,41.13,41.13,41.13,41.13,2
"10126",2020-08-27 10:21:00,41.14,41.14,41.14,41.14,10
"10127",2020-08-27 10:23:00,41.16,41.16,41.16,41.16,4
"10128",2020-08-27 10:24:00,41.11,41.16,41.11,41.16,3
"10129",2020-08-27 10:27:00,41.15,41.15,41.15,41.15,5
"10130",2020-08-27 10:28:00,41.11,41.16,41.11,41.16,15
"10131",2020-08-27 10:32:00,41.14,41.14,41.14,41.14,1
"10132",2020-08-27 10:33:00,41.12,41.12,41.12,41.12,1
"10133",2020-08-27 10:34:00,41.12,41.12,41.12,41.12,20
"10134",2020-08-27 10:36:00,41.11,41.11,41.11,41.11,1
"10135",2020-08-27 10:37:00,41.11,41.11,41.11,41.11,5
"10136",2020-08-27 10:38:00,41.1,41.1,41.1,41.1,2
"10137",2020-08-27 10:40:00,41.11,41.11,41.11,41.11,1
"10138",2020-08-27 10:41:00,41.11,41.11,41.11,41.11,5
"10139",2020-08-27 10:42:00,41.16,41.16,41.16,41.16,10
"10140",2020-08-27 10:43:00,41.15,41.16,41.15,41.15,31
"10141",2020-08-27 10:44:00,41.15,41.15,41.15,41.15,2
"10142",2020-08-27 10:45:00,41.18,41.18,41.18,41.18,1
"10143",2020-08-27 10:47:00,41.18,41.2,41.18,41.2,240
"10144",2020-08-27 10:50:00,41.2,41.2,41.2,41.2,13
"10145",2020-08-27 10:53:00,41.11,41.11,41.11,41.11,10
"10146",2020-08-27 10:54:00,41.11,41.11,41.11,41.11,2
"10147",2020-08-27 10:55:00,41.11,41.11,41.11,41.11,6
"10148",2020-08-27 10:56:00,41.18,41.18,41.18,41.18,5
"10149",2020-08-27 10:59:00,41.11,41.2,41.11,41.2,11
"10150",2020-08-27 11:00:00,41.2,41.2,41.2,41.2,20
"10151",2020-08-27 11:06:00,41.15,41.15,41.15,41.15,13
"10152",2020-08-27 11:08:00,41.11,41.11,41.05,41.05,293
"10153",2020-08-27 11:09:00,41.15,41.15,41.15,41.15,3
"10154",2020-08-27 11:10:00,41.15,41.15,41.15,41.15,1
"10155",2020-08-27 11:12:00,41.15,41.15,41.03,41.03,11
"10156",2020-08-27 11:13:00,41.14,41.14,41.14,41.14,1
"10157",2020-08-27 11:14:00,41.03,41.03,41.03,41.03,23
"10158",2020-08-27 11:16:00,41.03,41.03,41.03,41.03,1
"10159",2020-08-27 11:20:00,41.02,41.02,41.02,41.02,1
"10160",2020-08-27 11:21:00,41.02,41.02,41.02,41.02,3
"10161",2020-08-27 11:24:00,41.03,41.03,41.03,41.03,34
"10162",2020-08-27 11:29:00,41.03,41.03,41.03,41.03,2
"10163",2020-08-27 11:30:00,41.03,41.03,41.03,41.03,3
"10164",2020-08-27 11:33:00,41.02,41.02,40.86,41,342
"10165",2020-08-27 11:38:00,41.02,41.03,41.02,41.03,4
"10166",2020-08-27 11:42:00,41.03,41.03,41.03,41.03,1
"10167",2020-08-27 11:43:00,41,41,41,41,29
"10168",2020-08-27 11:47:00,41.02,41.03,41.02,41.03,50
"10169",2020-08-27 11:52:00,41,41,41,41,137
"10170",2020-08-27 11:54:00,41.02,41.02,41.02,41.02,2
"10171",2020-08-27 11:55:00,40.94,40.94,40.94,40.94,1
"10172",2020-08-27 12:00:00,40.95,40.95,40.95,40.95,9
"10173",2020-08-27 12:01:00,40.93,40.93,40.93,40.93,1
"10174",2020-08-27 12:08:00,40.98,40.98,40.98,40.98,1
"10175",2020-08-27 12:11:00,40.98,40.98,40.98,40.98,49
"10176",2020-08-27 12:12:00,41,41,41,41,1
"10177",2020-08-27 12:15:00,40.9,41,40.9,41,16
"10178",2020-08-27 12:18:00,40.9,40.9,40.9,40.9,1
"10179",2020-08-27 12:20:00,40.9,40.9,40.9,40.9,1
"10180",2020-08-27 12:22:00,40.9,40.9,40.9,40.9,15
"10181",2020-08-27 12:23:00,40.9,40.9,40.9,40.9,19
"10182",2020-08-27 12:28:00,40.86,40.86,40.75,40.75,38
"10183",2020-08-27 12:29:00,40.75,40.82,40.75,40.82,217
"10184",2020-08-27 12:34:00,40.86,40.86,40.86,40.86,1
"10185",2020-08-27 12:36:00,40.84,40.84,40.84,40.84,6
"10186",2020-08-27 12:40:00,40.84,40.84,40.84,40.84,4
"10187",2020-08-27 12:41:00,40.76,40.76,40.76,40.76,10
"10188",2020-08-27 12:43:00,40.76,40.76,40.76,40.76,1
"10189",2020-08-27 12:45:00,40.84,40.84,40.84,40.84,21
"10190",2020-08-27 12:46:00,40.76,40.76,40.76,40.76,1
"10191",2020-08-27 12:49:00,40.84,40.84,40.84,40.84,10
"10192",2020-08-27 12:50:00,40.76,40.76,40.76,40.76,1
"10193",2020-08-27 13:03:00,40.84,40.84,40.77,40.77,11
"10194",2020-08-27 13:04:00,40.77,40.77,40.77,40.77,3
"10195",2020-08-27 13:06:00,40.84,40.84,40.84,40.84,3
"10196",2020-08-27 13:07:00,40.84,40.84,40.84,40.84,2
"10197",2020-08-27 13:08:00,40.77,40.77,40.75,40.75,299
"10198",2020-08-27 13:09:00,40.84,40.84,40.84,40.84,4
"10199",2020-08-27 13:12:00,40.74,40.75,40.74,40.75,4
"10200",2020-08-27 13:14:00,40.75,40.75,40.75,40.75,1
"10201",2020-08-27 13:15:00,40.84,40.84,40.84,40.84,9
"10202",2020-08-27 13:39:00,40.75,40.75,40.75,40.75,1
"10203",2020-08-27 13:40:00,40.75,40.75,40.75,40.75,10
"10204",2020-08-27 13:42:00,40.84,40.84,40.84,40.84,1
"10205",2020-08-27 13:43:00,40.84,40.84,40.84,40.84,2
"10206",2020-08-27 13:47:00,40.84,40.84,40.84,40.84,1
"10207",2020-08-27 13:51:00,40.75,40.75,40.75,40.75,1
"10208",2020-08-27 13:53:00,40.84,40.84,40.84,40.84,10
"10209",2020-08-27 13:54:00,40.84,40.84,40.84,40.84,7
"10210",2020-08-27 13:58:00,40.76,40.76,40.76,40.76,1
"10211",2020-08-27 13:59:00,40.84,40.84,40.84,40.84,3
"10212",2020-08-27 14:00:00,40.84,40.84,40.84,40.84,9
"10213",2020-08-27 14:03:00,40.97,40.97,40.97,40.97,1
"10214",2020-08-27 14:08:00,40.97,41.07,40.97,41.07,15
"10215",2020-08-27 14:09:00,41.05,41.05,41.05,41.05,10
"10216",2020-08-27 14:11:00,41,41,41,41,1
"10217",2020-08-27 14:14:00,41.1,41.1,41.1,41.1,1
"10218",2020-08-27 14:16:00,41.1,41.1,41.1,41.1,89
"10219",2020-08-27 14:17:00,41.06,41.06,41.06,41.06,1
"10220",2020-08-27 14:23:00,41,41,41,41,1
"10221",2020-08-27 14:30:00,41.2,41.2,41.2,41.2,1
"10222",2020-08-27 14:33:00,41,41,41,41,2
"10223",2020-08-27 14:34:00,40.96,40.96,40.96,40.96,6
"10224",2020-08-27 14:35:00,40.96,40.96,40.96,40.96,4
"10225",2020-08-27 14:40:00,40.87,40.87,40.87,40.87,3
"10226",2020-08-27 14:41:00,40.95,40.96,40.95,40.96,10
"10227",2020-08-27 14:48:00,40.9,40.9,40.9,40.9,1
"10228",2020-08-27 14:52:00,40.9,40.9,40.87,40.87,12
"10229",2020-08-27 14:56:00,40.95,40.96,40.95,40.96,46
"10230",2020-08-27 14:58:00,40.86,40.96,40.85,40.95,36
"10231",2020-08-27 15:00:00,40.94,40.94,40.94,40.94,10
"10232",2020-08-27 15:01:00,40.77,40.77,40.77,40.77,153
"10233",2020-08-27 15:03:00,40.9,40.9,40.9,40.9,23
"10234",2020-08-27 15:11:00,40.95,40.95,40.95,40.95,1
"10235",2020-08-27 15:12:00,40.85,40.85,40.79,40.85,13
"10236",2020-08-27 15:14:00,40.97,40.97,40.97,40.97,1
"10237",2020-08-27 15:19:00,40.99,40.99,40.99,40.99,1
"10238",2020-08-27 15:23:00,40.9,40.99,40.9,40.99,112
"10239",2020-08-27 15:27:00,40.87,40.87,40.86,40.86,5
"10240",2020-08-27 15:28:00,40.86,40.87,40.86,40.87,3
"10241",2020-08-27 15:29:00,40.86,40.86,40.86,40.86,1
"10242",2020-08-27 15:31:00,40.99,40.99,40.99,40.99,1374
"10243",2020-08-27 15:32:00,40.95,40.95,40.95,40.95,2
"10244",2020-08-27 15:37:00,40.88,40.88,40.88,40.88,1
"10245",2020-08-27 15:40:00,40.99,40.99,40.99,40.99,2
"10246",2020-08-27 15:43:00,40.89,40.89,40.89,40.89,10
"10247",2020-08-27 15:44:00,40.97,40.97,40.97,40.97,1
"10248",2020-08-27 15:46:00,40.97,40.98,40.87,40.87,7
"10249",2020-08-27 15:47:00,40.98,40.98,40.97,40.97,2
"10250",2020-08-27 15:51:00,40.87,40.87,40.87,40.87,1
"10251",2020-08-27 15:56:00,40.9,40.9,40.9,40.9,30
"10252",2020-08-27 15:57:00,40.88,40.88,40.88,40.88,1
"10253",2020-08-27 16:01:00,40.89,40.89,40.89,40.89,1
"10254",2020-08-27 16:03:00,40.89,40.89,40.89,40.89,2
"10255",2020-08-27 16:04:00,40.89,41.12,40.89,41.12,271
"10256",2020-08-27 16:05:00,40.92,40.92,40.92,40.92,7
"10257",2020-08-27 16:07:00,41.09,41.09,41,41,100
"10258",2020-08-27 16:08:00,41,41,41,41,9
"10259",2020-08-27 16:09:00,40.99,40.99,40.99,40.99,1
"10260",2020-08-27 16:10:00,40.98,40.98,40.98,40.98,1
"10261",2020-08-27 16:11:00,41,41,41,41,27
"10262",2020-08-27 16:12:00,41,41,41,41,3
"10263",2020-08-27 16:14:00,41.01,41.01,41.01,41.01,115
"10264",2020-08-27 16:18:00,41,41,41,41,3
"10265",2020-08-27 16:19:00,41,41.02,41,41,301
"10266",2020-08-27 16:20:00,41.03,41.19,41,41.19,527
"10267",2020-08-27 16:21:00,41.19,41.19,41.19,41.19,370
"10268",2020-08-27 16:22:00,41.2,41.3,41.18,41.21,124
"10269",2020-08-27 16:23:00,41.02,41.3,41.02,41.3,356
"10270",2020-08-27 16:24:00,41.33,41.34,41.33,41.34,5
"10271",2020-08-27 16:25:00,41.05,41.1,41.05,41.1,6
"10272",2020-08-27 16:26:00,41.21,41.34,41.21,41.33,141
"10273",2020-08-27 16:27:00,41.1,41.39,41.1,41.39,57
"10274",2020-08-27 16:28:00,41.2,41.2,41.2,41.2,100
"10275",2020-08-27 16:29:00,41.11,41.3,41.1,41.3,503
"10276",2020-08-27 16:30:00,41.1,41.3,41.03,41.15,2089
"10277",2020-08-27 16:31:00,41.01,41.24,40.98,41.08,1576
"10278",2020-08-27 16:32:00,41.02,41.09,41.02,41.04,1260
"10279",2020-08-27 16:33:00,41.09,41.09,40.86,40.86,8804
"10280",2020-08-27 16:34:00,40.86,40.89,40.73,40.77,14391
"10281",2020-08-27 16:35:00,40.74,40.93,40.73,40.84,12827
"10282",2020-08-27 16:36:00,40.83,40.83,40.56,40.56,18656
"10283",2020-08-27 16:37:00,40.57,40.67,40.55,40.67,15053
"10284",2020-08-27 16:38:00,40.65,40.69,40.59,40.62,11737
"10285",2020-08-27 16:39:00,40.61,40.66,40.56,40.65,11699
"10286",2020-08-27 16:40:00,40.63,40.68,40.47,40.51,18273
"10287",2020-08-27 16:41:00,40.51,40.65,40.51,40.62,12235
"10288",2020-08-27 16:42:00,40.59,40.62,40.51,40.55,8547
"10289",2020-08-27 16:43:00,40.54,40.73,40.54,40.73,13261
"10290",2020-08-27 16:44:00,40.73,40.79,40.73,40.77,8773
"10291",2020-08-27 16:45:00,40.74,40.74,40.64,40.65,8433
"10292",2020-08-27 16:46:00,40.66,40.73,40.65,40.71,5945
"10293",2020-08-27 16:47:00,40.7,40.74,40.6,40.62,12493
"10294",2020-08-27 16:48:00,40.62,40.65,40.57,40.59,5743
"10295",2020-08-27 16:49:00,40.58,40.65,40.57,40.63,3973
"10296",2020-08-27 16:50:00,40.62,40.62,40.51,40.53,5518
"10297",2020-08-27 16:51:00,40.53,40.68,40.53,40.63,7741
"10298",2020-08-27 16:52:00,40.63,40.66,40.55,40.56,16303
"10299",2020-08-27 16:53:00,40.54,40.58,40.53,40.55,3457
"10300",2020-08-27 16:54:00,40.54,40.54,40.42,40.44,13827
"10301",2020-08-27 16:55:00,40.44,40.49,40.41,40.45,8117
"10302",2020-08-27 16:56:00,40.45,40.53,40.38,40.53,8050
"10303",2020-08-27 16:57:00,40.54,40.57,40.49,40.49,5419
"10304",2020-08-27 16:58:00,40.49,40.52,40.46,40.47,4320
"10305",2020-08-27 16:59:00,40.45,40.48,40.4,40.43,15871
"10306",2020-08-27 17:00:00,40.42,40.43,40.34,40.36,13561
"10307",2020-08-27 17:01:00,40.37,40.43,40.36,40.37,8431
"10308",2020-08-27 17:02:00,40.38,40.4,40.36,40.36,6752
"10309",2020-08-27 17:03:00,40.36,40.38,40.27,40.32,14634
"10310",2020-08-27 17:04:00,40.32,40.32,40.23,40.23,5869
"10311",2020-08-27 17:05:00,40.25,40.3,40.25,40.25,3302
"10312",2020-08-27 17:06:00,40.25,40.25,40.21,40.23,5236
"10313",2020-08-27 17:07:00,40.22,40.24,40.21,40.23,3962
"10314",2020-08-27 17:08:00,40.2,40.31,40.19,40.27,5818
"10315",2020-08-27 17:09:00,40.3,40.37,40.3,40.3,14493
"10316",2020-08-27 17:10:00,40.28,40.3,40.24,40.26,6218
"10317",2020-08-27 17:11:00,40.26,40.3,40.24,40.3,5142
"10318",2020-08-27 17:12:00,40.29,40.29,40.24,40.28,4047
"10319",2020-08-27 17:13:00,40.29,40.3,40.15,40.17,8923
"10320",2020-08-27 17:14:00,40.17,40.2,40.13,40.14,8090
"10321",2020-08-27 17:15:00,40.13,40.17,40.09,40.12,10773
"10322",2020-08-27 17:16:00,40.12,40.14,40.1,40.13,15955
"10323",2020-08-27 17:17:00,40.14,40.15,40.08,40.12,7541
"10324",2020-08-27 17:18:00,40.11,40.14,40.1,40.12,14725
"10325",2020-08-27 17:19:00,40.12,40.24,40.11,40.24,22250
"10326",2020-08-27 17:20:00,40.22,40.32,40.22,40.31,9517
"10327",2020-08-27 17:21:00,40.31,40.35,40.31,40.34,19134
"10328",2020-08-27 17:22:00,40.34,40.4,40.34,40.4,14811
"10329",2020-08-27 17:23:00,40.42,40.44,40.41,40.42,6420
"10330",2020-08-27 17:24:00,40.44,40.46,40.42,40.46,17821
"10331",2020-08-27 17:25:00,40.47,40.48,40.39,40.39,26103
"10332",2020-08-27 17:26:00,40.4,40.48,40.4,40.48,6961
"10333",2020-08-27 17:27:00,40.48,40.48,40.41,40.44,13653
"10334",2020-08-27 17:28:00,40.44,40.45,40.42,40.44,1851
"10335",2020-08-27 17:29:00,40.44,40.5,40.43,40.5,2230
"10336",2020-08-27 17:30:00,40.5,40.57,40.5,40.57,2968
"10337",2020-08-27 17:31:00,40.56,40.56,40.52,40.56,5477
"10338",2020-08-27 17:32:00,40.56,40.58,40.56,40.57,5898
"10339",2020-08-27 17:33:00,40.57,40.57,40.49,40.49,5605
"10340",2020-08-27 17:34:00,40.48,40.53,40.48,40.53,3218
"10341",2020-08-27 17:35:00,40.52,40.57,40.52,40.57,5389
"10342",2020-08-27 17:36:00,40.57,40.57,40.51,40.51,3360
"10343",2020-08-27 17:37:00,40.5,40.5,40.44,40.46,6577
"10344",2020-08-27 17:38:00,40.48,40.51,40.46,40.46,5041
"10345",2020-08-27 17:39:00,40.47,40.48,40.47,40.47,4200
"10346",2020-08-27 17:40:00,40.47,40.47,40.36,40.36,4693
"10347",2020-08-27 17:41:00,40.36,40.4,40.32,40.36,11568
"10348",2020-08-27 17:42:00,40.36,40.36,40.29,40.29,7726
"10349",2020-08-27 17:43:00,40.29,40.36,40.28,40.36,7661
"10350",2020-08-27 17:44:00,40.37,40.4,40.36,40.4,4076
"10351",2020-08-27 17:45:00,40.4,40.42,40.39,40.4,4449
"10352",2020-08-27 17:46:00,40.39,40.39,40.37,40.39,2379
"10353",2020-08-27 17:47:00,40.39,40.43,40.37,40.43,3284
"10354",2020-08-27 17:48:00,40.43,40.43,40.38,40.38,4195
"10355",2020-08-27 17:49:00,40.38,40.4,40.36,40.4,2448
"10356",2020-08-27 17:50:00,40.39,40.4,40.36,40.36,2508
"10357",2020-08-27 17:51:00,40.35,40.35,40.31,40.33,3806
"10358",2020-08-27 17:52:00,40.34,40.34,40.32,40.32,1300
"10359",2020-08-27 17:53:00,40.34,40.34,40.3,40.3,2208
"10360",2020-08-27 17:54:00,40.3,40.32,40.28,40.32,4841
"10361",2020-08-27 17:55:00,40.32,40.36,40.32,40.35,5832
"10362",2020-08-27 17:56:00,40.34,40.35,40.33,40.35,1875
"10363",2020-08-27 17:57:00,40.36,40.4,40.36,40.39,7085
"10364",2020-08-27 17:58:00,40.4,40.41,40.4,40.4,3330
"10365",2020-08-27 17:59:00,40.4,40.42,40.39,40.41,1960
"10366",2020-08-27 18:00:00,40.4,40.41,40.38,40.39,5703
"10367",2020-08-27 18:01:00,40.39,40.39,40.3,40.33,10089
"10368",2020-08-27 18:02:00,40.34,40.4,40.34,40.4,6214
"10369",2020-08-27 18:03:00,40.41,40.44,40.41,40.44,4209
"10370",2020-08-27 18:04:00,40.44,40.49,40.44,40.49,5197
"10371",2020-08-27 18:05:00,40.49,40.49,40.47,40.48,3229
"10372",2020-08-27 18:06:00,40.48,40.53,40.47,40.53,9009
"10373",2020-08-27 18:07:00,40.54,40.55,40.54,40.54,1203
"10374",2020-08-27 18:08:00,40.54,40.56,40.54,40.56,5667
"10375",2020-08-27 18:09:00,40.56,40.58,40.56,40.58,833
"10376",2020-08-27 18:10:00,40.58,40.62,40.57,40.57,10570
"10377",2020-08-27 18:11:00,40.57,40.58,40.55,40.55,3709
"10378",2020-08-27 18:12:00,40.54,40.55,40.52,40.55,2583
"10379",2020-08-27 18:13:00,40.56,40.6,40.56,40.6,4822
"10380",2020-08-27 18:14:00,40.61,40.61,40.58,40.58,2793
"10381",2020-08-27 18:15:00,40.58,40.58,40.54,40.55,4916
"10382",2020-08-27 18:16:00,40.55,40.58,40.55,40.57,2858
"10383",2020-08-27 18:17:00,40.57,40.58,40.54,40.54,7023
"10384",2020-08-27 18:18:00,40.55,40.58,40.55,40.58,445
"10385",2020-08-27 18:19:00,40.58,40.58,40.53,40.53,3708
"10386",2020-08-27 18:20:00,40.52,40.52,40.49,40.5,5188
"10387",2020-08-27 18:21:00,40.49,40.51,40.49,40.51,1898
"10388",2020-08-27 18:22:00,40.51,40.51,40.49,40.51,5217
"10389",2020-08-27 18:23:00,40.5,40.52,40.48,40.52,6747
"10390",2020-08-27 18:24:00,40.52,40.52,40.51,40.52,2732
"10391",2020-08-27 18:25:00,40.53,40.56,40.53,40.56,8115
"10392",2020-08-27 18:26:00,40.56,40.57,40.52,40.52,2802
"10393",2020-08-27 18:27:00,40.53,40.55,40.53,40.54,1685
"10394",2020-08-27 18:28:00,40.56,40.57,40.56,40.56,3004
"10395",2020-08-27 18:29:00,40.57,40.59,40.57,40.58,2454
"10396",2020-08-27 18:30:00,40.58,40.64,40.58,40.64,7904
"10397",2020-08-27 18:31:00,40.64,40.66,40.64,40.65,6546
"10398",2020-08-27 18:32:00,40.64,40.64,40.59,40.6,1925
"10399",2020-08-27 18:33:00,40.6,40.64,40.6,40.64,3300
"10400",2020-08-27 18:34:00,40.65,40.67,40.65,40.67,3096
"10401",2020-08-27 18:35:00,40.68,40.71,40.68,40.71,4087
"10402",2020-08-27 18:36:00,40.7,40.7,40.68,40.7,1732
"10403",2020-08-27 18:37:00,40.7,40.71,40.69,40.71,2483
"10404",2020-08-27 18:38:00,40.71,40.74,40.71,40.74,2288
"10405",2020-08-27 18:39:00,40.74,40.78,40.74,40.78,6542
"10406",2020-08-27 18:40:00,40.78,40.82,40.78,40.81,10488
"10407",2020-08-27 18:41:00,40.81,40.82,40.78,40.78,3094
"10408",2020-08-27 18:42:00,40.78,40.81,40.76,40.81,5766
"10409",2020-08-27 18:43:00,40.82,40.86,40.82,40.86,4279
"10410",2020-08-27 18:44:00,40.86,40.9,40.86,40.88,13336
"10411",2020-08-27 18:45:00,40.89,40.96,40.87,40.96,9598
"10412",2020-08-27 18:46:00,40.96,40.96,40.93,40.95,11571
"10413",2020-08-27 18:47:00,40.95,40.95,40.92,40.94,3864
"10414",2020-08-27 18:48:00,40.94,40.95,40.92,40.95,5378
"10415",2020-08-27 18:49:00,40.95,40.96,40.94,40.94,3318
"10416",2020-08-27 18:50:00,40.97,40.97,40.94,40.95,6245
"10417",2020-08-27 18:51:00,40.95,40.96,40.94,40.94,4566
"10418",2020-08-27 18:52:00,40.94,40.95,40.94,40.94,3930
"10419",2020-08-27 18:53:00,40.94,40.95,40.93,40.95,3633
"10420",2020-08-27 18:54:00,40.95,40.96,40.95,40.95,1129
"10421",2020-08-27 18:55:00,40.95,41.02,40.94,41,27554
"10422",2020-08-27 18:56:00,41.02,41.03,40.99,41,5580
"10423",2020-08-27 18:57:00,40.99,41.02,40.98,41.01,6196
"10424",2020-08-27 18:58:00,41.02,41.05,41.01,41.01,14635
"10425",2020-08-27 18:59:00,41.02,41.02,40.93,40.93,3761
"10426",2020-08-27 19:00:00,40.94,40.94,40.93,40.94,1220
"10427",2020-08-27 19:01:00,40.94,40.98,40.94,40.94,10153
"10428",2020-08-27 19:02:00,40.93,40.94,40.92,40.94,2254
"10429",2020-08-27 19:03:00,40.94,40.94,40.9,40.91,13248
"10430",2020-08-27 19:04:00,40.91,40.91,40.89,40.91,4593
"10431",2020-08-27 19:05:00,40.9,40.93,40.89,40.93,5216
"10432",2020-08-27 19:06:00,40.93,40.93,40.9,40.91,2698
"10433",2020-08-27 19:07:00,40.91,40.93,40.91,40.93,2404
"10434",2020-08-27 19:08:00,40.94,40.96,40.9,40.9,9609
"10435",2020-08-27 19:09:00,40.9,40.9,40.86,40.86,7424
"10436",2020-08-27 19:10:00,40.87,40.89,40.87,40.89,2020
"10437",2020-08-27 19:11:00,40.88,40.88,40.86,40.86,4145
"10438",2020-08-27 19:12:00,40.88,40.92,40.88,40.92,1750
"10439",2020-08-27 19:13:00,40.92,40.92,40.92,40.92,930
"10440",2020-08-27 19:14:00,40.93,40.95,40.9,40.9,5230
"10441",2020-08-27 19:15:00,40.9,40.91,40.89,40.91,3590
"10442",2020-08-27 19:16:00,40.9,40.92,40.9,40.91,963
"10443",2020-08-27 19:17:00,40.9,40.9,40.85,40.86,7512
"10444",2020-08-27 19:18:00,40.86,40.89,40.86,40.87,2351
"10445",2020-08-27 19:19:00,40.86,40.86,40.84,40.85,6617
"10446",2020-08-27 19:20:00,40.84,40.84,40.83,40.83,5044
"10447",2020-08-27 19:21:00,40.82,40.84,40.82,40.83,11509
"10448",2020-08-27 19:22:00,40.82,40.85,40.82,40.85,2919
"10449",2020-08-27 19:23:00,40.84,40.87,40.84,40.86,5173
"10450",2020-08-27 19:24:00,40.86,40.86,40.86,40.86,959
"10451",2020-08-27 19:25:00,40.86,40.87,40.86,40.87,2289
"10452",2020-08-27 19:26:00,40.86,40.86,40.81,40.81,7086
"10453",2020-08-27 19:27:00,40.81,40.81,40.76,40.76,5805
"10454",2020-08-27 19:28:00,40.75,40.76,40.72,40.72,9651
"10455",2020-08-27 19:29:00,40.71,40.72,40.68,40.69,4492
"10456",2020-08-27 19:30:00,40.69,40.69,40.64,40.65,4265
"10457",2020-08-27 19:31:00,40.66,40.67,40.64,40.65,4228
"10458",2020-08-27 19:32:00,40.66,40.66,40.64,40.64,2611
"10459",2020-08-27 19:33:00,40.64,40.66,40.63,40.63,1837
"10460",2020-08-27 19:34:00,40.64,40.64,40.61,40.62,3265
"10461",2020-08-27 19:35:00,40.63,40.64,40.62,40.62,3749
"10462",2020-08-27 19:36:00,40.62,40.62,40.56,40.58,6561
"10463",2020-08-27 19:37:00,40.57,40.57,40.55,40.55,4101
"10464",2020-08-27 19:38:00,40.54,40.56,40.53,40.53,6601
"10465",2020-08-27 19:39:00,40.54,40.54,40.47,40.47,7181
"10466",2020-08-27 19:40:00,40.47,40.48,40.45,40.48,5300
"10467",2020-08-27 19:41:00,40.49,40.52,40.49,40.52,2536
"10468",2020-08-27 19:42:00,40.52,40.53,40.51,40.52,1545
"10469",2020-08-27 19:43:00,40.52,40.52,40.5,40.51,3829
"10470",2020-08-27 19:44:00,40.52,40.56,40.52,40.56,2114
"10471",2020-08-27 19:45:00,40.57,40.57,40.52,40.53,2965
"10472",2020-08-27 19:46:00,40.52,40.54,40.5,40.51,2135
"10473",2020-08-27 19:47:00,40.53,40.55,40.52,40.55,2474
"10474",2020-08-27 19:48:00,40.53,40.53,40.46,40.47,2773
"10475",2020-08-27 19:49:00,40.47,40.48,40.42,40.43,2843
"10476",2020-08-27 19:50:00,40.43,40.44,40.4,40.43,3601
"10477",2020-08-27 19:51:00,40.43,40.43,40.4,40.42,808
"10478",2020-08-27 19:52:00,40.44,40.44,40.36,40.36,2404
"10479",2020-08-27 19:53:00,40.36,40.39,40.32,40.34,4894
"10480",2020-08-27 19:54:00,40.32,40.32,40.25,40.25,5219
"10481",2020-08-27 19:55:00,40.26,40.37,40.26,40.35,3910
"10482",2020-08-27 19:56:00,40.36,40.44,40.36,40.44,1207
"10483",2020-08-27 19:57:00,40.44,40.44,40.36,40.36,4366
"10484",2020-08-27 19:58:00,40.38,40.38,40.34,40.34,1437
"10485",2020-08-27 19:59:00,40.34,40.36,40.27,40.27,4309
"10486",2020-08-27 20:00:00,40.28,40.34,40.28,40.33,3110
"10487",2020-08-27 20:01:00,40.32,40.36,40.3,40.33,2482
"10488",2020-08-27 20:02:00,40.33,40.34,40.3,40.3,2001
"10489",2020-08-27 20:03:00,40.31,40.35,40.29,40.35,2699
"10490",2020-08-27 20:04:00,40.34,40.34,40.28,40.31,8817
"10491",2020-08-27 20:05:00,40.31,40.31,40.27,40.31,4728
"10492",2020-08-27 20:06:00,40.3,40.3,40.26,40.28,2466
"10493",2020-08-27 20:07:00,40.27,40.33,40.27,40.33,4188
"10494",2020-08-27 20:08:00,40.32,40.39,40.32,40.38,2766
"10495",2020-08-27 20:09:00,40.39,40.41,40.39,40.41,2734
"10496",2020-08-27 20:10:00,40.42,40.42,40.4,40.41,1715
"10497",2020-08-27 20:11:00,40.41,40.41,40.4,40.41,1563
"10498",2020-08-27 20:12:00,40.41,40.45,40.41,40.45,2269
"10499",2020-08-27 20:13:00,40.46,40.48,40.45,40.48,1728
"10500",2020-08-27 20:14:00,40.49,40.5,40.48,40.49,2247
"10501",2020-08-27 20:15:00,40.48,40.51,40.48,40.51,1625
"10502",2020-08-27 20:16:00,40.5,40.5,40.48,40.48,2317
"10503",2020-08-27 20:17:00,40.48,40.49,40.43,40.45,4359
"10504",2020-08-27 20:18:00,40.46,40.49,40.46,40.47,3506
"10505",2020-08-27 20:19:00,40.47,40.53,40.46,40.53,3693
"10506",2020-08-27 20:20:00,40.52,40.55,40.52,40.55,1862
"10507",2020-08-27 20:21:00,40.54,40.56,40.53,40.56,1467
"10508",2020-08-27 20:22:00,40.56,40.58,40.56,40.58,3826
"10509",2020-08-27 20:23:00,40.59,40.6,40.59,40.6,2279
"10510",2020-08-27 20:24:00,40.6,40.6,40.58,40.58,2948
"10511",2020-08-27 20:25:00,40.59,40.6,40.57,40.58,2006
"10512",2020-08-27 20:26:00,40.58,40.63,40.58,40.63,2000
"10513",2020-08-27 20:27:00,40.62,40.63,40.62,40.63,1032
"10514",2020-08-27 20:28:00,40.64,40.66,40.64,40.65,3153
"10515",2020-08-27 20:29:00,40.64,40.64,40.62,40.64,2337
"10516",2020-08-27 20:30:00,40.65,40.68,40.65,40.68,1172
"10517",2020-08-27 20:31:00,40.68,40.7,40.67,40.67,3453
"10518",2020-08-27 20:32:00,40.67,40.67,40.65,40.66,1270
"10519",2020-08-27 20:33:00,40.69,40.69,40.65,40.65,2799
"10520",2020-08-27 20:34:00,40.65,40.65,40.64,40.65,996
"10521",2020-08-27 20:35:00,40.66,40.67,40.66,40.67,806
"10522",2020-08-27 20:36:00,40.68,40.68,40.66,40.66,1810
"10523",2020-08-27 20:37:00,40.66,40.67,40.62,40.64,2143
"10524",2020-08-27 20:38:00,40.63,40.67,40.63,40.67,1142
"10525",2020-08-27 20:39:00,40.66,40.68,40.66,40.68,413
"10526",2020-08-27 20:40:00,40.69,40.69,40.67,40.68,1253
"10527",2020-08-27 20:41:00,40.68,40.7,40.68,40.7,584
"10528",2020-08-27 20:42:00,40.7,40.7,40.69,40.69,1252
"10529",2020-08-27 20:43:00,40.68,40.68,40.65,40.66,2462
"10530",2020-08-27 20:44:00,40.67,40.67,40.65,40.65,1704
"10531",2020-08-27 20:45:00,40.65,40.66,40.64,40.66,1315
"10532",2020-08-27 20:46:00,40.66,40.66,40.63,40.64,3032
"10533",2020-08-27 20:47:00,40.64,40.66,40.63,40.65,1912
"10534",2020-08-27 20:48:00,40.64,40.65,40.64,40.65,3369
"10535",2020-08-27 20:49:00,40.64,40.64,40.63,40.63,1548
"10536",2020-08-27 20:50:00,40.62,40.64,40.6,40.64,2207
"10537",2020-08-27 20:51:00,40.64,40.65,40.64,40.64,1313
"10538",2020-08-27 20:52:00,40.64,40.64,40.58,40.58,3850
"10539",2020-08-27 20:53:00,40.57,40.59,40.57,40.58,1269
"10540",2020-08-27 20:54:00,40.58,40.59,40.57,40.59,1378
"10541",2020-08-27 20:55:00,40.6,40.6,40.6,40.6,1162
"10542",2020-08-27 20:56:00,40.6,40.61,40.6,40.6,7705
"10543",2020-08-27 20:57:00,40.61,40.64,40.61,40.64,6382
"10544",2020-08-27 20:58:00,40.63,40.65,40.61,40.64,5886
"10545",2020-08-27 20:59:00,40.64,40.65,40.64,40.65,900
"10546",2020-08-27 21:00:00,40.64,40.68,40.64,40.68,2350
"10547",2020-08-27 21:01:00,40.67,40.7,40.67,40.7,1370
"10548",2020-08-27 21:02:00,40.71,40.73,40.71,40.73,980
"10549",2020-08-27 21:03:00,40.72,40.75,40.72,40.75,1521
"10550",2020-08-27 21:04:00,40.76,40.76,40.74,40.74,2764
"10551",2020-08-27 21:05:00,40.73,40.73,40.72,40.73,2020
"10552",2020-08-27 21:06:00,40.72,40.72,40.71,40.71,1900
"10553",2020-08-27 21:07:00,40.71,40.72,40.7,40.71,501
"10554",2020-08-27 21:08:00,40.71,40.71,40.71,40.71,100
"10555",2020-08-27 21:09:00,40.71,40.71,40.71,40.71,623
"10556",2020-08-27 21:10:00,40.71,40.71,40.68,40.68,2770
"10557",2020-08-27 21:11:00,40.68,40.68,40.62,40.62,1936
"10558",2020-08-27 21:12:00,40.62,40.63,40.6,40.63,2867
"10559",2020-08-27 21:13:00,40.64,40.67,40.63,40.65,1431
"10560",2020-08-27 21:14:00,40.64,40.64,40.63,40.64,1058
"10561",2020-08-27 21:15:00,40.65,40.67,40.65,40.67,630
"10562",2020-08-27 21:16:00,40.66,40.69,40.66,40.69,3704
"10563",2020-08-27 21:17:00,40.69,40.69,40.67,40.68,1857
"10564",2020-08-27 21:18:00,40.7,40.71,40.7,40.7,1376
"10565",2020-08-27 21:19:00,40.7,40.7,40.7,40.7,531
"10566",2020-08-27 21:20:00,40.71,40.73,40.71,40.73,829
"10567",2020-08-27 21:21:00,40.73,40.73,40.72,40.72,589
"10568",2020-08-27 21:22:00,40.71,40.71,40.71,40.71,689
"10569",2020-08-27 21:23:00,40.71,40.71,40.7,40.7,1652
"10570",2020-08-27 21:24:00,40.69,40.71,40.69,40.7,1820
"10571",2020-08-27 21:25:00,40.71,40.71,40.71,40.71,501
"10572",2020-08-27 21:26:00,40.72,40.73,40.72,40.73,662
"10573",2020-08-27 21:27:00,40.72,40.74,40.72,40.74,1015
"10574",2020-08-27 21:28:00,40.75,40.82,40.75,40.82,8402
"10575",2020-08-27 21:29:00,40.8,40.85,40.8,40.85,2560
"10576",2020-08-27 21:30:00,40.84,40.84,40.82,40.84,2322
"10577",2020-08-27 21:31:00,40.84,40.84,40.82,40.83,3170
"10578",2020-08-27 21:32:00,40.83,40.86,40.83,40.83,2491
"10579",2020-08-27 21:33:00,40.84,40.84,40.83,40.84,1738
"10580",2020-08-27 21:34:00,40.84,40.84,40.83,40.84,1062
"10581",2020-08-27 21:35:00,40.84,40.84,40.82,40.83,2135
"10582",2020-08-27 21:36:00,40.83,40.84,40.83,40.84,2001
"10583",2020-08-27 21:37:00,40.85,40.86,40.85,40.86,920
"10584",2020-08-27 21:38:00,40.86,40.86,40.86,40.86,1001
"10585",2020-08-27 21:39:00,40.86,40.88,40.8,40.82,8472
"10586",2020-08-27 21:40:00,40.83,40.83,40.79,40.82,2858
"10587",2020-08-27 21:41:00,40.83,40.84,40.83,40.84,1278
"10588",2020-08-27 21:42:00,40.83,40.83,40.8,40.8,1720
"10589",2020-08-27 21:43:00,40.8,40.82,40.8,40.82,1402
"10590",2020-08-27 21:44:00,40.82,40.82,40.79,40.8,2116
"10591",2020-08-27 21:45:00,40.79,40.79,40.76,40.76,6897
"10592",2020-08-27 21:46:00,40.76,40.77,40.74,40.74,1932
"10593",2020-08-27 21:47:00,40.74,40.75,40.71,40.75,5929
"10594",2020-08-27 21:48:00,40.76,40.76,40.71,40.71,3113
"10595",2020-08-27 21:49:00,40.71,40.71,40.68,40.68,4539
"10596",2020-08-27 21:50:00,40.68,40.68,40.66,40.66,760
"10597",2020-08-27 21:51:00,40.65,40.68,40.65,40.65,2895
"10598",2020-08-27 21:52:00,40.64,40.68,40.64,40.68,3618
"10599",2020-08-27 21:53:00,40.68,40.7,40.68,40.7,2636
"10600",2020-08-27 21:54:00,40.7,40.7,40.66,40.67,3105
"10601",2020-08-27 21:55:00,40.67,40.68,40.66,40.67,5580
"10602",2020-08-27 21:56:00,40.67,40.7,40.67,40.69,3961
"10603",2020-08-27 21:57:00,40.68,40.68,40.67,40.67,1644
"10604",2020-08-27 21:58:00,40.67,40.67,40.66,40.66,973
"10605",2020-08-27 21:59:00,40.66,40.69,40.66,40.69,3394
"10606",2020-08-27 22:00:00,40.7,40.7,40.69,40.69,1238
"10607",2020-08-27 22:01:00,40.7,40.73,40.7,40.73,2587
"10608",2020-08-27 22:02:00,40.73,40.74,40.72,40.73,2094
"10609",2020-08-27 22:03:00,40.72,40.74,40.72,40.72,1425
"10610",2020-08-27 22:04:00,40.72,40.73,40.7,40.7,2991
"10611",2020-08-27 22:05:00,40.69,40.69,40.66,40.66,3753
"10612",2020-08-27 22:06:00,40.66,40.66,40.61,40.61,5794
"10613",2020-08-27 22:07:00,40.6,40.63,40.59,40.63,6729
"10614",2020-08-27 22:08:00,40.64,40.65,40.64,40.65,2778
"10615",2020-08-27 22:09:00,40.64,40.64,40.62,40.63,3250
"10616",2020-08-27 22:10:00,40.63,40.63,40.62,40.62,931
"10617",2020-08-27 22:11:00,40.63,40.66,40.63,40.66,2051
"10618",2020-08-27 22:12:00,40.66,40.66,40.62,40.62,2874
"10619",2020-08-27 22:13:00,40.63,40.63,40.62,40.62,3106
"10620",2020-08-27 22:14:00,40.63,40.66,40.63,40.66,2860
"10621",2020-08-27 22:15:00,40.66,40.66,40.62,40.64,2839
"10622",2020-08-27 22:16:00,40.64,40.66,40.64,40.66,2812
"10623",2020-08-27 22:17:00,40.66,40.66,40.65,40.66,236
"10624",2020-08-27 22:18:00,40.66,40.66,40.64,40.65,2420
"10625",2020-08-27 22:19:00,40.66,40.66,40.66,40.66,593
"10626",2020-08-27 22:20:00,40.66,40.66,40.66,40.66,700
"10627",2020-08-27 22:21:00,40.66,40.69,40.66,40.69,2020
"10628",2020-08-27 22:22:00,40.7,40.72,40.66,40.66,6697
"10629",2020-08-27 22:23:00,40.66,40.66,40.65,40.66,3230
"10630",2020-08-27 22:24:00,40.66,40.66,40.64,40.64,3704
"10631",2020-08-27 22:25:00,40.63,40.65,40.62,40.65,408
"10632",2020-08-27 22:26:00,40.66,40.66,40.56,40.58,27532
"10633",2020-08-27 22:27:00,40.58,40.62,40.58,40.62,5368
"10634",2020-08-27 22:28:00,40.62,40.62,40.61,40.62,4533
"10635",2020-08-27 22:29:00,40.63,40.64,40.63,40.64,509
"10636",2020-08-27 22:30:00,40.64,40.66,40.64,40.66,3474
"10637",2020-08-27 22:31:00,40.67,40.68,40.67,40.68,2995
"10638",2020-08-27 22:32:00,40.67,40.67,40.64,40.67,4403
"10639",2020-08-27 22:33:00,40.67,40.67,40.61,40.62,4417
"10640",2020-08-27 22:34:00,40.62,40.64,40.62,40.64,4910
"10641",2020-08-27 22:35:00,40.64,40.66,40.64,40.66,3191
"10642",2020-08-27 22:36:00,40.66,40.66,40.66,40.66,440
"10643",2020-08-27 22:37:00,40.65,40.66,40.65,40.66,3468
"10644",2020-08-27 22:38:00,40.66,40.67,40.66,40.66,2888
"10645",2020-08-27 22:39:00,40.66,40.68,40.66,40.66,5932
"10646",2020-08-27 22:40:00,40.65,40.65,40.61,40.61,7500
"10647",2020-08-27 22:41:00,40.61,40.62,40.6,40.62,7723
"10648",2020-08-27 22:42:00,40.62,40.64,40.62,40.64,4066
"10649",2020-08-27 22:43:00,40.64,40.65,40.64,40.64,7523
"10650",2020-08-27 22:44:00,40.64,40.64,40.59,40.59,6595
"10651",2020-08-27 22:45:00,40.59,40.59,40.54,40.56,16353
"10652",2020-08-27 22:46:00,40.58,40.62,40.58,40.62,4943
"10653",2020-08-27 22:47:00,40.62,40.63,40.6,40.61,9334
"10654",2020-08-27 22:48:00,40.6,40.6,40.59,40.6,3928
"10655",2020-08-27 22:49:00,40.61,40.64,40.61,40.64,3736
"10656",2020-08-27 22:50:00,40.64,40.64,40.61,40.61,11143
"10657",2020-08-27 22:51:00,40.6,40.65,40.53,40.53,13102
"10658",2020-08-27 22:52:00,40.52,40.56,40.52,40.52,17381
"10659",2020-08-27 22:53:00,40.52,40.55,40.52,40.53,6995
"10660",2020-08-27 22:54:00,40.52,40.54,40.51,40.52,12773
"10661",2020-08-27 22:55:00,40.53,40.54,40.52,40.52,7442
"10662",2020-08-27 22:56:00,40.52,40.55,40.52,40.54,11296
"10663",2020-08-27 22:57:00,40.53,40.54,40.47,40.47,13790
"10664",2020-08-27 22:58:00,40.47,40.47,40.39,40.39,15560
"10665",2020-08-27 22:59:00,40.4,40.45,40.4,40.44,17324
"10666",2020-08-27 23:00:00,40.43,40.52,40.39,40.39,43976
"10667",2020-08-27 23:01:00,40.82,40.82,40.82,40.82,3
"10668",2020-08-27 23:02:00,40.43,40.43,40.43,40.43,10
"10669",2020-08-27 23:03:00,40.39,40.39,40.39,40.39,4292
"10670",2020-08-27 23:06:00,40.33,40.39,40.33,40.39,11
"10671",2020-08-27 23:07:00,40.39,40.39,40.39,40.39,49
"10672",2020-08-27 23:11:00,40.54,40.54,40.54,40.54,2
"10673",2020-08-27 23:14:00,40.23,40.23,40.23,40.23,10
"10674",2020-08-27 23:16:00,40.31,40.31,40.31,40.31,10
"10675",2020-08-27 23:21:00,40.81,40.81,40.81,40.81,10
"10676",2020-08-27 23:26:00,40.34,40.34,40.25,40.25,15
"10677",2020-08-27 23:30:00,40.37,40.37,40.37,40.37,40
"10678",2020-08-27 23:32:00,40.32,40.32,40.32,40.32,2
"10679",2020-08-27 23:36:00,40.8,40.8,40.8,40.8,1
"10680",2020-08-27 23:40:00,40.35,40.35,40.35,40.35,2
"10681",2020-08-27 23:42:00,40.5,40.5,40.5,40.5,40
"10682",2020-08-28 00:10:00,40.4,40.51,40.39,40.4,103
"10683",2020-08-28 00:41:00,40.45,40.45,40.45,40.45,1
"10684",2020-08-28 00:44:00,40.79,40.79,40.79,40.79,1
"10685",2020-08-28 01:10:00,40.7,40.7,40.7,40.7,2
"10686",2020-08-28 10:03:00,40.84,40.84,40.84,40.84,10
"10687",2020-08-28 10:05:00,40.72,40.72,40.72,40.72,10
"10688",2020-08-28 10:08:00,40.57,40.57,40.57,40.57,2
"10689",2020-08-28 10:09:00,40.7,40.7,40.7,40.7,1
"10690",2020-08-28 10:12:00,40.6,40.6,40.6,40.6,15
"10691",2020-08-28 10:13:00,40.71,40.71,40.71,40.71,10
"10692",2020-08-28 10:17:00,40.67,40.67,40.67,40.67,37
"10693",2020-08-28 10:20:00,40.62,40.62,40.62,40.62,1
"10694",2020-08-28 10:21:00,40.62,40.62,40.62,40.62,253
"10695",2020-08-28 10:22:00,40.62,40.74,40.62,40.62,503
"10696",2020-08-28 10:27:00,40.61,40.61,40.61,40.61,4
"10697",2020-08-28 10:44:00,40.54,40.54,40.47,40.54,10
"10698",2020-08-28 10:55:00,40.54,40.54,40.54,40.54,4
"10699",2020-08-28 10:59:00,40.37,40.37,40.35,40.35,4
"10700",2020-08-28 11:00:00,40.53,40.53,40.53,40.53,10
"10701",2020-08-28 11:12:00,40.47,40.47,40.47,40.47,5
"10702",2020-08-28 11:16:00,40.53,40.53,40.53,40.53,200
"10703",2020-08-28 11:17:00,40.53,40.53,40.53,40.53,37
"10704",2020-08-28 11:22:00,40.66,40.66,40.66,40.66,1
"10705",2020-08-28 11:23:00,40.53,40.53,40.53,40.53,1
"10706",2020-08-28 11:26:00,40.56,40.56,40.56,40.56,1
"10707",2020-08-28 11:27:00,40.62,40.62,40.62,40.62,1
"10708",2020-08-28 11:29:00,40.67,40.67,40.67,40.67,2
"10709",2020-08-28 11:31:00,40.68,40.68,40.68,40.68,6
"10710",2020-08-28 11:32:00,40.67,40.67,40.67,40.67,400
"10711",2020-08-28 11:40:00,40.67,40.67,40.67,40.67,1
"10712",2020-08-28 11:47:00,40.63,40.63,40.63,40.63,1
"10713",2020-08-28 11:59:00,40.76,40.76,40.76,40.76,3
"10714",2020-08-28 12:03:00,40.75,40.76,40.75,40.76,2
"10715",2020-08-28 12:04:00,40.76,40.76,40.76,40.76,10
"10716",2020-08-28 12:18:00,40.77,40.78,40.77,40.78,100
"10717",2020-08-28 12:19:00,40.78,40.78,40.78,40.78,12
"10718",2020-08-28 12:20:00,40.76,40.76,40.76,40.76,2
"10719",2020-08-28 12:27:00,40.78,40.78,40.78,40.78,16
"10720",2020-08-28 12:57:00,40.72,40.72,40.72,40.72,1
"10721",2020-08-28 13:02:00,40.7,40.7,40.7,40.7,1
"10722",2020-08-28 13:03:00,40.72,40.72,40.72,40.72,1
"10723",2020-08-28 13:08:00,40.68,40.68,40.68,40.68,2
"10724",2020-08-28 13:12:00,40.62,40.62,40.62,40.62,1
"10725",2020-08-28 13:17:00,40.59,40.59,40.59,40.59,1
"10726",2020-08-28 13:19:00,40.53,40.53,40.42,40.42,403
"10727",2020-08-28 13:29:00,40.52,40.52,40.52,40.52,4
"10728",2020-08-28 13:34:00,40.46,40.46,40.46,40.46,2
"10729",2020-08-28 13:37:00,40.46,40.46,40.46,40.46,1
"10730",2020-08-28 13:40:00,40.51,40.51,40.51,40.51,2
"10731",2020-08-28 13:49:00,40.47,40.47,40.47,40.47,3
"10732",2020-08-28 13:54:00,40.52,40.52,40.52,40.52,1
"10733",2020-08-28 13:59:00,40.47,40.47,40.47,40.47,70
"10734",2020-08-28 14:01:00,40.52,40.52,40.52,40.52,10
"10735",2020-08-28 14:04:00,40.52,40.52,40.52,40.52,2
"10736",2020-08-28 14:05:00,40.52,40.52,40.52,40.52,10
"10737",2020-08-28 14:06:00,40.52,40.52,40.52,40.52,7
"10738",2020-08-28 14:07:00,40.55,40.55,40.55,40.55,3
"10739",2020-08-28 14:08:00,40.54,40.54,40.54,40.54,1
"10740",2020-08-28 14:12:00,40.53,40.53,40.53,40.53,1
"10741",2020-08-28 14:15:00,40.54,40.55,40.54,40.55,9
"10742",2020-08-28 14:17:00,40.51,40.51,40.46,40.46,101
"10743",2020-08-28 14:19:00,40.4,40.4,40.4,40.4,8
"10744",2020-08-28 14:40:00,40.49,40.49,40.49,40.49,2
"10745",2020-08-28 14:44:00,40.46,40.46,40.44,40.46,13
"10746",2020-08-28 14:50:00,40.45,40.45,40.45,40.45,24
"10747",2020-08-28 14:53:00,40.45,40.45,40.45,40.45,10
"10748",2020-08-28 14:58:00,40.49,40.49,40.49,40.49,3
"10749",2020-08-28 15:00:00,40.53,40.54,40.53,40.54,4
"10750",2020-08-28 15:02:00,40.54,40.54,40.54,40.54,12
"10751",2020-08-28 15:16:00,40.5,40.5,40.5,40.5,100
"10752",2020-08-28 15:17:00,40.5,40.5,40.5,40.5,2
"10753",2020-08-28 15:19:00,40.5,40.5,40.5,40.5,2
"10754",2020-08-28 15:21:00,40.5,40.5,40.45,40.45,32
"10755",2020-08-28 15:25:00,40.45,40.45,40.45,40.45,1
"10756",2020-08-28 15:26:00,40.49,40.49,40.49,40.49,10
"10757",2020-08-28 15:29:00,40.45,40.45,40.45,40.45,3
"10758",2020-08-28 15:30:00,40.54,40.54,40.54,40.54,15
"10759",2020-08-28 15:33:00,40.54,40.54,40.54,40.54,6
"10760",2020-08-28 15:36:00,40.54,40.54,40.54,40.54,2
"10761",2020-08-28 15:40:00,40.54,40.54,40.5,40.5,1037
"10762",2020-08-28 15:50:00,40.5,40.5,40.5,40.5,93
"10763",2020-08-28 15:53:00,40.5,40.5,40.5,40.5,1
"10764",2020-08-28 16:01:00,40.49,40.49,40.49,40.49,21
"10765",2020-08-28 16:02:00,40.49,40.49,40.49,40.49,11
"10766",2020-08-28 16:03:00,40.49,40.49,40.46,40.46,9
"10767",2020-08-28 16:04:00,40.5,40.65,40.5,40.52,232
"10768",2020-08-28 16:07:00,40.53,40.53,40.53,40.53,1
"10769",2020-08-28 16:08:00,40.53,40.53,40.53,40.53,2
"10770",2020-08-28 16:09:00,40.55,40.65,40.55,40.65,59
"10771",2020-08-28 16:10:00,40.53,40.53,40.53,40.53,5
"10772",2020-08-28 16:11:00,40.53,40.53,40.53,40.53,3
"10773",2020-08-28 16:15:00,40.6,40.6,40.6,40.6,50
"10774",2020-08-28 16:18:00,40.57,40.58,40.57,40.58,80
"10775",2020-08-28 16:19:00,40.49,40.49,40.46,40.46,10
"10776",2020-08-28 16:22:00,40.45,40.45,40.45,40.45,1
"10777",2020-08-28 16:24:00,40.54,40.54,40.54,40.54,1
"10778",2020-08-28 16:26:00,40.49,40.5,40.49,40.5,7
"10779",2020-08-28 16:27:00,40.5,40.5,40.5,40.5,9
"10780",2020-08-28 16:29:00,40.54,40.54,40.5,40.5,4
"10781",2020-08-28 16:30:00,40.54,40.64,40.5,40.5,314
"10782",2020-08-28 16:31:00,40.5,40.63,40.42,40.58,3866
"10783",2020-08-28 16:32:00,40.56,40.57,40.46,40.46,4138
"10784",2020-08-28 16:33:00,40.48,40.62,40.47,40.61,5371
"10785",2020-08-28 16:34:00,40.6,40.63,40.54,40.62,4386
"10786",2020-08-28 16:35:00,40.63,40.77,40.63,40.76,7093
"10787",2020-08-28 16:36:00,40.74,40.76,40.62,40.62,3703
"10788",2020-08-28 16:37:00,40.61,40.67,40.59,40.6,3669
"10789",2020-08-28 16:38:00,40.6,40.65,40.54,40.63,8512
"10790",2020-08-28 16:39:00,40.62,40.72,40.6,40.72,2612
"10791",2020-08-28 16:40:00,40.73,40.73,40.62,40.62,3201
"10792",2020-08-28 16:41:00,40.62,40.69,40.62,40.63,7945
"10793",2020-08-28 16:42:00,40.6,40.62,40.45,40.45,6708
"10794",2020-08-28 16:43:00,40.46,40.53,40.46,40.53,9964
"10795",2020-08-28 16:44:00,40.51,40.52,40.47,40.49,3764
"10796",2020-08-28 16:45:00,40.49,40.64,40.47,40.64,9298
"10797",2020-08-28 16:46:00,40.63,40.67,40.62,40.64,6470
"10798",2020-08-28 16:47:00,40.64,40.64,40.54,40.57,6528
"10799",2020-08-28 16:48:00,40.57,40.66,40.57,40.63,2243
"10800",2020-08-28 16:49:00,40.64,40.64,40.58,40.59,2766
"10801",2020-08-28 16:50:00,40.56,40.62,40.56,40.62,1810
"10802",2020-08-28 16:51:00,40.6,40.61,40.5,40.5,2905
"10803",2020-08-28 16:52:00,40.5,40.58,40.5,40.54,7734
"10804",2020-08-28 16:53:00,40.53,40.59,40.49,40.59,4263
"10805",2020-08-28 16:54:00,40.59,40.59,40.54,40.55,2510
"10806",2020-08-28 16:55:00,40.56,40.59,40.53,40.58,6469
"10807",2020-08-28 16:56:00,40.56,40.56,40.51,40.53,2110
"10808",2020-08-28 16:57:00,40.57,40.63,40.56,40.56,2228
"10809",2020-08-28 16:58:00,40.56,40.65,40.56,40.65,1914
"10810",2020-08-28 16:59:00,40.65,40.68,40.64,40.67,1058
"10811",2020-08-28 17:00:00,40.67,40.7,40.66,40.68,3110
"10812",2020-08-28 17:01:00,40.68,40.68,40.6,40.62,1162
"10813",2020-08-28 17:02:00,40.61,40.68,40.58,40.66,2332
"10814",2020-08-28 17:03:00,40.65,40.73,40.65,40.72,1810
"10815",2020-08-28 17:04:00,40.74,40.74,40.72,40.73,2908
"10816",2020-08-28 17:05:00,40.75,40.76,40.69,40.71,2163
"10817",2020-08-28 17:06:00,40.73,40.8,40.68,40.8,4772
"10818",2020-08-28 17:07:00,40.8,40.82,40.78,40.79,3434
"10819",2020-08-28 17:08:00,40.79,40.79,40.75,40.77,3341
"10820",2020-08-28 17:09:00,40.78,40.83,40.77,40.77,4353
"10821",2020-08-28 17:10:00,40.75,40.75,40.72,40.75,1327
"10822",2020-08-28 17:11:00,40.75,40.82,40.75,40.81,3741
"10823",2020-08-28 17:12:00,40.81,40.81,40.78,40.78,978
"10824",2020-08-28 17:13:00,40.8,40.86,40.8,40.85,5172
"10825",2020-08-28 17:14:00,40.85,40.85,40.81,40.84,4760
"10826",2020-08-28 17:15:00,40.82,40.89,40.82,40.86,1571
"10827",2020-08-28 17:16:00,40.88,40.9,40.86,40.87,2190
"10828",2020-08-28 17:17:00,40.85,40.92,40.85,40.92,3771
"10829",2020-08-28 17:18:00,40.93,40.94,40.89,40.89,2241
"10830",2020-08-28 17:19:00,40.9,40.9,40.88,40.88,352
"10831",2020-08-28 17:20:00,40.9,40.92,40.87,40.91,4023
"10832",2020-08-28 17:21:00,40.91,40.92,40.9,40.92,767
"10833",2020-08-28 17:22:00,40.93,40.94,40.92,40.94,2115
"10834",2020-08-28 17:23:00,40.94,40.95,40.94,40.94,992
"10835",2020-08-28 17:24:00,40.95,40.97,40.94,40.97,1941
"10836",2020-08-28 17:25:00,40.98,41.01,40.97,40.99,19185
"10837",2020-08-28 17:26:00,41.02,41.03,41,41,2852
"10838",2020-08-28 17:27:00,41,41,40.97,40.97,2686
"10839",2020-08-28 17:28:00,40.96,40.99,40.96,40.99,3487
"10840",2020-08-28 17:29:00,40.99,41.04,40.99,41.04,19720
"10841",2020-08-28 17:30:00,41.03,41.03,40.99,40.99,523
"10842",2020-08-28 17:31:00,40.98,40.98,40.94,40.97,4191
"10843",2020-08-28 17:32:00,40.98,41.02,40.94,40.94,6173
"10844",2020-08-28 17:33:00,40.94,40.94,40.85,40.85,5262
"10845",2020-08-28 17:34:00,40.84,40.84,40.82,40.82,616
"10846",2020-08-28 17:35:00,40.84,40.86,40.83,40.85,2074
"10847",2020-08-28 17:36:00,40.84,40.86,40.78,40.78,3118
"10848",2020-08-28 17:37:00,40.77,40.77,40.72,40.72,3111
"10849",2020-08-28 17:38:00,40.73,40.74,40.73,40.74,975
"10850",2020-08-28 17:39:00,40.72,40.79,40.71,40.79,1037
"10851",2020-08-28 17:40:00,40.8,40.83,40.8,40.81,1709
"10852",2020-08-28 17:41:00,40.81,40.83,40.81,40.83,2007
"10853",2020-08-28 17:42:00,40.83,40.86,40.81,40.81,2074
"10854",2020-08-28 17:43:00,40.8,40.84,40.77,40.84,2951
"10855",2020-08-28 17:44:00,40.84,40.87,40.84,40.86,2117
"10856",2020-08-28 17:45:00,40.88,40.93,40.88,40.92,5529
"10857",2020-08-28 17:46:00,40.94,40.97,40.94,40.96,4238
"10858",2020-08-28 17:47:00,40.97,40.97,40.87,40.87,2325
"10859",2020-08-28 17:48:00,40.88,40.88,40.81,40.82,2527
"10860",2020-08-28 17:49:00,40.83,40.85,40.83,40.85,849
"10861",2020-08-28 17:50:00,40.84,40.88,40.82,40.86,3744
"10862",2020-08-28 17:51:00,40.88,40.88,40.84,40.84,3077
"10863",2020-08-28 17:52:00,40.82,40.82,40.78,40.8,2375
"10864",2020-08-28 17:53:00,40.79,40.79,40.72,40.76,6413
"10865",2020-08-28 17:54:00,40.76,40.8,40.72,40.8,3216
"10866",2020-08-28 17:55:00,40.8,40.8,40.78,40.79,625
"10867",2020-08-28 17:56:00,40.79,40.81,40.76,40.77,1606
"10868",2020-08-28 17:57:00,40.78,40.78,40.74,40.75,1243
"10869",2020-08-28 17:58:00,40.73,40.8,40.72,40.8,2017
"10870",2020-08-28 17:59:00,40.78,40.78,40.76,40.76,1936
"10871",2020-08-28 18:00:00,40.77,40.79,40.76,40.78,1292
"10872",2020-08-28 18:01:00,40.8,40.8,40.77,40.77,658
"10873",2020-08-28 18:02:00,40.76,40.79,40.76,40.79,463
"10874",2020-08-28 18:03:00,40.79,40.8,40.78,40.79,977
"10875",2020-08-28 18:04:00,40.78,40.78,40.75,40.78,2289
"10876",2020-08-28 18:05:00,40.79,40.8,40.77,40.8,1158
"10877",2020-08-28 18:06:00,40.81,40.85,40.8,40.85,2425
"10878",2020-08-28 18:07:00,40.85,40.88,40.85,40.88,1771
"10879",2020-08-28 18:08:00,40.88,40.9,40.88,40.88,2150
"10880",2020-08-28 18:09:00,40.88,40.88,40.85,40.85,2202
"10881",2020-08-28 18:10:00,40.85,40.85,40.83,40.84,1697
"10882",2020-08-28 18:11:00,40.84,40.86,40.84,40.86,1205
"10883",2020-08-28 18:12:00,40.87,40.88,40.87,40.87,1592
"10884",2020-08-28 18:13:00,40.86,40.87,40.86,40.87,400
"10885",2020-08-28 18:14:00,40.86,40.86,40.84,40.86,1414
"10886",2020-08-28 18:15:00,40.86,40.86,40.82,40.82,651
"10887",2020-08-28 18:16:00,40.82,40.83,40.82,40.83,953
"10888",2020-08-28 18:17:00,40.81,40.81,40.8,40.81,815
"10889",2020-08-28 18:18:00,40.81,40.81,40.8,40.8,474
"10890",2020-08-28 18:19:00,40.81,40.82,40.81,40.82,734
"10891",2020-08-28 18:20:00,40.82,40.84,40.82,40.84,958
"10892",2020-08-28 18:21:00,40.84,40.86,40.84,40.84,1672
"10893",2020-08-28 18:22:00,40.86,40.87,40.86,40.87,558
"10894",2020-08-28 18:23:00,40.88,40.88,40.87,40.87,447
"10895",2020-08-28 18:24:00,40.87,40.88,40.86,40.86,954
"10896",2020-08-28 18:25:00,40.86,40.87,40.85,40.87,305
"10897",2020-08-28 18:26:00,40.88,40.92,40.86,40.91,2484
"10898",2020-08-28 18:27:00,40.9,40.9,40.89,40.89,522
"10899",2020-08-28 18:28:00,40.88,40.88,40.88,40.88,100
"10900",2020-08-28 18:29:00,40.88,40.88,40.87,40.87,500
"10901",2020-08-28 18:31:00,40.86,40.86,40.85,40.85,968
"10902",2020-08-28 18:32:00,40.86,40.86,40.86,40.86,642
"10903",2020-08-28 18:33:00,40.86,40.86,40.82,40.83,763
"10904",2020-08-28 18:34:00,40.83,40.84,40.83,40.84,208
"10905",2020-08-28 18:35:00,40.85,40.85,40.84,40.84,600
"10906",2020-08-28 18:36:00,40.85,40.88,40.85,40.86,345
"10907",2020-08-28 18:37:00,40.86,40.86,40.84,40.85,1107
"10908",2020-08-28 18:38:00,40.85,40.85,40.83,40.83,603
"10909",2020-08-28 18:39:00,40.83,40.85,40.83,40.85,800
"10910",2020-08-28 18:40:00,40.88,40.88,40.87,40.87,316
"10911",2020-08-28 18:41:00,40.87,40.92,40.87,40.92,1547
"10912",2020-08-28 18:42:00,40.92,40.93,40.91,40.92,2653
"10913",2020-08-28 18:43:00,40.92,40.94,40.92,40.94,2540
"10914",2020-08-28 18:44:00,40.95,40.97,40.95,40.97,1661
"10915",2020-08-28 18:45:00,40.98,41.01,40.98,41,5014
"10916",2020-08-28 18:46:00,40.99,40.99,40.95,40.95,1513
"10917",2020-08-28 18:47:00,40.95,40.95,40.93,40.93,897
"10918",2020-08-28 18:48:00,40.93,40.95,40.93,40.94,1420
"10919",2020-08-28 18:49:00,40.94,40.95,40.94,40.95,789
"10920",2020-08-28 18:50:00,40.95,40.95,40.93,40.95,1051
"10921",2020-08-28 18:51:00,40.95,40.95,40.94,40.94,665
"10922",2020-08-28 18:52:00,40.94,40.96,40.94,40.95,2046
"10923",2020-08-28 18:53:00,40.94,40.94,40.92,40.92,2820
"10924",2020-08-28 18:54:00,40.92,40.94,40.92,40.93,606
"10925",2020-08-28 18:55:00,40.92,40.93,40.92,40.93,400
"10926",2020-08-28 18:56:00,40.92,40.92,40.89,40.9,2025
"10927",2020-08-28 18:57:00,40.9,40.91,40.89,40.9,1818
"10928",2020-08-28 18:58:00,40.9,40.95,40.89,40.95,2283
"10929",2020-08-28 18:59:00,40.94,40.94,40.93,40.93,242
"10930",2020-08-28 19:00:00,40.92,40.92,40.9,40.91,1228
"10931",2020-08-28 19:01:00,40.9,40.9,40.88,40.89,423
"10932",2020-08-28 19:02:00,40.9,40.9,40.9,40.9,209
"10933",2020-08-28 19:03:00,40.91,40.93,40.91,40.93,844
"10934",2020-08-28 19:04:00,40.94,40.94,40.94,40.94,272
"10935",2020-08-28 19:05:00,40.93,40.93,40.93,40.93,520
"10936",2020-08-28 19:06:00,40.93,40.93,40.93,40.93,1
"10937",2020-08-28 19:08:00,40.94,40.97,40.94,40.97,902
"10938",2020-08-28 19:09:00,40.98,40.99,40.98,40.98,839
"10939",2020-08-28 19:10:00,40.99,40.99,40.97,40.97,954
"10940",2020-08-28 19:11:00,40.97,40.97,40.97,40.97,402
"10941",2020-08-28 19:12:00,40.98,40.98,40.97,40.97,329
"10942",2020-08-28 19:13:00,40.96,40.98,40.96,40.98,221
"10943",2020-08-28 19:14:00,40.98,40.98,40.96,40.96,3015
"10944",2020-08-28 19:15:00,40.95,40.97,40.95,40.97,1902
"10945",2020-08-28 19:16:00,40.97,41.02,40.96,41.01,3004
"10946",2020-08-28 19:17:00,41.01,41.02,41.01,41.01,535
"10947",2020-08-28 19:18:00,41.02,41.02,41.02,41.02,548
"10948",2020-08-28 19:19:00,41.02,41.02,41.02,41.02,550
"10949",2020-08-28 19:20:00,41.02,41.03,41,41,4231
"10950",2020-08-28 19:21:00,41,41.02,40.98,41.01,3072
"10951",2020-08-28 19:22:00,41.01,41.01,40.99,41,2147
"10952",2020-08-28 19:23:00,40.98,40.98,40.96,40.96,758
"10953",2020-08-28 19:24:00,40.95,40.97,40.93,40.97,1515
"10954",2020-08-28 19:25:00,40.98,40.98,40.96,40.96,713
"10955",2020-08-28 19:26:00,40.96,40.96,40.95,40.95,634
"10956",2020-08-28 19:27:00,40.95,40.95,40.95,40.95,201
"10957",2020-08-28 19:28:00,40.95,40.96,40.93,40.96,3527
"10958",2020-08-28 19:29:00,40.96,40.96,40.95,40.95,767
"10959",2020-08-28 19:30:00,40.94,40.94,40.94,40.94,36
"10960",2020-08-28 19:31:00,40.95,40.95,40.94,40.94,588
"10961",2020-08-28 19:32:00,40.95,40.95,40.95,40.95,200
"10962",2020-08-28 19:33:00,40.95,40.96,40.94,40.94,623
"10963",2020-08-28 19:34:00,40.94,40.94,40.94,40.94,200
"10964",2020-08-28 19:35:00,40.94,40.94,40.94,40.94,1300
"10965",2020-08-28 19:36:00,40.94,40.94,40.93,40.93,1463
"10966",2020-08-28 19:37:00,40.92,40.94,40.92,40.94,1447
"10967",2020-08-28 19:38:00,40.92,40.93,40.92,40.92,304
"10968",2020-08-28 19:39:00,40.93,40.95,40.93,40.95,1200
"10969",2020-08-28 19:40:00,40.96,40.96,40.95,40.95,1013
"10970",2020-08-28 19:41:00,40.94,40.95,40.94,40.94,511
"10971",2020-08-28 19:42:00,40.95,40.95,40.94,40.94,327
"10972",2020-08-28 19:43:00,40.94,40.94,40.94,40.94,679
"10973",2020-08-28 19:44:00,40.94,40.94,40.93,40.93,505
"10974",2020-08-28 19:45:00,40.93,40.93,40.92,40.93,1701
"10975",2020-08-28 19:46:00,40.94,40.94,40.94,40.94,200
"10976",2020-08-28 19:47:00,40.94,40.95,40.94,40.95,1452
"10977",2020-08-28 19:48:00,40.97,40.97,40.94,40.94,3463
"10978",2020-08-28 19:49:00,40.95,40.95,40.95,40.95,1215
"10979",2020-08-28 19:50:00,40.96,40.96,40.96,40.96,501
"10980",2020-08-28 19:52:00,40.96,40.96,40.94,40.94,1989
"10981",2020-08-28 19:53:00,40.93,40.94,40.93,40.94,900
"10982",2020-08-28 19:54:00,40.95,40.95,40.94,40.94,897
"10983",2020-08-28 19:55:00,40.95,40.95,40.93,40.94,481
"10984",2020-08-28 19:56:00,40.94,40.95,40.94,40.94,354
"10985",2020-08-28 19:57:00,40.95,40.95,40.94,40.95,1650
"10986",2020-08-28 19:58:00,40.95,40.96,40.95,40.96,14
"10987",2020-08-28 19:59:00,40.95,40.96,40.94,40.96,1444
"10988",2020-08-28 20:00:00,40.96,40.96,40.94,40.94,1695
"10989",2020-08-28 20:01:00,40.94,40.94,40.94,40.94,1
"10990",2020-08-28 20:02:00,40.94,40.96,40.94,40.96,1685
"10991",2020-08-28 20:03:00,40.96,40.96,40.96,40.96,3
"10992",2020-08-28 20:04:00,40.96,40.97,40.96,40.96,652
"10993",2020-08-28 20:05:00,40.96,40.96,40.95,40.96,1262
"10994",2020-08-28 20:06:00,40.97,41,40.97,40.99,6425
"10995",2020-08-28 20:07:00,40.98,40.98,40.96,40.96,1652
"10996",2020-08-28 20:08:00,40.96,40.96,40.95,40.95,476
"10997",2020-08-28 20:09:00,40.94,40.94,40.92,40.93,609
"10998",2020-08-28 20:10:00,40.92,40.92,40.9,40.92,2202
"10999",2020-08-28 20:11:00,40.92,40.92,40.91,40.92,1022
"11000",2020-08-28 20:12:00,40.92,40.92,40.9,40.9,1152
"11001",2020-08-28 20:13:00,40.9,40.9,40.89,40.89,608
"11002",2020-08-28 20:14:00,40.88,40.88,40.84,40.86,929
"11003",2020-08-28 20:15:00,40.87,40.87,40.84,40.84,2191
"11004",2020-08-28 20:16:00,40.84,40.86,40.84,40.84,2279
"11005",2020-08-28 20:17:00,40.83,40.84,40.83,40.83,1914
"11006",2020-08-28 20:18:00,40.83,40.83,40.82,40.82,2424
"11007",2020-08-28 20:19:00,40.82,40.84,40.82,40.82,2195
"11008",2020-08-28 20:20:00,40.82,40.82,40.82,40.82,207
"11009",2020-08-28 20:21:00,40.82,40.85,40.82,40.85,750
"11010",2020-08-28 20:22:00,40.86,40.86,40.84,40.84,2845
"11011",2020-08-28 20:23:00,40.83,40.84,40.82,40.83,1735
"11012",2020-08-28 20:24:00,40.83,40.83,40.83,40.83,580
"11013",2020-08-28 20:25:00,40.83,40.83,40.81,40.83,1162
"11014",2020-08-28 20:26:00,40.82,40.82,40.81,40.81,940
"11015",2020-08-28 20:27:00,40.8,40.83,40.78,40.82,4599
"11016",2020-08-28 20:28:00,40.82,40.82,40.8,40.8,1648
"11017",2020-08-28 20:29:00,40.8,40.81,40.79,40.79,1491
"11018",2020-08-28 20:30:00,40.79,40.79,40.78,40.78,1619
"11019",2020-08-28 20:31:00,40.78,40.8,40.78,40.8,1202
"11020",2020-08-28 20:32:00,40.81,40.81,40.81,40.81,100
"11021",2020-08-28 20:33:00,40.81,40.82,40.81,40.82,948
"11022",2020-08-28 20:34:00,40.8,40.81,40.78,40.81,1987
"11023",2020-08-28 20:35:00,40.82,40.83,40.82,40.82,2889
"11024",2020-08-28 20:36:00,40.82,40.83,40.82,40.82,1214
"11025",2020-08-28 20:37:00,40.82,40.83,40.82,40.83,6165
"11026",2020-08-28 20:38:00,40.84,40.9,40.84,40.9,629
"11027",2020-08-28 20:39:00,40.9,40.91,40.9,40.9,4838
"11028",2020-08-28 20:40:00,40.9,40.94,40.9,40.94,1394
"11029",2020-08-28 20:41:00,40.94,40.94,40.94,40.94,200
"11030",2020-08-28 20:42:00,40.94,40.94,40.91,40.91,2266
"11031",2020-08-28 20:43:00,40.92,40.93,40.92,40.92,1291
"11032",2020-08-28 20:44:00,40.92,40.93,40.91,40.91,258
"11033",2020-08-28 20:45:00,40.92,40.92,40.92,40.92,235
"11034",2020-08-28 20:46:00,40.93,40.95,40.93,40.95,1131
"11035",2020-08-28 20:47:00,40.94,40.96,40.94,40.96,804
"11036",2020-08-28 20:48:00,40.98,40.98,40.94,40.94,6842
"11037",2020-08-28 20:49:00,40.94,40.95,40.94,40.94,2021
"11038",2020-08-28 20:50:00,40.95,40.96,40.94,40.94,1150
"11039",2020-08-28 20:51:00,40.96,41,40.96,41,1346
"11040",2020-08-28 20:52:00,40.99,41.01,40.99,41,6086
"11041",2020-08-28 20:53:00,41.02,41.03,41.02,41.03,1437
"11042",2020-08-28 20:54:00,41.03,41.03,40.98,40.98,2790
"11043",2020-08-28 20:55:00,40.98,40.99,40.98,40.98,1448
"11044",2020-08-28 20:56:00,41,41,40.98,40.98,811
"11045",2020-08-28 20:57:00,40.98,41,40.98,40.98,1113
"11046",2020-08-28 20:58:00,40.98,40.99,40.98,40.98,949
"11047",2020-08-28 20:59:00,40.98,40.99,40.98,40.98,820
"11048",2020-08-28 21:00:00,40.99,40.99,40.98,40.98,1108
"11049",2020-08-28 21:01:00,40.98,40.98,40.96,40.98,2590
"11050",2020-08-28 21:02:00,40.98,40.98,40.98,40.98,268
"11051",2020-08-28 21:03:00,40.99,41,40.99,41,2494
"11052",2020-08-28 21:04:00,41.02,41.02,41.01,41.01,150
"11053",2020-08-28 21:05:00,41.02,41.02,40.98,40.98,2157
"11054",2020-08-28 21:06:00,40.97,40.98,40.95,40.96,4390
"11055",2020-08-28 21:07:00,40.97,40.98,40.96,40.96,1840
"11056",2020-08-28 21:08:00,40.96,40.97,40.96,40.97,1412
"11057",2020-08-28 21:09:00,40.99,41.04,40.99,41.03,1712
"11058",2020-08-28 21:10:00,41.03,41.04,41.03,41.04,1715
"11059",2020-08-28 21:11:00,41.05,41.05,41.03,41.03,2379
"11060",2020-08-28 21:12:00,41.04,41.04,41.03,41.03,490
"11061",2020-08-28 21:13:00,41.04,41.04,41.03,41.03,1845
"11062",2020-08-28 21:14:00,41.02,41.03,41.02,41.02,1458
"11063",2020-08-28 21:15:00,41.01,41.01,41,41,404
"11064",2020-08-28 21:16:00,41.01,41.03,41.01,41.03,908
"11065",2020-08-28 21:17:00,41.03,41.05,41.02,41.05,1182
"11066",2020-08-28 21:18:00,41.05,41.05,41.04,41.04,853
"11067",2020-08-28 21:19:00,41.04,41.07,41.04,41.07,2841
"11068",2020-08-28 21:20:00,41.07,41.07,41.06,41.07,1999
"11069",2020-08-28 21:21:00,41.07,41.08,41.07,41.08,82
"11070",2020-08-28 21:22:00,41.08,41.08,41.07,41.07,489
"11071",2020-08-28 21:23:00,41.07,41.08,41.07,41.08,2423
"11072",2020-08-28 21:24:00,41.08,41.11,41.08,41.11,5317
"11073",2020-08-28 21:25:00,41.12,41.12,41.1,41.1,2509
"11074",2020-08-28 21:26:00,41.09,41.09,41.06,41.09,2042
"11075",2020-08-28 21:27:00,41.1,41.11,41.08,41.08,2257
"11076",2020-08-28 21:28:00,41.08,41.08,41.08,41.08,516
"11077",2020-08-28 21:29:00,41.08,41.08,41.08,41.08,400
"11078",2020-08-28 21:30:00,41.08,41.08,41.08,41.08,244
"11079",2020-08-28 21:31:00,41.08,41.08,41.04,41.07,3603
"11080",2020-08-28 21:32:00,41.06,41.08,41.06,41.07,906
"11081",2020-08-28 21:33:00,41.08,41.08,41.07,41.07,1100
"11082",2020-08-28 21:34:00,41.06,41.07,41.05,41.07,651
"11083",2020-08-28 21:35:00,41.06,41.06,41.06,41.06,1333
"11084",2020-08-28 21:36:00,41.06,41.08,41.06,41.07,905
"11085",2020-08-28 21:37:00,41.06,41.08,41.06,41.07,737
"11086",2020-08-28 21:38:00,41.06,41.06,41.04,41.04,3119
"11087",2020-08-28 21:39:00,41.04,41.04,41.02,41.04,2777
"11088",2020-08-28 21:40:00,41.04,41.04,41.03,41.04,307
"11089",2020-08-28 21:41:00,41.04,41.05,41.04,41.04,369
"11090",2020-08-28 21:42:00,41.04,41.04,41.03,41.04,1368
"11091",2020-08-28 21:43:00,41.05,41.06,41.05,41.06,400
"11092",2020-08-28 21:44:00,41.08,41.08,41.07,41.07,943
"11093",2020-08-28 21:45:00,41.06,41.07,41.06,41.07,1012
"11094",2020-08-28 21:46:00,41.07,41.09,41.07,41.09,851
"11095",2020-08-28 21:47:00,41.09,41.09,41.08,41.08,832
"11096",2020-08-28 21:48:00,41.09,41.09,41.09,41.09,149
"11097",2020-08-28 21:49:00,41.08,41.1,41.08,41.1,1874
"11098",2020-08-28 21:50:00,41.11,41.11,41.1,41.1,3419
"11099",2020-08-28 21:51:00,41.1,41.13,41.1,41.12,1705
"11100",2020-08-28 21:52:00,41.12,41.12,41.11,41.11,2684
"11101",2020-08-28 21:53:00,41.1,41.12,41.1,41.1,2892
"11102",2020-08-28 21:54:00,41.09,41.1,41.06,41.06,3268
"11103",2020-08-28 21:55:00,41.06,41.06,41.04,41.05,2427
"11104",2020-08-28 21:56:00,41.04,41.07,41.04,41.07,2199
"11105",2020-08-28 21:57:00,41.08,41.08,41.05,41.05,1138
"11106",2020-08-28 21:58:00,41.05,41.05,41.03,41.03,1852
"11107",2020-08-28 21:59:00,41.03,41.04,41.03,41.03,1907
"11108",2020-08-28 22:00:00,41.03,41.03,41.03,41.03,804
"11109",2020-08-28 22:01:00,41.03,41.03,41.01,41.01,2180
"11110",2020-08-28 22:02:00,41.02,41.03,41.02,41.03,801
"11111",2020-08-28 22:03:00,41.04,41.04,41.03,41.04,1182
"11112",2020-08-28 22:04:00,41.04,41.05,41.04,41.05,202
"11113",2020-08-28 22:05:00,41.04,41.04,41.02,41.02,1247
"11114",2020-08-28 22:06:00,41.03,41.04,41.03,41.04,303
"11115",2020-08-28 22:07:00,41.04,41.06,41.04,41.06,427
"11116",2020-08-28 22:08:00,41.06,41.08,41.06,41.08,806
"11117",2020-08-28 22:09:00,41.09,41.1,41.09,41.1,1796
"11118",2020-08-28 22:10:00,41.09,41.09,41.06,41.06,2171
"11119",2020-08-28 22:11:00,41.06,41.06,41.05,41.06,2235
"11120",2020-08-28 22:12:00,41.06,41.07,41.06,41.07,663
"11121",2020-08-28 22:13:00,41.08,41.09,41.08,41.08,701
"11122",2020-08-28 22:14:00,41.09,41.09,41.08,41.09,657
"11123",2020-08-28 22:15:00,41.09,41.1,41.09,41.09,2221
"11124",2020-08-28 22:16:00,41.08,41.08,41.08,41.08,978
"11125",2020-08-28 22:17:00,41.08,41.1,41.07,41.1,3580
"11126",2020-08-28 22:18:00,41.1,41.1,41.09,41.09,1803
"11127",2020-08-28 22:19:00,41.09,41.1,41.09,41.1,400
"11128",2020-08-28 22:20:00,41.09,41.09,41.07,41.08,2710
"11129",2020-08-28 22:22:00,41.09,41.1,41.09,41.1,1497
"11130",2020-08-28 22:23:00,41.09,41.09,41.09,41.09,94
"11131",2020-08-28 22:24:00,41.1,41.1,41.08,41.08,3033
"11132",2020-08-28 22:25:00,41.09,41.1,41.08,41.08,3341
"11133",2020-08-28 22:26:00,41.08,41.09,41.08,41.09,2477
"11134",2020-08-28 22:27:00,41.09,41.1,41.08,41.08,4350
"11135",2020-08-28 22:28:00,41.08,41.08,41.06,41.06,2889
"11136",2020-08-28 22:29:00,41.07,41.08,41.06,41.06,1813
"11137",2020-08-28 22:30:00,41.06,41.07,41.06,41.07,1745
"11138",2020-08-28 22:31:00,41.08,41.09,41.08,41.09,1865
"11139",2020-08-28 22:32:00,41.1,41.1,41.1,41.1,300
"11140",2020-08-28 22:33:00,41.1,41.1,41.08,41.09,3632
"11141",2020-08-28 22:34:00,41.09,41.1,41.08,41.1,3296
"11142",2020-08-28 22:35:00,41.1,41.1,41.09,41.09,1286
"11143",2020-08-28 22:36:00,41.09,41.09,41.08,41.08,435
"11144",2020-08-28 22:37:00,41.09,41.1,41.08,41.09,3356
"11145",2020-08-28 22:38:00,41.1,41.1,41.08,41.08,4815
"11146",2020-08-28 22:39:00,41.08,41.08,41.08,41.08,1581
"11147",2020-08-28 22:40:00,41.08,41.1,41.08,41.1,3585
"11148",2020-08-28 22:41:00,41.1,41.1,41.09,41.09,2606
"11149",2020-08-28 22:42:00,41.1,41.1,41.09,41.1,2079
"11150",2020-08-28 22:43:00,41.09,41.1,41.08,41.1,5613
"11151",2020-08-28 22:44:00,41.1,41.1,41.08,41.09,2231
"11152",2020-08-28 22:45:00,41.09,41.1,41.08,41.1,2502
"11153",2020-08-28 22:46:00,41.1,41.1,41.09,41.1,4910
"11154",2020-08-28 22:47:00,41.1,41.1,41.1,41.1,6755
"11155",2020-08-28 22:48:00,41.1,41.14,41.1,41.14,3273
"11156",2020-08-28 22:49:00,41.13,41.16,41.13,41.16,9985
"11157",2020-08-28 22:50:00,41.16,41.16,41.13,41.13,6140
"11158",2020-08-28 22:51:00,41.12,41.16,41.11,41.16,13585
"11159",2020-08-28 22:52:00,41.15,41.16,41.11,41.11,11308
"11160",2020-08-28 22:53:00,41.11,41.11,41.1,41.1,13962
"11161",2020-08-28 22:54:00,41.1,41.1,41.06,41.07,14643
"11162",2020-08-28 22:55:00,41.08,41.09,41.08,41.08,10227
"11163",2020-08-28 22:56:00,41.08,41.1,41.08,41.1,6327
"11164",2020-08-28 22:57:00,41.1,41.1,41.08,41.08,9410
"11165",2020-08-28 22:58:00,41.09,41.12,41.08,41.08,17232
"11166",2020-08-28 22:59:00,41.08,41.1,41.07,41.1,13181
"11167",2020-08-28 23:00:00,41.09,41.09,41.07,41.08,9931
"11168",2020-08-28 23:01:00,41.02,41.02,40.96,40.96,9140
"11169",2020-08-28 23:02:00,41.07,41.07,41.07,41.07,1850
"11170",2020-08-28 23:03:00,41.01,41.01,41,41,8
"11171",2020-08-28 23:04:00,41,41.07,41,41.07,23
"11172",2020-08-28 23:10:00,41,41,41,41,2
"11173",2020-08-28 23:11:00,41,41,41,41,50
"11174",2020-08-28 23:14:00,41.03,41.03,41.03,41.03,10
"11175",2020-08-28 23:20:00,41.07,41.07,41.07,41.07,1
"11176",2020-08-28 23:27:00,41.07,41.07,41.07,41.07,2
"11177",2020-08-28 23:28:00,41.07,41.07,41.07,41.07,1
"11178",2020-08-28 23:42:00,41.07,41.07,41.07,41.07,1
"11179",2020-08-28 23:57:00,41,41,41,41,1
"11180",2020-08-29 00:02:00,41,41,41,41,2
"11181",2020-08-29 00:03:00,41,41,41,41,20
"11182",2020-08-29 00:19:00,41.07,41.07,41.07,41.07,2
"11183",2020-08-29 00:22:00,41.07,41.07,41.07,41.07,1
"11184",2020-08-29 00:23:00,41.07,41.07,41.07,41.07,1
"11185",2020-08-29 00:35:00,41.07,41.07,41.07,41.07,2
"11186",2020-08-29 00:39:00,41.07,41.07,41.07,41.07,1
"11187",2020-08-29 01:17:00,41.06,41.06,41.06,41.06,1
"11188",2020-08-29 01:25:00,41.07,41.07,41.07,41.07,171
"11189",2020-08-29 01:27:00,41.08,41.08,41.08,41.08,50
"11190",2020-08-29 01:35:00,41.06,41.07,41.06,41.07,11
"11191",2020-08-29 01:41:00,41.07,41.07,41.07,41.07,3
"11192",2020-08-29 01:44:00,41.07,41.07,41.07,41.07,20
"11193",2020-08-31 10:02:00,41.01,41.39,41.01,41.01,6
"11194",2020-08-31 10:03:00,41.01,41.01,41,41,28
"11195",2020-08-31 10:05:00,41.2,41.2,41.2,41.2,1
"11196",2020-08-31 10:06:00,41.4,41.4,41.4,41.4,1
"11197",2020-08-31 10:07:00,41.04,41.04,41.02,41.02,10
"11198",2020-08-31 10:08:00,41.01,41.01,41,41,6
"11199",2020-08-31 10:13:00,41.39,41.39,41.39,41.39,4
"11200",2020-08-31 10:14:00,41.39,41.39,41.39,41.39,1
"11201",2020-08-31 10:16:00,41.1,41.1,41.1,41.1,1
"11202",2020-08-31 10:17:00,41.27,41.29,41.27,41.29,2
"11203",2020-08-31 10:19:00,41.14,41.14,41.13,41.13,2
"11204",2020-08-31 10:20:00,41.14,41.14,41.14,41.14,1
"11205",2020-08-31 10:23:00,41.24,41.24,41.24,41.24,1
"11206",2020-08-31 10:25:00,41.26,41.26,41.26,41.26,1
"11207",2020-08-31 10:30:00,41.26,41.26,41.26,41.26,30
"11208",2020-08-31 10:31:00,41.26,41.26,41.26,41.26,3
"11209",2020-08-31 10:32:00,41.26,41.26,41.26,41.26,2
"11210",2020-08-31 10:34:00,41.2,41.2,41.2,41.2,1
"11211",2020-08-31 10:35:00,41.15,41.15,41.15,41.15,1
"11212",2020-08-31 10:40:00,41.2,41.26,41.15,41.26,29
"11213",2020-08-31 10:41:00,41.25,41.25,41.15,41.15,2
"11214",2020-08-31 10:43:00,41.16,41.16,41.16,41.16,1
"11215",2020-08-31 10:50:00,41.24,41.24,41.24,41.24,100
"11216",2020-08-31 10:57:00,41.15,41.15,41.15,41.15,1
"11217",2020-08-31 11:04:00,41.21,41.21,41.21,41.21,1
"11218",2020-08-31 11:06:00,41.21,41.26,41.21,41.26,3
"11219",2020-08-31 11:07:00,41.26,41.26,41.21,41.21,2
"11220",2020-08-31 11:11:00,41.17,41.17,41.17,41.17,21
"11221",2020-08-31 11:12:00,41.15,41.17,41.09,41.17,51
"11222",2020-08-31 11:14:00,41.08,41.08,41.08,41.08,30
"11223",2020-08-31 11:16:00,41.07,41.07,41.07,41.07,1
"11224",2020-08-31 11:17:00,41.07,41.07,41.07,41.07,2
"11225",2020-08-31 11:24:00,41.08,41.08,41.08,41.08,1
"11226",2020-08-31 11:25:00,41.08,41.08,41.08,41.08,10
"11227",2020-08-31 11:26:00,41.07,41.07,41.07,41.07,20
"11228",2020-08-31 11:29:00,41.17,41.17,41.17,41.17,10
"11229",2020-08-31 11:37:00,41.06,41.06,41.06,41.06,10
"11230",2020-08-31 11:42:00,41.08,41.08,41.08,41.08,1
"11231",2020-08-31 11:45:00,41.08,41.08,41.08,41.08,1
"11232",2020-08-31 11:59:00,41.09,41.09,41.09,41.09,1
"11233",2020-08-31 12:04:00,41.14,41.14,41.14,41.14,3
"11234",2020-08-31 12:07:00,41.14,41.14,41.14,41.14,1
"11235",2020-08-31 12:09:00,41.14,41.14,41.14,41.14,3
"11236",2020-08-31 12:12:00,41.09,41.09,41.09,41.09,10
"11237",2020-08-31 12:13:00,41.09,41.09,41.09,41.09,1
"11238",2020-08-31 12:16:00,41.09,41.09,41.09,41.09,7
"11239",2020-08-31 12:18:00,41.09,41.09,41.09,41.09,60
"11240",2020-08-31 12:21:00,41.09,41.09,41.09,41.09,8
"11241",2020-08-31 12:26:00,41.1,41.14,41.1,41.1,72
"11242",2020-08-31 12:28:00,41.1,41.1,41.1,41.1,1
"11243",2020-08-31 12:37:00,41.08,41.08,41.08,41.08,5
"11244",2020-08-31 12:40:00,41.01,41.01,41.01,41.01,5
"11245",2020-08-31 12:47:00,41.01,41.01,41.01,41.01,2
"11246",2020-08-31 13:03:00,41.05,41.05,41.05,41.05,1
"11247",2020-08-31 13:05:00,41.02,41.02,41.01,41.01,21
"11248",2020-08-31 13:07:00,41.02,41.02,41.02,41.02,81
"11249",2020-08-31 13:08:00,41.05,41.05,41.05,41.05,1
"11250",2020-08-31 13:09:00,41.14,41.14,41.14,41.14,5
"11251",2020-08-31 13:11:00,41.09,41.09,41.09,41.09,1
"11252",2020-08-31 13:13:00,41.14,41.14,41.14,41.14,2
"11253",2020-08-31 13:21:00,41.08,41.08,41.08,41.08,4
"11254",2020-08-31 13:27:00,41,41,41,41,9
"11255",2020-08-31 13:34:00,40.99,40.99,40.99,40.99,1
"11256",2020-08-31 13:35:00,40.94,40.94,40.9,40.9,5
"11257",2020-08-31 13:36:00,40.9,40.9,40.9,40.9,10
"11258",2020-08-31 13:42:00,40.89,40.89,40.89,40.89,5
"11259",2020-08-31 13:47:00,40.92,40.92,40.92,40.92,14
"11260",2020-08-31 13:52:00,40.9,40.9,40.9,40.9,1
"11261",2020-08-31 13:53:00,40.89,40.89,40.88,40.88,4
"11262",2020-08-31 13:58:00,40.82,40.82,40.73,40.73,3
"11263",2020-08-31 13:59:00,40.73,40.73,40.73,40.73,1
"11264",2020-08-31 14:03:00,41.04,41.04,41.04,41.04,1
"11265",2020-08-31 14:06:00,40.9,40.9,40.9,40.9,1
"11266",2020-08-31 14:13:00,40.99,40.99,40.99,40.99,1
"11267",2020-08-31 14:27:00,40.95,40.95,40.95,40.95,2
"11268",2020-08-31 14:28:00,41.1,41.1,41.1,41.1,2
"11269",2020-08-31 14:32:00,40.95,40.95,40.95,40.95,4
"11270",2020-08-31 14:34:00,40.86,40.86,40.86,40.86,16
"11271",2020-08-31 14:35:00,40.97,40.97,40.97,40.97,1
"11272",2020-08-31 14:37:00,40.97,40.97,40.97,40.97,2
"11273",2020-08-31 14:40:00,40.87,40.97,40.86,40.97,10
"11274",2020-08-31 14:49:00,40.97,40.97,40.97,40.97,1
"11275",2020-08-31 14:51:00,40.88,40.88,40.88,40.88,1
"11276",2020-08-31 14:52:00,40.97,41,40.97,41,5
"11277",2020-08-31 15:02:00,40.97,41,40.87,40.87,4
"11278",2020-08-31 15:12:00,40.9,40.9,40.9,40.9,2
"11279",2020-08-31 15:18:00,40.89,40.89,40.89,40.89,1
"11280",2020-08-31 15:19:00,40.93,40.95,40.93,40.95,96
"11281",2020-08-31 15:31:00,40.9,40.9,40.9,40.9,1
"11282",2020-08-31 15:34:00,40.92,40.92,40.92,40.92,1
"11283",2020-08-31 15:38:00,40.91,40.91,40.91,40.91,10
"11284",2020-08-31 15:44:00,40.92,40.98,40.92,40.98,114
"11285",2020-08-31 15:52:00,40.92,40.92,40.91,40.91,400
"11286",2020-08-31 15:54:00,40.9,40.9,40.9,40.9,29
"11287",2020-08-31 15:56:00,40.91,40.95,40.91,40.95,11
"11288",2020-08-31 16:01:00,40.93,40.93,40.93,40.93,12
"11289",2020-08-31 16:02:00,40.96,40.98,40.96,40.98,26
"11290",2020-08-31 16:06:00,40.91,40.91,40.91,40.91,1
"11291",2020-08-31 16:10:00,40.86,40.91,40.86,40.91,5
"11292",2020-08-31 16:11:00,40.9,40.9,40.9,40.9,20
"11293",2020-08-31 16:12:00,40.86,40.88,40.86,40.86,9
"11294",2020-08-31 16:13:00,40.86,40.86,40.86,40.86,2
"11295",2020-08-31 16:14:00,40.86,40.88,40.86,40.88,71
"11296",2020-08-31 16:15:00,40.9,40.9,40.9,40.9,100
"11297",2020-08-31 16:16:00,40.9,40.9,40.9,40.9,2
"11298",2020-08-31 16:17:00,40.9,40.9,40.88,40.9,214
"11299",2020-08-31 16:18:00,40.88,40.88,40.88,40.88,150
"11300",2020-08-31 16:21:00,40.88,40.88,40.86,40.88,122
"11301",2020-08-31 16:23:00,40.86,40.9,40.86,40.86,20
"11302",2020-08-31 16:24:00,40.86,40.86,40.86,40.86,10
"11303",2020-08-31 16:26:00,40.88,40.9,40.86,40.9,476
"11304",2020-08-31 16:27:00,40.86,40.9,40.71,40.86,372
"11305",2020-08-31 16:28:00,40.88,40.88,40.86,40.86,3
"11306",2020-08-31 16:29:00,40.86,40.86,40.55,40.56,284
"11307",2020-08-31 16:30:00,40.81,40.81,40.7,40.81,383
"11308",2020-08-31 16:31:00,40.7,41.03,40.7,40.95,7267
"11309",2020-08-31 16:32:00,40.91,40.94,40.82,40.94,7032
"11310",2020-08-31 16:33:00,40.93,40.95,40.87,40.93,5188
"11311",2020-08-31 16:34:00,40.93,40.99,40.89,40.95,8092
"11312",2020-08-31 16:35:00,40.93,40.93,40.77,40.84,13081
"11313",2020-08-31 16:36:00,40.8,40.89,40.8,40.86,8703
"11314",2020-08-31 16:37:00,40.86,40.91,40.84,40.88,9113
"11315",2020-08-31 16:38:00,40.89,40.95,40.88,40.89,7991
"11316",2020-08-31 16:39:00,40.88,40.91,40.88,40.88,1439
"11317",2020-08-31 16:40:00,40.89,40.95,40.88,40.91,6125
"11318",2020-08-31 16:41:00,40.91,41.04,40.9,41.01,10278
"11319",2020-08-31 16:42:00,41.01,41.01,40.9,40.93,8669
"11320",2020-08-31 16:43:00,40.97,41.06,40.97,41.03,4262
"11321",2020-08-31 16:44:00,41.01,41.05,40.98,40.98,6544
"11322",2020-08-31 16:45:00,40.99,41.03,40.95,40.98,8510
"11323",2020-08-31 16:46:00,41.01,41.01,40.9,40.94,11530
"11324",2020-08-31 16:47:00,40.94,40.95,40.86,40.86,1895
"11325",2020-08-31 16:48:00,40.86,40.9,40.8,40.8,4094
"11326",2020-08-31 16:49:00,40.82,40.87,40.76,40.77,4807
"11327",2020-08-31 16:50:00,40.78,40.82,40.76,40.77,4623
"11328",2020-08-31 16:51:00,40.79,40.79,40.78,40.79,1442
"11329",2020-08-31 16:52:00,40.77,40.8,40.77,40.79,6298
"11330",2020-08-31 16:53:00,40.8,40.81,40.78,40.8,5116
"11331",2020-08-31 16:54:00,40.8,40.86,40.8,40.83,1322
"11332",2020-08-31 16:55:00,40.84,40.92,40.83,40.85,2876
"11333",2020-08-31 16:56:00,40.86,40.88,40.82,40.88,671
"11334",2020-08-31 16:57:00,40.88,40.98,40.88,40.95,5524
"11335",2020-08-31 16:58:00,40.96,40.98,40.92,40.96,5431
"11336",2020-08-31 16:59:00,40.95,40.96,40.9,40.95,2645
"11337",2020-08-31 17:00:00,40.96,40.98,40.94,40.95,3613
"11338",2020-08-31 17:01:00,40.95,40.99,40.92,40.99,3546
"11339",2020-08-31 17:02:00,41,41.02,40.98,40.98,5668
"11340",2020-08-31 17:03:00,40.99,41.01,40.99,41,2366
"11341",2020-08-31 17:04:00,41.01,41.01,41,41.01,1336
"11342",2020-08-31 17:05:00,41,41.03,41,41.03,2963
"11343",2020-08-31 17:06:00,41.04,41.04,40.98,40.98,2250
"11344",2020-08-31 17:07:00,40.97,40.97,40.92,40.92,3627
"11345",2020-08-31 17:08:00,40.94,40.96,40.88,40.88,3611
"11346",2020-08-31 17:09:00,40.88,40.92,40.85,40.92,3696
"11347",2020-08-31 17:10:00,40.92,40.95,40.92,40.94,1428
"11348",2020-08-31 17:11:00,40.96,41.03,40.96,41.02,3248
"11349",2020-08-31 17:12:00,41.02,41.02,40.97,40.97,1993
"11350",2020-08-31 17:13:00,40.98,40.98,40.96,40.96,995
"11351",2020-08-31 17:14:00,40.97,40.98,40.97,40.97,176
"11352",2020-08-31 17:15:00,40.98,41,40.98,40.99,849
"11353",2020-08-31 17:16:00,40.99,41,40.95,40.98,2681
"11354",2020-08-31 17:17:00,41,41,40.97,40.98,1462
"11355",2020-08-31 17:18:00,40.98,40.98,40.94,40.96,875
"11356",2020-08-31 17:19:00,40.95,40.95,40.91,40.92,1854
"11357",2020-08-31 17:20:00,40.92,40.97,40.92,40.97,481
"11358",2020-08-31 17:21:00,40.97,41.02,40.97,40.99,2324
"11359",2020-08-31 17:22:00,40.98,40.98,40.96,40.98,533
"11360",2020-08-31 17:23:00,40.98,40.98,40.94,40.94,1037
"11361",2020-08-31 17:24:00,40.93,40.93,40.88,40.92,1670
"11362",2020-08-31 17:25:00,40.92,40.95,40.92,40.95,543
"11363",2020-08-31 17:26:00,40.96,40.96,40.89,40.89,1829
"11364",2020-08-31 17:27:00,40.87,40.87,40.84,40.84,1343
"11365",2020-08-31 17:28:00,40.84,40.84,40.83,40.83,1527
"11366",2020-08-31 17:29:00,40.82,40.82,40.8,40.82,3773
"11367",2020-08-31 17:30:00,40.82,40.82,40.78,40.78,5589
"11368",2020-08-31 17:31:00,40.78,40.78,40.72,40.74,6137
"11369",2020-08-31 17:32:00,40.77,40.81,40.76,40.76,1097
"11370",2020-08-31 17:33:00,40.77,40.78,40.77,40.78,1122
"11371",2020-08-31 17:34:00,40.77,40.83,40.77,40.83,1203
"11372",2020-08-31 17:35:00,40.86,40.87,40.85,40.87,1925
"11373",2020-08-31 17:36:00,40.86,40.88,40.84,40.85,1469
"11374",2020-08-31 17:37:00,40.85,40.89,40.84,40.87,1933
"11375",2020-08-31 17:38:00,40.87,40.9,40.86,40.89,616
"11376",2020-08-31 17:39:00,40.89,40.89,40.88,40.88,450
"11377",2020-08-31 17:40:00,40.88,40.88,40.88,40.88,443
"11378",2020-08-31 17:41:00,40.88,40.88,40.86,40.87,780
"11379",2020-08-31 17:42:00,40.86,40.87,40.86,40.86,847
"11380",2020-08-31 17:43:00,40.86,40.88,40.86,40.86,715
"11381",2020-08-31 17:44:00,40.86,40.88,40.86,40.88,816
"11382",2020-08-31 17:45:00,40.89,40.91,40.87,40.88,1595
"11383",2020-08-31 17:46:00,40.88,40.88,40.85,40.85,1502
"11384",2020-08-31 17:47:00,40.86,40.88,40.84,40.88,506
"11385",2020-08-31 17:48:00,40.88,40.9,40.87,40.9,1803
"11386",2020-08-31 17:49:00,40.87,40.88,40.84,40.85,1160
"11387",2020-08-31 17:50:00,40.84,40.85,40.84,40.85,564
"11388",2020-08-31 17:51:00,40.85,40.86,40.84,40.86,1216
"11389",2020-08-31 17:52:00,40.85,40.85,40.81,40.81,2022
"11390",2020-08-31 17:53:00,40.83,40.88,40.83,40.88,900
"11391",2020-08-31 17:54:00,40.88,40.88,40.85,40.85,1674
"11392",2020-08-31 17:55:00,40.84,40.85,40.81,40.83,725
"11393",2020-08-31 17:56:00,40.82,40.82,40.78,40.79,2085
"11394",2020-08-31 17:57:00,40.8,40.81,40.8,40.81,2602
"11395",2020-08-31 17:58:00,40.8,40.8,40.76,40.76,2089
"11396",2020-08-31 17:59:00,40.77,40.8,40.77,40.8,308
"11397",2020-08-31 18:00:00,40.81,40.82,40.79,40.81,1453
"11398",2020-08-31 18:01:00,40.82,40.84,40.82,40.84,2100
"11399",2020-08-31 18:02:00,40.84,40.86,40.84,40.85,2359
"11400",2020-08-31 18:03:00,40.84,40.85,40.83,40.84,1190
"11401",2020-08-31 18:04:00,40.85,40.88,40.85,40.88,308
"11402",2020-08-31 18:05:00,40.9,40.92,40.86,40.86,2004
"11403",2020-08-31 18:06:00,40.86,40.88,40.86,40.87,842
"11404",2020-08-31 18:07:00,40.86,40.87,40.85,40.85,743
"11405",2020-08-31 18:08:00,40.83,40.84,40.81,40.82,1514
"11406",2020-08-31 18:09:00,40.82,40.82,40.8,40.8,359
"11407",2020-08-31 18:10:00,40.79,40.8,40.78,40.78,3001
"11408",2020-08-31 18:11:00,40.78,40.82,40.77,40.8,869
"11409",2020-08-31 18:12:00,40.82,40.82,40.81,40.81,1050
"11410",2020-08-31 18:13:00,40.81,40.81,40.78,40.79,6186
"11411",2020-08-31 18:14:00,40.8,40.8,40.75,40.75,6277
"11412",2020-08-31 18:15:00,40.76,40.78,40.75,40.78,1844
"11413",2020-08-31 18:16:00,40.78,40.84,40.78,40.84,1426
"11414",2020-08-31 18:17:00,40.84,40.86,40.84,40.85,765
"11415",2020-08-31 18:18:00,40.84,40.86,40.84,40.86,339
"11416",2020-08-31 18:19:00,40.84,40.86,40.82,40.82,2588
"11417",2020-08-31 18:20:00,40.82,40.84,40.8,40.8,1820
"11418",2020-08-31 18:21:00,40.8,40.8,40.73,40.75,1966
"11419",2020-08-31 18:22:00,40.74,40.74,40.69,40.7,2914
"11420",2020-08-31 18:23:00,40.7,40.72,40.67,40.72,2727
"11421",2020-08-31 18:24:00,40.72,40.74,40.72,40.72,1837
"11422",2020-08-31 18:25:00,40.72,40.72,40.68,40.71,2026
"11423",2020-08-31 18:26:00,40.7,40.71,40.64,40.64,3689
"11424",2020-08-31 18:27:00,40.63,40.64,40.62,40.62,2767
"11425",2020-08-31 18:28:00,40.61,40.63,40.57,40.6,5180
"11426",2020-08-31 18:29:00,40.6,40.64,40.6,40.64,1957
"11427",2020-08-31 18:30:00,40.63,40.67,40.62,40.63,7345
"11428",2020-08-31 18:31:00,40.63,40.68,40.63,40.67,3265
"11429",2020-08-31 18:32:00,40.68,40.68,40.65,40.65,2614
"11430",2020-08-31 18:33:00,40.65,40.65,40.64,40.65,612
"11431",2020-08-31 18:34:00,40.64,40.65,40.62,40.65,1756
"11432",2020-08-31 18:35:00,40.67,40.7,40.67,40.69,2114
"11433",2020-08-31 18:36:00,40.69,40.7,40.66,40.7,4399
"11434",2020-08-31 18:37:00,40.7,40.71,40.7,40.7,1494
"11435",2020-08-31 18:38:00,40.73,40.74,40.7,40.7,1569
"11436",2020-08-31 18:39:00,40.7,40.71,40.69,40.69,1679
"11437",2020-08-31 18:40:00,40.7,40.72,40.7,40.71,280
"11438",2020-08-31 18:41:00,40.73,40.75,40.73,40.74,1340
"11439",2020-08-31 18:42:00,40.73,40.73,40.69,40.71,5111
"11440",2020-08-31 18:43:00,40.71,40.71,40.67,40.71,2700
"11441",2020-08-31 18:44:00,40.72,40.74,40.72,40.74,155
"11442",2020-08-31 18:45:00,40.75,40.8,40.75,40.8,2137
"11443",2020-08-31 18:46:00,40.8,40.8,40.79,40.8,906
"11444",2020-08-31 18:47:00,40.79,40.8,40.78,40.78,1024
"11445",2020-08-31 18:48:00,40.78,40.81,40.78,40.8,1710
"11446",2020-08-31 18:49:00,40.8,40.8,40.8,40.8,1
"11447",2020-08-31 18:50:00,40.81,40.82,40.79,40.79,920
"11448",2020-08-31 18:51:00,40.79,40.8,40.78,40.78,374
"11449",2020-08-31 18:52:00,40.8,40.8,40.78,40.79,1081
"11450",2020-08-31 18:53:00,40.79,40.79,40.78,40.78,906
"11451",2020-08-31 18:54:00,40.79,40.8,40.79,40.79,202
"11452",2020-08-31 18:55:00,40.8,40.8,40.8,40.8,598
"11453",2020-08-31 18:56:00,40.8,40.8,40.79,40.79,503
"11454",2020-08-31 18:57:00,40.8,40.8,40.79,40.8,1273
"11455",2020-08-31 18:58:00,40.8,40.84,40.8,40.84,1614
"11456",2020-08-31 18:59:00,40.84,40.84,40.79,40.79,2914
"11457",2020-08-31 19:00:00,40.8,40.8,40.74,40.78,3690
"11458",2020-08-31 19:01:00,40.79,40.8,40.78,40.78,1100
"11459",2020-08-31 19:02:00,40.78,40.78,40.76,40.76,379
"11460",2020-08-31 19:03:00,40.77,40.79,40.77,40.79,2361
"11461",2020-08-31 19:04:00,40.78,40.79,40.77,40.77,1977
"11462",2020-08-31 19:05:00,40.78,40.78,40.77,40.77,236
"11463",2020-08-31 19:06:00,40.76,40.76,40.74,40.75,3118
"11464",2020-08-31 19:07:00,40.76,40.77,40.76,40.77,901
"11465",2020-08-31 19:08:00,40.77,40.79,40.77,40.78,1055
"11466",2020-08-31 19:09:00,40.77,40.77,40.74,40.74,2319
"11467",2020-08-31 19:10:00,40.76,40.77,40.76,40.77,1654
"11468",2020-08-31 19:11:00,40.77,40.77,40.75,40.75,740
"11469",2020-08-31 19:12:00,40.74,40.74,40.7,40.7,2566
"11470",2020-08-31 19:13:00,40.7,40.72,40.7,40.72,969
"11471",2020-08-31 19:14:00,40.72,40.76,40.72,40.75,652
"11472",2020-08-31 19:15:00,40.74,40.74,40.73,40.73,125
"11473",2020-08-31 19:16:00,40.73,40.73,40.7,40.7,1190
"11474",2020-08-31 19:17:00,40.73,40.74,40.73,40.74,500
"11475",2020-08-31 19:18:00,40.73,40.74,40.72,40.72,906
"11476",2020-08-31 19:19:00,40.7,40.76,40.69,40.76,2555
"11477",2020-08-31 19:20:00,40.77,40.77,40.76,40.76,1113
"11478",2020-08-31 19:21:00,40.75,40.76,40.74,40.74,1888
"11479",2020-08-31 19:22:00,40.72,40.72,40.72,40.72,800
"11480",2020-08-31 19:23:00,40.72,40.73,40.72,40.72,131
"11481",2020-08-31 19:24:00,40.72,40.74,40.72,40.73,200
"11482",2020-08-31 19:25:00,40.72,40.74,40.72,40.74,525
"11483",2020-08-31 19:26:00,40.74,40.74,40.73,40.74,1043
"11484",2020-08-31 19:27:00,40.74,40.74,40.72,40.72,800
"11485",2020-08-31 19:28:00,40.72,40.74,40.72,40.72,1518
"11486",2020-08-31 19:29:00,40.74,40.74,40.72,40.72,1331
"11487",2020-08-31 19:30:00,40.72,40.72,40.72,40.72,167
"11488",2020-08-31 19:31:00,40.72,40.72,40.68,40.68,1180
"11489",2020-08-31 19:32:00,40.69,40.71,40.69,40.7,1208
"11490",2020-08-31 19:33:00,40.7,40.72,40.7,40.72,460
"11491",2020-08-31 19:34:00,40.71,40.73,40.7,40.73,1529
"11492",2020-08-31 19:35:00,40.72,40.72,40.72,40.72,717
"11493",2020-08-31 19:36:00,40.72,40.72,40.7,40.7,1154
"11494",2020-08-31 19:37:00,40.71,40.71,40.71,40.71,300
"11495",2020-08-31 19:38:00,40.71,40.73,40.71,40.73,929
"11496",2020-08-31 19:39:00,40.74,40.74,40.73,40.73,304
"11497",2020-08-31 19:40:00,40.73,40.74,40.72,40.72,712
"11498",2020-08-31 19:41:00,40.72,40.74,40.72,40.73,1295
"11499",2020-08-31 19:42:00,40.73,40.73,40.72,40.73,694
"11500",2020-08-31 19:43:00,40.73,40.75,40.73,40.75,420
"11501",2020-08-31 19:44:00,40.75,40.77,40.75,40.75,476
"11502",2020-08-31 19:45:00,40.76,40.76,40.75,40.76,1170
"11503",2020-08-31 19:46:00,40.77,40.77,40.76,40.76,1450
"11504",2020-08-31 19:47:00,40.75,40.77,40.74,40.77,2308
"11505",2020-08-31 19:49:00,40.77,40.77,40.76,40.77,1093
"11506",2020-08-31 19:50:00,40.76,40.76,40.76,40.76,5
"11507",2020-08-31 19:51:00,40.76,40.76,40.76,40.76,70
"11508",2020-08-31 19:52:00,40.78,40.78,40.77,40.77,235
"11509",2020-08-31 19:53:00,40.78,40.8,40.78,40.8,1936
"11510",2020-08-31 19:54:00,40.81,40.84,40.81,40.84,1059
"11511",2020-08-31 19:55:00,40.84,40.85,40.84,40.85,410
"11512",2020-08-31 19:56:00,40.84,40.84,40.83,40.83,1560
"11513",2020-08-31 19:57:00,40.81,40.82,40.81,40.82,102
"11514",2020-08-31 19:58:00,40.82,40.84,40.82,40.84,144
"11515",2020-08-31 19:59:00,40.84,40.84,40.82,40.82,1705
"11516",2020-08-31 20:00:00,40.82,40.83,40.8,40.83,1423
"11517",2020-08-31 20:01:00,40.81,40.81,40.8,40.81,1238
"11518",2020-08-31 20:02:00,40.8,40.82,40.8,40.81,786
"11519",2020-08-31 20:03:00,40.8,40.8,40.79,40.79,409
"11520",2020-08-31 20:04:00,40.81,40.81,40.81,40.81,300
"11521",2020-08-31 20:05:00,40.81,40.81,40.79,40.79,302
"11522",2020-08-31 20:06:00,40.79,40.8,40.78,40.79,1312
"11523",2020-08-31 20:07:00,40.79,40.79,40.77,40.78,550
"11524",2020-08-31 20:08:00,40.78,40.78,40.76,40.76,217
"11525",2020-08-31 20:09:00,40.76,40.76,40.72,40.76,4479
"11526",2020-08-31 20:10:00,40.73,40.73,40.72,40.72,1893
"11527",2020-08-31 20:11:00,40.71,40.71,40.7,40.71,962
"11528",2020-08-31 20:12:00,40.71,40.71,40.69,40.7,974
"11529",2020-08-31 20:13:00,40.7,40.7,40.69,40.69,236
"11530",2020-08-31 20:14:00,40.7,40.72,40.7,40.72,879
"11531",2020-08-31 20:15:00,40.72,40.72,40.71,40.72,2152
"11532",2020-08-31 20:16:00,40.73,40.74,40.73,40.73,759
"11533",2020-08-31 20:17:00,40.74,40.74,40.73,40.73,215
"11534",2020-08-31 20:18:00,40.72,40.72,40.72,40.72,111
"11535",2020-08-31 20:19:00,40.72,40.72,40.72,40.72,10
"11536",2020-08-31 20:20:00,40.73,40.74,40.72,40.72,1735
"11537",2020-08-31 20:21:00,40.72,40.72,40.72,40.72,1900
"11538",2020-08-31 20:22:00,40.72,40.72,40.72,40.72,355
"11539",2020-08-31 20:23:00,40.72,40.72,40.7,40.71,1925
"11540",2020-08-31 20:24:00,40.71,40.72,40.71,40.72,1099
"11541",2020-08-31 20:25:00,40.71,40.72,40.7,40.72,1937
"11542",2020-08-31 20:26:00,40.72,40.72,40.71,40.71,804
"11543",2020-08-31 20:27:00,40.72,40.72,40.7,40.71,911
"11544",2020-08-31 20:28:00,40.71,40.71,40.7,40.7,500
"11545",2020-08-31 20:29:00,40.72,40.72,40.71,40.72,1040
"11546",2020-08-31 20:30:00,40.73,40.74,40.73,40.74,500
"11547",2020-08-31 20:31:00,40.74,40.76,40.74,40.76,1167
"11548",2020-08-31 20:32:00,40.76,40.78,40.76,40.78,631
"11549",2020-08-31 20:33:00,40.79,40.79,40.78,40.79,614
"11550",2020-08-31 20:34:00,40.79,40.79,40.79,40.79,148
"11551",2020-08-31 20:35:00,40.8,40.8,40.78,40.8,3242
"11552",2020-08-31 20:36:00,40.8,40.8,40.78,40.78,716
"11553",2020-08-31 20:37:00,40.78,40.8,40.78,40.8,795
"11554",2020-08-31 20:38:00,40.8,40.8,40.77,40.77,911
"11555",2020-08-31 20:39:00,40.77,40.77,40.75,40.75,1546
"11556",2020-08-31 20:40:00,40.75,40.75,40.75,40.75,688
"11557",2020-08-31 20:41:00,40.75,40.76,40.75,40.76,897
"11558",2020-08-31 20:42:00,40.77,40.77,40.74,40.74,2218
"11559",2020-08-31 20:43:00,40.74,40.74,40.73,40.73,1387
"11560",2020-08-31 20:44:00,40.73,40.76,40.73,40.76,848
"11561",2020-08-31 20:45:00,40.76,40.77,40.72,40.74,13404
"11562",2020-08-31 20:46:00,40.75,40.77,40.75,40.77,1381
"11563",2020-08-31 20:47:00,40.77,40.78,40.74,40.75,2275
"11564",2020-08-31 20:48:00,40.75,40.78,40.75,40.78,1685
"11565",2020-08-31 20:49:00,40.78,40.78,40.77,40.77,1426
"11566",2020-08-31 20:50:00,40.77,40.8,40.76,40.8,1958
"11567",2020-08-31 20:51:00,40.79,40.81,40.79,40.81,1019
"11568",2020-08-31 20:52:00,40.81,40.81,40.81,40.81,149
"11569",2020-08-31 20:54:00,40.82,40.82,40.82,40.82,7
"11570",2020-08-31 20:55:00,40.81,40.82,40.81,40.82,1525
"11571",2020-08-31 20:57:00,40.8,40.81,40.8,40.81,902
"11572",2020-08-31 20:58:00,40.81,40.81,40.81,40.81,4
"11573",2020-08-31 20:59:00,40.8,40.8,40.78,40.79,1712
"11574",2020-08-31 21:00:00,40.79,40.8,40.79,40.8,870
"11575",2020-08-31 21:01:00,40.79,40.79,40.78,40.78,2006
"11576",2020-08-31 21:02:00,40.77,40.77,40.76,40.76,815
"11577",2020-08-31 21:03:00,40.76,40.76,40.76,40.76,204
"11578",2020-08-31 21:04:00,40.75,40.75,40.74,40.74,504
"11579",2020-08-31 21:05:00,40.74,40.74,40.72,40.72,562
"11580",2020-08-31 21:06:00,40.73,40.73,40.68,40.68,5492
"11581",2020-08-31 21:07:00,40.68,40.68,40.64,40.65,2638
"11582",2020-08-31 21:08:00,40.64,40.64,40.62,40.62,1797
"11583",2020-08-31 21:09:00,40.62,40.64,40.62,40.64,809
"11584",2020-08-31 21:10:00,40.65,40.65,40.64,40.64,304
"11585",2020-08-31 21:11:00,40.65,40.65,40.64,40.64,1384
"11586",2020-08-31 21:12:00,40.64,40.64,40.64,40.64,167
"11587",2020-08-31 21:13:00,40.64,40.64,40.64,40.64,258
"11588",2020-08-31 21:14:00,40.64,40.64,40.63,40.63,575
"11589",2020-08-31 21:15:00,40.63,40.64,40.63,40.63,667
"11590",2020-08-31 21:16:00,40.62,40.68,40.62,40.67,2699
"11591",2020-08-31 21:17:00,40.67,40.69,40.67,40.68,1795
"11592",2020-08-31 21:18:00,40.68,40.68,40.68,40.68,308
"11593",2020-08-31 21:19:00,40.68,40.68,40.67,40.67,749
"11594",2020-08-31 21:20:00,40.67,40.67,40.66,40.66,1233
"11595",2020-08-31 21:21:00,40.66,40.66,40.66,40.66,480
"11596",2020-08-31 21:22:00,40.66,40.68,40.66,40.68,248
"11597",2020-08-31 21:23:00,40.7,40.7,40.69,40.7,706
"11598",2020-08-31 21:24:00,40.7,40.72,40.7,40.71,2282
"11599",2020-08-31 21:25:00,40.7,40.72,40.69,40.69,2825
"11600",2020-08-31 21:26:00,40.7,40.7,40.68,40.68,844
"11601",2020-08-31 21:27:00,40.68,40.68,40.68,40.68,616
"11602",2020-08-31 21:28:00,40.68,40.68,40.68,40.68,1229
"11603",2020-08-31 21:29:00,40.68,40.69,40.68,40.69,2003
"11604",2020-08-31 21:30:00,40.69,40.7,40.69,40.7,1903
"11605",2020-08-31 21:31:00,40.71,40.74,40.71,40.74,1488
"11606",2020-08-31 21:32:00,40.73,40.73,40.72,40.72,2106
"11607",2020-08-31 21:33:00,40.73,40.73,40.71,40.72,3963
"11608",2020-08-31 21:34:00,40.71,40.71,40.7,40.71,751
"11609",2020-08-31 21:35:00,40.73,40.73,40.73,40.73,752
"11610",2020-08-31 21:36:00,40.74,40.74,40.74,40.74,1751
"11611",2020-08-31 21:37:00,40.73,40.73,40.72,40.73,1116
"11612",2020-08-31 21:38:00,40.72,40.74,40.72,40.73,5321
"11613",2020-08-31 21:39:00,40.73,40.76,40.73,40.76,574
"11614",2020-08-31 21:40:00,40.76,40.76,40.76,40.76,1018
"11615",2020-08-31 21:41:00,40.77,40.77,40.76,40.76,908
"11616",2020-08-31 21:42:00,40.78,40.79,40.78,40.79,247
"11617",2020-08-31 21:43:00,40.78,40.78,40.78,40.78,293
"11618",2020-08-31 21:44:00,40.79,40.79,40.79,40.79,443
"11619",2020-08-31 21:45:00,40.78,40.78,40.78,40.78,308
"11620",2020-08-31 21:46:00,40.78,40.8,40.78,40.8,428
"11621",2020-08-31 21:47:00,40.8,40.8,40.78,40.78,1911
"11622",2020-08-31 21:48:00,40.77,40.77,40.76,40.77,971
"11623",2020-08-31 21:49:00,40.76,40.78,40.76,40.78,1214
"11624",2020-08-31 21:50:00,40.77,40.77,40.76,40.76,1911
"11625",2020-08-31 21:51:00,40.77,40.77,40.74,40.75,1913
"11626",2020-08-31 21:52:00,40.74,40.77,40.74,40.77,458
"11627",2020-08-31 21:53:00,40.77,40.77,40.76,40.76,2315
"11628",2020-08-31 21:54:00,40.75,40.75,40.74,40.74,1400
"11629",2020-08-31 21:55:00,40.75,40.75,40.74,40.74,1013
"11630",2020-08-31 21:56:00,40.74,40.78,40.74,40.77,4246
"11631",2020-08-31 21:57:00,40.76,40.76,40.76,40.76,404
"11632",2020-08-31 21:58:00,40.75,40.76,40.74,40.74,890
"11633",2020-08-31 21:59:00,40.74,40.75,40.74,40.75,800
"11634",2020-08-31 22:00:00,40.75,40.77,40.75,40.77,1360
"11635",2020-08-31 22:01:00,40.76,40.78,40.76,40.78,3065
"11636",2020-08-31 22:02:00,40.76,40.77,40.76,40.76,870
"11637",2020-08-31 22:03:00,40.75,40.75,40.72,40.72,4222
"11638",2020-08-31 22:04:00,40.73,40.74,40.7,40.7,5043
"11639",2020-08-31 22:05:00,40.71,40.72,40.71,40.72,2806
"11640",2020-08-31 22:06:00,40.73,40.73,40.71,40.71,1930
"11641",2020-08-31 22:07:00,40.72,40.75,40.72,40.73,3853
"11642",2020-08-31 22:08:00,40.74,40.74,40.74,40.74,1518
"11643",2020-08-31 22:09:00,40.74,40.77,40.74,40.76,7414
"11644",2020-08-31 22:10:00,40.76,40.78,40.76,40.77,1745
"11645",2020-08-31 22:11:00,40.78,40.78,40.77,40.77,1108
"11646",2020-08-31 22:12:00,40.76,40.76,40.74,40.74,1338
"11647",2020-08-31 22:13:00,40.74,40.74,40.73,40.73,1620
"11648",2020-08-31 22:14:00,40.72,40.75,40.72,40.75,1837
"11649",2020-08-31 22:15:00,40.74,40.74,40.72,40.73,2180
"11650",2020-08-31 22:16:00,40.73,40.74,40.71,40.71,2134
"11651",2020-08-31 22:17:00,40.71,40.73,40.71,40.72,1113
"11652",2020-08-31 22:18:00,40.72,40.72,40.7,40.72,2903
"11653",2020-08-31 22:19:00,40.71,40.71,40.71,40.71,829
"11654",2020-08-31 22:20:00,40.72,40.72,40.67,40.68,1934
"11655",2020-08-31 22:21:00,40.68,40.69,40.68,40.69,1985
"11656",2020-08-31 22:22:00,40.68,40.68,40.66,40.67,2056
"11657",2020-08-31 22:23:00,40.68,40.68,40.66,40.67,1413
"11658",2020-08-31 22:24:00,40.66,40.66,40.64,40.64,2721
"11659",2020-08-31 22:25:00,40.65,40.65,40.64,40.65,1142
"11660",2020-08-31 22:26:00,40.64,40.66,40.63,40.66,3003
"11661",2020-08-31 22:27:00,40.66,40.7,40.65,40.7,4761
"11662",2020-08-31 22:28:00,40.7,40.72,40.7,40.72,1358
"11663",2020-08-31 22:29:00,40.71,40.74,40.7,40.73,4161
"11664",2020-08-31 22:30:00,40.74,40.76,40.74,40.76,7563
"11665",2020-08-31 22:31:00,40.75,40.76,40.75,40.76,2539
"11666",2020-08-31 22:32:00,40.75,40.75,40.72,40.73,4021
"11667",2020-08-31 22:33:00,40.74,40.76,40.74,40.76,2515
"11668",2020-08-31 22:34:00,40.76,40.78,40.76,40.78,3421
"11669",2020-08-31 22:35:00,40.78,40.79,40.77,40.79,4440
"11670",2020-08-31 22:36:00,40.78,40.79,40.76,40.77,1857
"11671",2020-08-31 22:37:00,40.76,40.79,40.76,40.79,8153
"11672",2020-08-31 22:38:00,40.78,40.8,40.78,40.79,2413
"11673",2020-08-31 22:39:00,40.79,40.79,40.79,40.79,1304
"11674",2020-08-31 22:40:00,40.78,40.78,40.76,40.76,1776
"11675",2020-08-31 22:41:00,40.76,40.78,40.76,40.76,5196
"11676",2020-08-31 22:42:00,40.77,40.77,40.74,40.76,4091
"11677",2020-08-31 22:43:00,40.76,40.76,40.74,40.74,4030
"11678",2020-08-31 22:44:00,40.76,40.77,40.74,40.77,2866
"11679",2020-08-31 22:45:00,40.77,40.79,40.77,40.78,4240
"11680",2020-08-31 22:46:00,40.77,40.8,40.76,40.79,5566
"11681",2020-08-31 22:47:00,40.8,40.84,40.8,40.84,3793
"11682",2020-08-31 22:48:00,40.84,40.88,40.84,40.88,4337
"11683",2020-08-31 22:49:00,40.88,40.92,40.88,40.92,4626
"11684",2020-08-31 22:50:00,40.92,40.92,40.88,40.89,10339
"11685",2020-08-31 22:51:00,40.89,40.92,40.88,40.91,8052
"11686",2020-08-31 22:52:00,40.9,40.93,40.9,40.92,3415
"11687",2020-08-31 22:53:00,40.92,40.92,40.92,40.92,2673
"11688",2020-08-31 22:54:00,40.92,40.93,40.89,40.89,4766
"11689",2020-08-31 22:55:00,40.89,40.89,40.82,40.82,11580
"11690",2020-08-31 22:56:00,40.82,40.82,40.77,40.78,11309
"11691",2020-08-31 22:57:00,40.78,40.78,40.75,40.76,3661
"11692",2020-08-31 22:58:00,40.76,40.76,40.74,40.75,6266
"11693",2020-08-31 22:59:00,40.74,40.76,40.72,40.76,10953
"11694",2020-08-31 23:00:00,40.76,40.77,40.58,40.59,54670
"11695",2020-08-31 23:01:00,40.6,40.6,40.6,40.6,40
"11696",2020-08-31 23:04:00,40.8,40.8,40.8,40.8,57
"11697",2020-08-31 23:05:00,40.58,40.58,40.58,40.58,3594
"11698",2020-08-31 23:06:00,40.54,40.54,40.54,40.54,500
"11699",2020-08-31 23:07:00,40.5,40.5,40.5,40.5,55
"11700",2020-08-31 23:21:00,40.56,40.56,40.56,40.56,202
"11701",2020-08-31 23:23:00,40.56,40.56,40.56,40.56,7
"11702",2020-08-31 23:24:00,40.56,40.56,40.56,40.56,1
"11703",2020-08-31 23:26:00,40.56,40.56,40.56,40.56,23
"11704",2020-08-31 23:40:00,40.54,40.54,40.54,40.54,1
"11705",2020-08-31 23:49:00,40.5,40.5,40.5,40.5,4
"11706",2020-08-31 23:52:00,40.5,40.5,40.5,40.5,7
"11707",2020-09-01 00:01:00,40.57,40.57,40.57,40.57,1
"11708",2020-09-01 00:03:00,40.5,40.5,40.5,40.5,1
"11709",2020-09-01 00:11:00,40.5,40.5,40.5,40.5,8
"11710",2020-09-01 00:40:00,40.54,40.54,40.54,40.54,1
"11711",2020-09-01 00:47:00,40.54,40.54,40.54,40.54,5
"11712",2020-09-01 00:50:00,40.54,40.54,40.54,40.54,1
"11713",2020-09-01 00:59:00,40.54,40.54,40.54,40.54,14
"11714",2020-09-01 01:00:00,40.54,40.54,40.54,40.54,2
"11715",2020-09-01 10:02:00,40.48,40.48,40.48,40.48,1
"11716",2020-09-01 10:03:00,40.87,40.87,40.81,40.81,12
"11717",2020-09-01 10:06:00,40.59,40.59,40.59,40.59,3
"11718",2020-09-01 10:07:00,40.59,40.59,40.59,40.59,8
"11719",2020-09-01 10:09:00,40.59,40.59,40.59,40.59,5
"11720",2020-09-01 10:11:00,40.6,40.6,40.6,40.6,1
"11721",2020-09-01 10:12:00,40.59,40.59,40.59,40.59,1
"11722",2020-09-01 10:13:00,40.69,40.69,40.69,40.69,2
"11723",2020-09-01 10:15:00,40.69,40.69,40.54,40.54,3
"11724",2020-09-01 10:18:00,40.7,40.72,40.54,40.56,17
"11725",2020-09-01 10:21:00,40.73,40.73,40.73,40.73,3
"11726",2020-09-01 10:22:00,40.58,40.58,40.58,40.58,1
"11727",2020-09-01 10:23:00,40.7,40.7,40.64,40.64,4
"11728",2020-09-01 10:26:00,40.7,40.7,40.7,40.7,3
"11729",2020-09-01 10:29:00,40.7,40.7,40.7,40.7,1
"11730",2020-09-01 10:31:00,40.7,40.7,40.7,40.7,20
"11731",2020-09-01 10:32:00,40.68,40.68,40.68,40.68,1
"11732",2020-09-01 10:35:00,40.68,40.68,40.68,40.68,1
"11733",2020-09-01 10:37:00,40.62,40.62,40.62,40.62,49
"11734",2020-09-01 10:42:00,40.8,40.8,40.8,40.8,1
"11735",2020-09-01 10:45:00,40.8,40.8,40.8,40.8,10
"11736",2020-09-01 10:46:00,40.66,40.66,40.66,40.66,1
"11737",2020-09-01 10:48:00,40.8,40.8,40.8,40.8,3
"11738",2020-09-01 10:50:00,40.8,40.8,40.8,40.8,1
"11739",2020-09-01 10:58:00,40.61,40.61,40.61,40.61,2
"11740",2020-09-01 11:00:00,40.53,40.53,40.53,40.53,18
"11741",2020-09-01 11:02:00,40.75,40.75,40.75,40.75,1
"11742",2020-09-01 11:03:00,40.75,40.77,40.75,40.77,3
"11743",2020-09-01 11:05:00,40.54,40.54,40.53,40.53,30
"11744",2020-09-01 11:07:00,40.74,40.74,40.74,40.74,1
"11745",2020-09-01 11:09:00,40.58,40.58,40.56,40.56,2
"11746",2020-09-01 11:12:00,40.72,40.72,40.56,40.56,368
"11747",2020-09-01 11:13:00,40.73,40.73,40.73,40.73,2
"11748",2020-09-01 11:15:00,40.77,40.77,40.73,40.73,6
"11749",2020-09-01 11:16:00,40.58,40.58,40.58,40.58,1
"11750",2020-09-01 11:18:00,40.64,40.64,40.64,40.64,1
"11751",2020-09-01 11:22:00,40.56,40.56,40.54,40.54,5
"11752",2020-09-01 11:23:00,40.54,40.54,40.54,40.54,12
"11753",2020-09-01 11:25:00,40.56,40.56,40.56,40.56,1
"11754",2020-09-01 11:26:00,40.69,40.69,40.69,40.69,2
"11755",2020-09-01 11:29:00,40.69,40.71,40.69,40.71,10
"11756",2020-09-01 11:31:00,40.71,40.71,40.71,40.71,4
"11757",2020-09-01 11:33:00,40.59,40.59,40.56,40.56,5
"11758",2020-09-01 11:35:00,40.7,40.7,40.7,40.7,3
"11759",2020-09-01 11:36:00,40.7,40.7,40.7,40.7,2
"11760",2020-09-01 11:37:00,40.57,40.57,40.57,40.57,2
"11761",2020-09-01 11:58:00,40.76,40.76,40.66,40.66,6
"11762",2020-09-01 12:00:00,40.75,40.75,40.75,40.75,102
"11763",2020-09-01 12:06:00,40.69,40.69,40.69,40.69,2
"11764",2020-09-01 12:22:00,40.69,40.69,40.69,40.69,2
"11765",2020-09-01 12:28:00,40.76,40.76,40.76,40.76,2
"11766",2020-09-01 12:33:00,40.76,40.76,40.76,40.76,2
"11767",2020-09-01 12:35:00,40.76,40.76,40.76,40.76,2
"11768",2020-09-01 12:47:00,40.76,40.76,40.76,40.76,1
"11769",2020-09-01 12:52:00,40.76,40.76,40.76,40.76,2
"11770",2020-09-01 13:03:00,40.77,40.77,40.77,40.77,3
"11771",2020-09-01 13:06:00,40.76,40.76,40.76,40.76,13
"11772",2020-09-01 13:07:00,40.77,40.77,40.77,40.77,5
"11773",2020-09-01 13:08:00,40.76,40.76,40.76,40.76,10
"11774",2020-09-01 13:10:00,40.77,40.77,40.77,40.77,33
"11775",2020-09-01 13:11:00,40.76,40.76,40.76,40.76,2
"11776",2020-09-01 13:12:00,40.8,40.8,40.8,40.8,5
"11777",2020-09-01 13:16:00,40.76,40.76,40.76,40.76,1
"11778",2020-09-01 13:20:00,40.77,40.77,40.77,40.77,1
"11779",2020-09-01 13:21:00,40.8,40.8,40.8,40.8,1
"11780",2020-09-01 13:27:00,40.8,40.8,40.76,40.76,4
"11781",2020-09-01 13:45:00,40.8,40.8,40.78,40.78,5
"11782",2020-09-01 13:49:00,40.8,40.86,40.8,40.86,116
"11783",2020-09-01 13:55:00,40.9,40.9,40.9,40.9,200
"11784",2020-09-01 13:56:00,40.79,40.79,40.79,40.79,87
"11785",2020-09-01 13:58:00,40.9,40.9,40.9,40.9,2
"11786",2020-09-01 14:01:00,40.87,40.87,40.87,40.87,2
"11787",2020-09-01 14:03:00,40.87,40.87,40.87,40.87,1
"11788",2020-09-01 14:09:00,40.78,40.78,40.78,40.78,3
"11789",2020-09-01 14:13:00,40.78,40.78,40.78,40.78,5
"11790",2020-09-01 14:17:00,40.85,40.85,40.85,40.85,1
"11791",2020-09-01 14:21:00,40.85,40.85,40.85,40.85,1
"11792",2020-09-01 14:33:00,40.79,40.79,40.79,40.79,1
"11793",2020-09-01 14:36:00,40.74,40.78,40.73,40.78,99
"11794",2020-09-01 14:37:00,40.78,40.78,40.78,40.78,1
"11795",2020-09-01 14:38:00,40.76,40.76,40.76,40.76,1
"11796",2020-09-01 14:41:00,40.78,40.78,40.78,40.78,8
"11797",2020-09-01 14:47:00,40.8,40.8,40.8,40.8,1
"11798",2020-09-01 14:56:00,40.83,40.83,40.83,40.83,31
"11799",2020-09-01 15:00:00,40.84,40.84,40.84,40.84,1
"11800",2020-09-01 15:03:00,40.85,40.85,40.85,40.85,52
"11801",2020-09-01 15:04:00,40.87,40.87,40.87,40.87,1
"11802",2020-09-01 15:05:00,40.87,40.87,40.87,40.87,1
"11803",2020-09-01 15:08:00,40.85,40.85,40.85,40.85,5
"11804",2020-09-01 15:09:00,40.86,40.86,40.86,40.86,10
"11805",2020-09-01 15:10:00,40.8,40.8,40.8,40.8,1
"11806",2020-09-01 15:11:00,40.79,40.79,40.79,40.79,1
"11807",2020-09-01 15:14:00,40.8,40.8,40.8,40.8,1
"11808",2020-09-01 15:23:00,40.76,40.76,40.76,40.76,1
"11809",2020-09-01 15:24:00,40.78,40.78,40.78,40.78,2
"11810",2020-09-01 15:25:00,40.78,40.79,40.78,40.79,108
"11811",2020-09-01 15:27:00,40.79,40.86,40.79,40.86,111
"11812",2020-09-01 15:31:00,40.86,40.9,40.86,40.9,94
"11813",2020-09-01 15:32:00,40.88,40.9,40.88,40.9,2
"11814",2020-09-01 15:34:00,40.88,40.88,40.88,40.88,1
"11815",2020-09-01 15:37:00,40.88,40.88,40.88,40.88,8
"11816",2020-09-01 15:38:00,40.9,40.9,40.9,40.9,2
"11817",2020-09-01 15:40:00,40.86,40.86,40.86,40.86,100
"11818",2020-09-01 15:43:00,40.9,40.9,40.9,40.9,2
"11819",2020-09-01 15:44:00,40.83,40.83,40.83,40.83,1
"11820",2020-09-01 15:47:00,40.9,40.9,40.9,40.9,2
"11821",2020-09-01 15:56:00,40.76,40.76,40.76,40.76,5
"11822",2020-09-01 15:58:00,40.76,40.76,40.76,40.76,1
"11823",2020-09-01 16:01:00,40.85,40.85,40.76,40.76,103
"11824",2020-09-01 16:04:00,40.76,40.76,40.76,40.76,100
"11825",2020-09-01 16:06:00,40.75,40.75,40.75,40.75,2
"11826",2020-09-01 16:08:00,40.75,40.75,40.75,40.75,2
"11827",2020-09-01 16:09:00,40.75,40.75,40.73,40.73,531
"11828",2020-09-01 16:10:00,40.8,40.99,40.8,40.99,200
"11829",2020-09-01 16:11:00,40.75,40.75,40.5,40.65,607
"11830",2020-09-01 16:12:00,40.65,40.65,40.65,40.65,5
"11831",2020-09-01 16:13:00,40.65,40.65,40.65,40.65,1
"11832",2020-09-01 16:17:00,40.67,40.67,40.67,40.67,2
"11833",2020-09-01 16:19:00,40.67,40.67,40.67,40.67,2
"11834",2020-09-01 16:20:00,40.75,40.75,40.75,40.75,1
"11835",2020-09-01 16:21:00,40.76,40.9,40.76,40.9,60
"11836",2020-09-01 16:22:00,40.76,40.76,40.63,40.63,401
"11837",2020-09-01 16:23:00,40.68,40.68,40.68,40.68,2
"11838",2020-09-01 16:26:00,40.68,40.72,40.68,40.68,159
"11839",2020-09-01 16:27:00,40.68,40.68,40.68,40.68,3
"11840",2020-09-01 16:28:00,40.89,40.9,40.71,40.71,541
"11841",2020-09-01 16:29:00,40.7,40.7,40.55,40.63,142
"11842",2020-09-01 16:30:00,40.62,40.72,40.56,40.57,77
"11843",2020-09-01 16:31:00,40.61,40.68,40.49,40.52,14175
"11844",2020-09-01 16:32:00,40.5,40.51,40.3,40.3,15600
"11845",2020-09-01 16:33:00,40.31,40.37,40.15,40.37,9182
"11846",2020-09-01 16:34:00,40.37,40.4,40.28,40.38,4083
"11847",2020-09-01 16:35:00,40.38,40.38,40.18,40.24,9709
"11848",2020-09-01 16:36:00,40.25,40.32,40.16,40.3,8652
"11849",2020-09-01 16:37:00,40.29,40.33,40.21,40.28,6995
"11850",2020-09-01 16:38:00,40.28,40.29,40.2,40.23,11523
"11851",2020-09-01 16:39:00,40.22,40.35,40.18,40.35,7073
"11852",2020-09-01 16:40:00,40.36,40.38,40.26,40.31,13026
"11853",2020-09-01 16:41:00,40.3,40.3,40.24,40.28,4389
"11854",2020-09-01 16:42:00,40.28,40.29,40.24,40.29,4099
"11855",2020-09-01 16:43:00,40.27,40.32,40.27,40.3,8970
"11856",2020-09-01 16:44:00,40.3,40.38,40.29,40.29,6405
"11857",2020-09-01 16:45:00,40.29,40.31,40.28,40.29,4621
"11858",2020-09-01 16:46:00,40.29,40.3,40.17,40.19,5297
"11859",2020-09-01 16:47:00,40.2,40.3,40.19,40.3,5506
"11860",2020-09-01 16:48:00,40.3,40.32,40.27,40.32,4594
"11861",2020-09-01 16:49:00,40.34,40.4,40.32,40.36,4628
"11862",2020-09-01 16:50:00,40.38,40.45,40.38,40.45,6218
"11863",2020-09-01 16:51:00,40.46,40.49,40.38,40.44,6942
"11864",2020-09-01 16:52:00,40.42,40.52,40.4,40.43,5991
"11865",2020-09-01 16:53:00,40.44,40.56,40.44,40.48,8561
"11866",2020-09-01 16:54:00,40.49,40.5,40.45,40.47,6062
"11867",2020-09-01 16:55:00,40.41,40.45,40.39,40.39,6152
"11868",2020-09-01 16:56:00,40.37,40.42,40.36,40.38,5379
"11869",2020-09-01 16:57:00,40.38,40.46,40.38,40.46,3369
"11870",2020-09-01 16:58:00,40.46,40.46,40.43,40.43,5650
"11871",2020-09-01 16:59:00,40.42,40.44,40.29,40.3,7544
"11872",2020-09-01 17:00:00,40.3,40.35,40.3,40.31,6087
"11873",2020-09-01 17:01:00,40.31,40.35,40.27,40.34,9220
"11874",2020-09-01 17:02:00,40.34,40.36,40.27,40.33,7665
"11875",2020-09-01 17:03:00,40.31,40.4,40.3,40.4,3585
"11876",2020-09-01 17:04:00,40.41,40.43,40.34,40.37,2504
"11877",2020-09-01 17:05:00,40.36,40.37,40.3,40.31,4647
"11878",2020-09-01 17:06:00,40.31,40.4,40.3,40.3,2303
"11879",2020-09-01 17:07:00,40.29,40.31,40.27,40.31,4235
"11880",2020-09-01 17:08:00,40.32,40.32,40.29,40.29,614
"11881",2020-09-01 17:09:00,40.28,40.28,40.25,40.25,4289
"11882",2020-09-01 17:10:00,40.25,40.26,40.23,40.26,3682
"11883",2020-09-01 17:11:00,40.25,40.3,40.25,40.3,3252
"11884",2020-09-01 17:12:00,40.3,40.4,40.28,40.38,3952
"11885",2020-09-01 17:13:00,40.38,40.4,40.36,40.39,1629
"11886",2020-09-01 17:14:00,40.38,40.42,40.38,40.4,1834
"11887",2020-09-01 17:15:00,40.38,40.38,40.29,40.3,3385
"11888",2020-09-01 17:16:00,40.31,40.32,40.28,40.31,5011
"11889",2020-09-01 17:17:00,40.32,40.32,40.28,40.29,770
"11890",2020-09-01 17:18:00,40.3,40.35,40.28,40.35,5499
"11891",2020-09-01 17:19:00,40.35,40.44,40.33,40.44,6671
"11892",2020-09-01 17:20:00,40.44,40.47,40.43,40.47,7453
"11893",2020-09-01 17:21:00,40.46,40.47,40.42,40.44,3901
"11894",2020-09-01 17:22:00,40.44,40.49,40.44,40.44,2392
"11895",2020-09-01 17:23:00,40.46,40.48,40.45,40.45,1114
"11896",2020-09-01 17:24:00,40.42,40.45,40.4,40.45,1701
"11897",2020-09-01 17:25:00,40.45,40.49,40.45,40.49,913
"11898",2020-09-01 17:26:00,40.49,40.49,40.46,40.49,2387
"11899",2020-09-01 17:27:00,40.5,40.57,40.5,40.51,3410
"11900",2020-09-01 17:28:00,40.51,40.62,40.51,40.61,5164
"11901",2020-09-01 17:29:00,40.61,40.64,40.61,40.61,5131
"11902",2020-09-01 17:30:00,40.62,40.66,40.62,40.65,3257
"11903",2020-09-01 17:31:00,40.63,40.64,40.58,40.59,3810
"11904",2020-09-01 17:32:00,40.59,40.59,40.45,40.45,4434
"11905",2020-09-01 17:33:00,40.45,40.51,40.45,40.48,2949
"11906",2020-09-01 17:34:00,40.5,40.52,40.48,40.5,3883
"11907",2020-09-01 17:35:00,40.49,40.49,40.44,40.44,2018
"11908",2020-09-01 17:36:00,40.45,40.47,40.43,40.43,1717
"11909",2020-09-01 17:37:00,40.43,40.45,40.43,40.43,2202
"11910",2020-09-01 17:38:00,40.44,40.45,40.36,40.36,3361
"11911",2020-09-01 17:39:00,40.37,40.38,40.32,40.32,3192
"11912",2020-09-01 17:40:00,40.32,40.38,40.32,40.38,3172
"11913",2020-09-01 17:41:00,40.39,40.4,40.38,40.39,1853
"11914",2020-09-01 17:42:00,40.38,40.38,40.29,40.3,2960
"11915",2020-09-01 17:43:00,40.31,40.31,40.25,40.27,11816
"11916",2020-09-01 17:44:00,40.27,40.28,40.22,40.22,2809
"11917",2020-09-01 17:45:00,40.2,40.25,40.19,40.22,3134
"11918",2020-09-01 17:46:00,40.22,40.28,40.21,40.28,2707
"11919",2020-09-01 17:47:00,40.28,40.3,40.27,40.3,2713
"11920",2020-09-01 17:48:00,40.3,40.32,40.28,40.32,1000
"11921",2020-09-01 17:49:00,40.33,40.35,40.31,40.31,1990
"11922",2020-09-01 17:50:00,40.31,40.32,40.3,40.31,1051
"11923",2020-09-01 17:51:00,40.32,40.34,40.3,40.33,3766
"11924",2020-09-01 17:52:00,40.33,40.34,40.27,40.29,6308
"11925",2020-09-01 17:53:00,40.3,40.3,40.26,40.28,1488
"11926",2020-09-01 17:54:00,40.29,40.32,40.29,40.29,1059
"11927",2020-09-01 17:55:00,40.28,40.28,40.21,40.22,1988
"11928",2020-09-01 17:56:00,40.22,40.26,40.2,40.2,2093
"11929",2020-09-01 17:57:00,40.19,40.26,40.19,40.24,2155
"11930",2020-09-01 17:58:00,40.24,40.24,40.21,40.22,2974
"11931",2020-09-01 17:59:00,40.21,40.21,40.17,40.18,1851
"11932",2020-09-01 18:00:00,40.19,40.19,40.14,40.15,7448
"11933",2020-09-01 18:01:00,40.16,40.2,40.15,40.2,2400
"11934",2020-09-01 18:02:00,40.23,40.26,40.18,40.18,6388
"11935",2020-09-01 18:03:00,40.19,40.19,40.15,40.15,1369
"11936",2020-09-01 18:04:00,40.16,40.22,40.16,40.22,2264
"11937",2020-09-01 18:05:00,40.22,40.22,40.2,40.2,2718
"11938",2020-09-01 18:06:00,40.21,40.23,40.21,40.23,2774
"11939",2020-09-01 18:07:00,40.22,40.27,40.22,40.27,1730
"11940",2020-09-01 18:08:00,40.28,40.28,40.25,40.25,3047
"11941",2020-09-01 18:09:00,40.26,40.26,40.24,40.24,1009
"11942",2020-09-01 18:10:00,40.24,40.26,40.24,40.25,7616
"11943",2020-09-01 18:11:00,40.26,40.31,40.26,40.28,4199
"11944",2020-09-01 18:12:00,40.28,40.28,40.26,40.26,1893
"11945",2020-09-01 18:13:00,40.27,40.34,40.27,40.34,5813
"11946",2020-09-01 18:14:00,40.34,40.34,40.31,40.31,2892
"11947",2020-09-01 18:15:00,40.3,40.31,40.27,40.3,2783
"11948",2020-09-01 18:16:00,40.31,40.31,40.3,40.3,434
"11949",2020-09-01 18:17:00,40.31,40.31,40.29,40.29,3496
"11950",2020-09-01 18:18:00,40.29,40.33,40.29,40.33,3159
"11951",2020-09-01 18:19:00,40.33,40.34,40.32,40.32,1701
"11952",2020-09-01 18:20:00,40.32,40.32,40.28,40.28,1820
"11953",2020-09-01 18:21:00,40.28,40.29,40.26,40.26,4097
"11954",2020-09-01 18:22:00,40.26,40.27,40.24,40.24,2447
"11955",2020-09-01 18:23:00,40.24,40.28,40.24,40.24,2242
"11956",2020-09-01 18:24:00,40.23,40.24,40.21,40.21,5652
"11957",2020-09-01 18:25:00,40.22,40.23,40.21,40.21,4089
"11958",2020-09-01 18:26:00,40.21,40.21,40.2,40.2,3484
"11959",2020-09-01 18:27:00,40.2,40.2,40.18,40.19,2221
"11960",2020-09-01 18:28:00,40.19,40.19,40.17,40.18,2600
"11961",2020-09-01 18:29:00,40.17,40.19,40.17,40.19,2039
"11962",2020-09-01 18:30:00,40.19,40.2,40.18,40.2,3060
"11963",2020-09-01 18:31:00,40.21,40.26,40.2,40.26,2341
"11964",2020-09-01 18:32:00,40.25,40.28,40.25,40.28,1848
"11965",2020-09-01 18:33:00,40.29,40.29,40.27,40.29,2966
"11966",2020-09-01 18:34:00,40.3,40.3,40.3,40.3,100
"11967",2020-09-01 18:35:00,40.3,40.33,40.3,40.33,2420
"11968",2020-09-01 18:36:00,40.33,40.36,40.33,40.34,2959
"11969",2020-09-01 18:37:00,40.34,40.34,40.32,40.32,2621
"11970",2020-09-01 18:38:00,40.32,40.34,40.32,40.33,1983
"11971",2020-09-01 18:39:00,40.33,40.34,40.3,40.31,4276
"11972",2020-09-01 18:40:00,40.31,40.31,40.3,40.3,1532
"11973",2020-09-01 18:41:00,40.32,40.32,40.29,40.29,2057
"11974",2020-09-01 18:42:00,40.3,40.3,40.28,40.28,1958
"11975",2020-09-01 18:43:00,40.29,40.33,40.29,40.33,3521
"11976",2020-09-01 18:44:00,40.34,40.41,40.34,40.4,4334
"11977",2020-09-01 18:45:00,40.4,40.42,40.38,40.4,4438
"11978",2020-09-01 18:46:00,40.39,40.39,40.37,40.37,1377
"11979",2020-09-01 18:47:00,40.33,40.34,40.32,40.32,3205
"11980",2020-09-01 18:48:00,40.33,40.33,40.31,40.31,2802
"11981",2020-09-01 18:49:00,40.32,40.32,40.32,40.32,1
"11982",2020-09-01 18:50:00,40.32,40.34,40.32,40.34,701
"11983",2020-09-01 18:51:00,40.37,40.39,40.37,40.39,1150
"11984",2020-09-01 18:52:00,40.41,40.42,40.41,40.41,2423
"11985",2020-09-01 18:53:00,40.41,40.41,40.37,40.37,2274
"11986",2020-09-01 18:54:00,40.36,40.36,40.36,40.36,2201
"11987",2020-09-01 18:55:00,40.35,40.35,40.35,40.35,1800
"11988",2020-09-01 18:56:00,40.34,40.34,40.33,40.34,753
"11989",2020-09-01 18:57:00,40.34,40.34,40.31,40.32,2028
"11990",2020-09-01 18:58:00,40.33,40.34,40.32,40.33,2260
"11991",2020-09-01 18:59:00,40.33,40.34,40.33,40.33,2768
"11992",2020-09-01 19:00:00,40.32,40.35,40.32,40.35,1826
"11993",2020-09-01 19:01:00,40.36,40.36,40.35,40.35,938
"11994",2020-09-01 19:02:00,40.34,40.38,40.34,40.38,3114
"11995",2020-09-01 19:04:00,40.37,40.37,40.36,40.37,1248
"11996",2020-09-01 19:05:00,40.38,40.39,40.38,40.38,1945
"11997",2020-09-01 19:06:00,40.38,40.4,40.38,40.39,2413
"11998",2020-09-01 19:07:00,40.38,40.38,40.37,40.37,976
"11999",2020-09-01 19:08:00,40.37,40.37,40.36,40.36,1450
"12000",2020-09-01 19:09:00,40.37,40.38,40.37,40.37,1447
"12001",2020-09-01 19:10:00,40.37,40.37,40.37,40.37,849
"12002",2020-09-01 19:11:00,40.38,40.38,40.35,40.36,1468
"12003",2020-09-01 19:12:00,40.37,40.38,40.37,40.38,858
"12004",2020-09-01 19:13:00,40.37,40.37,40.36,40.37,540
"12005",2020-09-01 19:14:00,40.38,40.38,40.36,40.36,370
"12006",2020-09-01 19:15:00,40.36,40.36,40.34,40.34,2804
"12007",2020-09-01 19:16:00,40.33,40.34,40.32,40.33,414
"12008",2020-09-01 19:17:00,40.33,40.35,40.33,40.35,2004
"12009",2020-09-01 19:18:00,40.35,40.37,40.35,40.35,1026
"12010",2020-09-01 19:19:00,40.35,40.37,40.35,40.37,871
"12011",2020-09-01 19:20:00,40.38,40.41,40.38,40.38,4119
"12012",2020-09-01 19:21:00,40.39,40.39,40.38,40.38,859
"12013",2020-09-01 19:22:00,40.38,40.38,40.36,40.38,2157
"12014",2020-09-01 19:23:00,40.37,40.38,40.37,40.37,555
"12015",2020-09-01 19:24:00,40.37,40.38,40.33,40.33,1883
"12016",2020-09-01 19:25:00,40.33,40.33,40.33,40.33,668
"12017",2020-09-01 19:26:00,40.33,40.33,40.26,40.27,4351
"12018",2020-09-01 19:27:00,40.26,40.3,40.25,40.3,4497
"12019",2020-09-01 19:28:00,40.29,40.32,40.29,40.31,2521
"12020",2020-09-01 19:29:00,40.3,40.34,40.3,40.34,1707
"12021",2020-09-01 19:30:00,40.34,40.34,40.3,40.3,2853
"12022",2020-09-01 19:31:00,40.3,40.3,40.3,40.3,720
"12023",2020-09-01 19:32:00,40.31,40.31,40.3,40.31,2562
"12024",2020-09-01 19:33:00,40.32,40.32,40.32,40.32,406
"12025",2020-09-01 19:34:00,40.33,40.37,40.33,40.37,1582
"12026",2020-09-01 19:35:00,40.37,40.37,40.36,40.36,1390
"12027",2020-09-01 19:36:00,40.36,40.38,40.35,40.38,3776
"12028",2020-09-01 19:37:00,40.39,40.42,40.39,40.42,618
"12029",2020-09-01 19:38:00,40.41,40.41,40.41,40.41,524
"12030",2020-09-01 19:39:00,40.4,40.4,40.37,40.37,3153
"12031",2020-09-01 19:40:00,40.37,40.38,40.37,40.38,2050
"12032",2020-09-01 19:41:00,40.39,40.39,40.36,40.36,1035
"12033",2020-09-01 19:42:00,40.36,40.38,40.36,40.38,1802
"12034",2020-09-01 19:43:00,40.4,40.4,40.38,40.38,2692
"12035",2020-09-01 19:44:00,40.37,40.42,40.37,40.42,1516
"12036",2020-09-01 19:45:00,40.42,40.44,40.4,40.4,2236
"12037",2020-09-01 19:46:00,40.4,40.41,40.4,40.41,1557
"12038",2020-09-01 19:47:00,40.42,40.43,40.41,40.43,6349
"12039",2020-09-01 19:48:00,40.42,40.44,40.42,40.44,1636
"12040",2020-09-01 19:49:00,40.45,40.49,40.45,40.49,1731
"12041",2020-09-01 19:50:00,40.48,40.48,40.46,40.48,1122
"12042",2020-09-01 19:51:00,40.48,40.5,40.48,40.49,858
"12043",2020-09-01 19:52:00,40.48,40.49,40.48,40.48,2320
"12044",2020-09-01 19:53:00,40.48,40.51,40.48,40.51,1697
"12045",2020-09-01 19:54:00,40.51,40.52,40.5,40.52,1452
"12046",2020-09-01 19:55:00,40.5,40.53,40.5,40.53,3363
"12047",2020-09-01 19:56:00,40.54,40.55,40.54,40.54,3036
"12048",2020-09-01 19:57:00,40.53,40.54,40.52,40.53,1547
"12049",2020-09-01 19:58:00,40.52,40.53,40.51,40.53,706
"12050",2020-09-01 19:59:00,40.53,40.54,40.52,40.52,558
"12051",2020-09-01 20:00:00,40.52,40.55,40.52,40.55,1844
"12052",2020-09-01 20:01:00,40.55,40.56,40.54,40.54,1808
"12053",2020-09-01 20:02:00,40.54,40.54,40.54,40.54,308
"12054",2020-09-01 20:03:00,40.54,40.57,40.54,40.56,4326
"12055",2020-09-01 20:04:00,40.56,40.56,40.54,40.54,950
"12056",2020-09-01 20:05:00,40.54,40.56,40.54,40.56,843
"12057",2020-09-01 20:06:00,40.56,40.57,40.56,40.57,1068
"12058",2020-09-01 20:07:00,40.58,40.59,40.58,40.58,296
"12059",2020-09-01 20:08:00,40.58,40.59,40.58,40.59,305
"12060",2020-09-01 20:09:00,40.59,40.62,40.59,40.6,1338
"12061",2020-09-01 20:10:00,40.61,40.62,40.59,40.59,1564
"12062",2020-09-01 20:11:00,40.58,40.62,40.58,40.62,1705
"12063",2020-09-01 20:12:00,40.62,40.62,40.61,40.62,638
"12064",2020-09-01 20:13:00,40.61,40.64,40.61,40.64,2035
"12065",2020-09-01 20:14:00,40.63,40.64,40.61,40.64,2016
"12066",2020-09-01 20:15:00,40.64,40.66,40.64,40.65,3270
"12067",2020-09-01 20:16:00,40.65,40.67,40.65,40.67,606
"12068",2020-09-01 20:17:00,40.68,40.7,40.68,40.69,3061
"12069",2020-09-01 20:18:00,40.7,40.72,40.7,40.72,539
"12070",2020-09-01 20:20:00,40.71,40.72,40.71,40.71,1287
"12071",2020-09-01 20:21:00,40.72,40.72,40.69,40.71,3186
"12072",2020-09-01 20:22:00,40.71,40.71,40.69,40.69,231
"12073",2020-09-01 20:23:00,40.69,40.7,40.69,40.69,1600
"12074",2020-09-01 20:24:00,40.69,40.74,40.69,40.7,8594
"12075",2020-09-01 20:25:00,40.7,40.73,40.7,40.73,403
"12076",2020-09-01 20:26:00,40.74,40.74,40.73,40.73,3430
"12077",2020-09-01 20:27:00,40.73,40.75,40.72,40.75,1856
"12078",2020-09-01 20:28:00,40.75,40.8,40.75,40.78,7959
"12079",2020-09-01 20:29:00,40.79,40.79,40.78,40.78,1300
"12080",2020-09-01 20:30:00,40.8,40.83,40.8,40.83,6753
"12081",2020-09-01 20:31:00,40.84,40.88,40.84,40.88,1788
"12082",2020-09-01 20:32:00,40.87,40.9,40.87,40.9,709
"12083",2020-09-01 20:33:00,40.89,40.89,40.87,40.87,3842
"12084",2020-09-01 20:34:00,40.87,40.89,40.86,40.89,3182
"12085",2020-09-01 20:35:00,40.9,40.92,40.9,40.91,2188
"12086",2020-09-01 20:36:00,40.91,40.91,40.88,40.89,1975
"12087",2020-09-01 20:37:00,40.9,40.91,40.88,40.89,4021
"12088",2020-09-01 20:38:00,40.89,40.91,40.88,40.91,1075
"12089",2020-09-01 20:39:00,40.92,40.93,40.92,40.93,415
"12090",2020-09-01 20:40:00,40.94,40.95,40.92,40.93,9579
"12091",2020-09-01 20:41:00,40.96,40.99,40.96,40.99,3035
"12092",2020-09-01 20:42:00,41,41,40.97,40.97,2775
"12093",2020-09-01 20:43:00,40.97,41.03,40.96,41.01,8585
"12094",2020-09-01 20:44:00,41.01,41.05,41,41.05,2758
"12095",2020-09-01 20:45:00,41.06,41.07,41.04,41.04,3609
"12096",2020-09-01 20:46:00,41.05,41.07,41.05,41.07,1684
"12097",2020-09-01 20:47:00,41.08,41.13,41.06,41.13,7090
"12098",2020-09-01 20:48:00,41.15,41.18,41.14,41.18,4574
"12099",2020-09-01 20:49:00,41.18,41.18,41.12,41.12,4266
"12100",2020-09-01 20:50:00,41.11,41.18,41.11,41.18,7721
"12101",2020-09-01 20:51:00,41.18,41.21,41.09,41.1,7878
"12102",2020-09-01 20:52:00,41.08,41.08,41.05,41.05,2825
"12103",2020-09-01 20:53:00,41.05,41.05,41.03,41.04,2795
"12104",2020-09-01 20:54:00,41.05,41.06,41.05,41.05,2289
"12105",2020-09-01 20:55:00,41.05,41.05,41.04,41.04,3826
"12106",2020-09-01 20:56:00,41.02,41.04,41.01,41.03,2917
"12107",2020-09-01 20:57:00,41.03,41.03,41.01,41.01,1800
"12108",2020-09-01 20:58:00,41.02,41.06,41.02,41.06,1737
"12109",2020-09-01 20:59:00,41.06,41.06,41.04,41.05,2677
"12110",2020-09-01 21:00:00,41.04,41.04,40.97,40.98,4234
"12111",2020-09-01 21:01:00,41,41.02,40.99,41.01,1509
"12112",2020-09-01 21:02:00,41.02,41.05,41.02,41.04,2797
"12113",2020-09-01 21:03:00,41.03,41.03,40.99,40.99,1306
"12114",2020-09-01 21:04:00,41,41,41,41,358
"12115",2020-09-01 21:05:00,41,41.04,41,41.02,3169
"12116",2020-09-01 21:06:00,41.02,41.02,41.01,41.01,201
"12117",2020-09-01 21:07:00,41.02,41.03,41.01,41.03,551
"12118",2020-09-01 21:08:00,41.04,41.04,41.03,41.04,1683
"12119",2020-09-01 21:09:00,41.06,41.07,41.06,41.06,1536
"12120",2020-09-01 21:10:00,41.06,41.06,41.04,41.04,2289
"12121",2020-09-01 21:11:00,41.04,41.07,41.04,41.07,787
"12122",2020-09-01 21:12:00,41.08,41.08,41.04,41.06,2340
"12123",2020-09-01 21:13:00,41.07,41.1,41.07,41.1,774
"12124",2020-09-01 21:14:00,41.1,41.11,41.09,41.1,2269
"12125",2020-09-01 21:15:00,41.1,41.12,41.1,41.12,2201
"12126",2020-09-01 21:16:00,41.12,41.12,41.11,41.11,2303
"12127",2020-09-01 21:17:00,41.11,41.12,41.11,41.11,701
"12128",2020-09-01 21:18:00,41.12,41.12,41.12,41.12,1121
"12129",2020-09-01 21:19:00,41.13,41.14,41.12,41.12,3016
"12130",2020-09-01 21:20:00,41.12,41.17,41.12,41.17,2974
"12131",2020-09-01 21:21:00,41.16,41.16,41.14,41.14,1902
"12132",2020-09-01 21:22:00,41.13,41.15,41.13,41.14,2601
"12133",2020-09-01 21:23:00,41.14,41.14,41.14,41.14,501
"12134",2020-09-01 21:24:00,41.14,41.16,41.14,41.16,594
"12135",2020-09-01 21:25:00,41.16,41.16,41.1,41.11,3369
"12136",2020-09-01 21:26:00,41.12,41.12,41.05,41.05,3306
"12137",2020-09-01 21:27:00,41.06,41.06,41.06,41.06,2512
"12138",2020-09-01 21:28:00,41.06,41.07,41.06,41.06,1154
"12139",2020-09-01 21:29:00,41.06,41.06,41.02,41.05,3236
"12140",2020-09-01 21:30:00,41.05,41.06,41.05,41.05,1024
"12141",2020-09-01 21:31:00,41.05,41.06,41.05,41.05,1515
"12142",2020-09-01 21:32:00,41.05,41.07,41.05,41.07,1805
"12143",2020-09-01 21:33:00,41.08,41.08,41.08,41.08,1102
"12144",2020-09-01 21:34:00,41.09,41.1,41.09,41.1,326
"12145",2020-09-01 21:35:00,41.09,41.09,41.06,41.06,2422
"12146",2020-09-01 21:36:00,41.05,41.06,41.04,41.05,1502
"12147",2020-09-01 21:37:00,41.05,41.05,41.04,41.04,1778
"12148",2020-09-01 21:38:00,41.04,41.04,41.03,41.03,726
"12149",2020-09-01 21:39:00,41.04,41.05,41.04,41.05,1142
"12150",2020-09-01 21:40:00,41.06,41.06,41.05,41.06,517
"12151",2020-09-01 21:41:00,41.05,41.05,41.04,41.04,1013
"12152",2020-09-01 21:42:00,41.05,41.07,41.05,41.07,2577
"12153",2020-09-01 21:43:00,41.07,41.09,41.07,41.09,2034
"12154",2020-09-01 21:44:00,41.08,41.08,41.07,41.08,4422
"12155",2020-09-01 21:45:00,41.08,41.09,41.08,41.09,1495
"12156",2020-09-01 21:46:00,41.09,41.09,41.09,41.09,3721
"12157",2020-09-01 21:47:00,41.09,41.1,41.09,41.1,1048
"12158",2020-09-01 21:48:00,41.1,41.12,41.1,41.11,5117
"12159",2020-09-01 21:49:00,41.12,41.12,41.12,41.12,878
"12160",2020-09-01 21:50:00,41.13,41.14,41.13,41.14,1368
"12161",2020-09-01 21:51:00,41.14,41.15,41.13,41.15,4957
"12162",2020-09-01 21:52:00,41.15,41.15,41.14,41.15,3336
"12163",2020-09-01 21:53:00,41.15,41.18,41.15,41.17,2644
"12164",2020-09-01 21:54:00,41.17,41.2,41.17,41.18,7044
"12165",2020-09-01 21:55:00,41.18,41.23,41.18,41.23,4872
"12166",2020-09-01 21:56:00,41.23,41.23,41.21,41.22,2438
"12167",2020-09-01 21:57:00,41.22,41.22,41.18,41.19,4369
"12168",2020-09-01 21:58:00,41.19,41.22,41.19,41.21,2521
"12169",2020-09-01 21:59:00,41.21,41.23,41.2,41.23,1557
"12170",2020-09-01 22:00:00,41.23,41.24,41.23,41.23,5530
"12171",2020-09-01 22:01:00,41.23,41.23,41.2,41.21,5002
"12172",2020-09-01 22:02:00,41.21,41.22,41.21,41.22,3807
"12173",2020-09-01 22:03:00,41.23,41.24,41.23,41.23,2358
"12174",2020-09-01 22:04:00,41.24,41.24,41.23,41.23,714
"12175",2020-09-01 22:05:00,41.24,41.24,41.2,41.21,3052
"12176",2020-09-01 22:06:00,41.22,41.22,41.19,41.2,2902
"12177",2020-09-01 22:07:00,41.2,41.21,41.2,41.21,2510
"12178",2020-09-01 22:08:00,41.22,41.24,41.22,41.24,2534
"12179",2020-09-01 22:09:00,41.23,41.24,41.22,41.22,6435
"12180",2020-09-01 22:10:00,41.22,41.22,41.22,41.22,787
"12181",2020-09-01 22:11:00,41.22,41.23,41.2,41.2,1453
"12182",2020-09-01 22:12:00,41.2,41.2,41.18,41.18,1673
"12183",2020-09-01 22:13:00,41.19,41.19,41.15,41.15,3192
"12184",2020-09-01 22:14:00,41.14,41.14,41.11,41.11,2340
"12185",2020-09-01 22:15:00,41.12,41.12,41.1,41.11,3587
"12186",2020-09-01 22:16:00,41.12,41.13,41.12,41.13,2472
"12187",2020-09-01 22:17:00,41.13,41.14,41.12,41.14,3531
"12188",2020-09-01 22:18:00,41.14,41.16,41.14,41.16,2817
"12189",2020-09-01 22:19:00,41.15,41.15,41.14,41.15,3845
"12190",2020-09-01 22:20:00,41.14,41.14,41.13,41.14,3205
"12191",2020-09-01 22:21:00,41.14,41.15,41.14,41.15,939
"12192",2020-09-01 22:22:00,41.15,41.15,41.15,41.15,2530
"12193",2020-09-01 22:23:00,41.15,41.15,41.14,41.14,3421
"12194",2020-09-01 22:24:00,41.14,41.15,41.14,41.14,2455
"12195",2020-09-01 22:25:00,41.14,41.15,41.13,41.15,1363
"12196",2020-09-01 22:26:00,41.15,41.17,41.15,41.17,2531
"12197",2020-09-01 22:27:00,41.17,41.17,41.14,41.14,3166
"12198",2020-09-01 22:28:00,41.15,41.15,41.14,41.14,6400
"12199",2020-09-01 22:29:00,41.14,41.14,41.13,41.13,578
"12200",2020-09-01 22:30:00,41.13,41.13,41.1,41.1,8498
"12201",2020-09-01 22:31:00,41.1,41.11,41.1,41.1,1189
"12202",2020-09-01 22:32:00,41.11,41.12,41.11,41.12,3238
"12203",2020-09-01 22:33:00,41.12,41.12,41.06,41.07,7047
"12204",2020-09-01 22:34:00,41.08,41.08,41.07,41.08,4303
"12205",2020-09-01 22:35:00,41.08,41.08,41.04,41.04,3399
"12206",2020-09-01 22:36:00,41.04,41.05,41.04,41.04,4461
"12207",2020-09-01 22:37:00,41.04,41.07,41.04,41.05,4695
"12208",2020-09-01 22:38:00,41.06,41.08,41.06,41.07,2276
"12209",2020-09-01 22:39:00,41.07,41.07,41.04,41.05,4866
"12210",2020-09-01 22:40:00,41.04,41.06,41.04,41.04,6735
"12211",2020-09-01 22:41:00,41.04,41.08,41.04,41.08,3074
"12212",2020-09-01 22:42:00,41.07,41.08,41.06,41.08,2032
"12213",2020-09-01 22:43:00,41.1,41.1,41.07,41.07,4613
"12214",2020-09-01 22:44:00,41.08,41.08,41.08,41.08,737
"12215",2020-09-01 22:45:00,41.08,41.13,41.08,41.13,5701
"12216",2020-09-01 22:46:00,41.14,41.14,41.12,41.14,3487
"12217",2020-09-01 22:47:00,41.15,41.15,41.12,41.14,2528
"12218",2020-09-01 22:48:00,41.14,41.16,41.14,41.15,2689
"12219",2020-09-01 22:49:00,41.14,41.14,41.13,41.14,2777
"12220",2020-09-01 22:50:00,41.13,41.13,41.07,41.08,4359
"12221",2020-09-01 22:51:00,41.09,41.12,41.08,41.08,7400
"12222",2020-09-01 22:52:00,41.07,41.11,41.07,41.11,3648
"12223",2020-09-01 22:53:00,41.1,41.1,41.07,41.1,5839
"12224",2020-09-01 22:54:00,41.1,41.1,41.06,41.08,10655
"12225",2020-09-01 22:55:00,41.09,41.09,41.07,41.08,6469
"12226",2020-09-01 22:56:00,41.08,41.09,41.06,41.07,8296
"12227",2020-09-01 22:57:00,41.07,41.1,41.06,41.1,5431
"12228",2020-09-01 22:58:00,41.1,41.11,41.1,41.11,2905
"12229",2020-09-01 22:59:00,41.11,41.11,41.1,41.1,9074
"12230",2020-09-01 23:00:00,41.1,41.16,41.1,41.16,18689
"12231",2020-09-01 23:03:00,41.15,41.15,41.15,41.15,3951
"12232",2020-09-01 23:04:00,41.15,41.15,41.15,41.15,8
"12233",2020-09-01 23:08:00,41.15,41.15,41.15,41.15,100
"12234",2020-09-01 23:09:00,41.24,41.24,41.24,41.24,2
"12235",2020-09-01 23:13:00,41.14,41.14,41.14,41.14,40
"12236",2020-09-01 23:18:00,41.24,41.24,41.24,41.24,2
"12237",2020-09-01 23:19:00,41.09,41.09,41.09,41.09,941
"12238",2020-09-01 23:22:00,41.17,41.17,41.17,41.17,200
"12239",2020-09-01 23:25:00,41.24,41.24,41.24,41.24,40
"12240",2020-09-01 23:37:00,41.06,41.06,41.05,41.05,2
"12241",2020-09-01 23:43:00,41.06,41.06,41.06,41.06,4
"12242",2020-09-01 23:49:00,41.06,41.06,41.06,41.06,1
"12243",2020-09-01 23:52:00,41.06,41.1,41.06,41.1,2
"12244",2020-09-02 00:12:00,41.05,41.05,41.05,41.05,1
"12245",2020-09-02 00:31:00,41.18,41.18,41.16,41.16,2
"12246",2020-09-02 01:05:00,41.21,41.21,41.21,41.21,100
"12247",2020-09-02 01:07:00,41.22,41.22,41.22,41.22,66
"12248",2020-09-02 10:03:00,41.19,41.19,41.19,41.19,1
"12249",2020-09-02 10:08:00,41.32,41.36,41.3,41.36,11
"12250",2020-09-02 10:10:00,41.34,41.34,41.3,41.3,61
"12251",2020-09-02 10:12:00,41.3,41.3,41.3,41.3,7
"12252",2020-09-02 10:15:00,41.3,41.3,41.3,41.3,6
"12253",2020-09-02 10:16:00,41.3,41.3,41.3,41.3,2
"12254",2020-09-02 10:17:00,41.3,41.3,41.29,41.29,13
"12255",2020-09-02 10:18:00,41.28,41.36,41.28,41.32,59
"12256",2020-09-02 10:19:00,41.35,41.35,41.35,41.35,1
"12257",2020-09-02 10:20:00,41.36,41.36,41.35,41.35,72
"12258",2020-09-02 10:22:00,41.35,41.39,41.35,41.39,11
"12259",2020-09-02 10:25:00,41.39,41.39,41.39,41.39,2
"12260",2020-09-02 10:26:00,41.39,41.39,41.39,41.39,1
"12261",2020-09-02 10:29:00,41.37,41.37,41.37,41.37,20
"12262",2020-09-02 10:30:00,41.35,41.35,41.35,41.35,80
"12263",2020-09-02 10:38:00,41.25,41.25,41.21,41.21,30
"12264",2020-09-02 10:40:00,41.27,41.38,41.27,41.38,13
"12265",2020-09-02 10:41:00,41.39,41.39,41.39,41.39,15
"12266",2020-09-02 10:42:00,41.39,41.39,41.39,41.39,96
"12267",2020-09-02 10:43:00,41.4,41.4,41.4,41.4,1
"12268",2020-09-02 10:46:00,41.39,41.39,41.39,41.39,1
"12269",2020-09-02 10:48:00,41.3,41.3,41.3,41.3,11
"12270",2020-09-02 10:53:00,41.3,41.3,41.3,41.3,1
"12271",2020-09-02 10:55:00,41.3,41.3,41.3,41.3,1
"12272",2020-09-02 11:03:00,41.3,41.3,41.3,41.3,1
"12273",2020-09-02 11:07:00,41.3,41.3,41.29,41.29,38
"12274",2020-09-02 11:08:00,41.28,41.28,41.28,41.28,1
"12275",2020-09-02 11:09:00,41.24,41.25,41.24,41.25,9
"12276",2020-09-02 11:11:00,41.2,41.2,41.2,41.2,5
"12277",2020-09-02 11:12:00,41.25,41.25,41.25,41.25,1
"12278",2020-09-02 11:16:00,41.19,41.19,41.19,41.19,1
"12279",2020-09-02 11:22:00,41.19,41.19,41.19,41.19,1
"12280",2020-09-02 11:24:00,41.15,41.15,41.15,41.15,1
"12281",2020-09-02 11:25:00,41.23,41.23,41.23,41.23,4
"12282",2020-09-02 11:31:00,41.26,41.26,41.26,41.26,2
"12283",2020-09-02 11:36:00,41.27,41.27,41.27,41.27,34
"12284",2020-09-02 11:37:00,41.3,41.3,41.3,41.3,59
"12285",2020-09-02 11:49:00,41.27,41.27,41.27,41.27,15
"12286",2020-09-02 11:52:00,41.34,41.36,41.26,41.26,315
"12287",2020-09-02 11:53:00,41.29,41.29,41.29,41.29,303
"12288",2020-09-02 11:56:00,41.22,41.22,41.22,41.22,1
"12289",2020-09-02 12:00:00,41.29,41.29,41.29,41.29,1
"12290",2020-09-02 12:09:00,41.21,41.21,41.21,41.21,1
"12291",2020-09-02 12:12:00,41.25,41.25,41.25,41.25,100
"12292",2020-09-02 12:13:00,41.22,41.22,41.22,41.22,1
"12293",2020-09-02 12:14:00,41.37,41.42,41.37,41.42,35
"12294",2020-09-02 12:15:00,41.45,41.45,41.45,41.45,12
"12295",2020-09-02 12:17:00,41.5,41.55,41.48,41.48,12
"12296",2020-09-02 12:22:00,41.38,41.38,41.38,41.38,3
"12297",2020-09-02 12:33:00,41.48,41.48,41.48,41.48,6
"12298",2020-09-02 12:34:00,41.48,41.48,41.48,41.48,1
"12299",2020-09-02 12:36:00,41.48,41.48,41.48,41.48,2
"12300",2020-09-02 12:42:00,41.47,41.56,41.47,41.56,500
"12301",2020-09-02 12:48:00,41.49,41.49,41.38,41.38,2
"12302",2020-09-02 12:52:00,41.49,41.49,41.49,41.49,11
"12303",2020-09-02 12:54:00,41.42,41.42,41.4,41.4,4
"12304",2020-09-02 12:58:00,41.4,41.4,41.4,41.4,4
"12305",2020-09-02 13:00:00,41.49,41.49,41.4,41.4,6
"12306",2020-09-02 13:02:00,41.4,41.5,41.4,41.5,8
"12307",2020-09-02 13:03:00,41.5,41.5,41.5,41.5,5
"12308",2020-09-02 13:06:00,41.5,41.5,41.5,41.5,1
"12309",2020-09-02 13:07:00,41.41,41.41,41.4,41.4,6
"12310",2020-09-02 13:10:00,41.28,41.28,41.28,41.28,2
"12311",2020-09-02 13:14:00,41.3,41.3,41.3,41.3,4
"12312",2020-09-02 13:16:00,41.3,41.3,41.3,41.3,3
"12313",2020-09-02 13:17:00,41.27,41.27,41.27,41.27,1
"12314",2020-09-02 13:18:00,41.24,41.24,41.24,41.24,1
"12315",2020-09-02 13:19:00,41.44,41.44,41.44,41.44,1
"12316",2020-09-02 13:20:00,41.44,41.44,41.44,41.44,1
"12317",2020-09-02 13:27:00,41.44,41.57,41.44,41.57,100
"12318",2020-09-02 13:28:00,41.27,41.27,41.27,41.27,206
"12319",2020-09-02 13:30:00,41.45,41.45,41.45,41.45,2
"12320",2020-09-02 13:31:00,41.38,41.38,41.38,41.38,1
"12321",2020-09-02 13:35:00,41.48,41.5,41.43,41.43,311
"12322",2020-09-02 13:37:00,41.49,41.49,41.49,41.49,10
"12323",2020-09-02 13:42:00,41.49,41.49,41.49,41.49,1
"12324",2020-09-02 13:43:00,41.4,41.4,41.4,41.4,1
"12325",2020-09-02 13:48:00,41.48,41.48,41.48,41.48,1
"12326",2020-09-02 14:08:00,41.4,41.4,41.4,41.4,1
"12327",2020-09-02 14:09:00,41.36,41.36,41.36,41.36,2
"12328",2020-09-02 14:11:00,41.38,41.38,41.38,41.38,20
"12329",2020-09-02 14:13:00,41.4,41.43,41.4,41.43,160
"12330",2020-09-02 14:24:00,41.35,41.35,41.34,41.34,2
"12331",2020-09-02 14:31:00,41.42,41.42,41.42,41.42,104
"12332",2020-09-02 14:32:00,41.42,41.42,41.39,41.39,100
"12333",2020-09-02 14:34:00,41.38,41.38,41.38,41.38,4
"12334",2020-09-02 14:35:00,41.39,41.39,41.39,41.39,66
"12335",2020-09-02 14:46:00,41.34,41.34,41.34,41.34,5
"12336",2020-09-02 14:48:00,41.29,41.29,41.29,41.29,12
"12337",2020-09-02 14:52:00,41.36,41.36,41.36,41.36,3
"12338",2020-09-02 14:54:00,41.36,41.36,41.34,41.34,92
"12339",2020-09-02 14:57:00,41.36,41.36,41.36,41.36,2
"12340",2020-09-02 14:58:00,41.36,41.36,41.36,41.36,1
"12341",2020-09-02 15:00:00,41.34,41.34,41.34,41.34,100
"12342",2020-09-02 15:01:00,41.34,41.34,41.34,41.34,10
"12343",2020-09-02 15:02:00,41.35,41.35,41.35,41.35,1
"12344",2020-09-02 15:08:00,41.36,41.46,41.36,41.46,121
"12345",2020-09-02 15:09:00,41.47,41.51,41.47,41.51,234
"12346",2020-09-02 15:10:00,41.51,41.55,41.51,41.51,172
"12347",2020-09-02 15:11:00,41.51,41.51,41.35,41.35,3
"12348",2020-09-02 15:18:00,41.38,41.38,41.34,41.34,52
"12349",2020-09-02 15:22:00,41.36,41.4,41.36,41.4,129
"12350",2020-09-02 15:23:00,41.47,41.47,41.43,41.43,15
"12351",2020-09-02 15:28:00,41.44,41.44,41.43,41.43,1500
"12352",2020-09-02 15:29:00,41.39,41.39,41.39,41.39,1
"12353",2020-09-02 15:30:00,41.35,41.35,41.35,41.35,9
"12354",2020-09-02 15:31:00,41.35,41.45,41.35,41.45,101
"12355",2020-09-02 15:32:00,41.4,41.4,41.39,41.4,3
"12356",2020-09-02 15:41:00,41.5,41.5,41.5,41.5,9
"12357",2020-09-02 15:43:00,41.42,41.43,41.42,41.43,17
"12358",2020-09-02 15:44:00,41.42,41.59,41.42,41.59,1214
"12359",2020-09-02 15:45:00,41.55,41.55,41.55,41.55,387
"12360",2020-09-02 15:46:00,41.53,41.53,41.53,41.53,144
"12361",2020-09-02 15:47:00,41.59,41.6,41.55,41.55,1009
"12362",2020-09-02 15:50:00,41.51,41.51,41.51,41.51,20
"12363",2020-09-02 15:51:00,41.52,41.52,41.52,41.52,11
"12364",2020-09-02 15:52:00,41.56,41.56,41.52,41.56,113
"12365",2020-09-02 15:54:00,41.56,41.56,41.56,41.56,28
"12366",2020-09-02 15:55:00,41.51,41.51,41.51,41.51,2
"12367",2020-09-02 15:56:00,41.54,41.54,41.54,41.54,6
"12368",2020-09-02 15:57:00,41.53,41.62,41.51,41.51,1327
"12369",2020-09-02 16:00:00,41.51,41.51,41.42,41.42,1430
"12370",2020-09-02 16:03:00,41.49,41.49,41.46,41.46,230
"12371",2020-09-02 16:04:00,41.46,41.47,41.41,41.47,237
"12372",2020-09-02 16:05:00,41.47,41.47,41.41,41.41,12
"12373",2020-09-02 16:06:00,41.41,41.41,41.41,41.41,5
"12374",2020-09-02 16:07:00,41.41,41.42,41.41,41.42,175
"12375",2020-09-02 16:08:00,41.43,41.44,41.43,41.44,81
"12376",2020-09-02 16:09:00,41.44,41.5,41.41,41.5,920
"12377",2020-09-02 16:11:00,41.41,41.41,41.41,41.41,40
"12378",2020-09-02 16:12:00,41.41,41.41,41.41,41.41,5
"12379",2020-09-02 16:14:00,41.35,41.4,41.34,41.4,77
"12380",2020-09-02 16:15:00,41.4,41.4,41.34,41.34,42
"12381",2020-09-02 16:17:00,41.34,41.36,41.34,41.34,30
"12382",2020-09-02 16:18:00,41.34,41.36,41.33,41.36,273
"12383",2020-09-02 16:19:00,41.36,41.36,41.36,41.36,2
"12384",2020-09-02 16:20:00,41.36,41.36,41.3,41.33,52
"12385",2020-09-02 16:21:00,41.36,41.36,41.36,41.36,15
"12386",2020-09-02 16:22:00,41.35,41.45,41.35,41.45,410
"12387",2020-09-02 16:23:00,41.5,41.5,41.47,41.5,164
"12388",2020-09-02 16:24:00,41.5,41.5,41.5,41.5,20
"12389",2020-09-02 16:25:00,41.5,41.5,41.5,41.5,43
"12390",2020-09-02 16:28:00,41.5,41.5,41.42,41.5,326
"12391",2020-09-02 16:29:00,41.5,41.5,41.42,41.42,805
"12392",2020-09-02 16:30:00,41.42,41.42,41.34,41.34,50
"12393",2020-09-02 16:31:00,41.51,41.53,41.39,41.49,8652
"12394",2020-09-02 16:32:00,41.55,41.68,41.51,41.62,23886
"12395",2020-09-02 16:33:00,41.63,41.73,41.58,41.68,19633
"12396",2020-09-02 16:34:00,41.71,41.94,41.69,41.93,28047
"12397",2020-09-02 16:35:00,41.93,42.09,41.89,41.98,51197
"12398",2020-09-02 16:36:00,41.98,42.03,41.7,41.83,54436
"12399",2020-09-02 16:37:00,41.82,41.9,41.8,41.85,17951
"12400",2020-09-02 16:38:00,41.84,41.95,41.82,41.93,12256
"12401",2020-09-02 16:39:00,41.91,41.92,41.86,41.88,11013
"12402",2020-09-02 16:40:00,41.86,41.91,41.84,41.88,21456
"12403",2020-09-02 16:41:00,41.89,41.97,41.86,41.88,12356
"12404",2020-09-02 16:42:00,41.88,41.96,41.86,41.95,10746
"12405",2020-09-02 16:43:00,41.97,42,41.75,41.82,11043
"12406",2020-09-02 16:44:00,41.85,41.93,41.83,41.89,6490
"12407",2020-09-02 16:45:00,41.9,42.03,41.87,42.03,3758
"12408",2020-09-02 16:46:00,42.04,42.14,41.96,42.13,16157
"12409",2020-09-02 16:47:00,42.14,42.14,42.03,42.1,11633
"12410",2020-09-02 16:48:00,42.1,42.13,42.05,42.1,1985
"12411",2020-09-02 16:49:00,42.08,42.08,41.88,41.88,6968
"12412",2020-09-02 16:50:00,41.88,41.94,41.85,41.89,18788
"12413",2020-09-02 16:51:00,41.89,41.94,41.87,41.9,25783
"12414",2020-09-02 16:52:00,41.92,41.94,41.87,41.91,19600
"12415",2020-09-02 16:53:00,41.9,41.91,41.66,41.78,19236
"12416",2020-09-02 16:54:00,41.78,41.79,41.7,41.75,29141
"12417",2020-09-02 16:55:00,41.75,41.84,41.74,41.78,14024
"12418",2020-09-02 16:56:00,41.78,41.85,41.74,41.8,12891
"12419",2020-09-02 16:57:00,41.77,41.78,41.55,41.55,14912
"12420",2020-09-02 16:58:00,41.51,41.6,41.4,41.48,19256
"12421",2020-09-02 16:59:00,41.5,41.54,41.36,41.48,15156
"12422",2020-09-02 17:00:00,41.5,41.55,41.43,41.43,6254
"12423",2020-09-02 17:01:00,41.48,41.56,41.41,41.48,13545
"12424",2020-09-02 17:02:00,41.52,41.61,41.52,41.6,22952
"12425",2020-09-02 17:03:00,41.57,41.61,41.55,41.61,6492
"12426",2020-09-02 17:04:00,41.62,41.64,41.55,41.61,11536
"12427",2020-09-02 17:05:00,41.61,41.64,41.56,41.6,2897
"12428",2020-09-02 17:06:00,41.61,41.66,41.61,41.65,10343
"12429",2020-09-02 17:07:00,41.64,41.66,41.62,41.64,5879
"12430",2020-09-02 17:08:00,41.61,41.61,41.52,41.52,4680
"12431",2020-09-02 17:09:00,41.52,41.66,41.52,41.65,4264
"12432",2020-09-02 17:10:00,41.64,41.67,41.62,41.65,7085
"12433",2020-09-02 17:11:00,41.65,41.66,41.59,41.66,6141
"12434",2020-09-02 17:12:00,41.66,41.75,41.64,41.73,21044
"12435",2020-09-02 17:13:00,41.74,41.88,41.73,41.86,7767
"12436",2020-09-02 17:14:00,41.86,41.92,41.86,41.9,4103
"12437",2020-09-02 17:15:00,41.9,41.99,41.9,41.98,3307
"12438",2020-09-02 17:16:00,41.97,42.04,41.88,42.02,9273
"12439",2020-09-02 17:17:00,42.03,42.09,42.02,42.09,6696
"12440",2020-09-02 17:18:00,42.08,42.18,42.07,42.18,7826
"12441",2020-09-02 17:19:00,42.17,42.17,42.1,42.1,17273
"12442",2020-09-02 17:20:00,42.11,42.15,42.02,42.03,4623
"12443",2020-09-02 17:21:00,42.02,42.04,41.94,41.96,6131
"12444",2020-09-02 17:22:00,41.95,42.05,41.94,42.01,3572
"12445",2020-09-02 17:23:00,41.99,42.16,41.99,42.13,11688
"12446",2020-09-02 17:24:00,42.14,42.24,42.14,42.24,26028
"12447",2020-09-02 17:25:00,42.23,42.27,42.16,42.16,12818
"12448",2020-09-02 17:26:00,42.16,42.19,42.08,42.08,12229
"12449",2020-09-02 17:27:00,42.09,42.13,42.08,42.08,3776
"12450",2020-09-02 17:28:00,42.08,42.14,42.06,42.14,6180
"12451",2020-09-02 17:29:00,42.15,42.24,42.13,42.14,5178
"12452",2020-09-02 17:30:00,42.14,42.2,42.14,42.2,3393
"12453",2020-09-02 17:31:00,42.2,42.22,42.12,42.16,4908
"12454",2020-09-02 17:32:00,42.16,42.25,42.16,42.25,5608
"12455",2020-09-02 17:33:00,42.26,42.27,42.21,42.27,2989
"12456",2020-09-02 17:34:00,42.26,42.29,42.22,42.29,8289
"12457",2020-09-02 17:35:00,42.27,42.32,42.27,42.28,11782
"12458",2020-09-02 17:36:00,42.28,42.28,42.18,42.22,7578
"12459",2020-09-02 17:37:00,42.22,42.27,42.16,42.16,5825
"12460",2020-09-02 17:38:00,42.18,42.18,42.12,42.12,4417
"12461",2020-09-02 17:39:00,42.13,42.14,42.09,42.1,9200
"12462",2020-09-02 17:40:00,42.09,42.1,42.04,42.07,7525
"12463",2020-09-02 17:41:00,42.04,42.07,41.95,41.95,7853
"12464",2020-09-02 17:42:00,41.97,42.1,41.97,42.1,5570
"12465",2020-09-02 17:43:00,42.1,42.15,42.1,42.15,8051
"12466",2020-09-02 17:44:00,42.15,42.22,42.12,42.17,8500
"12467",2020-09-02 17:45:00,42.17,42.18,42.1,42.16,5932
"12468",2020-09-02 17:46:00,42.14,42.24,42.14,42.23,8516
"12469",2020-09-02 17:47:00,42.23,42.3,42.23,42.3,10476
"12470",2020-09-02 17:48:00,42.29,42.35,42.27,42.27,8718
"12471",2020-09-02 17:49:00,42.27,42.38,42.27,42.38,8252
"12472",2020-09-02 17:50:00,42.37,42.42,42.36,42.42,6875
"12473",2020-09-02 17:51:00,42.42,42.46,42.39,42.44,9958
"12474",2020-09-02 17:52:00,42.43,42.48,42.43,42.48,4889
"12475",2020-09-02 17:53:00,42.48,42.57,42.48,42.48,17775
"12476",2020-09-02 17:54:00,42.49,42.51,42.45,42.5,8681
"12477",2020-09-02 17:55:00,42.51,42.56,42.5,42.53,14846
"12478",2020-09-02 17:56:00,42.54,42.58,42.5,42.57,6998
"12479",2020-09-02 17:57:00,42.57,42.63,42.54,42.61,15900
"12480",2020-09-02 17:58:00,42.59,42.65,42.59,42.64,4517
"12481",2020-09-02 17:59:00,42.64,42.65,42.6,42.64,6342
"12482",2020-09-02 18:00:00,42.64,42.68,42.63,42.68,7396
"12483",2020-09-02 18:01:00,42.67,42.67,42.49,42.5,16320
"12484",2020-09-02 18:02:00,42.48,42.61,42.47,42.51,13545
"12485",2020-09-02 18:03:00,42.51,42.59,42.5,42.59,5545
"12486",2020-09-02 18:04:00,42.58,42.62,42.56,42.6,10000
"12487",2020-09-02 18:05:00,42.59,42.64,42.54,42.64,4745
"12488",2020-09-02 18:06:00,42.64,42.66,42.56,42.61,3788
"12489",2020-09-02 18:07:00,42.63,42.66,42.54,42.54,12965
"12490",2020-09-02 18:08:00,42.54,42.58,42.52,42.52,4658
"12491",2020-09-02 18:09:00,42.53,42.54,42.42,42.43,15337
"12492",2020-09-02 18:10:00,42.43,42.47,42.42,42.46,7967
"12493",2020-09-02 18:11:00,42.44,42.55,42.43,42.51,7928
"12494",2020-09-02 18:12:00,42.52,42.61,42.51,42.61,6155
"12495",2020-09-02 18:13:00,42.58,42.67,42.58,42.67,6870
"12496",2020-09-02 18:14:00,42.7,42.77,42.68,42.74,11308
"12497",2020-09-02 18:15:00,42.72,42.74,42.63,42.74,5116
"12498",2020-09-02 18:16:00,42.73,42.76,42.58,42.6,5125
"12499",2020-09-02 18:17:00,42.58,42.61,42.51,42.51,18744
"12500",2020-09-02 18:18:00,42.51,42.58,42.51,42.58,4567
"12501",2020-09-02 18:19:00,42.58,42.62,42.54,42.62,5656
"12502",2020-09-02 18:20:00,42.62,42.67,42.6,42.67,6538
"12503",2020-09-02 18:21:00,42.66,42.76,42.66,42.75,7734
"12504",2020-09-02 18:22:00,42.75,42.75,42.68,42.7,2852
"12505",2020-09-02 18:23:00,42.68,42.68,42.63,42.67,1205
"12506",2020-09-02 18:24:00,42.67,42.67,42.62,42.64,2218
"12507",2020-09-02 18:25:00,42.65,42.71,42.65,42.7,1441
"12508",2020-09-02 18:26:00,42.7,42.7,42.6,42.6,8943
"12509",2020-09-02 18:27:00,42.61,42.71,42.58,42.69,9979
"12510",2020-09-02 18:28:00,42.68,42.73,42.68,42.7,3403
"12511",2020-09-02 18:29:00,42.7,42.81,42.68,42.79,18142
"12512",2020-09-02 18:30:00,42.79,42.88,42.79,42.88,7687
"12513",2020-09-02 18:31:00,42.88,42.88,42.77,42.85,11032
"12514",2020-09-02 18:32:00,42.86,42.92,42.83,42.88,11673
"12515",2020-09-02 18:33:00,42.86,42.91,42.84,42.84,7839
"12516",2020-09-02 18:34:00,42.83,42.86,42.8,42.84,6766
"12517",2020-09-02 18:35:00,42.84,42.92,42.82,42.89,4939
"12518",2020-09-02 18:36:00,42.87,42.89,42.86,42.88,4412
"12519",2020-09-02 18:37:00,42.87,42.87,42.72,42.72,7063
"12520",2020-09-02 18:38:00,42.72,42.72,42.68,42.7,6713
"12521",2020-09-02 18:39:00,42.71,42.73,42.68,42.68,9446
"12522",2020-09-02 18:40:00,42.69,42.7,42.64,42.64,7319
"12523",2020-09-02 18:41:00,42.63,42.68,42.59,42.59,9441
"12524",2020-09-02 18:42:00,42.59,42.59,42.51,42.51,11569
"12525",2020-09-02 18:43:00,42.5,42.5,42.25,42.34,41117
"12526",2020-09-02 18:44:00,42.39,42.43,42.35,42.42,24615
"12527",2020-09-02 18:45:00,42.42,42.52,42.4,42.52,16799
"12528",2020-09-02 18:46:00,42.52,42.56,42.5,42.51,18855
"12529",2020-09-02 18:47:00,42.52,42.54,42.51,42.51,4445
"12530",2020-09-02 18:48:00,42.51,42.59,42.47,42.48,13465
"12531",2020-09-02 18:49:00,42.48,42.53,42.44,42.53,5640
"12532",2020-09-02 18:50:00,42.53,42.57,42.53,42.56,4339
"12533",2020-09-02 18:51:00,42.53,42.65,42.52,42.63,9541
"12534",2020-09-02 18:52:00,42.61,42.68,42.6,42.65,26402
"12535",2020-09-02 18:53:00,42.67,42.67,42.6,42.6,4767
"12536",2020-09-02 18:54:00,42.6,42.68,42.6,42.62,6876
"12537",2020-09-02 18:55:00,42.6,42.64,42.55,42.63,9331
"12538",2020-09-02 18:56:00,42.62,42.67,42.62,42.63,6089
"12539",2020-09-02 18:57:00,42.62,42.64,42.6,42.62,3075
"12540",2020-09-02 18:58:00,42.6,42.76,42.58,42.71,10188
"12541",2020-09-02 18:59:00,42.71,42.72,42.68,42.68,2758
"12542",2020-09-02 19:00:00,42.66,42.66,42.59,42.6,5534
"12543",2020-09-02 19:01:00,42.6,42.69,42.59,42.66,14273
"12544",2020-09-02 19:02:00,42.68,42.74,42.66,42.66,2669
"12545",2020-09-02 19:03:00,42.67,42.73,42.67,42.7,3470
"12546",2020-09-02 19:04:00,42.71,42.77,42.7,42.77,1701
"12547",2020-09-02 19:05:00,42.77,42.83,42.76,42.81,9949
"12548",2020-09-02 19:06:00,42.81,42.81,42.76,42.76,1935
"12549",2020-09-02 19:07:00,42.79,42.79,42.75,42.79,3111
"12550",2020-09-02 19:08:00,42.79,42.87,42.78,42.83,4480
"12551",2020-09-02 19:09:00,42.82,42.91,42.82,42.89,9516
"12552",2020-09-02 19:10:00,42.88,43.01,42.88,42.99,34295
"12553",2020-09-02 19:11:00,42.99,43.04,42.95,42.96,10533
"12554",2020-09-02 19:12:00,42.98,43.09,42.98,43.08,22590
"12555",2020-09-02 19:13:00,43.08,43.09,42.99,43.08,13700
"12556",2020-09-02 19:14:00,43.07,43.14,43.06,43.14,17374
"12557",2020-09-02 19:15:00,43.14,43.21,43.13,43.18,11123
"12558",2020-09-02 19:16:00,43.2,43.22,43.19,43.22,13285
"12559",2020-09-02 19:17:00,43.21,43.26,43.16,43.25,11859
"12560",2020-09-02 19:18:00,43.24,43.28,43.15,43.15,13714
"12561",2020-09-02 19:19:00,43.16,43.18,43.12,43.16,8333
"12562",2020-09-02 19:20:00,43.15,43.2,43.13,43.18,3508
"12563",2020-09-02 19:21:00,43.21,43.23,43.18,43.19,4542
"12564",2020-09-02 19:22:00,43.19,43.21,43.18,43.2,1152
"12565",2020-09-02 19:23:00,43.21,43.27,43.21,43.26,5594
"12566",2020-09-02 19:24:00,43.26,43.27,43.19,43.19,5555
"12567",2020-09-02 19:25:00,43.2,43.24,43.2,43.24,1278
"12568",2020-09-02 19:26:00,43.23,43.25,43.2,43.24,2961
"12569",2020-09-02 19:27:00,43.25,43.25,43.19,43.21,5446
"12570",2020-09-02 19:28:00,43.23,43.25,43.22,43.25,2104
"12571",2020-09-02 19:29:00,43.25,43.27,43.18,43.21,4151
"12572",2020-09-02 19:30:00,43.21,43.25,43.19,43.19,2174
"12573",2020-09-02 19:31:00,43.22,43.24,43.21,43.21,2030
"12574",2020-09-02 19:32:00,43.23,43.24,43.2,43.2,3581
"12575",2020-09-02 19:33:00,43.2,43.2,43.14,43.15,5795
"12576",2020-09-02 19:34:00,43.16,43.17,43.12,43.17,3635
"12577",2020-09-02 19:35:00,43.17,43.2,43.15,43.2,6460
"12578",2020-09-02 19:36:00,43.2,43.24,43.2,43.24,2853
"12579",2020-09-02 19:37:00,43.24,43.3,43.24,43.3,7191
"12580",2020-09-02 19:38:00,43.29,43.3,43.23,43.27,3197
"12581",2020-09-02 19:39:00,43.26,43.26,43.23,43.23,2195
"12582",2020-09-02 19:40:00,43.22,43.22,43.13,43.13,8146
"12583",2020-09-02 19:41:00,43.13,43.18,43.07,43.1,15321
"12584",2020-09-02 19:42:00,43.1,43.11,43.04,43.06,7464
"12585",2020-09-02 19:43:00,43.07,43.11,43.07,43.11,3940
"12586",2020-09-02 19:44:00,43.14,43.15,43.13,43.15,1449
"12587",2020-09-02 19:45:00,43.15,43.17,43.15,43.15,1107
"12588",2020-09-02 19:46:00,43.15,43.17,43.14,43.17,4389
"12589",2020-09-02 19:47:00,43.16,43.21,43.15,43.17,4728
"12590",2020-09-02 19:48:00,43.18,43.22,43.18,43.22,978
"12591",2020-09-02 19:49:00,43.21,43.24,43.2,43.22,6742
"12592",2020-09-02 19:50:00,43.22,43.24,43.19,43.23,6287
"12593",2020-09-02 19:51:00,43.22,43.24,43.2,43.2,5724
"12594",2020-09-02 19:52:00,43.2,43.2,43.14,43.16,4923
"12595",2020-09-02 19:53:00,43.16,43.17,43.15,43.16,5019
"12596",2020-09-02 19:54:00,43.16,43.21,43.16,43.2,4164
"12597",2020-09-02 19:55:00,43.2,43.22,43.18,43.18,8475
"12598",2020-09-02 19:56:00,43.18,43.18,43.14,43.14,5073
"12599",2020-09-02 19:57:00,43.15,43.16,43.14,43.16,7082
"12600",2020-09-02 19:58:00,43.18,43.2,43.18,43.18,1978
"12601",2020-09-02 19:59:00,43.19,43.2,43.19,43.2,422
"12602",2020-09-02 20:00:00,43.19,43.19,43.16,43.16,2649
"12603",2020-09-02 20:01:00,43.16,43.18,43.15,43.15,5914
"12604",2020-09-02 20:02:00,43.16,43.2,43.15,43.17,6068
"12605",2020-09-02 20:03:00,43.17,43.19,43.12,43.14,4423
"12606",2020-09-02 20:04:00,43.15,43.18,43.14,43.17,2581
"12607",2020-09-02 20:05:00,43.17,43.17,43.15,43.15,5389
"12608",2020-09-02 20:06:00,43.17,43.18,43.17,43.18,2500
"12609",2020-09-02 20:07:00,43.18,43.22,43.18,43.22,4911
"12610",2020-09-02 20:08:00,43.21,43.34,43.21,43.34,13425
"12611",2020-09-02 20:09:00,43.34,43.42,43.34,43.42,8447
"12612",2020-09-02 20:10:00,43.43,43.48,43.4,43.41,15617
"12613",2020-09-02 20:11:00,43.4,43.4,43.34,43.35,7580
"12614",2020-09-02 20:12:00,43.34,43.43,43.34,43.42,7681
"12615",2020-09-02 20:13:00,43.42,43.49,43.41,43.48,17181
"12616",2020-09-02 20:14:00,43.48,43.54,43.44,43.54,27375
"12617",2020-09-02 20:15:00,43.55,43.6,43.52,43.54,11601
"12618",2020-09-02 20:16:00,43.54,43.59,43.54,43.54,9462
"12619",2020-09-02 20:17:00,43.54,43.56,43.47,43.51,5366
"12620",2020-09-02 20:18:00,43.5,43.56,43.49,43.56,3796
"12621",2020-09-02 20:19:00,43.56,43.59,43.53,43.58,3677
"12622",2020-09-02 20:20:00,43.58,43.58,43.54,43.57,2486
"12623",2020-09-02 20:21:00,43.58,43.59,43.51,43.53,7280
"12624",2020-09-02 20:22:00,43.54,43.54,43.49,43.54,5634
"12625",2020-09-02 20:23:00,43.55,43.66,43.55,43.65,12712
"12626",2020-09-02 20:24:00,43.66,43.68,43.62,43.67,8237
"12627",2020-09-02 20:25:00,43.67,43.79,43.67,43.78,20045
"12628",2020-09-02 20:26:00,43.78,43.83,43.76,43.83,14569
"12629",2020-09-02 20:27:00,43.82,43.91,43.78,43.89,27813
"12630",2020-09-02 20:28:00,43.88,43.88,43.78,43.79,16463
"12631",2020-09-02 20:29:00,43.79,43.82,43.67,43.67,14981
"12632",2020-09-02 20:30:00,43.67,43.76,43.66,43.75,7130
"12633",2020-09-02 20:31:00,43.78,43.78,43.63,43.67,12382
"12634",2020-09-02 20:32:00,43.67,43.73,43.65,43.73,45739
"12635",2020-09-02 20:33:00,43.72,43.74,43.68,43.72,3228
"12636",2020-09-02 20:34:00,43.72,43.73,43.7,43.72,2475
"12637",2020-09-02 20:35:00,43.72,43.73,43.6,43.6,5208
"12638",2020-09-02 20:36:00,43.6,43.66,43.56,43.58,20546
"12639",2020-09-02 20:37:00,43.57,43.57,43.51,43.54,4030
"12640",2020-09-02 20:38:00,43.54,43.57,43.52,43.53,14790
"12641",2020-09-02 20:39:00,43.53,43.53,43.47,43.49,6004
"12642",2020-09-02 20:40:00,43.5,43.53,43.48,43.52,3461
"12643",2020-09-02 20:41:00,43.53,43.53,43.48,43.48,1792
"12644",2020-09-02 20:42:00,43.48,43.48,43.36,43.36,5076
"12645",2020-09-02 20:43:00,43.39,43.41,43.35,43.37,4879
"12646",2020-09-02 20:44:00,43.38,43.38,43.35,43.38,3751
"12647",2020-09-02 20:45:00,43.37,43.38,43.36,43.38,1318
"12648",2020-09-02 20:46:00,43.36,43.36,43.33,43.34,3197
"12649",2020-09-02 20:47:00,43.34,43.34,43.31,43.31,3678
"12650",2020-09-02 20:48:00,43.32,43.32,43.29,43.3,3602
"12651",2020-09-02 20:49:00,43.3,43.32,43.3,43.32,3345
"12652",2020-09-02 20:50:00,43.34,43.35,43.3,43.32,11173
"12653",2020-09-02 20:51:00,43.3,43.3,43.21,43.21,5519
"12654",2020-09-02 20:52:00,43.2,43.2,43.15,43.19,11516
"12655",2020-09-02 20:53:00,43.2,43.2,43.15,43.17,6414
"12656",2020-09-02 20:54:00,43.2,43.24,43.17,43.18,12327
"12657",2020-09-02 20:55:00,43.17,43.19,43.14,43.19,8364
"12658",2020-09-02 20:56:00,43.19,43.21,43.18,43.2,3719
"12659",2020-09-02 20:57:00,43.22,43.25,43.22,43.25,4798
"12660",2020-09-02 20:58:00,43.25,43.28,43.24,43.27,5854
"12661",2020-09-02 20:59:00,43.27,43.27,43.24,43.24,2025
"12662",2020-09-02 21:00:00,43.24,43.24,43.17,43.2,8848
"12663",2020-09-02 21:01:00,43.2,43.22,43.2,43.21,4860
"12664",2020-09-02 21:02:00,43.21,43.24,43.2,43.23,1661
"12665",2020-09-02 21:03:00,43.22,43.22,43.16,43.17,5936
"12666",2020-09-02 21:04:00,43.18,43.18,43.12,43.18,5078
"12667",2020-09-02 21:05:00,43.19,43.21,43.17,43.21,2423
"12668",2020-09-02 21:06:00,43.21,43.24,43.21,43.22,3057
"12669",2020-09-02 21:07:00,43.21,43.24,43.19,43.2,9754
"12670",2020-09-02 21:08:00,43.19,43.21,43.18,43.2,4334
"12671",2020-09-02 21:09:00,43.2,43.24,43.2,43.21,7415
"12672",2020-09-02 21:10:00,43.21,43.24,43.21,43.22,2900
"12673",2020-09-02 21:11:00,43.24,43.24,43.2,43.21,3525
"12674",2020-09-02 21:12:00,43.2,43.23,43.2,43.2,2292
"12675",2020-09-02 21:13:00,43.19,43.2,43.16,43.16,9834
"12676",2020-09-02 21:14:00,43.18,43.21,43.11,43.12,15667
"12677",2020-09-02 21:15:00,43.13,43.18,43.13,43.18,9428
"12678",2020-09-02 21:16:00,43.19,43.26,43.19,43.24,11814
"12679",2020-09-02 21:17:00,43.24,43.25,43.21,43.21,4355
"12680",2020-09-02 21:18:00,43.22,43.24,43.21,43.22,5499
"12681",2020-09-02 21:19:00,43.22,43.24,43.21,43.23,5425
"12682",2020-09-02 21:20:00,43.23,43.25,43.22,43.24,4038
"12683",2020-09-02 21:21:00,43.24,43.26,43.23,43.23,7294
"12684",2020-09-02 21:22:00,43.24,43.26,43.23,43.26,1205
"12685",2020-09-02 21:23:00,43.29,43.32,43.27,43.3,6270
"12686",2020-09-02 21:24:00,43.3,43.35,43.3,43.31,4404
"12687",2020-09-02 21:25:00,43.31,43.34,43.3,43.34,6354
"12688",2020-09-02 21:26:00,43.35,43.38,43.35,43.38,4990
"12689",2020-09-02 21:27:00,43.38,43.42,43.37,43.41,8181
"12690",2020-09-02 21:28:00,43.41,43.44,43.41,43.44,4766
"12691",2020-09-02 21:29:00,43.44,43.44,43.42,43.42,5256
"12692",2020-09-02 21:30:00,43.42,43.42,43.38,43.39,9386
"12693",2020-09-02 21:31:00,43.4,43.47,43.4,43.46,10841
"12694",2020-09-02 21:32:00,43.46,43.47,43.44,43.44,4022
"12695",2020-09-02 21:33:00,43.43,43.44,43.42,43.44,2464
"12696",2020-09-02 21:34:00,43.45,43.48,43.45,43.48,7041
"12697",2020-09-02 21:35:00,43.48,43.5,43.46,43.5,4201
"12698",2020-09-02 21:36:00,43.5,43.57,43.5,43.54,10337
"12699",2020-09-02 21:37:00,43.53,43.53,43.49,43.5,5714
"12700",2020-09-02 21:38:00,43.51,43.54,43.47,43.54,9165
"12701",2020-09-02 21:39:00,43.54,43.54,43.47,43.48,6791
"12702",2020-09-02 21:40:00,43.49,43.53,43.49,43.52,1210
"12703",2020-09-02 21:41:00,43.51,43.57,43.51,43.56,6677
"12704",2020-09-02 21:42:00,43.55,43.56,43.53,43.53,5488
"12705",2020-09-02 21:43:00,43.53,43.56,43.53,43.55,4404
"12706",2020-09-02 21:44:00,43.56,43.57,43.53,43.56,8238
"12707",2020-09-02 21:45:00,43.55,43.56,43.5,43.54,9038
"12708",2020-09-02 21:46:00,43.56,43.64,43.55,43.63,18062
"12709",2020-09-02 21:47:00,43.63,43.66,43.63,43.66,7352
"12710",2020-09-02 21:48:00,43.66,43.68,43.64,43.68,7378
"12711",2020-09-02 21:49:00,43.69,43.74,43.69,43.73,8893
"12712",2020-09-02 21:50:00,43.73,43.74,43.7,43.74,11873
"12713",2020-09-02 21:51:00,43.74,43.74,43.7,43.71,4391
"12714",2020-09-02 21:52:00,43.7,43.7,43.62,43.62,7014
"12715",2020-09-02 21:53:00,43.62,43.62,43.56,43.61,12981
"12716",2020-09-02 21:54:00,43.61,43.63,43.6,43.6,6736
"12717",2020-09-02 21:55:00,43.6,43.62,43.59,43.59,3965
"12718",2020-09-02 21:56:00,43.58,43.6,43.57,43.57,3525
"12719",2020-09-02 21:57:00,43.58,43.58,43.56,43.57,1227
"12720",2020-09-02 21:58:00,43.57,43.57,43.52,43.52,4117
"12721",2020-09-02 21:59:00,43.53,43.56,43.52,43.56,4937
"12722",2020-09-02 22:00:00,43.56,43.56,43.55,43.56,2223
"12723",2020-09-02 22:01:00,43.57,43.62,43.56,43.62,6219
"12724",2020-09-02 22:02:00,43.61,43.63,43.61,43.63,6492
"12725",2020-09-02 22:03:00,43.64,43.64,43.56,43.57,6700
"12726",2020-09-02 22:04:00,43.57,43.58,43.56,43.56,2305
"12727",2020-09-02 22:05:00,43.57,43.61,43.56,43.61,5884
"12728",2020-09-02 22:06:00,43.61,43.62,43.59,43.61,5226
"12729",2020-09-02 22:07:00,43.62,43.64,43.62,43.64,3875
"12730",2020-09-02 22:08:00,43.65,43.67,43.65,43.65,5200
"12731",2020-09-02 22:09:00,43.64,43.67,43.63,43.67,821
"12732",2020-09-02 22:10:00,43.67,43.7,43.67,43.67,5692
"12733",2020-09-02 22:11:00,43.67,43.68,43.66,43.68,2945
"12734",2020-09-02 22:12:00,43.68,43.71,43.68,43.71,4363
"12735",2020-09-02 22:13:00,43.72,43.76,43.72,43.76,7502
"12736",2020-09-02 22:14:00,43.75,43.78,43.75,43.76,7843
"12737",2020-09-02 22:15:00,43.76,43.78,43.75,43.76,8195
"12738",2020-09-02 22:16:00,43.76,43.8,43.75,43.79,7693
"12739",2020-09-02 22:17:00,43.79,43.8,43.73,43.73,3998
"12740",2020-09-02 22:18:00,43.73,43.76,43.73,43.74,12435
"12741",2020-09-02 22:19:00,43.74,43.77,43.73,43.74,7053
"12742",2020-09-02 22:20:00,43.74,43.74,43.7,43.72,7604
"12743",2020-09-02 22:21:00,43.71,43.72,43.69,43.72,6402
"12744",2020-09-02 22:22:00,43.74,43.82,43.74,43.76,23139
"12745",2020-09-02 22:23:00,43.78,43.83,43.78,43.82,6125
"12746",2020-09-02 22:24:00,43.83,43.84,43.78,43.8,11855
"12747",2020-09-02 22:25:00,43.8,43.85,43.8,43.85,5040
"12748",2020-09-02 22:26:00,43.85,43.9,43.84,43.9,22403
"12749",2020-09-02 22:27:00,43.9,43.9,43.78,43.81,11326
"12750",2020-09-02 22:28:00,43.81,43.87,43.79,43.87,12827
"12751",2020-09-02 22:29:00,43.87,43.87,43.82,43.83,9596
"12752",2020-09-02 22:30:00,43.82,43.85,43.8,43.85,10390
"12753",2020-09-02 22:31:00,43.86,43.9,43.85,43.9,13859
"12754",2020-09-02 22:32:00,43.9,43.92,43.89,43.91,14005
"12755",2020-09-02 22:33:00,43.91,43.96,43.9,43.92,13734
"12756",2020-09-02 22:34:00,43.92,43.92,43.83,43.9,9024
"12757",2020-09-02 22:35:00,43.9,43.97,43.9,43.96,13083
"12758",2020-09-02 22:36:00,43.98,43.98,43.95,43.98,4663
"12759",2020-09-02 22:37:00,43.97,43.97,43.94,43.97,4148
"12760",2020-09-02 22:38:00,43.97,44.04,43.96,44.02,36625
"12761",2020-09-02 22:39:00,44.01,44.04,43.98,44.04,11384
"12762",2020-09-02 22:40:00,44.04,44.07,44.01,44.01,18781
"12763",2020-09-02 22:41:00,44,44.03,44,44.03,7755
"12764",2020-09-02 22:42:00,44.03,44.08,44.03,44.06,8348
"12765",2020-09-02 22:43:00,44.06,44.06,44.01,44.02,5428
"12766",2020-09-02 22:44:00,44.01,44.03,43.97,43.98,9717
"12767",2020-09-02 22:45:00,43.97,43.97,43.94,43.95,21754
"12768",2020-09-02 22:46:00,43.95,43.98,43.94,43.98,14923
"12769",2020-09-02 22:47:00,43.98,44,43.92,43.93,14742
"12770",2020-09-02 22:48:00,43.94,43.95,43.93,43.94,11769
"12771",2020-09-02 22:49:00,43.93,43.96,43.93,43.95,16923
"12772",2020-09-02 22:50:00,43.95,43.96,43.92,43.92,22041
"12773",2020-09-02 22:51:00,43.91,43.92,43.78,43.8,21543
"12774",2020-09-02 22:52:00,43.8,43.82,43.68,43.7,21515
"12775",2020-09-02 22:53:00,43.71,43.76,43.71,43.72,17560
"12776",2020-09-02 22:54:00,43.72,43.72,43.64,43.65,17604
"12777",2020-09-02 22:55:00,43.65,43.8,43.65,43.77,22818
"12778",2020-09-02 22:56:00,43.78,43.78,43.74,43.74,19120
"12779",2020-09-02 22:57:00,43.72,43.74,43.7,43.71,12269
"12780",2020-09-02 22:58:00,43.72,43.72,43.66,43.67,16500
"12781",2020-09-02 22:59:00,43.66,43.71,43.64,43.71,42625
"12782",2020-09-02 23:00:00,43.71,43.72,43.65,43.67,31640
"12783",2020-09-02 23:02:00,43.9,43.9,43.73,43.73,252
"12784",2020-09-02 23:03:00,43.73,43.73,43.73,43.73,1
"12785",2020-09-02 23:04:00,43.6,43.6,43.6,43.6,20
"12786",2020-09-02 23:05:00,43.67,43.67,43.56,43.56,4448
"12787",2020-09-02 23:06:00,43.57,43.71,43.57,43.57,52
"12788",2020-09-02 23:07:00,43.71,43.71,43.57,43.71,14
"12789",2020-09-02 23:08:00,43.57,43.57,43.57,43.57,1
"12790",2020-09-02 23:09:00,43.57,43.71,43.57,43.71,14
"12791",2020-09-02 23:10:00,43.71,43.72,43.71,43.71,109
"12792",2020-09-02 23:11:00,43.73,43.73,43.73,43.73,1
"12793",2020-09-02 23:12:00,43.73,43.73,43.73,43.73,2
"12794",2020-09-02 23:15:00,43.73,43.73,43.67,43.67,14
"12795",2020-09-02 23:16:00,43.74,43.74,43.74,43.74,14
"12796",2020-09-02 23:17:00,43.73,43.73,43.73,43.73,20
"12797",2020-09-02 23:18:00,43.73,43.73,43.73,43.73,2
"12798",2020-09-02 23:19:00,43.6,43.67,43.6,43.67,76
"12799",2020-09-02 23:23:00,43.6,43.6,43.6,43.6,25
"12800",2020-09-02 23:24:00,43.52,43.52,43.52,43.52,1
"12801",2020-09-02 23:28:00,43.51,43.55,43.5,43.5,932
"12802",2020-09-02 23:31:00,43.72,43.72,43.67,43.72,16
"12803",2020-09-02 23:32:00,43.72,43.72,43.72,43.72,1
"12804",2020-09-02 23:33:00,43.67,43.7,43.52,43.7,14
"12805",2020-09-02 23:34:00,43.66,43.66,43.66,43.66,3
"12806",2020-09-02 23:35:00,43.71,43.71,43.7,43.7,11
"12807",2020-09-02 23:36:00,43.6,43.6,43.6,43.6,1
"12808",2020-09-02 23:39:00,43.66,43.66,43.6,43.6,42
"12809",2020-09-02 23:40:00,43.66,43.66,43.66,43.66,5
"12810",2020-09-02 23:41:00,43.66,43.66,43.66,43.66,1
"12811",2020-09-02 23:42:00,43.6,43.6,43.6,43.6,1
"12812",2020-09-02 23:43:00,43.6,43.6,43.6,43.6,38
"12813",2020-09-02 23:44:00,43.6,43.6,43.6,43.6,35
"12814",2020-09-02 23:47:00,43.6,43.6,43.6,43.6,30
"12815",2020-09-02 23:51:00,43.6,43.6,43.6,43.6,3
"12816",2020-09-02 23:53:00,43.67,43.67,43.52,43.52,11
"12817",2020-09-02 23:57:00,43.6,43.6,43.6,43.6,100
"12818",2020-09-02 23:58:00,43.6,43.6,43.6,43.6,3
"12819",2020-09-03 00:10:00,43.59,43.59,43.59,43.59,1
"12820",2020-09-03 00:14:00,43.55,43.58,43.55,43.58,101
"12821",2020-09-03 00:15:00,43.58,43.58,43.58,43.58,459
"12822",2020-09-03 00:16:00,43.58,43.58,43.58,43.58,9
"12823",2020-09-03 00:17:00,43.58,43.58,43.58,43.58,205
"12824",2020-09-03 00:18:00,43.58,43.58,43.58,43.58,100
"12825",2020-09-03 00:21:00,43.58,43.58,43.58,43.58,33
"12826",2020-09-03 00:23:00,43.58,43.58,43.58,43.58,96
"12827",2020-09-03 00:26:00,43.54,43.54,43.54,43.54,2
"12828",2020-09-03 00:31:00,43.52,43.52,43.52,43.52,2
"12829",2020-09-03 00:33:00,43.6,43.6,43.6,43.6,2
"12830",2020-09-03 00:45:00,43.55,43.55,43.55,43.55,1
"12831",2020-09-03 00:54:00,43.6,43.6,43.6,43.6,2
"12832",2020-09-03 01:00:00,43.6,43.6,43.6,43.6,2
"12833",2020-09-03 01:01:00,43.5,43.5,43.5,43.5,1379
"12834",2020-09-03 01:02:00,43.5,43.6,43.4,43.6,20
"12835",2020-09-03 01:06:00,43.58,43.58,43.58,43.58,300
"12836",2020-09-03 01:13:00,43.33,43.33,43.33,43.33,168
"12837",2020-09-03 01:14:00,43.32,43.33,43.32,43.33,178
"12838",2020-09-03 01:21:00,43.32,43.32,43.31,43.31,74
"12839",2020-09-03 01:31:00,43.6,43.6,43.6,43.6,1
"12840",2020-09-03 01:40:00,43.5,43.5,43.5,43.5,100
"12841",2020-09-03 01:45:00,43.43,43.5,43.43,43.5,210
"12842",2020-09-03 10:01:00,43.35,43.35,43.33,43.33,126
"12843",2020-09-03 10:02:00,43.38,43.38,43.37,43.37,26
"12844",2020-09-03 10:03:00,43.36,43.49,43.36,43.49,72
"12845",2020-09-03 10:04:00,43.48,43.66,43.48,43.66,152
"12846",2020-09-03 10:06:00,43.51,43.51,43.51,43.51,5
"12847",2020-09-03 10:08:00,43.54,43.54,43.54,43.54,2
"12848",2020-09-03 10:11:00,43.65,43.65,43.65,43.65,10
"12849",2020-09-03 10:12:00,43.55,43.55,43.55,43.55,1
"12850",2020-09-03 10:13:00,43.64,43.64,43.64,43.64,1
"12851",2020-09-03 10:14:00,43.64,43.64,43.56,43.56,6
"12852",2020-09-03 10:16:00,43.56,43.56,43.56,43.56,1
"12853",2020-09-03 10:17:00,43.56,43.56,43.56,43.56,1
"12854",2020-09-03 10:19:00,43.6,43.6,43.6,43.6,2
"12855",2020-09-03 10:20:00,43.6,43.6,43.6,43.6,1
"12856",2020-09-03 10:23:00,43.6,43.6,43.6,43.6,1
"12857",2020-09-03 10:25:00,43.58,43.59,43.58,43.59,62
"12858",2020-09-03 10:26:00,43.59,43.59,43.59,43.59,4
"12859",2020-09-03 10:27:00,43.6,43.75,43.6,43.75,229
"12860",2020-09-03 10:28:00,43.73,43.73,43.73,43.73,3
"12861",2020-09-03 10:30:00,43.73,43.73,43.73,43.73,2
"12862",2020-09-03 10:32:00,43.8,43.8,43.62,43.62,13
"12863",2020-09-03 10:33:00,43.62,43.62,43.62,43.62,1
"12864",2020-09-03 10:36:00,43.64,43.64,43.64,43.64,5
"12865",2020-09-03 10:40:00,43.64,43.64,43.64,43.64,17
"12866",2020-09-03 10:41:00,43.74,43.74,43.74,43.74,1
"12867",2020-09-03 10:42:00,43.74,43.74,43.74,43.74,299
"12868",2020-09-03 10:43:00,43.75,43.9,43.75,43.9,15
"12869",2020-09-03 10:46:00,43.8,43.8,43.8,43.8,5
"12870",2020-09-03 10:47:00,43.9,43.9,43.9,43.9,1
"12871",2020-09-03 10:48:00,43.92,43.92,43.92,43.92,222
"12872",2020-09-03 10:51:00,43.9,43.9,43.9,43.9,25
"12873",2020-09-03 10:52:00,43.92,43.92,43.91,43.91,6
"12874",2020-09-03 10:53:00,43.91,43.92,43.91,43.92,2
"12875",2020-09-03 10:55:00,43.82,43.82,43.82,43.82,2
"12876",2020-09-03 10:56:00,43.8,43.8,43.75,43.75,4
"12877",2020-09-03 11:00:00,43.75,43.75,43.75,43.75,2
"12878",2020-09-03 11:01:00,43.75,43.75,43.66,43.66,38
"12879",2020-09-03 11:02:00,43.66,43.66,43.5,43.5,13
"12880",2020-09-03 11:04:00,43.26,43.49,43.26,43.49,3
"12881",2020-09-03 11:06:00,43.32,43.32,43.32,43.32,7
"12882",2020-09-03 11:08:00,43.42,43.49,43.42,43.49,2
"12883",2020-09-03 11:09:00,43.49,43.49,43.49,43.49,28
"12884",2020-09-03 11:11:00,43.41,43.41,42.75,42.9,549
"12885",2020-09-03 11:12:00,42.99,43.01,42.99,43,6
"12886",2020-09-03 11:13:00,43.07,43.07,42.99,42.99,4
"12887",2020-09-03 11:14:00,42.99,42.99,42.99,42.99,2
"12888",2020-09-03 11:15:00,42.99,42.99,42.99,42.99,13
"12889",2020-09-03 11:16:00,43.05,43.1,43.05,43.1,5
"12890",2020-09-03 11:17:00,42.99,42.99,42.99,42.99,3
"12891",2020-09-03 11:18:00,43,43,43,43,10
"12892",2020-09-03 11:19:00,43,43,42.8,42.85,397
"12893",2020-09-03 11:22:00,42.97,42.97,42.83,42.83,12
"12894",2020-09-03 11:26:00,42.92,42.92,42.92,42.92,14
"12895",2020-09-03 11:31:00,42.92,42.92,42.92,42.92,2
"12896",2020-09-03 11:32:00,42.91,42.91,42.91,42.91,1
"12897",2020-09-03 11:34:00,42.92,42.92,42.92,42.92,5
"12898",2020-09-03 11:37:00,42.91,42.91,42.91,42.91,1
"12899",2020-09-03 11:38:00,42.91,42.91,42.91,42.91,5
"12900",2020-09-03 11:41:00,42.92,42.92,42.92,42.92,1
"12901",2020-09-03 11:43:00,42.91,42.91,42.91,42.91,1
"12902",2020-09-03 11:44:00,42.91,42.91,42.91,42.91,3
"12903",2020-09-03 11:47:00,42.92,43.04,42.92,43.04,36
"12904",2020-09-03 11:50:00,42.92,42.92,42.92,42.92,5
"12905",2020-09-03 11:53:00,42.92,42.92,42.92,42.92,1
"12906",2020-09-03 11:54:00,43.02,43.02,42.92,42.92,9
"12907",2020-09-03 11:57:00,42.92,42.92,42.89,42.89,15
"12908",2020-09-03 11:58:00,42.9,42.9,42.9,42.9,4
"12909",2020-09-03 11:59:00,42.9,42.9,42.9,42.9,23
"12910",2020-09-03 12:01:00,43,43.11,43,43.11,251
"12911",2020-09-03 12:05:00,43.07,43.07,43.07,43.07,2
"12912",2020-09-03 12:06:00,43.06,43.18,43.06,43.18,3
"12913",2020-09-03 12:10:00,43.12,43.12,43.11,43.11,2
"12914",2020-09-03 12:11:00,43.12,43.12,43.12,43.12,3
"12915",2020-09-03 12:16:00,43.19,43.19,43.19,43.19,1
"12916",2020-09-03 12:17:00,43.2,43.2,43.2,43.2,3
"12917",2020-09-03 12:19:00,43.2,43.2,43.2,43.2,1
"12918",2020-09-03 12:23:00,43.2,43.2,43.12,43.12,2
"12919",2020-09-03 12:28:00,43.12,43.12,43.12,43.12,4
"12920",2020-09-03 12:29:00,43.11,43.11,43.11,43.11,1
"12921",2020-09-03 12:30:00,43,43,43,43,10
"12922",2020-09-03 12:31:00,43,43.11,42.99,42.99,45
"12923",2020-09-03 12:32:00,43.11,43.11,43.11,43.11,1
"12924",2020-09-03 12:36:00,43.11,43.11,43,43,5
"12925",2020-09-03 12:38:00,42.98,42.98,42.98,42.98,2
"12926",2020-09-03 12:40:00,43.1,43.11,43.1,43.11,10
"12927",2020-09-03 12:44:00,42.99,42.99,42.98,42.98,3
"12928",2020-09-03 12:46:00,43,43,43,43,1
"12929",2020-09-03 12:47:00,42.97,42.97,42.97,42.97,3
"12930",2020-09-03 12:50:00,42.96,42.96,42.96,42.96,35
"12931",2020-09-03 12:58:00,42.97,42.97,42.97,42.97,1
"12932",2020-09-03 13:01:00,43,43,43,43,1
"12933",2020-09-03 13:03:00,42.97,42.99,42.97,42.99,4
"12934",2020-09-03 13:05:00,42.92,42.92,42.92,42.92,1
"12935",2020-09-03 13:06:00,42.92,42.92,42.92,42.92,18
"12936",2020-09-03 13:08:00,42.9,42.9,42.87,42.87,5
"12937",2020-09-03 13:18:00,42.93,42.93,42.93,42.93,69
"12938",2020-09-03 13:19:00,42.93,42.93,42.93,42.93,1
"12939",2020-09-03 13:21:00,43,43,43,43,73
"12940",2020-09-03 13:22:00,42.93,43,42.93,43,19
"12941",2020-09-03 13:23:00,43,43,42.8,42.8,216
"12942",2020-09-03 13:24:00,42.8,42.8,42.8,42.8,1
"12943",2020-09-03 13:25:00,42.76,42.76,42.76,42.76,11
"12944",2020-09-03 13:26:00,42.76,42.76,42.76,42.76,5
"12945",2020-09-03 13:28:00,42.77,42.77,42.77,42.77,1
"12946",2020-09-03 13:30:00,42.8,42.93,42.8,42.82,21
"12947",2020-09-03 13:31:00,42.73,42.73,42.73,42.73,1
"12948",2020-09-03 13:34:00,42.94,42.94,42.8,42.8,102
"12949",2020-09-03 13:36:00,42.81,42.81,42.81,42.81,1
"12950",2020-09-03 13:41:00,42.83,42.83,42.83,42.83,2
"12951",2020-09-03 13:42:00,42.83,42.83,42.83,42.83,18
"12952",2020-09-03 13:46:00,42.84,42.84,42.74,42.74,6
"12953",2020-09-03 13:48:00,42.75,42.75,42.75,42.75,20
"12954",2020-09-03 13:50:00,42.74,42.74,42.74,42.74,1
"12955",2020-09-03 13:53:00,42.74,42.74,42.74,42.74,10
"12956",2020-09-03 13:54:00,42.74,42.74,42.74,42.74,2
"12957",2020-09-03 13:59:00,42.76,42.76,42.76,42.76,51
"12958",2020-09-03 14:00:00,42.74,42.74,42.74,42.74,401
"12959",2020-09-03 14:05:00,42.94,42.95,42.94,42.95,6
"12960",2020-09-03 14:07:00,42.95,42.95,42.95,42.95,2
"12961",2020-09-03 14:08:00,42.92,42.95,42.92,42.95,9
"12962",2020-09-03 14:09:00,42.95,42.95,42.95,42.95,8
"12963",2020-09-03 14:10:00,43,43,43,43,1
"12964",2020-09-03 14:11:00,43,43,43,43,100
"12965",2020-09-03 14:12:00,43,43,43,43,30
"12966",2020-09-03 14:14:00,42.93,42.93,42.93,42.93,1
"12967",2020-09-03 14:20:00,43.01,43.01,43.01,43.01,1
"12968",2020-09-03 14:23:00,43.01,43.01,42.9,42.9,84
"12969",2020-09-03 14:31:00,42.85,42.85,42.8,42.8,11
"12970",2020-09-03 14:33:00,42.75,42.75,42.75,42.75,2
"12971",2020-09-03 14:34:00,42.75,42.75,42.75,42.75,1
"12972",2020-09-03 14:35:00,42.82,42.82,42.78,42.78,22
"12973",2020-09-03 14:36:00,42.72,42.72,42.72,42.72,20
"12974",2020-09-03 14:39:00,42.78,42.8,42.78,42.8,25
"12975",2020-09-03 14:41:00,42.82,42.82,42.82,42.82,20
"12976",2020-09-03 14:42:00,42.83,42.84,42.83,42.84,116
"12977",2020-09-03 14:45:00,42.85,42.85,42.85,42.85,2
"12978",2020-09-03 14:46:00,42.86,42.86,42.86,42.86,2
"12979",2020-09-03 14:48:00,42.99,42.99,42.99,42.99,1
"12980",2020-09-03 14:52:00,42.89,43,42.89,43,4
"12981",2020-09-03 14:53:00,43,43,42.87,42.87,60
"12982",2020-09-03 14:56:00,42.88,42.88,42.88,42.88,29
"12983",2020-09-03 14:58:00,42.89,42.89,42.89,42.89,1
"12984",2020-09-03 14:59:00,42.89,42.99,42.89,42.99,12
"12985",2020-09-03 15:02:00,42.91,42.98,42.91,42.95,35
"12986",2020-09-03 15:03:00,42.9,42.9,42.87,42.87,71
"12987",2020-09-03 15:04:00,42.9,42.9,42.9,42.9,1
"12988",2020-09-03 15:05:00,42.94,42.94,42.87,42.87,83
"12989",2020-09-03 15:06:00,42.86,42.87,42.86,42.86,179
"12990",2020-09-03 15:08:00,42.87,42.87,42.87,42.87,100
"12991",2020-09-03 15:09:00,42.86,42.87,42.86,42.87,680
"12992",2020-09-03 15:11:00,42.87,42.87,42.87,42.87,109
"12993",2020-09-03 15:12:00,42.87,42.91,42.87,42.87,125
"12994",2020-09-03 15:13:00,42.87,42.94,42.87,42.94,101
"12995",2020-09-03 15:16:00,42.98,42.98,42.86,42.97,1421
"12996",2020-09-03 15:17:00,42.97,42.97,42.97,42.97,109
"12997",2020-09-03 15:19:00,42.96,42.96,42.96,42.96,109
"12998",2020-09-03 15:20:00,42.88,42.92,42.88,42.92,348
"12999",2020-09-03 15:23:00,42.9,42.9,42.88,42.88,223
"13000",2020-09-03 15:24:00,42.88,42.88,42.88,42.88,50
"13001",2020-09-03 15:25:00,42.89,42.91,42.89,42.91,218
"13002",2020-09-03 15:26:00,42.91,42.92,42.91,42.92,259
"13003",2020-09-03 15:33:00,42.92,42.92,42.92,42.92,100
"13004",2020-09-03 15:35:00,42.91,42.91,42.91,42.91,34
"13005",2020-09-03 15:38:00,42.94,42.94,42.94,42.94,3
"13006",2020-09-03 15:40:00,42.98,43.04,42.98,43.04,970
"13007",2020-09-03 15:46:00,42.94,42.94,42.94,42.94,15
"13008",2020-09-03 15:48:00,42.93,42.95,42.92,42.95,590
"13009",2020-09-03 15:50:00,42.98,42.98,42.98,42.98,15
"13010",2020-09-03 15:51:00,42.97,42.97,42.92,42.92,3
"13011",2020-09-03 15:52:00,42.94,42.94,42.93,42.94,455
"13012",2020-09-03 15:55:00,42.95,42.99,42.95,42.99,60
"13013",2020-09-03 15:56:00,42.99,42.99,42.95,42.95,18
"13014",2020-09-03 15:59:00,42.95,42.95,42.95,42.95,1
"13015",2020-09-03 16:01:00,42.92,42.92,42.9,42.9,281
"13016",2020-09-03 16:02:00,42.93,42.93,42.93,42.93,2
"13017",2020-09-03 16:04:00,42.94,42.94,42.9,42.9,34
"13018",2020-09-03 16:05:00,42.9,42.9,42.9,42.9,284
"13019",2020-09-03 16:06:00,42.86,42.86,42.86,42.86,455
"13020",2020-09-03 16:07:00,42.9,42.9,42.9,42.9,1
"13021",2020-09-03 16:08:00,42.87,42.87,42.79,42.79,1676
"13022",2020-09-03 16:09:00,42.8,42.8,42.8,42.8,1168
"13023",2020-09-03 16:10:00,42.8,42.8,42.8,42.8,1
"13024",2020-09-03 16:11:00,42.8,42.8,42.8,42.8,20
"13025",2020-09-03 16:12:00,42.89,42.89,42.88,42.88,15
"13026",2020-09-03 16:13:00,42.88,42.9,42.88,42.89,1532
"13027",2020-09-03 16:14:00,42.9,42.91,42.88,42.88,810
"13028",2020-09-03 16:15:00,42.91,42.91,42.91,42.91,3
"13029",2020-09-03 16:16:00,42.91,42.98,42.82,42.82,2289
"13030",2020-09-03 16:17:00,42.96,42.96,42.93,42.93,7
"13031",2020-09-03 16:18:00,42.9,42.96,42.82,42.91,160
"13032",2020-09-03 16:19:00,42.92,42.94,42.85,42.94,85
"13033",2020-09-03 16:20:00,42.86,42.98,42.82,42.82,237
"13034",2020-09-03 16:21:00,42.91,42.91,42.91,42.91,1
"13035",2020-09-03 16:22:00,42.93,42.93,42.93,42.93,3
"13036",2020-09-03 16:27:00,42.95,43.02,42.93,42.98,402
"13037",2020-09-03 16:28:00,42.94,43.05,42.94,43.05,327
"13038",2020-09-03 16:29:00,42.89,42.89,42.75,42.75,1938
"13039",2020-09-03 16:30:00,42.75,42.99,42.73,42.83,1269
"13040",2020-09-03 16:31:00,42.71,42.99,42.69,42.69,5813
"13041",2020-09-03 16:32:00,42.72,42.78,42.61,42.74,5134
"13042",2020-09-03 16:33:00,42.74,42.75,42.41,42.42,46378
"13043",2020-09-03 16:34:00,42.45,42.65,42.45,42.53,34745
"13044",2020-09-03 16:35:00,42.51,42.51,42.36,42.43,40529
"13045",2020-09-03 16:36:00,42.48,42.51,42.17,42.17,27610
"13046",2020-09-03 16:37:00,42.18,42.21,42.05,42.06,31118
"13047",2020-09-03 16:38:00,42.07,42.29,42.01,42.28,18609
"13048",2020-09-03 16:39:00,42.3,42.31,42.15,42.23,13385
"13049",2020-09-03 16:40:00,42.22,42.32,42.19,42.32,17482
"13050",2020-09-03 16:41:00,42.35,42.36,42.15,42.27,8300
"13051",2020-09-03 16:42:00,42.27,42.4,42.2,42.22,14760
"13052",2020-09-03 16:43:00,42.22,42.24,42.1,42.1,12996
"13053",2020-09-03 16:44:00,42.09,42.16,41.84,41.93,79102
"13054",2020-09-03 16:45:00,41.92,41.98,41.85,41.96,16943
"13055",2020-09-03 16:46:00,41.95,42.1,41.94,42.01,20037
"13056",2020-09-03 16:47:00,42.01,42.13,42.01,42.13,19759
"13057",2020-09-03 16:48:00,42.14,42.22,42.08,42.12,12355
"13058",2020-09-03 16:49:00,42.13,42.25,42.1,42.16,8668
"13059",2020-09-03 16:50:00,42.16,42.28,42.16,42.27,14407
"13060",2020-09-03 16:51:00,42.29,42.35,42.26,42.3,15356
"13061",2020-09-03 16:52:00,42.3,42.45,42.29,42.43,12310
"13062",2020-09-03 16:53:00,42.42,42.44,42.28,42.3,11392
"13063",2020-09-03 16:54:00,42.29,42.31,42.18,42.22,9741
"13064",2020-09-03 16:55:00,42.19,42.33,42.19,42.32,8173
"13065",2020-09-03 16:56:00,42.31,42.44,42.27,42.4,12840
"13066",2020-09-03 16:57:00,42.37,42.42,42.37,42.41,5536
"13067",2020-09-03 16:58:00,42.42,42.45,42.39,42.45,3618
"13068",2020-09-03 16:59:00,42.44,42.52,42.41,42.41,8139
"13069",2020-09-03 17:00:00,42.41,42.49,42.4,42.48,11915
"13070",2020-09-03 17:01:00,42.49,42.54,42.48,42.48,10083
"13071",2020-09-03 17:02:00,42.49,42.66,42.49,42.65,16251
"13072",2020-09-03 17:03:00,42.65,42.75,42.64,42.7,15649
"13073",2020-09-03 17:04:00,42.72,42.74,42.65,42.69,5176
"13074",2020-09-03 17:05:00,42.7,42.76,42.65,42.65,8924
"13075",2020-09-03 17:06:00,42.64,42.71,42.59,42.71,6644
"13076",2020-09-03 17:07:00,42.7,42.78,42.54,42.56,11704
"13077",2020-09-03 17:08:00,42.58,42.58,42.44,42.46,8305
"13078",2020-09-03 17:09:00,42.46,42.49,42.4,42.48,6439
"13079",2020-09-03 17:10:00,42.48,42.48,42.3,42.34,11584
"13080",2020-09-03 17:11:00,42.33,42.42,42.33,42.39,6707
"13081",2020-09-03 17:12:00,42.38,42.39,42.33,42.39,12328
"13082",2020-09-03 17:13:00,42.39,42.46,42.32,42.32,9308
"13083",2020-09-03 17:14:00,42.33,42.4,42.32,42.37,5945
"13084",2020-09-03 17:15:00,42.38,42.4,42.36,42.39,3159
"13085",2020-09-03 17:16:00,42.39,42.39,42.22,42.22,9011
"13086",2020-09-03 17:17:00,42.22,42.26,42.2,42.23,3859
"13087",2020-09-03 17:18:00,42.23,42.23,42.15,42.16,11965
"13088",2020-09-03 17:19:00,42.15,42.17,42.12,42.15,5047
"13089",2020-09-03 17:20:00,42.14,42.25,42.11,42.11,5630
"13090",2020-09-03 17:21:00,42.12,42.18,42.1,42.1,4057
"13091",2020-09-03 17:22:00,42.11,42.21,42.1,42.16,5985
"13092",2020-09-03 17:23:00,42.13,42.16,42.04,42.04,5289
"13093",2020-09-03 17:24:00,42.04,42.09,41.92,41.93,17063
"13094",2020-09-03 17:25:00,41.94,41.96,41.81,41.84,16498
"13095",2020-09-03 17:26:00,41.84,41.96,41.84,41.86,9473
"13096",2020-09-03 17:27:00,41.86,41.89,41.79,41.82,19061
"13097",2020-09-03 17:28:00,41.84,41.85,41.8,41.84,9645
"13098",2020-09-03 17:29:00,41.85,41.86,41.79,41.79,10254
"13099",2020-09-03 17:30:00,41.78,41.82,41.68,41.75,16110
"13100",2020-09-03 17:31:00,41.76,41.97,41.75,41.97,11246
"13101",2020-09-03 17:32:00,41.97,42,41.88,41.95,11597
"13102",2020-09-03 17:33:00,41.96,42.04,41.96,41.99,9921
"13103",2020-09-03 17:34:00,42,42.03,41.99,42,6216
"13104",2020-09-03 17:35:00,42.01,42.04,41.91,41.91,9448
"13105",2020-09-03 17:36:00,41.91,41.98,41.91,41.97,10038
"13106",2020-09-03 17:37:00,41.99,42.05,41.95,41.95,6396
"13107",2020-09-03 17:38:00,41.95,42.01,41.9,41.9,4189
"13108",2020-09-03 17:39:00,41.93,41.97,41.84,41.84,14973
"13109",2020-09-03 17:40:00,41.86,41.86,41.65,41.72,21212
"13110",2020-09-03 17:41:00,41.76,41.87,41.76,41.82,7403
"13111",2020-09-03 17:42:00,41.85,41.88,41.8,41.82,7216
"13112",2020-09-03 17:43:00,41.8,41.8,41.74,41.74,2394
"13113",2020-09-03 17:44:00,41.71,41.75,41.66,41.71,3381
"13114",2020-09-03 17:45:00,41.71,41.73,41.62,41.64,19272
"13115",2020-09-03 17:46:00,41.63,41.64,41.56,41.59,23580
"13116",2020-09-03 17:47:00,41.6,41.6,41.45,41.45,25456
"13117",2020-09-03 17:48:00,41.45,41.6,41.44,41.46,18246
"13118",2020-09-03 17:49:00,41.45,41.45,41.36,41.44,23844
"13119",2020-09-03 17:50:00,41.45,41.49,41.38,41.4,10450
"13120",2020-09-03 17:51:00,41.4,41.56,41.4,41.55,12623
"13121",2020-09-03 17:52:00,41.55,41.57,41.52,41.54,9487
"13122",2020-09-03 17:53:00,41.54,41.65,41.51,41.64,15864
"13123",2020-09-03 17:54:00,41.63,41.63,41.51,41.54,12604
"13124",2020-09-03 17:55:00,41.55,41.66,41.52,41.62,7957
"13125",2020-09-03 17:56:00,41.64,41.64,41.56,41.57,6945
"13126",2020-09-03 17:57:00,41.56,41.62,41.53,41.59,8156
"13127",2020-09-03 17:58:00,41.6,41.74,41.6,41.72,4023
"13128",2020-09-03 17:59:00,41.72,41.83,41.71,41.77,8155
"13129",2020-09-03 18:00:00,41.77,41.82,41.76,41.8,5612
"13130",2020-09-03 18:01:00,41.8,41.85,41.73,41.73,10941
"13131",2020-09-03 18:02:00,41.75,41.75,41.66,41.7,6381
"13132",2020-09-03 18:03:00,41.69,41.79,41.68,41.76,7193
"13133",2020-09-03 18:04:00,41.75,41.81,41.72,41.8,13152
"13134",2020-09-03 18:05:00,41.81,41.86,41.68,41.7,7250
"13135",2020-09-03 18:06:00,41.71,41.74,41.67,41.74,8722
"13136",2020-09-03 18:07:00,41.76,41.78,41.61,41.64,9241
"13137",2020-09-03 18:08:00,41.65,41.74,41.65,41.71,17294
"13138",2020-09-03 18:09:00,41.72,41.75,41.56,41.57,8578
"13139",2020-09-03 18:10:00,41.6,41.65,41.53,41.56,13628
"13140",2020-09-03 18:11:00,41.59,41.61,41.56,41.58,5300
"13141",2020-09-03 18:12:00,41.58,41.58,41.51,41.53,5666
"13142",2020-09-03 18:13:00,41.53,41.56,41.5,41.51,12558
"13143",2020-09-03 18:14:00,41.52,41.56,41.48,41.5,5923
"13144",2020-09-03 18:15:00,41.54,41.65,41.54,41.61,5613
"13145",2020-09-03 18:16:00,41.6,41.65,41.54,41.56,13574
"13146",2020-09-03 18:17:00,41.56,41.62,41.55,41.58,3407
"13147",2020-09-03 18:18:00,41.62,41.62,41.49,41.49,6406
"13148",2020-09-03 18:19:00,41.48,41.48,41.3,41.3,14183
"13149",2020-09-03 18:20:00,41.31,41.31,41.09,41.13,17646
"13150",2020-09-03 18:21:00,41.11,41.24,41.07,41.09,18877
"13151",2020-09-03 18:22:00,41.09,41.15,41.04,41.07,25023
"13152",2020-09-03 18:23:00,41.05,41.2,40.96,41,29785
"13153",2020-09-03 18:24:00,40.99,41.09,40.97,41.09,24455
"13154",2020-09-03 18:25:00,41.09,41.23,41.07,41.22,7132
"13155",2020-09-03 18:26:00,41.27,41.33,41.19,41.31,10864
"13156",2020-09-03 18:27:00,41.32,41.49,41.32,41.47,9595
"13157",2020-09-03 18:28:00,41.47,41.47,41.32,41.39,6263
"13158",2020-09-03 18:29:00,41.38,41.47,41.37,41.38,8685
"13159",2020-09-03 18:30:00,41.36,41.42,41.33,41.42,7993
"13160",2020-09-03 18:31:00,41.42,41.44,41.31,41.33,7600
"13161",2020-09-03 18:32:00,41.32,41.5,41.31,41.48,10048
"13162",2020-09-03 18:33:00,41.49,41.54,41.45,41.54,9843
"13163",2020-09-03 18:34:00,41.53,41.53,41.42,41.47,6011
"13164",2020-09-03 18:35:00,41.46,41.48,41.3,41.3,17317
"13165",2020-09-03 18:36:00,41.3,41.34,41.25,41.31,11191
"13166",2020-09-03 18:37:00,41.33,41.41,41.32,41.4,8725
"13167",2020-09-03 18:38:00,41.38,41.49,41.29,41.49,6644
"13168",2020-09-03 18:39:00,41.48,41.5,41.43,41.49,4238
"13169",2020-09-03 18:40:00,41.51,41.66,41.51,41.64,11185
"13170",2020-09-03 18:41:00,41.65,41.8,41.65,41.77,14566
"13171",2020-09-03 18:42:00,41.78,41.82,41.73,41.82,4667
"13172",2020-09-03 18:43:00,41.82,41.88,41.78,41.85,12209
"13173",2020-09-03 18:44:00,41.86,41.9,41.82,41.89,12911
"13174",2020-09-03 18:45:00,41.88,41.88,41.76,41.76,15971
"13175",2020-09-03 18:46:00,41.78,41.86,41.76,41.86,10639
"13176",2020-09-03 18:47:00,41.89,41.9,41.87,41.87,13592
"13177",2020-09-03 18:48:00,41.89,41.95,41.87,41.93,9923
"13178",2020-09-03 18:49:00,41.92,41.95,41.89,41.92,4212
"13179",2020-09-03 18:50:00,41.93,41.94,41.87,41.92,10981
"13180",2020-09-03 18:51:00,41.92,42,41.92,41.94,10303
"13181",2020-09-03 18:52:00,41.96,41.98,41.89,41.9,7827
"13182",2020-09-03 18:53:00,41.92,41.95,41.9,41.92,9544
"13183",2020-09-03 18:54:00,41.93,41.93,41.88,41.88,4943
"13184",2020-09-03 18:55:00,41.88,41.96,41.88,41.96,4003
"13185",2020-09-03 18:56:00,41.98,41.98,41.89,41.9,9345
"13186",2020-09-03 18:57:00,41.94,41.96,41.86,41.87,8569
"13187",2020-09-03 18:58:00,41.86,41.92,41.81,41.81,12222
"13188",2020-09-03 18:59:00,41.81,41.84,41.79,41.79,4283
"13189",2020-09-03 19:00:00,41.79,41.85,41.78,41.85,5341
"13190",2020-09-03 19:01:00,41.84,41.9,41.8,41.8,6403
"13191",2020-09-03 19:02:00,41.79,41.8,41.61,41.65,30100
"13192",2020-09-03 19:03:00,41.65,41.74,41.64,41.73,7435
"13193",2020-09-03 19:04:00,41.74,41.83,41.74,41.83,6813
"13194",2020-09-03 19:05:00,41.82,41.87,41.78,41.87,6240
"13195",2020-09-03 19:06:00,41.88,41.88,41.82,41.83,2615
"13196",2020-09-03 19:07:00,41.82,41.82,41.76,41.79,4281
"13197",2020-09-03 19:08:00,41.79,41.91,41.79,41.91,4455
"13198",2020-09-03 19:09:00,41.9,41.9,41.81,41.81,3684
"13199",2020-09-03 19:10:00,41.81,41.87,41.75,41.87,5220
"13200",2020-09-03 19:11:00,41.88,41.96,41.87,41.96,4969
"13201",2020-09-03 19:12:00,41.96,41.97,41.93,41.95,4205
"13202",2020-09-03 19:13:00,41.96,41.98,41.92,41.95,3819
"13203",2020-09-03 19:14:00,41.96,42.03,41.96,42.01,7869
"13204",2020-09-03 19:15:00,42.01,42.07,42,42.07,5454
"13205",2020-09-03 19:16:00,42.06,42.12,41.94,41.94,15017
"13206",2020-09-03 19:17:00,41.94,42.01,41.94,41.98,6285
"13207",2020-09-03 19:18:00,41.98,42.03,41.94,41.97,6233
"13208",2020-09-03 19:19:00,41.96,41.99,41.92,41.99,3271
"13209",2020-09-03 19:20:00,41.98,42.02,41.98,41.98,6759
"13210",2020-09-03 19:21:00,41.96,41.97,41.92,41.93,4618
"13211",2020-09-03 19:22:00,41.93,41.93,41.88,41.88,11857
"13212",2020-09-03 19:23:00,41.88,41.97,41.88,41.95,6376
"13213",2020-09-03 19:24:00,41.95,41.98,41.94,41.98,2180
"13214",2020-09-03 19:25:00,41.97,41.98,41.94,41.95,4684
"13215",2020-09-03 19:26:00,41.93,41.97,41.91,41.93,3381
"13216",2020-09-03 19:27:00,41.93,41.96,41.9,41.91,4696
"13217",2020-09-03 19:28:00,41.92,41.96,41.88,41.9,2435
"13218",2020-09-03 19:29:00,41.88,41.91,41.85,41.89,3162
"13219",2020-09-03 19:30:00,41.88,41.93,41.85,41.86,4654
"13220",2020-09-03 19:31:00,41.83,41.88,41.82,41.88,1900
"13221",2020-09-03 19:32:00,41.89,41.9,41.82,41.82,3858
"13222",2020-09-03 19:33:00,41.8,41.8,41.7,41.71,15088
"13223",2020-09-03 19:34:00,41.69,41.7,41.63,41.66,4384
"13224",2020-09-03 19:35:00,41.67,41.67,41.54,41.56,4753
"13225",2020-09-03 19:36:00,41.54,41.55,41.46,41.48,7363
"13226",2020-09-03 19:37:00,41.48,41.58,41.46,41.57,3747
"13227",2020-09-03 19:38:00,41.58,41.68,41.58,41.66,10150
"13228",2020-09-03 19:39:00,41.64,41.65,41.6,41.61,3664
"13229",2020-09-03 19:40:00,41.59,41.6,41.53,41.55,5021
"13230",2020-09-03 19:41:00,41.57,41.6,41.56,41.57,3866
"13231",2020-09-03 19:42:00,41.59,41.6,41.53,41.55,2715
"13232",2020-09-03 19:43:00,41.57,41.58,41.52,41.52,1361
"13233",2020-09-03 19:44:00,41.51,41.51,41.43,41.49,10571
"13234",2020-09-03 19:45:00,41.5,41.5,41.46,41.48,3363
"13235",2020-09-03 19:46:00,41.48,41.56,41.41,41.55,19976
"13236",2020-09-03 19:47:00,41.57,41.63,41.54,41.58,4472
"13237",2020-09-03 19:48:00,41.57,41.57,41.5,41.5,3795
"13238",2020-09-03 19:49:00,41.51,41.54,41.5,41.51,6673
"13239",2020-09-03 19:50:00,41.51,41.54,41.44,41.44,2645
"13240",2020-09-03 19:51:00,41.46,41.56,41.46,41.52,4199
"13241",2020-09-03 19:52:00,41.51,41.56,41.5,41.54,6762
"13242",2020-09-03 19:53:00,41.55,41.58,41.55,41.57,2850
"13243",2020-09-03 19:54:00,41.57,41.57,41.54,41.54,2521
"13244",2020-09-03 19:55:00,41.53,41.61,41.51,41.58,4622
"13245",2020-09-03 19:56:00,41.57,41.62,41.54,41.62,1622
"13246",2020-09-03 19:57:00,41.62,41.72,41.62,41.7,6629
"13247",2020-09-03 19:58:00,41.68,41.7,41.64,41.66,1882
"13248",2020-09-03 19:59:00,41.66,41.67,41.58,41.58,3607
"13249",2020-09-03 20:00:00,41.57,41.61,41.56,41.59,6353
"13250",2020-09-03 20:01:00,41.6,41.62,41.54,41.54,9813
"13251",2020-09-03 20:02:00,41.55,41.6,41.54,41.6,4381
"13252",2020-09-03 20:03:00,41.6,41.62,41.57,41.57,4111
"13253",2020-09-03 20:04:00,41.55,41.56,41.46,41.46,13537
"13254",2020-09-03 20:05:00,41.46,41.51,41.46,41.49,6555
"13255",2020-09-03 20:06:00,41.51,41.62,41.51,41.6,7323
"13256",2020-09-03 20:07:00,41.59,41.68,41.59,41.67,4530
"13257",2020-09-03 20:08:00,41.66,41.68,41.64,41.64,5224
"13258",2020-09-03 20:09:00,41.63,41.76,41.62,41.74,9319
"13259",2020-09-03 20:10:00,41.72,41.76,41.71,41.73,6241
"13260",2020-09-03 20:11:00,41.73,41.78,41.7,41.75,8201
"13261",2020-09-03 20:12:00,41.76,41.78,41.74,41.78,4711
"13262",2020-09-03 20:13:00,41.77,41.83,41.76,41.8,8271
"13263",2020-09-03 20:14:00,41.78,41.81,41.76,41.78,8250
"13264",2020-09-03 20:15:00,41.78,41.84,41.76,41.84,8694
"13265",2020-09-03 20:16:00,41.84,41.84,41.81,41.81,5079
"13266",2020-09-03 20:17:00,41.82,41.84,41.79,41.82,8121
"13267",2020-09-03 20:18:00,41.82,41.82,41.79,41.79,12179
"13268",2020-09-03 20:19:00,41.8,41.82,41.74,41.75,7294
"13269",2020-09-03 20:20:00,41.74,41.78,41.74,41.77,4284
"13270",2020-09-03 20:21:00,41.79,41.82,41.78,41.78,5563
"13271",2020-09-03 20:22:00,41.8,41.81,41.79,41.79,1792
"13272",2020-09-03 20:23:00,41.79,41.89,41.79,41.87,5844
"13273",2020-09-03 20:24:00,41.88,41.92,41.87,41.91,5521
"13274",2020-09-03 20:25:00,41.9,41.9,41.85,41.87,3422
"13275",2020-09-03 20:26:00,41.86,41.87,41.82,41.82,4725
"13276",2020-09-03 20:27:00,41.85,41.89,41.84,41.86,4560
"13277",2020-09-03 20:28:00,41.86,41.91,41.84,41.91,4838
"13278",2020-09-03 20:29:00,41.92,41.99,41.92,41.98,10734
"13279",2020-09-03 20:30:00,41.97,42,41.96,41.99,7554
"13280",2020-09-03 20:31:00,41.99,41.99,41.81,41.81,19939
"13281",2020-09-03 20:32:00,41.81,41.81,41.67,41.73,10174
"13282",2020-09-03 20:33:00,41.74,41.77,41.7,41.7,3964
"13283",2020-09-03 20:34:00,41.71,41.75,41.7,41.74,3639
"13284",2020-09-03 20:35:00,41.73,41.73,41.69,41.7,2880
"13285",2020-09-03 20:36:00,41.72,41.79,41.72,41.79,2985
"13286",2020-09-03 20:37:00,41.79,41.82,41.78,41.82,3805
"13287",2020-09-03 20:38:00,41.81,41.82,41.78,41.78,2727
"13288",2020-09-03 20:39:00,41.79,41.81,41.77,41.79,3537
"13289",2020-09-03 20:40:00,41.78,41.78,41.72,41.73,3308
"13290",2020-09-03 20:41:00,41.74,41.78,41.74,41.78,3418
"13291",2020-09-03 20:42:00,41.79,41.89,41.79,41.84,6850
"13292",2020-09-03 20:43:00,41.85,41.87,41.84,41.84,5264
"13293",2020-09-03 20:44:00,41.84,41.87,41.83,41.84,8687
"13294",2020-09-03 20:45:00,41.85,41.88,41.81,41.82,7112
"13295",2020-09-03 20:46:00,41.83,41.86,41.81,41.81,10992
"13296",2020-09-03 20:47:00,41.81,41.89,41.81,41.89,1542
"13297",2020-09-03 20:48:00,41.89,41.9,41.87,41.9,3144
"13298",2020-09-03 20:49:00,41.9,41.9,41.82,41.82,6293
"13299",2020-09-03 20:50:00,41.82,41.84,41.8,41.8,5143
"13300",2020-09-03 20:51:00,41.8,41.92,41.8,41.92,5555
"13301",2020-09-03 20:52:00,41.92,42,41.91,42,7517
"13302",2020-09-03 20:53:00,42,42,41.91,41.91,5393
"13303",2020-09-03 20:54:00,41.91,41.93,41.87,41.89,6230
"13304",2020-09-03 20:55:00,41.89,41.95,41.88,41.94,5373
"13305",2020-09-03 20:56:00,41.93,41.94,41.91,41.93,1010
"13306",2020-09-03 20:57:00,41.94,41.96,41.94,41.94,1727
"13307",2020-09-03 20:58:00,41.94,41.94,41.91,41.91,3442
"13308",2020-09-03 20:59:00,41.91,41.92,41.87,41.87,4031
"13309",2020-09-03 21:00:00,41.86,41.88,41.86,41.87,3662
"13310",2020-09-03 21:01:00,41.85,41.85,41.8,41.83,3166
"13311",2020-09-03 21:02:00,41.84,41.91,41.84,41.9,6397
"13312",2020-09-03 21:03:00,41.89,41.89,41.83,41.85,2080
"13313",2020-09-03 21:04:00,41.82,41.85,41.82,41.85,1053
"13314",2020-09-03 21:05:00,41.86,41.88,41.86,41.88,2513
"13315",2020-09-03 21:06:00,41.88,41.89,41.8,41.83,3622
"13316",2020-09-03 21:07:00,41.83,41.9,41.83,41.9,3015
"13317",2020-09-03 21:08:00,41.91,41.91,41.89,41.89,1084
"13318",2020-09-03 21:09:00,41.88,41.88,41.84,41.84,5410
"13319",2020-09-03 21:10:00,41.84,41.86,41.82,41.86,3771
"13320",2020-09-03 21:11:00,41.85,41.89,41.83,41.87,2492
"13321",2020-09-03 21:12:00,41.87,41.91,41.87,41.91,2359
"13322",2020-09-03 21:13:00,41.91,41.96,41.91,41.92,3134
"13323",2020-09-03 21:14:00,41.91,41.93,41.88,41.88,5755
"13324",2020-09-03 21:15:00,41.88,41.88,41.83,41.85,6499
"13325",2020-09-03 21:16:00,41.85,41.85,41.8,41.8,2314
"13326",2020-09-03 21:17:00,41.79,41.8,41.76,41.77,2028
"13327",2020-09-03 21:18:00,41.77,41.77,41.7,41.71,4548
"13328",2020-09-03 21:19:00,41.7,41.73,41.68,41.69,3719
"13329",2020-09-03 21:20:00,41.7,41.73,41.68,41.68,3588
"13330",2020-09-03 21:21:00,41.69,41.75,41.69,41.69,3879
"13331",2020-09-03 21:22:00,41.69,41.72,41.69,41.7,1437
"13332",2020-09-03 21:23:00,41.71,41.71,41.66,41.69,5464
"13333",2020-09-03 21:24:00,41.69,41.69,41.64,41.64,2941
"13334",2020-09-03 21:25:00,41.65,41.67,41.65,41.66,1714
"13335",2020-09-03 21:26:00,41.64,41.67,41.62,41.65,4235
"13336",2020-09-03 21:27:00,41.65,41.72,41.65,41.72,4267
"13337",2020-09-03 21:28:00,41.72,41.78,41.71,41.71,6756
"13338",2020-09-03 21:29:00,41.7,41.78,41.7,41.77,2424
"13339",2020-09-03 21:30:00,41.78,41.78,41.74,41.75,4551
"13340",2020-09-03 21:31:00,41.74,41.78,41.72,41.78,2199
"13341",2020-09-03 21:32:00,41.79,41.88,41.79,41.88,4060
"13342",2020-09-03 21:33:00,41.88,41.94,41.87,41.92,3537
"13343",2020-09-03 21:34:00,41.92,41.92,41.9,41.92,1751
"13344",2020-09-03 21:35:00,41.92,41.92,41.85,41.88,6593
"13345",2020-09-03 21:36:00,41.87,41.88,41.8,41.85,8020
"13346",2020-09-03 21:37:00,41.85,41.9,41.85,41.9,1530
"13347",2020-09-03 21:38:00,41.89,41.9,41.87,41.9,2816
"13348",2020-09-03 21:39:00,41.9,41.95,41.9,41.91,5672
"13349",2020-09-03 21:40:00,41.92,41.98,41.91,41.91,21748
"13350",2020-09-03 21:41:00,41.9,41.93,41.85,41.86,5347
"13351",2020-09-03 21:42:00,41.86,41.86,41.79,41.8,6851
"13352",2020-09-03 21:43:00,41.8,41.8,41.74,41.75,5140
"13353",2020-09-03 21:44:00,41.77,41.77,41.73,41.73,2158
"13354",2020-09-03 21:45:00,41.71,41.75,41.7,41.75,2976
"13355",2020-09-03 21:46:00,41.74,41.78,41.73,41.75,3672
"13356",2020-09-03 21:47:00,41.76,41.79,41.73,41.73,4469
"13357",2020-09-03 21:48:00,41.72,41.72,41.64,41.64,5950
"13358",2020-09-03 21:49:00,41.64,41.69,41.64,41.66,4689
"13359",2020-09-03 21:50:00,41.67,41.67,41.6,41.61,3850
"13360",2020-09-03 21:51:00,41.61,41.64,41.6,41.63,1861
"13361",2020-09-03 21:52:00,41.64,41.66,41.62,41.66,4344
"13362",2020-09-03 21:53:00,41.66,41.66,41.58,41.6,2476
"13363",2020-09-03 21:54:00,41.59,41.6,41.55,41.56,5063
"13364",2020-09-03 21:55:00,41.57,41.66,41.57,41.61,4252
"13365",2020-09-03 21:56:00,41.61,41.61,41.56,41.57,8550
"13366",2020-09-03 21:57:00,41.58,41.58,41.51,41.56,4915
"13367",2020-09-03 21:58:00,41.58,41.62,41.58,41.58,3708
"13368",2020-09-03 21:59:00,41.57,41.63,41.56,41.63,2702
"13369",2020-09-03 22:00:00,41.64,41.65,41.57,41.57,2809
"13370",2020-09-03 22:01:00,41.55,41.61,41.54,41.55,5482
"13371",2020-09-03 22:02:00,41.55,41.55,41.47,41.48,9757
"13372",2020-09-03 22:03:00,41.5,41.5,41.41,41.41,6300
"13373",2020-09-03 22:04:00,41.42,41.43,41.36,41.39,15687
"13374",2020-09-03 22:05:00,41.39,41.39,41.33,41.36,4290
"13375",2020-09-03 22:06:00,41.37,41.4,41.35,41.35,5678
"13376",2020-09-03 22:07:00,41.34,41.45,41.32,41.44,7107
"13377",2020-09-03 22:08:00,41.43,41.47,41.41,41.46,6665
"13378",2020-09-03 22:09:00,41.45,41.51,41.44,41.44,4382
"13379",2020-09-03 22:10:00,41.44,41.44,41.41,41.41,2307
"13380",2020-09-03 22:11:00,41.42,41.44,41.39,41.39,3825
"13381",2020-09-03 22:12:00,41.4,41.46,41.39,41.45,2811
"13382",2020-09-03 22:13:00,41.44,41.45,41.4,41.41,7832
"13383",2020-09-03 22:14:00,41.4,41.48,41.39,41.46,4104
"13384",2020-09-03 22:15:00,41.46,41.52,41.44,41.52,6986
"13385",2020-09-03 22:16:00,41.52,41.57,41.51,41.53,8044
"13386",2020-09-03 22:17:00,41.52,41.54,41.49,41.54,5998
"13387",2020-09-03 22:18:00,41.53,41.53,41.46,41.46,6512
"13388",2020-09-03 22:19:00,41.45,41.48,41.43,41.46,4327
"13389",2020-09-03 22:20:00,41.46,41.46,41.42,41.42,3817
"13390",2020-09-03 22:21:00,41.41,41.44,41.36,41.36,3704
"13391",2020-09-03 22:22:00,41.35,41.35,41.3,41.32,5807
"13392",2020-09-03 22:23:00,41.32,41.34,41.29,41.3,7234
"13393",2020-09-03 22:24:00,41.31,41.32,41.29,41.29,5320
"13394",2020-09-03 22:25:00,41.28,41.3,41.22,41.26,6848
"13395",2020-09-03 22:26:00,41.26,41.26,41.21,41.26,10669
"13396",2020-09-03 22:27:00,41.26,41.33,41.26,41.32,7668
"13397",2020-09-03 22:28:00,41.33,41.35,41.3,41.32,5261
"13398",2020-09-03 22:29:00,41.32,41.35,41.28,41.28,6331
"13399",2020-09-03 22:30:00,41.26,41.27,41.22,41.25,5926
"13400",2020-09-03 22:31:00,41.24,41.34,41.24,41.34,6199
"13401",2020-09-03 22:32:00,41.33,41.37,41.31,41.36,7254
"13402",2020-09-03 22:33:00,41.36,41.36,41.33,41.35,6871
"13403",2020-09-03 22:34:00,41.36,41.37,41.32,41.33,8104
"13404",2020-09-03 22:35:00,41.33,41.33,41.24,41.24,7460
"13405",2020-09-03 22:36:00,41.24,41.4,41.24,41.4,10650
"13406",2020-09-03 22:37:00,41.4,41.5,41.4,41.49,9905
"13407",2020-09-03 22:38:00,41.49,41.52,41.49,41.5,5370
"13408",2020-09-03 22:39:00,41.49,41.56,41.48,41.55,6939
"13409",2020-09-03 22:40:00,41.53,41.55,41.44,41.48,10322
"13410",2020-09-03 22:41:00,41.47,41.47,41.4,41.4,6474
"13411",2020-09-03 22:42:00,41.4,41.49,41.39,41.49,3642
"13412",2020-09-03 22:43:00,41.49,41.53,41.45,41.53,10496
"13413",2020-09-03 22:44:00,41.52,41.55,41.52,41.55,3806
"13414",2020-09-03 22:45:00,41.55,41.55,41.5,41.52,3890
"13415",2020-09-03 22:46:00,41.55,41.61,41.53,41.53,9464
"13416",2020-09-03 22:47:00,41.54,41.54,41.46,41.48,6806
"13417",2020-09-03 22:48:00,41.48,41.5,41.46,41.49,5683
"13418",2020-09-03 22:49:00,41.49,41.49,41.41,41.41,6301
"13419",2020-09-03 22:50:00,41.41,41.44,41.36,41.38,26312
"13420",2020-09-03 22:51:00,41.38,41.39,41.31,41.38,14794
"13421",2020-09-03 22:52:00,41.39,41.51,41.39,41.45,19363
"13422",2020-09-03 22:53:00,41.45,41.56,41.45,41.56,18118
"13423",2020-09-03 22:54:00,41.56,41.56,41.52,41.54,14807
"13424",2020-09-03 22:55:00,41.54,41.64,41.54,41.57,19950
"13425",2020-09-03 22:56:00,41.57,41.64,41.55,41.62,14502
"13426",2020-09-03 22:57:00,41.61,41.69,41.6,41.69,19570
"13427",2020-09-03 22:58:00,41.69,41.69,41.62,41.64,12269
"13428",2020-09-03 22:59:00,41.64,41.76,41.62,41.76,14894
"13429",2020-09-03 23:00:00,41.76,41.76,41.62,41.62,58241
"13430",2020-09-03 23:02:00,41.35,41.35,41.35,41.35,3
"13431",2020-09-03 23:05:00,41.63,41.64,41.61,41.63,7950
"13432",2020-09-03 23:06:00,41.35,41.35,41.35,41.35,1
"13433",2020-09-03 23:09:00,41.7,41.7,41.7,41.7,1
"13434",2020-09-03 23:11:00,41.35,41.35,41.35,41.35,1
"13435",2020-09-03 23:15:00,41.8,41.82,41.8,41.82,6
"13436",2020-09-03 23:17:00,41.35,41.35,41.35,41.35,12
"13437",2020-09-03 23:21:00,41.35,41.35,41.35,41.35,1
"13438",2020-09-03 23:27:00,41.35,41.35,41.35,41.35,2
"13439",2020-09-03 23:30:00,41.31,41.31,41.31,41.31,3
"13440",2020-09-03 23:35:00,41.8,41.82,41.6,41.82,5
"13441",2020-09-03 23:49:00,41.49,41.49,41.49,41.49,1
"13442",2020-09-03 23:50:00,41.5,41.5,41.5,41.5,1
"13443",2020-09-04 00:09:00,41.5,41.5,41.35,41.35,16
"13444",2020-09-04 00:20:00,41.35,41.35,41.35,41.35,2
"13445",2020-09-04 00:28:00,41.6,41.61,41.6,41.61,30
"13446",2020-09-04 00:42:00,41.5,41.5,41.5,41.5,1
"13447",2020-09-04 00:43:00,41.35,41.35,41.35,41.35,5
"13448",2020-09-04 00:50:00,41.57,41.57,41.57,41.57,5
"13449",2020-09-04 01:11:00,41.27,41.57,41.26,41.57,601
"13450",2020-09-04 01:12:00,41.26,41.26,41.26,41.26,240
"13451",2020-09-04 01:19:00,41.36,41.36,41.3,41.3,96
"13452",2020-09-04 01:24:00,41.05,41.05,41.05,41.05,1
"13453",2020-09-04 01:31:00,41.24,41.24,41.24,41.24,1250
"13454",2020-09-04 01:34:00,41.25,41.25,41.22,41.22,2
"13455",2020-09-04 01:36:00,41.1,41.1,41.1,41.1,50
"13456",2020-09-04 01:43:00,41.1,41.1,41.04,41.04,75
"13457",2020-09-04 01:45:00,41.4,41.4,41.2,41.2,2
"13458",2020-09-04 10:01:00,40.59,40.84,40.59,40.84,62
"13459",2020-09-04 10:02:00,40.79,40.79,40.59,40.59,5
"13460",2020-09-04 10:03:00,40.59,40.59,40.59,40.59,4
"13461",2020-09-04 10:04:00,40.6,40.6,40.58,40.58,39
"13462",2020-09-04 10:05:00,40.58,40.58,40.43,40.43,614
"13463",2020-09-04 10:06:00,40.42,40.5,40.42,40.5,91
"13464",2020-09-04 10:07:00,40.5,40.59,40.5,40.54,136
"13465",2020-09-04 10:08:00,40.54,40.54,40.54,40.54,3
"13466",2020-09-04 10:09:00,40.54,40.59,40.54,40.59,65
"13467",2020-09-04 10:10:00,40.59,40.59,40.43,40.43,212
"13468",2020-09-04 10:11:00,40.46,40.46,40.45,40.45,8
"13469",2020-09-04 10:12:00,40.45,40.45,40.44,40.44,34
"13470",2020-09-04 10:13:00,40.46,40.46,40.46,40.46,5
"13471",2020-09-04 10:14:00,40.47,40.5,40.47,40.48,25
"13472",2020-09-04 10:15:00,40.48,40.59,40.48,40.59,32
"13473",2020-09-04 10:16:00,40.49,40.5,40.49,40.5,11
"13474",2020-09-04 10:17:00,40.58,40.58,40.58,40.58,3
"13475",2020-09-04 10:18:00,40.55,40.59,40.55,40.59,15
"13476",2020-09-04 10:20:00,40.59,40.59,40.59,40.59,26
"13477",2020-09-04 10:24:00,40.57,40.59,40.57,40.59,6
"13478",2020-09-04 10:25:00,40.59,40.59,40.59,40.59,72
"13479",2020-09-04 10:26:00,40.62,40.81,40.62,40.81,106
"13480",2020-09-04 10:27:00,40.84,40.84,40.84,40.84,10
"13481",2020-09-04 10:28:00,40.84,40.85,40.84,40.85,31
"13482",2020-09-04 10:29:00,40.86,40.86,40.86,40.86,2
"13483",2020-09-04 10:31:00,40.89,40.89,40.89,40.89,2
"13484",2020-09-04 10:32:00,40.92,40.92,40.92,40.92,30
"13485",2020-09-04 10:33:00,40.93,40.93,40.91,40.92,33
"13486",2020-09-04 10:34:00,40.92,40.92,40.9,40.91,24
"13487",2020-09-04 10:35:00,40.9,40.9,40.8,40.8,20
"13488",2020-09-04 10:36:00,40.81,40.81,40.81,40.81,1
"13489",2020-09-04 10:37:00,40.9,40.92,40.9,40.91,106
"13490",2020-09-04 10:39:00,40.8,40.8,40.8,40.8,3
"13491",2020-09-04 10:43:00,41,41,41,41,1
"13492",2020-09-04 10:45:00,41,41,41,41,3
"13493",2020-09-04 10:46:00,41.07,41.07,41.07,41.07,127
"13494",2020-09-04 10:47:00,41.07,41.07,41.07,41.07,72
"13495",2020-09-04 10:48:00,41.05,41.05,41.04,41.05,251
"13496",2020-09-04 10:49:00,41.05,41.05,41.05,41.05,100
"13497",2020-09-04 10:50:00,41.09,41.09,41.09,41.09,1
"13498",2020-09-04 10:51:00,41.08,41.09,41.08,41.09,3
"13499",2020-09-04 10:54:00,41.21,41.21,41.21,41.21,186
"13500",2020-09-04 10:58:00,41.21,41.21,41.21,41.21,1
"13501",2020-09-04 10:59:00,41.4,41.4,41.4,41.4,6
"13502",2020-09-04 11:00:00,41.4,41.4,41.4,41.4,1
"13503",2020-09-04 11:02:00,41.33,41.33,41.16,41.16,14
"13504",2020-09-04 11:03:00,41.32,41.32,41.32,41.32,5
"13505",2020-09-04 11:04:00,41.17,41.17,41.17,41.17,3
"13506",2020-09-04 11:05:00,41.16,41.17,41.16,41.17,2
"13507",2020-09-04 11:06:00,41.17,41.17,41.14,41.14,10
"13508",2020-09-04 11:07:00,41,41,41,41,110
"13509",2020-09-04 11:08:00,41.03,41.03,41.03,41.03,12
"13510",2020-09-04 11:13:00,41.29,41.29,41.29,41.29,1
"13511",2020-09-04 11:14:00,41.21,41.21,41.21,41.21,68
"13512",2020-09-04 11:15:00,41.21,41.21,41.21,41.21,25
"13513",2020-09-04 11:16:00,41.27,41.27,41.27,41.27,1
"13514",2020-09-04 11:23:00,41.27,41.27,41.27,41.27,1
"13515",2020-09-04 11:24:00,41.28,41.28,41.28,41.28,1
"13516",2020-09-04 11:25:00,41.27,41.27,41.27,41.27,2
"13517",2020-09-04 11:28:00,41.39,41.45,41.39,41.45,8
"13518",2020-09-04 11:30:00,41.51,41.51,41.51,41.51,2
"13519",2020-09-04 11:32:00,41.43,41.43,41.43,41.43,3
"13520",2020-09-04 11:33:00,41.43,41.43,41.43,41.43,16
"13521",2020-09-04 11:38:00,41.5,41.5,41.5,41.5,1
"13522",2020-09-04 11:42:00,41.47,41.47,41.47,41.47,5
"13523",2020-09-04 11:46:00,41.47,41.47,41.47,41.47,5
"13524",2020-09-04 11:48:00,41.46,41.46,41.46,41.46,4
"13525",2020-09-04 11:49:00,41.46,41.46,41.46,41.46,1
"13526",2020-09-04 11:51:00,41.45,41.45,41.45,41.45,2
"13527",2020-09-04 11:52:00,41.45,41.45,41.45,41.45,2
"13528",2020-09-04 11:54:00,41.45,41.45,41.45,41.45,1
"13529",2020-09-04 11:56:00,41.47,41.47,41.45,41.45,2
"13530",2020-09-04 11:57:00,41.4,41.47,41.4,41.47,11
"13531",2020-09-04 11:58:00,41.47,41.47,41.47,41.47,10
"13532",2020-09-04 12:01:00,41.47,41.47,41.47,41.47,1
"13533",2020-09-04 12:03:00,41.47,41.47,41.47,41.47,1
"13534",2020-09-04 12:06:00,41.47,41.47,41.47,41.47,3
"13535",2020-09-04 12:07:00,41.47,41.47,41.47,41.47,10
"13536",2020-09-04 12:08:00,41.47,41.47,41.47,41.47,25
"13537",2020-09-04 12:09:00,41.47,41.47,41.47,41.47,1
"13538",2020-09-04 12:14:00,41.46,41.46,41.46,41.46,15
"13539",2020-09-04 12:15:00,41.46,41.46,41.46,41.46,5
"13540",2020-09-04 12:16:00,41.47,41.47,41.47,41.47,1
"13541",2020-09-04 12:17:00,41.46,41.46,41.46,41.46,2
"13542",2020-09-04 12:21:00,41.46,41.46,41.46,41.46,5
"13543",2020-09-04 12:23:00,41.46,41.46,41.46,41.46,2
"13544",2020-09-04 12:26:00,41.47,41.47,41.47,41.47,2
"13545",2020-09-04 12:28:00,41.46,41.46,41.4,41.4,27
"13546",2020-09-04 12:39:00,41.4,41.4,41.4,41.4,2
"13547",2020-09-04 12:55:00,41.43,41.5,41.43,41.5,46
"13548",2020-09-04 13:01:00,41.57,41.63,41.57,41.63,10
"13549",2020-09-04 13:09:00,41.66,41.66,41.66,41.66,1
"13550",2020-09-04 13:14:00,41.65,41.65,41.65,41.65,50
"13551",2020-09-04 13:15:00,41.66,41.66,41.66,41.66,1
"13552",2020-09-04 13:21:00,41.51,41.51,41.51,41.51,2
"13553",2020-09-04 13:25:00,41.64,41.64,41.64,41.64,1
"13554",2020-09-04 13:26:00,41.5,41.5,41.5,41.5,1
"13555",2020-09-04 13:30:00,41.36,41.36,41.35,41.35,6
"13556",2020-09-04 13:31:00,41.35,41.49,41.35,41.49,41
"13557",2020-09-04 13:36:00,41.49,41.49,41.49,41.49,1
"13558",2020-09-04 13:38:00,41.39,41.39,41.39,41.39,1
"13559",2020-09-04 13:40:00,41.49,41.49,41.49,41.49,1
"13560",2020-09-04 13:44:00,41.27,41.27,41.27,41.27,40
"13561",2020-09-04 13:46:00,41.4,41.4,41.4,41.4,2
"13562",2020-09-04 13:54:00,41.28,41.28,41.28,41.28,2
"13563",2020-09-04 13:56:00,41.28,41.28,41.27,41.27,7
"13564",2020-09-04 14:02:00,41.29,41.29,41.29,41.29,2
"13565",2020-09-04 14:03:00,41,41,41,41,3
"13566",2020-09-04 14:05:00,41,41,41,41,2
"13567",2020-09-04 14:08:00,40.99,40.99,40.99,40.99,1
"13568",2020-09-04 14:11:00,40.86,40.86,40.86,40.86,6
"13569",2020-09-04 14:13:00,40.78,40.78,40.78,40.78,4
"13570",2020-09-04 14:14:00,40.74,40.74,40.74,40.74,19
"13571",2020-09-04 14:17:00,40.8,40.8,40.74,40.79,18
"13572",2020-09-04 14:22:00,40.8,40.8,40.8,40.8,21
"13573",2020-09-04 14:28:00,40.83,40.83,40.83,40.83,5
"13574",2020-09-04 14:37:00,40.86,40.86,40.86,40.86,4
"13575",2020-09-04 14:42:00,40.87,40.87,40.87,40.87,85
"13576",2020-09-04 14:44:00,40.89,40.89,40.89,40.89,1
"13577",2020-09-04 14:46:00,40.98,40.98,40.98,40.98,5
"13578",2020-09-04 14:48:00,40.9,40.9,40.9,40.9,10
"13579",2020-09-04 14:50:00,40.86,40.97,40.86,40.97,6
"13580",2020-09-04 14:51:00,40.83,40.83,40.83,40.83,11
"13581",2020-09-04 14:53:00,40.83,40.83,40.79,40.79,10
"13582",2020-09-04 14:56:00,40.79,40.79,40.79,40.79,12
"13583",2020-09-04 14:58:00,40.92,41,40.84,40.88,346
"13584",2020-09-04 14:59:00,40.8,40.8,40.8,40.8,3
"13585",2020-09-04 15:02:00,40.9,40.9,40.9,40.9,12
"13586",2020-09-04 15:03:00,40.9,41,40.9,40.97,606
"13587",2020-09-04 15:04:00,41,41,41,41,1
"13588",2020-09-04 15:05:00,41,41,40.79,40.79,141
"13589",2020-09-04 15:06:00,40.9,40.9,40.84,40.84,104
"13590",2020-09-04 15:07:00,41,41,41,41,245
"13591",2020-09-04 15:09:00,41,41,41,41,52
"13592",2020-09-04 15:13:00,40.81,40.81,40.81,40.81,3
"13593",2020-09-04 15:14:00,40.81,40.81,40.81,40.81,7
"13594",2020-09-04 15:19:00,40.95,40.95,40.95,40.95,1
"13595",2020-09-04 15:28:00,40.89,40.89,40.82,40.82,4
"13596",2020-09-04 15:29:00,40.82,40.84,40.82,40.82,65
"13597",2020-09-04 15:34:00,40.95,40.95,40.95,40.95,15
"13598",2020-09-04 15:35:00,41.12,41.12,40.99,41,18
"13599",2020-09-04 15:36:00,41.1,41.1,41.1,41.1,116
"13600",2020-09-04 15:37:00,41.07,41.07,41.05,41.07,672
"13601",2020-09-04 15:38:00,41.05,41.05,41.05,41.05,746
"13602",2020-09-04 15:39:00,40.91,40.91,40.91,40.91,1
"13603",2020-09-04 15:41:00,40.91,40.91,40.79,40.79,19
"13604",2020-09-04 15:42:00,40.99,41.07,40.99,41.07,116
"13605",2020-09-04 15:43:00,41.07,41.07,40.92,40.92,172
"13606",2020-09-04 15:44:00,40.98,40.98,40.98,40.98,197
"13607",2020-09-04 15:46:00,41.03,41.03,41.03,41.03,10
"13608",2020-09-04 15:48:00,40.97,40.97,40.9,40.9,250
"13609",2020-09-04 15:49:00,40.97,40.97,40.96,40.97,186
"13610",2020-09-04 15:50:00,41.05,41.1,41.05,41.1,14387
"13611",2020-09-04 15:51:00,41.01,41.15,41.01,41.15,483
"13612",2020-09-04 15:53:00,41.17,41.17,41.14,41.14,128
"13613",2020-09-04 15:54:00,41.2,41.2,41.06,41.08,142
"13614",2020-09-04 15:55:00,41.19,41.2,41.19,41.2,3
"13615",2020-09-04 15:57:00,41.2,41.2,41.08,41.08,197
"13616",2020-09-04 15:59:00,41.01,41.01,40.95,41,17
"13617",2020-09-04 16:04:00,41.08,41.08,41.08,41.08,15
"13618",2020-09-04 16:06:00,41.18,41.18,41.18,41.18,1
"13619",2020-09-04 16:08:00,41.2,41.26,41.2,41.26,14
"13620",2020-09-04 16:10:00,41,41,41,41,2
"13621",2020-09-04 16:11:00,41,41,41,41,16
"13622",2020-09-04 16:16:00,41.08,41.26,41.08,41.26,6
"13623",2020-09-04 16:20:00,41.26,41.26,41.15,41.15,6
"13624",2020-09-04 16:21:00,41.15,41.15,40.98,41.11,1056
"13625",2020-09-04 16:22:00,41.11,41.11,40.99,40.99,632
"13626",2020-09-04 16:24:00,41.21,41.24,41.21,41.24,27
"13627",2020-09-04 16:25:00,41.25,41.28,41.25,41.28,64
"13628",2020-09-04 16:26:00,41.28,41.29,41.28,41.29,278
"13629",2020-09-04 16:27:00,41.3,41.3,41.3,41.3,30
"13630",2020-09-04 16:29:00,41.29,41.29,41.29,41.29,2
"13631",2020-09-04 16:31:00,41.21,41.37,41.21,41.37,2567
"13632",2020-09-04 16:32:00,41.32,41.46,41.28,41.28,17988
"13633",2020-09-04 16:33:00,41.3,41.34,41.21,41.28,14289
"13634",2020-09-04 16:34:00,41.28,41.48,41.24,41.46,10002
"13635",2020-09-04 16:35:00,41.45,41.45,41.33,41.41,7857
"13636",2020-09-04 16:36:00,41.38,41.44,41.26,41.26,6168
"13637",2020-09-04 16:37:00,41.24,41.46,41.24,41.37,10598
"13638",2020-09-04 16:38:00,41.35,41.43,41.23,41.25,5495
"13639",2020-09-04 16:39:00,41.25,41.31,41.18,41.27,4477
"13640",2020-09-04 16:40:00,41.23,41.32,41.2,41.29,6125
"13641",2020-09-04 16:41:00,41.25,41.28,41.14,41.15,4434
"13642",2020-09-04 16:42:00,41.13,41.22,41.03,41.04,9845
"13643",2020-09-04 16:43:00,41.05,41.12,40.93,40.93,13449
"13644",2020-09-04 16:44:00,40.92,40.94,40.77,40.79,19621
"13645",2020-09-04 16:45:00,40.77,40.81,40.72,40.75,24995
"13646",2020-09-04 16:46:00,40.77,40.8,40.62,40.68,9245
"13647",2020-09-04 16:47:00,40.66,40.71,40.63,40.67,7542
"13648",2020-09-04 16:48:00,40.66,40.69,40.45,40.5,15216
"13649",2020-09-04 16:49:00,40.5,40.58,40.45,40.54,23568
"13650",2020-09-04 16:50:00,40.53,40.66,40.52,40.53,11318
"13651",2020-09-04 16:51:00,40.55,40.65,40.55,40.61,12642
"13652",2020-09-04 16:52:00,40.61,40.63,40.49,40.62,9985
"13653",2020-09-04 16:53:00,40.63,40.64,40.51,40.51,9748
"13654",2020-09-04 16:54:00,40.5,40.57,40.42,40.45,13549
"13655",2020-09-04 16:55:00,40.43,40.54,40.39,40.5,17585
"13656",2020-09-04 16:56:00,40.51,40.56,40.39,40.45,13417
"13657",2020-09-04 16:57:00,40.45,40.5,40.41,40.49,11502
"13658",2020-09-04 16:58:00,40.47,40.48,40.37,40.41,7005
"13659",2020-09-04 16:59:00,40.42,40.44,40.31,40.37,10459
"13660",2020-09-04 17:00:00,40.38,40.45,40.31,40.37,26820
"13661",2020-09-04 17:01:00,40.39,40.46,40.23,40.46,14888
"13662",2020-09-04 17:02:00,40.44,40.57,40.33,40.57,5727
"13663",2020-09-04 17:03:00,40.55,40.69,40.55,40.68,6858
"13664",2020-09-04 17:04:00,40.68,40.75,40.65,40.74,4224
"13665",2020-09-04 17:05:00,40.74,40.76,40.68,40.7,7574
"13666",2020-09-04 17:06:00,40.68,40.68,40.56,40.58,6581
"13667",2020-09-04 17:07:00,40.56,40.62,40.53,40.57,5383
"13668",2020-09-04 17:08:00,40.57,40.59,40.49,40.49,2951
"13669",2020-09-04 17:09:00,40.48,40.58,40.48,40.5,8229
"13670",2020-09-04 17:10:00,40.49,40.49,40.35,40.36,6166
"13671",2020-09-04 17:11:00,40.36,40.44,40.29,40.38,4136
"13672",2020-09-04 17:12:00,40.39,40.42,40.25,40.28,8260
"13673",2020-09-04 17:13:00,40.27,40.27,40.2,40.21,15311
"13674",2020-09-04 17:14:00,40.19,40.23,40.09,40.09,23619
"13675",2020-09-04 17:15:00,40.1,40.11,39.94,39.97,39492
"13676",2020-09-04 17:16:00,39.98,40.1,39.92,39.92,31911
"13677",2020-09-04 17:17:00,39.91,39.97,39.87,39.87,16756
"13678",2020-09-04 17:18:00,39.88,39.89,39.62,39.64,28458
"13679",2020-09-04 17:19:00,39.64,39.76,39.63,39.68,13209
"13680",2020-09-04 17:20:00,39.67,39.76,39.6,39.62,20971
"13681",2020-09-04 17:21:00,39.65,39.69,39.61,39.66,15470
"13682",2020-09-04 17:22:00,39.67,39.67,39.5,39.57,28578
"13683",2020-09-04 17:23:00,39.57,39.68,39.56,39.61,18466
"13684",2020-09-04 17:24:00,39.62,39.72,39.59,39.64,12551
"13685",2020-09-04 17:25:00,39.62,39.68,39.53,39.55,15827
"13686",2020-09-04 17:26:00,39.56,39.58,39.41,39.42,14925
"13687",2020-09-04 17:27:00,39.4,39.46,39.32,39.35,11486
"13688",2020-09-04 17:28:00,39.34,39.49,39.33,39.43,21228
"13689",2020-09-04 17:29:00,39.44,39.47,39.35,39.4,9735
"13690",2020-09-04 17:30:00,39.42,39.43,39.22,39.29,8235
"13691",2020-09-04 17:31:00,39.29,39.38,39.2,39.33,9841
"13692",2020-09-04 17:32:00,39.32,39.39,39.27,39.37,11993
"13693",2020-09-04 17:33:00,39.33,39.34,39.23,39.24,6319
"13694",2020-09-04 17:34:00,39.22,39.28,39.19,39.21,8281
"13695",2020-09-04 17:35:00,39.2,39.27,39.2,39.21,6152
"13696",2020-09-04 17:36:00,39.22,39.26,39.12,39.14,13118
"13697",2020-09-04 17:37:00,39.17,39.18,38.96,39.05,19128
"13698",2020-09-04 17:38:00,39.01,39.01,38.87,38.88,13608
"13699",2020-09-04 17:39:00,38.89,39.01,38.81,38.96,20147
"13700",2020-09-04 17:40:00,38.94,39.04,38.91,38.97,9462
"13701",2020-09-04 17:41:00,38.96,39.04,38.9,39.03,12445
"13702",2020-09-04 17:42:00,39.03,39.03,38.91,38.93,6324
"13703",2020-09-04 17:43:00,38.91,38.92,38.74,38.77,12891
"13704",2020-09-04 17:44:00,38.77,38.77,38.46,38.46,52513
"13705",2020-09-04 17:45:00,38.44,38.62,38.44,38.52,27408
"13706",2020-09-04 17:46:00,38.54,38.67,38.54,38.66,15203
"13707",2020-09-04 17:47:00,38.69,38.81,38.66,38.8,6705
"13708",2020-09-04 17:48:00,38.8,39,38.8,38.89,10384
"13709",2020-09-04 17:49:00,38.9,38.97,38.82,38.97,4631
"13710",2020-09-04 17:50:00,38.97,39.19,38.97,39.16,18550
"13711",2020-09-04 17:51:00,39.15,39.17,38.98,39.16,15295
"13712",2020-09-04 17:52:00,39.14,39.18,39.02,39.08,6364
"13713",2020-09-04 17:53:00,39.08,39.08,38.9,38.94,5719
"13714",2020-09-04 17:54:00,38.98,39.1,38.98,39.05,3992
"13715",2020-09-04 17:55:00,39.09,39.19,39.09,39.19,7943
"13716",2020-09-04 17:56:00,39.19,39.33,39.16,39.31,6513
"13717",2020-09-04 17:57:00,39.31,39.5,39.31,39.5,7290
"13718",2020-09-04 17:58:00,39.5,39.56,39.43,39.46,17092
"13719",2020-09-04 17:59:00,39.44,39.54,39.44,39.5,3255
"13720",2020-09-04 18:00:00,39.5,39.5,39.39,39.43,5547
"13721",2020-09-04 18:01:00,39.42,39.48,39.35,39.4,7508
"13722",2020-09-04 18:02:00,39.43,39.43,39.26,39.29,7900
"13723",2020-09-04 18:03:00,39.27,39.29,39.14,39.15,7935
"13724",2020-09-04 18:04:00,39.18,39.3,39.17,39.29,3142
"13725",2020-09-04 18:05:00,39.31,39.31,39.22,39.28,3422
"13726",2020-09-04 18:06:00,39.29,39.33,39.2,39.2,2091
"13727",2020-09-04 18:07:00,39.21,39.24,39.13,39.16,4266
"13728",2020-09-04 18:08:00,39.14,39.16,39.09,39.11,8386
"13729",2020-09-04 18:09:00,39.1,39.19,39.1,39.14,2799
"13730",2020-09-04 18:10:00,39.14,39.14,39.09,39.13,3232
"13731",2020-09-04 18:11:00,39.13,39.3,39.12,39.29,4972
"13732",2020-09-04 18:12:00,39.28,39.28,39.22,39.27,9490
"13733",2020-09-04 18:13:00,39.26,39.26,39.16,39.17,3173
"13734",2020-09-04 18:14:00,39.2,39.35,39.2,39.34,4370
"13735",2020-09-04 18:15:00,39.33,39.36,39.31,39.34,5248
"13736",2020-09-04 18:16:00,39.32,39.41,39.31,39.38,2996
"13737",2020-09-04 18:17:00,39.38,39.39,39.22,39.22,3934
"13738",2020-09-04 18:18:00,39.22,39.28,39.18,39.18,3420
"13739",2020-09-04 18:19:00,39.19,39.21,39.16,39.2,2143
"13740",2020-09-04 18:20:00,39.18,39.29,39.16,39.28,4180
"13741",2020-09-04 18:21:00,39.29,39.3,39.24,39.26,3172
"13742",2020-09-04 18:22:00,39.26,39.32,39.22,39.22,5178
"13743",2020-09-04 18:23:00,39.21,39.21,39.11,39.12,3518
"13744",2020-09-04 18:24:00,39.12,39.17,39.08,39.13,5983
"13745",2020-09-04 18:25:00,39.16,39.19,39.08,39.08,2551
"13746",2020-09-04 18:26:00,39.08,39.08,38.99,39.01,7830
"13747",2020-09-04 18:27:00,39.02,39.07,38.94,38.96,9182
"13748",2020-09-04 18:28:00,38.98,39,38.88,38.9,11186
"13749",2020-09-04 18:29:00,38.91,38.92,38.84,38.85,7015
"13750",2020-09-04 18:30:00,38.86,39.02,38.83,39.02,7730
"13751",2020-09-04 18:31:00,39.03,39.19,39,39.17,6702
"13752",2020-09-04 18:32:00,39.17,39.22,39.14,39.16,2033
"13753",2020-09-04 18:33:00,39.14,39.22,39.14,39.22,4361
"13754",2020-09-04 18:34:00,39.23,39.35,39.23,39.3,4168
"13755",2020-09-04 18:35:00,39.28,39.42,39.26,39.42,9972
"13756",2020-09-04 18:36:00,39.42,39.42,39.37,39.39,4312
"13757",2020-09-04 18:37:00,39.39,39.46,39.34,39.43,9515
"13758",2020-09-04 18:38:00,39.44,39.54,39.42,39.54,11153
"13759",2020-09-04 18:39:00,39.53,39.59,39.49,39.58,5109
"13760",2020-09-04 18:40:00,39.59,39.59,39.52,39.53,8912
"13761",2020-09-04 18:41:00,39.52,39.52,39.44,39.5,6538
"13762",2020-09-04 18:42:00,39.51,39.51,39.45,39.45,1714
"13763",2020-09-04 18:43:00,39.45,39.47,39.36,39.38,7214
"13764",2020-09-04 18:44:00,39.38,39.45,39.38,39.39,6786
"13765",2020-09-04 18:45:00,39.39,39.42,39.33,39.35,6857
"13766",2020-09-04 18:46:00,39.35,39.41,39.35,39.4,3435
"13767",2020-09-04 18:47:00,39.4,39.5,39.4,39.48,1885
"13768",2020-09-04 18:48:00,39.47,39.57,39.44,39.53,5947
"13769",2020-09-04 18:49:00,39.52,39.57,39.47,39.47,7966
"13770",2020-09-04 18:50:00,39.47,39.51,39.45,39.51,2991
"13771",2020-09-04 18:51:00,39.49,39.49,39.45,39.49,2145
"13772",2020-09-04 18:52:00,39.51,39.56,39.51,39.56,1102
"13773",2020-09-04 18:53:00,39.55,39.67,39.54,39.66,8194
"13774",2020-09-04 18:54:00,39.66,39.7,39.61,39.64,6620
"13775",2020-09-04 18:55:00,39.63,39.69,39.58,39.69,9375
"13776",2020-09-04 18:56:00,39.69,39.74,39.68,39.7,4765
"13777",2020-09-04 18:57:00,39.69,39.69,39.59,39.63,10360
"13778",2020-09-04 18:58:00,39.62,39.66,39.54,39.54,8190
"13779",2020-09-04 18:59:00,39.55,39.6,39.54,39.6,3290
"13780",2020-09-04 19:00:00,39.6,39.68,39.59,39.68,5242
"13781",2020-09-04 19:01:00,39.66,39.82,39.65,39.82,10387
"13782",2020-09-04 19:02:00,39.82,39.87,39.77,39.86,10199
"13783",2020-09-04 19:03:00,39.87,39.89,39.82,39.89,6760
"13784",2020-09-04 19:04:00,39.9,39.9,39.83,39.87,11216
"13785",2020-09-04 19:05:00,39.87,39.95,39.84,39.85,12232
"13786",2020-09-04 19:06:00,39.85,39.87,39.75,39.78,4670
"13787",2020-09-04 19:07:00,39.75,39.75,39.68,39.68,4151
"13788",2020-09-04 19:08:00,39.69,39.72,39.62,39.64,7178
"13789",2020-09-04 19:09:00,39.66,39.68,39.61,39.68,6656
"13790",2020-09-04 19:10:00,39.68,39.68,39.57,39.57,6223
"13791",2020-09-04 19:11:00,39.58,39.69,39.58,39.69,3638
"13792",2020-09-04 19:12:00,39.7,39.7,39.59,39.59,3380
"13793",2020-09-04 19:13:00,39.59,39.6,39.53,39.55,3520
"13794",2020-09-04 19:14:00,39.57,39.59,39.52,39.59,6163
"13795",2020-09-04 19:15:00,39.59,39.66,39.59,39.62,6732
"13796",2020-09-04 19:16:00,39.62,39.66,39.57,39.57,4619
"13797",2020-09-04 19:17:00,39.58,39.63,39.58,39.62,10282
"13798",2020-09-04 19:18:00,39.65,39.65,39.6,39.64,5307
"13799",2020-09-04 19:19:00,39.63,39.63,39.58,39.58,6766
"13800",2020-09-04 19:20:00,39.58,39.58,39.48,39.52,5067
"13801",2020-09-04 19:21:00,39.53,39.56,39.5,39.5,3432
"13802",2020-09-04 19:22:00,39.49,39.54,39.48,39.48,4436
"13803",2020-09-04 19:23:00,39.49,39.53,39.49,39.5,2630
"13804",2020-09-04 19:24:00,39.51,39.57,39.51,39.57,2753
"13805",2020-09-04 19:25:00,39.57,39.61,39.54,39.6,1658
"13806",2020-09-04 19:26:00,39.6,39.66,39.58,39.63,4041
"13807",2020-09-04 19:27:00,39.62,39.71,39.6,39.71,2405
"13808",2020-09-04 19:28:00,39.7,39.71,39.66,39.71,4678
"13809",2020-09-04 19:29:00,39.71,39.78,39.68,39.78,6696
"13810",2020-09-04 19:30:00,39.78,39.83,39.76,39.8,6047
"13811",2020-09-04 19:31:00,39.79,39.81,39.74,39.75,3806
"13812",2020-09-04 19:32:00,39.74,39.78,39.72,39.77,4044
"13813",2020-09-04 19:33:00,39.77,39.79,39.75,39.77,7934
"13814",2020-09-04 19:34:00,39.77,39.77,39.72,39.77,2668
"13815",2020-09-04 19:35:00,39.78,39.85,39.78,39.83,3400
"13816",2020-09-04 19:36:00,39.84,39.9,39.84,39.89,7333
"13817",2020-09-04 19:37:00,39.89,39.94,39.89,39.93,4512
"13818",2020-09-04 19:38:00,39.94,40,39.94,39.98,7485
"13819",2020-09-04 19:39:00,39.98,40,39.94,39.95,4627
"13820",2020-09-04 19:40:00,39.95,39.95,39.89,39.89,4645
"13821",2020-09-04 19:41:00,39.9,39.97,39.9,39.94,3305
"13822",2020-09-04 19:42:00,39.93,39.93,39.81,39.82,8998
"13823",2020-09-04 19:43:00,39.82,39.91,39.82,39.88,3726
"13824",2020-09-04 19:44:00,39.87,39.91,39.86,39.89,6255
"13825",2020-09-04 19:45:00,39.86,39.86,39.76,39.78,5556
"13826",2020-09-04 19:46:00,39.78,39.78,39.71,39.71,4563
"13827",2020-09-04 19:47:00,39.76,39.81,39.74,39.79,1952
"13828",2020-09-04 19:48:00,39.8,39.8,39.74,39.76,2464
"13829",2020-09-04 19:49:00,39.75,39.83,39.72,39.73,3267
"13830",2020-09-04 19:50:00,39.72,39.74,39.66,39.67,5689
"13831",2020-09-04 19:51:00,39.68,39.71,39.66,39.7,3883
"13832",2020-09-04 19:52:00,39.7,39.7,39.62,39.63,2908
"13833",2020-09-04 19:53:00,39.62,39.65,39.6,39.6,1950
"13834",2020-09-04 19:54:00,39.6,39.68,39.59,39.66,6214
"13835",2020-09-04 19:55:00,39.7,39.77,39.7,39.74,6048
"13836",2020-09-04 19:56:00,39.71,39.71,39.65,39.66,4336
"13837",2020-09-04 19:57:00,39.64,39.72,39.64,39.72,2231
"13838",2020-09-04 19:58:00,39.71,39.74,39.68,39.69,3272
"13839",2020-09-04 19:59:00,39.7,39.76,39.7,39.76,846
"13840",2020-09-04 20:00:00,39.77,39.81,39.76,39.8,7067
"13841",2020-09-04 20:01:00,39.8,39.8,39.74,39.77,6179
"13842",2020-09-04 20:02:00,39.77,39.77,39.69,39.69,4455
"13843",2020-09-04 20:03:00,39.68,39.68,39.63,39.63,4386
"13844",2020-09-04 20:04:00,39.6,39.62,39.57,39.57,2659
"13845",2020-09-04 20:05:00,39.57,39.58,39.48,39.54,6441
"13846",2020-09-04 20:06:00,39.54,39.58,39.54,39.58,2382
"13847",2020-09-04 20:07:00,39.56,39.57,39.54,39.54,1364
"13848",2020-09-04 20:08:00,39.53,39.56,39.5,39.54,4030
"13849",2020-09-04 20:09:00,39.54,39.57,39.52,39.53,3901
"13850",2020-09-04 20:10:00,39.53,39.59,39.51,39.59,3976
"13851",2020-09-04 20:11:00,39.58,39.62,39.57,39.59,2565
"13852",2020-09-04 20:12:00,39.59,39.6,39.55,39.55,1173
"13853",2020-09-04 20:13:00,39.55,39.57,39.53,39.55,3618
"13854",2020-09-04 20:14:00,39.55,39.56,39.53,39.56,3606
"13855",2020-09-04 20:15:00,39.55,39.6,39.55,39.6,2391
"13856",2020-09-04 20:16:00,39.58,39.58,39.48,39.5,8468
"13857",2020-09-04 20:17:00,39.5,39.5,39.42,39.42,3243
"13858",2020-09-04 20:18:00,39.43,39.45,39.39,39.4,9880
"13859",2020-09-04 20:19:00,39.41,39.42,39.32,39.33,4541
"13860",2020-09-04 20:20:00,39.34,39.35,39.27,39.27,11202
"13861",2020-09-04 20:21:00,39.28,39.37,39.28,39.37,4030
"13862",2020-09-04 20:22:00,39.36,39.4,39.36,39.39,2376
"13863",2020-09-04 20:23:00,39.38,39.43,39.38,39.42,1266
"13864",2020-09-04 20:24:00,39.43,39.46,39.42,39.43,3734
"13865",2020-09-04 20:25:00,39.44,39.44,39.38,39.4,2873
"13866",2020-09-04 20:26:00,39.4,39.42,39.39,39.41,1722
"13867",2020-09-04 20:27:00,39.42,39.44,39.39,39.43,3173
"13868",2020-09-04 20:28:00,39.43,39.48,39.43,39.47,2595
"13869",2020-09-04 20:29:00,39.48,39.48,39.4,39.4,3470
"13870",2020-09-04 20:30:00,39.4,39.41,39.39,39.41,3590
"13871",2020-09-04 20:31:00,39.39,39.39,39.34,39.36,4547
"13872",2020-09-04 20:32:00,39.36,39.38,39.35,39.37,895
"13873",2020-09-04 20:33:00,39.36,39.38,39.34,39.34,2387
"13874",2020-09-04 20:34:00,39.35,39.38,39.35,39.38,1256
"13875",2020-09-04 20:35:00,39.39,39.41,39.38,39.41,3027
"13876",2020-09-04 20:36:00,39.42,39.46,39.42,39.42,4413
"13877",2020-09-04 20:37:00,39.41,39.45,39.41,39.45,1924
"13878",2020-09-04 20:38:00,39.46,39.52,39.46,39.52,4570
"13879",2020-09-04 20:39:00,39.52,39.54,39.51,39.54,5993
"13880",2020-09-04 20:40:00,39.54,39.62,39.53,39.6,7459
"13881",2020-09-04 20:41:00,39.6,39.62,39.6,39.6,2019
"13882",2020-09-04 20:42:00,39.59,39.59,39.56,39.56,2767
"13883",2020-09-04 20:43:00,39.56,39.58,39.56,39.58,529
"13884",2020-09-04 20:44:00,39.58,39.6,39.58,39.59,2380
"13885",2020-09-04 20:45:00,39.59,39.6,39.56,39.59,2316
"13886",2020-09-04 20:46:00,39.58,39.71,39.58,39.7,4818
"13887",2020-09-04 20:47:00,39.68,39.7,39.67,39.69,2545
"13888",2020-09-04 20:48:00,39.68,39.69,39.66,39.67,2354
"13889",2020-09-04 20:49:00,39.68,39.7,39.65,39.7,4220
"13890",2020-09-04 20:50:00,39.7,39.7,39.6,39.6,9023
"13891",2020-09-04 20:51:00,39.59,39.62,39.48,39.48,9113
"13892",2020-09-04 20:52:00,39.49,39.53,39.49,39.52,2674
"13893",2020-09-04 20:53:00,39.51,39.55,39.51,39.55,2231
"13894",2020-09-04 20:54:00,39.56,39.58,39.52,39.53,5857
"13895",2020-09-04 20:55:00,39.55,39.63,39.55,39.61,7268
"13896",2020-09-04 20:56:00,39.62,39.66,39.6,39.66,1761
"13897",2020-09-04 20:57:00,39.68,39.7,39.66,39.67,2286
"13898",2020-09-04 20:58:00,39.67,39.68,39.62,39.66,2369
"13899",2020-09-04 20:59:00,39.65,39.65,39.6,39.6,1212
"13900",2020-09-04 21:00:00,39.6,39.66,39.6,39.63,3229
"13901",2020-09-04 21:01:00,39.62,39.64,39.58,39.64,4820
"13902",2020-09-04 21:02:00,39.64,39.65,39.55,39.55,2732
"13903",2020-09-04 21:03:00,39.57,39.6,39.52,39.52,3227
"13904",2020-09-04 21:04:00,39.53,39.54,39.51,39.53,1387
"13905",2020-09-04 21:05:00,39.52,39.54,39.5,39.5,4130
"13906",2020-09-04 21:06:00,39.5,39.5,39.46,39.46,5060
"13907",2020-09-04 21:07:00,39.45,39.48,39.44,39.48,3476
"13908",2020-09-04 21:08:00,39.5,39.58,39.5,39.58,4215
"13909",2020-09-04 21:09:00,39.56,39.6,39.56,39.6,1354
"13910",2020-09-04 21:10:00,39.6,39.6,39.51,39.53,2365
"13911",2020-09-04 21:11:00,39.52,39.52,39.48,39.48,2874
"13912",2020-09-04 21:12:00,39.48,39.5,39.46,39.47,1729
"13913",2020-09-04 21:13:00,39.47,39.48,39.43,39.43,1903
"13914",2020-09-04 21:14:00,39.42,39.47,39.42,39.44,1375
"13915",2020-09-04 21:15:00,39.43,39.44,39.41,39.41,2129
"13916",2020-09-04 21:16:00,39.41,39.46,39.41,39.44,3653
"13917",2020-09-04 21:17:00,39.43,39.49,39.43,39.49,2478
"13918",2020-09-04 21:18:00,39.49,39.49,39.48,39.49,4491
"13919",2020-09-04 21:19:00,39.49,39.49,39.45,39.46,2873
"13920",2020-09-04 21:20:00,39.46,39.53,39.46,39.5,7857
"13921",2020-09-04 21:21:00,39.51,39.53,39.5,39.51,2210
"13922",2020-09-04 21:22:00,39.51,39.52,39.46,39.46,3067
"13923",2020-09-04 21:23:00,39.46,39.58,39.45,39.58,3102
"13924",2020-09-04 21:24:00,39.58,39.63,39.58,39.63,3448
"13925",2020-09-04 21:25:00,39.64,39.65,39.63,39.63,2090
"13926",2020-09-04 21:26:00,39.63,39.66,39.63,39.66,1490
"13927",2020-09-04 21:27:00,39.67,39.67,39.66,39.66,1566
"13928",2020-09-04 21:28:00,39.66,39.69,39.66,39.68,2466
"13929",2020-09-04 21:29:00,39.69,39.69,39.65,39.65,2722
"13930",2020-09-04 21:30:00,39.65,39.67,39.64,39.65,5809
"13931",2020-09-04 21:31:00,39.64,39.64,39.6,39.61,4117
"13932",2020-09-04 21:32:00,39.62,39.62,39.61,39.61,768
"13933",2020-09-04 21:33:00,39.62,39.7,39.62,39.7,4632
"13934",2020-09-04 21:34:00,39.71,39.72,39.69,39.72,1655
"13935",2020-09-04 21:35:00,39.72,39.75,39.72,39.74,2385
"13936",2020-09-04 21:36:00,39.74,39.78,39.74,39.78,2614
"13937",2020-09-04 21:37:00,39.78,39.78,39.74,39.74,3381
"13938",2020-09-04 21:38:00,39.74,39.79,39.74,39.79,4586
"13939",2020-09-04 21:39:00,39.78,39.82,39.78,39.78,5977
"13940",2020-09-04 21:40:00,39.78,39.85,39.78,39.85,8808
"13941",2020-09-04 21:41:00,39.84,39.91,39.84,39.89,3608
"13942",2020-09-04 21:42:00,39.89,39.89,39.86,39.86,1780
"13943",2020-09-04 21:43:00,39.86,39.91,39.86,39.9,3007
"13944",2020-09-04 21:44:00,39.91,39.93,39.88,39.92,2159
"13945",2020-09-04 21:45:00,39.92,39.92,39.87,39.88,1542
"13946",2020-09-04 21:46:00,39.91,39.99,39.91,39.99,5071
"13947",2020-09-04 21:47:00,39.99,40,39.94,40,9269
"13948",2020-09-04 21:48:00,39.99,40.05,39.98,40.04,26565
"13949",2020-09-04 21:49:00,40.04,40.04,39.98,39.99,3447
"13950",2020-09-04 21:50:00,39.99,40.01,39.92,39.92,6328
"13951",2020-09-04 21:51:00,39.92,39.93,39.89,39.89,7350
"13952",2020-09-04 21:52:00,39.9,39.96,39.9,39.96,3532
"13953",2020-09-04 21:53:00,39.96,39.99,39.92,39.95,6435
"13954",2020-09-04 21:54:00,39.95,40.03,39.95,40.02,8844
"13955",2020-09-04 21:55:00,40.02,40.04,39.99,40.04,6672
"13956",2020-09-04 21:56:00,40.05,40.12,40.05,40.08,7165
"13957",2020-09-04 21:57:00,40.07,40.07,39.96,39.99,4758
"13958",2020-09-04 21:58:00,40,40.04,40,40.03,4768
"13959",2020-09-04 21:59:00,40.04,40.07,40.02,40.05,4634
"13960",2020-09-04 22:00:00,40.04,40.07,40.04,40.04,3086
"13961",2020-09-04 22:01:00,40.05,40.05,40.01,40.03,7705
"13962",2020-09-04 22:02:00,40.01,40.02,39.92,39.95,6873
"13963",2020-09-04 22:03:00,39.98,39.99,39.94,39.99,3445
"13964",2020-09-04 22:04:00,39.99,40,39.95,40,3646
"13965",2020-09-04 22:05:00,40,40.06,40,40.05,2480
"13966",2020-09-04 22:06:00,40.04,40.05,40,40.02,3384
"13967",2020-09-04 22:07:00,40.02,40.08,40.02,40.07,2861
"13968",2020-09-04 22:08:00,40.05,40.06,40.03,40.04,7722
"13969",2020-09-04 22:09:00,40.04,40.08,40.02,40.08,8529
"13970",2020-09-04 22:10:00,40.07,40.07,40.03,40.07,4928
"13971",2020-09-04 22:11:00,40.07,40.07,39.99,40.01,8308
"13972",2020-09-04 22:12:00,40.01,40.07,40.01,40.04,5681
"13973",2020-09-04 22:13:00,40.05,40.06,40.01,40.01,5548
"13974",2020-09-04 22:14:00,40.01,40.02,39.95,39.95,4524
"13975",2020-09-04 22:15:00,39.94,39.97,39.9,39.91,6477
"13976",2020-09-04 22:16:00,39.92,39.99,39.91,39.99,7146
"13977",2020-09-04 22:17:00,40,40.06,40,40.06,3607
"13978",2020-09-04 22:18:00,40.06,40.1,40.06,40.1,1676
"13979",2020-09-04 22:19:00,40.09,40.12,40.08,40.09,4801
"13980",2020-09-04 22:20:00,40.07,40.09,40.04,40.07,1916
"13981",2020-09-04 22:21:00,40.07,40.1,40.06,40.1,3270
"13982",2020-09-04 22:22:00,40.11,40.12,40.11,40.11,1847
"13983",2020-09-04 22:23:00,40.11,40.14,40.11,40.13,3809
"13984",2020-09-04 22:24:00,40.14,40.14,40.12,40.14,1703
"13985",2020-09-04 22:25:00,40.14,40.14,40.12,40.14,4134
"13986",2020-09-04 22:26:00,40.14,40.16,40.06,40.07,5732
"13987",2020-09-04 22:27:00,40.08,40.16,40.08,40.14,1962
"13988",2020-09-04 22:28:00,40.12,40.13,40.11,40.13,2308
"13989",2020-09-04 22:29:00,40.14,40.18,40.14,40.18,3221
"13990",2020-09-04 22:30:00,40.18,40.19,40.13,40.13,3583
"13991",2020-09-04 22:31:00,40.12,40.13,40.07,40.09,6177
"13992",2020-09-04 22:32:00,40.1,40.1,40.02,40.02,6565
"13993",2020-09-04 22:33:00,40.02,40.02,39.97,39.99,4677
"13994",2020-09-04 22:34:00,39.98,40.01,39.95,39.95,6700
"13995",2020-09-04 22:35:00,39.94,39.94,39.9,39.93,5062
"13996",2020-09-04 22:36:00,39.94,39.96,39.94,39.94,3754
"13997",2020-09-04 22:37:00,39.94,39.94,39.84,39.84,8062
"13998",2020-09-04 22:38:00,39.83,39.83,39.75,39.76,9383
"13999",2020-09-04 22:39:00,39.74,39.81,39.74,39.81,8586
"14000",2020-09-04 22:40:00,39.81,39.88,39.81,39.82,4871
"14001",2020-09-04 22:41:00,39.82,39.85,39.8,39.84,3062
"14002",2020-09-04 22:42:00,39.83,39.85,39.8,39.8,4229
"14003",2020-09-04 22:43:00,39.8,39.8,39.76,39.78,3499
"14004",2020-09-04 22:44:00,39.79,39.84,39.78,39.83,5894
"14005",2020-09-04 22:45:00,39.83,39.87,39.83,39.84,5993
"14006",2020-09-04 22:46:00,39.85,39.93,39.84,39.93,5756
"14007",2020-09-04 22:47:00,39.93,39.98,39.93,39.98,8623
"14008",2020-09-04 22:48:00,39.98,40,39.96,39.96,5740
"14009",2020-09-04 22:49:00,39.96,39.96,39.84,39.84,5724
"14010",2020-09-04 22:50:00,39.85,39.85,39.76,39.76,10508
"14011",2020-09-04 22:51:00,39.75,39.83,39.73,39.82,14369
"14012",2020-09-04 22:52:00,39.82,39.88,39.82,39.86,5074
"14013",2020-09-04 22:53:00,39.86,39.88,39.8,39.83,8971
"14014",2020-09-04 22:54:00,39.83,39.85,39.78,39.78,7566
"14015",2020-09-04 22:55:00,39.79,39.82,39.79,39.82,5281
"14016",2020-09-04 22:56:00,39.81,39.84,39.8,39.81,9651
"14017",2020-09-04 22:57:00,39.8,39.8,39.74,39.75,12139
"14018",2020-09-04 22:58:00,39.76,39.84,39.76,39.82,12500
"14019",2020-09-04 22:59:00,39.82,39.82,39.75,39.79,13884
"14020",2020-09-04 23:00:00,39.79,39.9,39.78,39.87,55984
"14021",2020-09-04 23:02:00,39.77,39.77,39.76,39.77,203
"14022",2020-09-04 23:03:00,39.73,39.73,39.73,39.73,2
"14023",2020-09-04 23:06:00,39.87,39.87,39.87,39.87,4119
"14024",2020-09-04 23:08:00,39.78,39.79,39.78,39.79,152
"14025",2020-09-04 23:09:00,39.77,39.86,39.77,39.86,101
"14026",2020-09-04 23:10:00,39.68,39.73,39.53,39.68,396
"14027",2020-09-04 23:11:00,39.73,39.73,39.73,39.73,11
"14028",2020-09-04 23:12:00,39.65,39.73,39.65,39.65,101
"14029",2020-09-04 23:13:00,39.73,39.73,39.65,39.65,22
"14030",2020-09-04 23:17:00,39.73,39.73,39.73,39.73,11
"14031",2020-09-04 23:18:00,39.64,39.73,39.64,39.64,898
"14032",2020-09-04 23:20:00,39.64,39.64,39.64,39.64,26
"14033",2020-09-04 23:21:00,39.64,39.72,39.64,39.68,9
"14034",2020-09-04 23:23:00,39.8,39.8,39.8,39.8,1
"14035",2020-09-04 23:24:00,39.77,39.8,39.62,39.62,789
"14036",2020-09-04 23:25:00,39.82,39.83,39.82,39.83,401
"14037",2020-09-04 23:26:00,39.81,39.81,39.81,39.81,1
"14038",2020-09-04 23:27:00,39.65,39.65,39.65,39.65,1
"14039",2020-09-04 23:28:00,39.79,39.79,39.66,39.66,5
"14040",2020-09-04 23:29:00,39.79,39.79,39.67,39.67,102
"14041",2020-09-04 23:30:00,39.79,39.79,39.79,39.79,194
"14042",2020-09-04 23:37:00,39.83,39.83,39.83,39.83,30
"14043",2020-09-04 23:42:00,39.82,39.82,39.82,39.82,1
"14044",2020-09-04 23:43:00,39.7,39.7,39.7,39.7,3
"14045",2020-09-04 23:49:00,39.8,39.82,39.8,39.82,4
"14046",2020-09-04 23:51:00,39.8,39.8,39.8,39.8,1
"14047",2020-09-04 23:52:00,39.82,39.82,39.82,39.82,1
"14048",2020-09-04 23:56:00,39.82,39.82,39.82,39.82,3
"14049",2020-09-05 00:09:00,39.81,39.81,39.81,39.81,6
"14050",2020-09-05 00:10:00,39.82,39.82,39.82,39.82,2
"14051",2020-09-05 00:28:00,39.79,39.79,39.79,39.79,1
"14052",2020-09-05 00:29:00,39.79,39.79,39.79,39.79,1
"14053",2020-09-05 00:31:00,39.79,39.79,39.79,39.79,13
"14054",2020-09-05 00:36:00,39.84,39.84,39.84,39.84,1
"14055",2020-09-05 01:01:00,39.85,39.85,39.85,39.85,3
"14056",2020-09-05 01:12:00,39.84,39.84,39.84,39.84,50
"14057",2020-09-05 01:13:00,39.84,39.84,39.84,39.84,1
"14058",2020-09-05 01:16:00,39.82,39.82,39.82,39.82,5
"14059",2020-09-05 01:24:00,39.8,39.8,39.75,39.75,521
"14060",2020-09-05 01:29:00,39.84,39.84,39.84,39.84,1
"14061",2020-09-05 01:37:00,39.84,39.84,39.84,39.84,300
"14062",2020-09-05 01:39:00,39.85,39.85,39.85,39.85,1
"14063",2020-09-05 01:41:00,39.85,39.85,39.85,39.85,10
"14064",2020-09-05 01:42:00,39.85,39.85,39.85,39.85,1
"14065",2020-09-05 01:45:00,39.83,39.83,39.83,39.83,12
"14066",2020-09-08 10:02:00,39.62,39.62,39.62,39.62,26
"14067",2020-09-08 10:03:00,39.72,39.72,39.72,39.72,1
"14068",2020-09-08 10:04:00,39.72,39.72,39.72,39.72,8
"14069",2020-09-08 10:06:00,39.72,39.83,39.72,39.72,3
"14070",2020-09-08 10:07:00,39.84,39.84,39.84,39.84,16
"14071",2020-09-08 10:08:00,39.83,39.84,39.83,39.84,16
"14072",2020-09-08 10:09:00,39.84,39.84,39.84,39.84,6
"14073",2020-09-08 10:11:00,39.84,39.84,39.84,39.84,1
"14074",2020-09-08 10:12:00,39.86,39.86,39.86,39.86,2
"14075",2020-09-08 10:15:00,40,40.02,39.88,39.88,23
"14076",2020-09-08 10:16:00,39.9,40.05,39.9,40.04,20
"14077",2020-09-08 10:17:00,40.04,40.04,40.04,40.04,120
"14078",2020-09-08 10:18:00,40,40,40,40,3
"14079",2020-09-08 10:19:00,40,40,39.9,39.9,5
"14080",2020-09-08 10:21:00,39.97,39.97,39.9,39.96,13
"14081",2020-09-08 10:22:00,39.95,39.95,39.95,39.95,12
"14082",2020-09-08 10:25:00,39.93,39.93,39.93,39.93,3
"14083",2020-09-08 10:28:00,39.95,39.95,39.95,39.95,5
"14084",2020-09-08 10:29:00,39.98,39.98,39.98,39.98,5
"14085",2020-09-08 10:32:00,39.97,39.97,39.97,39.97,1
"14086",2020-09-08 10:33:00,39.9,39.9,39.9,39.9,2
"14087",2020-09-08 10:34:00,40.01,40.01,40.01,40.01,1
"14088",2020-09-08 10:36:00,39.98,39.98,39.98,39.98,1
"14089",2020-09-08 10:39:00,39.93,39.93,39.93,39.93,20
"14090",2020-09-08 10:40:00,39.94,39.94,39.94,39.94,5
"14091",2020-09-08 10:41:00,39.9,39.94,39.87,39.94,7
"14092",2020-09-08 10:47:00,39.86,39.86,39.86,39.86,2
"14093",2020-09-08 10:48:00,39.86,39.86,39.86,39.86,9
"14094",2020-09-08 10:52:00,39.83,39.83,39.83,39.83,5
"14095",2020-09-08 10:56:00,39.8,39.8,39.8,39.8,1
"14096",2020-09-08 10:57:00,39.83,39.83,39.83,39.83,1
"14097",2020-09-08 10:58:00,39.83,39.83,39.83,39.83,2
"14098",2020-09-08 11:00:00,39.83,39.83,39.83,39.83,2
"14099",2020-09-08 11:03:00,39.8,39.8,39.8,39.8,23
"14100",2020-09-08 11:07:00,39.82,39.82,39.8,39.8,2
"14101",2020-09-08 11:08:00,39.85,39.85,39.85,39.85,2
"14102",2020-09-08 11:09:00,39.8,39.8,39.74,39.74,20
"14103",2020-09-08 11:11:00,39.8,39.8,39.8,39.8,1
"14104",2020-09-08 11:17:00,39.66,39.66,39.6,39.6,228
"14105",2020-09-08 11:18:00,39.53,39.53,39.53,39.53,26
"14106",2020-09-08 11:19:00,39.53,39.53,39.39,39.39,108
"14107",2020-09-08 11:20:00,39.43,39.43,39.34,39.34,17
"14108",2020-09-08 11:22:00,39.35,39.35,39.35,39.35,30
"14109",2020-09-08 11:24:00,39.35,39.35,39.35,39.35,13
"14110",2020-09-08 11:26:00,39.4,39.4,39.4,39.4,75
"14111",2020-09-08 11:27:00,39.35,39.35,39.06,39.06,972
"14112",2020-09-08 11:28:00,39.05,39.05,38.91,38.91,74
"14113",2020-09-08 11:30:00,38.99,39.01,38.99,39.01,20
"14114",2020-09-08 11:32:00,39.06,39.06,38.95,38.95,26
"14115",2020-09-08 11:34:00,39.3,39.3,39.01,39.01,2
"14116",2020-09-08 11:35:00,39,39,39,39,2
"14117",2020-09-08 11:36:00,38.99,38.99,38.98,38.98,37
"14118",2020-09-08 11:37:00,38.98,38.98,38.98,38.98,4
"14119",2020-09-08 11:38:00,38.98,38.98,38.98,38.98,7
"14120",2020-09-08 11:46:00,39.27,39.27,39.27,39.27,6
"14121",2020-09-08 11:47:00,39.27,39.53,39.27,39.5,36
"14122",2020-09-08 11:50:00,39.54,39.6,39.32,39.55,34
"14123",2020-09-08 11:53:00,39.19,39.19,39.19,39.19,10
"14124",2020-09-08 11:58:00,39.57,39.57,39.57,39.57,1
"14125",2020-09-08 12:00:00,39.18,39.18,39.17,39.17,5
"14126",2020-09-08 12:02:00,39.17,39.17,39.17,39.17,2
"14127",2020-09-08 12:04:00,39.52,39.52,39.52,39.52,1
"14128",2020-09-08 12:07:00,39.52,39.52,39.52,39.52,1
"14129",2020-09-08 12:08:00,39.18,39.18,39.17,39.17,13
"14130",2020-09-08 12:11:00,39.56,39.56,39.56,39.56,2
"14131",2020-09-08 12:18:00,39.39,39.39,39.39,39.39,1
"14132",2020-09-08 12:24:00,39.4,39.4,39.4,39.4,5
"14133",2020-09-08 12:26:00,39.39,39.39,39.39,39.39,2
"14134",2020-09-08 12:27:00,39.39,39.39,39.39,39.39,4
"14135",2020-09-08 12:28:00,39.2,39.2,39.2,39.2,2
"14136",2020-09-08 12:29:00,39.38,39.4,39.38,39.4,3
"14137",2020-09-08 12:30:00,39.2,39.2,39.2,39.2,1
"14138",2020-09-08 12:31:00,39.4,39.52,39.4,39.52,2
"14139",2020-09-08 12:36:00,39.52,39.52,39.52,39.52,1
"14140",2020-09-08 12:37:00,39.21,39.21,39.2,39.2,6
"14141",2020-09-08 12:41:00,39.17,39.17,39.17,39.17,39
"14142",2020-09-08 12:46:00,39.29,39.29,39.29,39.29,1
"14143",2020-09-08 12:48:00,39.29,39.29,39.29,39.29,1
"14144",2020-09-08 12:51:00,39.18,39.18,39.18,39.18,1
"14145",2020-09-08 12:55:00,39.2,39.2,39.2,39.2,1
"14146",2020-09-08 12:56:00,39.2,39.2,39.17,39.17,36
"14147",2020-09-08 12:59:00,39.01,39.01,39.01,39.01,4
"14148",2020-09-08 13:01:00,39,39,39,39,1
"14149",2020-09-08 13:02:00,39,39,39,39,1
"14150",2020-09-08 13:03:00,39,39,38.98,38.98,216
"14151",2020-09-08 13:06:00,39,39.01,39,39.01,10
"14152",2020-09-08 13:07:00,38.95,38.95,38.95,38.95,1
"14153",2020-09-08 13:09:00,38.95,38.95,38.95,38.95,2
"14154",2020-09-08 13:13:00,39,39,39,39,2
"14155",2020-09-08 13:14:00,39,39,39,39,1
"14156",2020-09-08 13:15:00,39,39,39,39,1
"14157",2020-09-08 13:16:00,39,39,39,39,11
"14158",2020-09-08 13:17:00,38.92,38.92,38.92,38.92,1
"14159",2020-09-08 13:24:00,38.93,38.93,38.93,38.93,5
"14160",2020-09-08 13:26:00,38.92,38.92,38.92,38.92,39
"14161",2020-09-08 13:28:00,38.9,38.9,38.9,38.9,1
"14162",2020-09-08 13:46:00,38.99,38.99,38.95,38.99,5
"14163",2020-09-08 13:47:00,39.03,39.03,39.03,39.03,4
"14164",2020-09-08 13:48:00,39.2,39.2,39.2,39.2,28
"14165",2020-09-08 14:01:00,39.2,39.2,39.2,39.2,31
"14166",2020-09-08 14:08:00,39.17,39.17,39.17,39.17,4
"14167",2020-09-08 14:15:00,39.4,39.4,39.4,39.4,2
"14168",2020-09-08 14:16:00,39.41,39.41,39.41,39.41,2
"14169",2020-09-08 14:25:00,39.3,39.41,39.3,39.41,7
"14170",2020-09-08 14:26:00,39.3,39.3,39.3,39.3,6
"14171",2020-09-08 14:28:00,39.31,39.31,39.3,39.3,41
"14172",2020-09-08 14:32:00,39.14,39.14,39.14,39.14,10
"14173",2020-09-08 14:35:00,39.15,39.17,39.15,39.17,10
"14174",2020-09-08 14:40:00,39.11,39.19,39.11,39.19,564
"14175",2020-09-08 14:41:00,39.11,39.11,39.11,39.11,95
"14176",2020-09-08 14:42:00,39.11,39.11,39.11,39.11,975
"14177",2020-09-08 14:43:00,39.11,39.11,38.93,38.95,20034
"14178",2020-09-08 14:44:00,39.03,39.03,39.03,39.03,1
"14179",2020-09-08 14:45:00,38.88,38.88,38.88,38.88,100
"14180",2020-09-08 14:46:00,38.88,38.9,38.88,38.9,2
"14181",2020-09-08 14:47:00,38.88,38.88,38.88,38.88,59
"14182",2020-09-08 14:52:00,38.88,38.88,38.88,38.88,31
"14183",2020-09-08 14:53:00,38.83,38.83,38.82,38.82,10
"14184",2020-09-08 14:56:00,38.9,38.9,38.82,38.82,101
"14185",2020-09-08 14:57:00,38.93,38.93,38.82,38.82,82
"14186",2020-09-08 15:00:00,38.85,38.85,38.84,38.84,438
"14187",2020-09-08 15:01:00,38.89,38.89,38.82,38.82,1620
"14188",2020-09-08 15:02:00,38.85,38.86,38.85,38.86,111
"14189",2020-09-08 15:03:00,38.76,38.76,38.76,38.76,2
"14190",2020-09-08 15:08:00,38.77,38.85,38.75,38.85,29
"14191",2020-09-08 15:09:00,38.94,38.96,38.94,38.96,162
"14192",2020-09-08 15:10:00,38.96,38.96,38.65,38.65,169
"14193",2020-09-08 15:11:00,38.66,38.66,38.64,38.64,185
"14194",2020-09-08 15:14:00,38.63,38.63,38.63,38.63,2
"14195",2020-09-08 15:15:00,38.63,38.63,38.63,38.63,13
"14196",2020-09-08 15:16:00,38.63,38.65,38.63,38.65,11
"14197",2020-09-08 15:17:00,38.64,38.64,38.64,38.64,3
"14198",2020-09-08 15:18:00,38.7,38.7,38.66,38.66,129
"14199",2020-09-08 15:19:00,38.66,38.66,38.65,38.65,100
"14200",2020-09-08 15:24:00,38.65,38.65,38.65,38.65,10
"14201",2020-09-08 15:25:00,38.65,38.65,38.6,38.6,269
"14202",2020-09-08 15:26:00,38.67,38.67,38.67,38.67,99
"14203",2020-09-08 15:29:00,38.57,38.57,38.57,38.57,8
"14204",2020-09-08 15:30:00,38.6,38.6,38.6,38.6,3
"14205",2020-09-08 15:32:00,38.57,38.57,38.47,38.5,295
"14206",2020-09-08 15:33:00,38.46,38.5,38.36,38.5,158
"14207",2020-09-08 15:34:00,38.66,38.66,38.5,38.5,154
"14208",2020-09-08 15:35:00,38.45,38.45,38.45,38.45,2
"14209",2020-09-08 15:36:00,38.5,38.5,38.5,38.5,2
"14210",2020-09-08 15:37:00,38.5,38.5,38.39,38.39,78
"14211",2020-09-08 15:39:00,38.57,38.57,38.57,38.57,1
"14212",2020-09-08 15:40:00,38.43,38.43,38.43,38.43,2
"14213",2020-09-08 15:41:00,38.57,38.65,38.57,38.64,114
"14214",2020-09-08 15:42:00,38.57,38.57,38.4,38.4,97
"14215",2020-09-08 15:44:00,38.43,38.43,38.4,38.4,100
"14216",2020-09-08 15:46:00,38.4,38.4,38.4,38.4,4
"14217",2020-09-08 15:49:00,38.46,38.51,38.46,38.51,22
"14218",2020-09-08 15:50:00,38.5,38.5,38.5,38.5,719
"14219",2020-09-08 15:51:00,38.56,38.7,38.56,38.7,199
"14220",2020-09-08 15:53:00,38.65,38.65,38.65,38.65,6
"14221",2020-09-08 15:54:00,38.69,38.69,38.69,38.69,150
"14222",2020-09-08 15:55:00,38.7,38.7,38.69,38.69,65
"14223",2020-09-08 15:56:00,38.72,38.72,38.7,38.7,4
"14224",2020-09-08 15:57:00,38.71,38.71,38.71,38.71,15
"14225",2020-09-08 15:58:00,38.7,38.7,38.7,38.7,13
"14226",2020-09-08 15:59:00,38.7,38.7,38.7,38.7,21
"14227",2020-09-08 16:00:00,38.7,38.7,38.7,38.7,5
"14228",2020-09-08 16:01:00,38.7,38.73,38.54,38.64,403
"14229",2020-09-08 16:02:00,38.66,38.69,38.66,38.69,1006
"14230",2020-09-08 16:03:00,38.63,38.63,38.63,38.63,1
"14231",2020-09-08 16:04:00,38.63,38.63,38.63,38.63,6
"14232",2020-09-08 16:05:00,38.77,38.77,38.77,38.77,12
"14233",2020-09-08 16:06:00,38.63,38.63,38.63,38.63,10
"14234",2020-09-08 16:08:00,38.74,38.74,38.74,38.74,2
"14235",2020-09-08 16:09:00,38.74,38.75,38.74,38.75,119
"14236",2020-09-08 16:10:00,38.65,38.65,38.6,38.6,602
"14237",2020-09-08 16:12:00,38.61,38.78,38.55,38.6,401
"14238",2020-09-08 16:13:00,38.6,38.78,38.6,38.78,249
"14239",2020-09-08 16:14:00,38.74,38.74,38.72,38.72,150
"14240",2020-09-08 16:17:00,38.74,38.74,38.55,38.55,185
"14241",2020-09-08 16:18:00,38.72,38.74,38.72,38.74,60
"14242",2020-09-08 16:19:00,38.65,38.74,38.65,38.74,105
"14243",2020-09-08 16:20:00,38.74,38.74,38.55,38.55,427
"14244",2020-09-08 16:21:00,38.57,38.75,38.55,38.75,534
"14245",2020-09-08 16:23:00,38.7,38.82,38.7,38.82,33
"14246",2020-09-08 16:24:00,38.72,38.72,38.72,38.72,2
"14247",2020-09-08 16:25:00,38.8,38.89,38.8,38.89,929
"14248",2020-09-08 16:26:00,38.83,38.83,38.83,38.83,1
"14249",2020-09-08 16:28:00,38.87,39,38.75,38.75,348
"14250",2020-09-08 16:29:00,38.9,39.01,38.9,39.01,160
"14251",2020-09-08 16:30:00,38.75,39.04,38.45,38.45,2672
"14252",2020-09-08 16:31:00,38.52,38.59,38.46,38.51,8698
"14253",2020-09-08 16:32:00,38.54,38.6,38.17,38.25,66774
"14254",2020-09-08 16:33:00,38.24,38.48,38.24,38.39,11091
"14255",2020-09-08 16:34:00,38.39,38.73,38.39,38.71,14195
"14256",2020-09-08 16:35:00,38.68,38.74,38.41,38.44,12909
"14257",2020-09-08 16:36:00,38.43,38.45,38.25,38.26,18191
"14258",2020-09-08 16:37:00,38.25,38.45,38.18,38.38,30247
"14259",2020-09-08 16:38:00,38.38,38.52,38.36,38.37,22352
"14260",2020-09-08 16:39:00,38.34,38.49,38.33,38.49,5481
"14261",2020-09-08 16:40:00,38.5,38.58,38.45,38.48,10096
"14262",2020-09-08 16:41:00,38.43,38.43,38.28,38.32,11442
"14263",2020-09-08 16:42:00,38.3,38.35,38.25,38.26,13228
"14264",2020-09-08 16:43:00,38.27,38.34,38.17,38.18,5408
"14265",2020-09-08 16:44:00,38.16,38.26,38.1,38.15,10323
"14266",2020-09-08 16:45:00,38.17,38.24,38.13,38.2,12720
"14267",2020-09-08 16:46:00,38.19,38.41,38.14,38.41,11984
"14268",2020-09-08 16:47:00,38.39,38.54,38.36,38.51,11205
"14269",2020-09-08 16:48:00,38.49,38.54,38.49,38.49,5613
"14270",2020-09-08 16:49:00,38.47,38.52,38.4,38.43,8411
"14271",2020-09-08 16:50:00,38.4,38.43,38.29,38.3,4073
"14272",2020-09-08 16:51:00,38.33,38.56,38.29,38.56,4226
"14273",2020-09-08 16:52:00,38.56,38.66,38.51,38.66,4198
"14274",2020-09-08 16:53:00,38.67,38.67,38.53,38.63,5108
"14275",2020-09-08 16:54:00,38.6,38.73,38.59,38.72,4608
"14276",2020-09-08 16:55:00,38.7,38.76,38.7,38.71,4138
"14277",2020-09-08 16:56:00,38.7,38.8,38.69,38.8,2830
"14278",2020-09-08 16:57:00,38.79,38.84,38.76,38.83,4681
"14279",2020-09-08 16:58:00,38.8,38.85,38.79,38.82,3615
"14280",2020-09-08 16:59:00,38.82,38.85,38.75,38.79,5947
"14281",2020-09-08 17:00:00,38.78,38.99,38.78,38.98,13626
"14282",2020-09-08 17:01:00,38.99,38.99,38.88,38.97,13459
"14283",2020-09-08 17:02:00,38.97,39.04,38.85,38.87,15793
"14284",2020-09-08 17:03:00,38.88,38.91,38.73,38.74,11985
"14285",2020-09-08 17:04:00,38.76,38.78,38.72,38.76,7155
"14286",2020-09-08 17:05:00,38.76,38.8,38.72,38.72,8664
"14287",2020-09-08 17:06:00,38.74,38.78,38.67,38.67,5008
"14288",2020-09-08 17:07:00,38.67,38.68,38.61,38.64,3268
"14289",2020-09-08 17:08:00,38.65,38.8,38.65,38.77,5448
"14290",2020-09-08 17:09:00,38.77,38.86,38.75,38.86,11653
"14291",2020-09-08 17:10:00,38.86,38.87,38.78,38.85,6180
"14292",2020-09-08 17:11:00,38.84,38.9,38.79,38.79,5148
"14293",2020-09-08 17:12:00,38.78,38.88,38.78,38.86,3613
"14294",2020-09-08 17:13:00,38.85,38.88,38.81,38.86,6147
"14295",2020-09-08 17:14:00,38.85,38.96,38.84,38.94,6213
"14296",2020-09-08 17:15:00,38.96,39,38.93,38.99,7944
"14297",2020-09-08 17:16:00,38.98,38.99,38.87,38.9,3334
"14298",2020-09-08 17:17:00,38.9,38.93,38.9,38.93,2400
"14299",2020-09-08 17:18:00,38.95,39.06,38.95,39.06,3412
"14300",2020-09-08 17:19:00,39.08,39.08,38.98,38.98,4299
"14301",2020-09-08 17:20:00,38.97,39.02,38.97,39,2307
"14302",2020-09-08 17:21:00,38.99,39.04,38.89,38.89,2385
"14303",2020-09-08 17:22:00,38.89,38.91,38.81,38.85,5574
"14304",2020-09-08 17:23:00,38.87,39.03,38.86,39.03,11286
"14305",2020-09-08 17:24:00,39.04,39.05,38.97,38.98,4686
"14306",2020-09-08 17:25:00,38.99,39.06,38.99,39.05,6761
"14307",2020-09-08 17:26:00,39.06,39.1,39.04,39.1,6710
"14308",2020-09-08 17:27:00,39.09,39.09,38.99,39.04,7319
"14309",2020-09-08 17:28:00,39.05,39.1,39.04,39.08,4135
"14310",2020-09-08 17:29:00,39.05,39.16,39.02,39.11,12019
"14311",2020-09-08 17:30:00,39.12,39.12,39.04,39.06,7708
"14312",2020-09-08 17:31:00,39.04,39.07,39.01,39.07,4367
"14313",2020-09-08 17:32:00,39.07,39.08,38.98,38.98,7835
"14314",2020-09-08 17:33:00,38.97,38.97,38.83,38.87,6009
"14315",2020-09-08 17:34:00,38.86,38.86,38.73,38.73,8248
"14316",2020-09-08 17:35:00,38.74,38.8,38.69,38.79,7234
"14317",2020-09-08 17:36:00,38.79,38.87,38.79,38.82,10203
"14318",2020-09-08 17:37:00,38.84,38.84,38.73,38.76,7470
"14319",2020-09-08 17:38:00,38.74,38.81,38.72,38.77,8238
"14320",2020-09-08 17:39:00,38.78,38.79,38.72,38.78,8951
"14321",2020-09-08 17:40:00,38.79,38.94,38.76,38.93,6390
"14322",2020-09-08 17:41:00,38.94,38.94,38.78,38.8,6700
"14323",2020-09-08 17:42:00,38.77,38.83,38.74,38.83,7306
"14324",2020-09-08 17:43:00,38.83,38.83,38.73,38.78,24849
"14325",2020-09-08 17:44:00,38.79,38.9,38.78,38.9,8267
"14326",2020-09-08 17:45:00,38.9,38.9,38.83,38.88,4990
"14327",2020-09-08 17:46:00,38.88,38.88,38.76,38.81,11355
"14328",2020-09-08 17:47:00,38.79,38.91,38.78,38.89,6704
"14329",2020-09-08 17:48:00,38.88,38.89,38.78,38.78,10447
"14330",2020-09-08 17:49:00,38.77,38.78,38.74,38.75,11760
"14331",2020-09-08 17:50:00,38.77,38.8,38.69,38.69,13044
"14332",2020-09-08 17:51:00,38.7,38.72,38.68,38.68,9789
"14333",2020-09-08 17:52:00,38.66,38.69,38.63,38.66,9525
"14334",2020-09-08 17:53:00,38.67,38.79,38.66,38.79,5116
"14335",2020-09-08 17:54:00,38.78,38.78,38.72,38.72,6944
"14336",2020-09-08 17:55:00,38.72,38.75,38.7,38.71,16129
"14337",2020-09-08 17:56:00,38.72,38.83,38.69,38.82,20150
"14338",2020-09-08 17:57:00,38.82,38.96,38.82,38.92,10775
"14339",2020-09-08 17:58:00,38.92,38.94,38.86,38.86,5984
"14340",2020-09-08 17:59:00,38.9,38.97,38.88,38.94,4199
"14341",2020-09-08 18:00:00,38.94,39.01,38.94,38.95,5939
"14342",2020-09-08 18:01:00,38.97,38.99,38.92,38.98,17688
"14343",2020-09-08 18:02:00,38.98,39.04,38.94,39.03,11609
"14344",2020-09-08 18:03:00,39.04,39.13,39.04,39.09,8497
"14345",2020-09-08 18:04:00,39.09,39.12,39.06,39.07,8095
"14346",2020-09-08 18:05:00,39.07,39.09,39.04,39.08,8237
"14347",2020-09-08 18:06:00,39.08,39.08,38.96,39.04,13185
"14348",2020-09-08 18:07:00,38.99,39.01,38.97,39,4555
"14349",2020-09-08 18:08:00,39.01,39.03,38.96,38.97,6991
"14350",2020-09-08 18:09:00,38.98,39.03,38.95,39.03,5495
"14351",2020-09-08 18:10:00,39.02,39.07,39,39.07,4861
"14352",2020-09-08 18:11:00,39.07,39.15,39.07,39.11,6333
"14353",2020-09-08 18:12:00,39.12,39.13,39.07,39.09,2955
"14354",2020-09-08 18:13:00,39.1,39.14,39.06,39.14,2952
"14355",2020-09-08 18:14:00,39.14,39.17,39.13,39.13,7774
"14356",2020-09-08 18:15:00,39.1,39.11,39.04,39.06,3381
"14357",2020-09-08 18:16:00,39.04,39.08,39.04,39.04,5779
"14358",2020-09-08 18:17:00,39.05,39.09,39.03,39.06,1992
"14359",2020-09-08 18:18:00,39.06,39.07,39.02,39.04,2517
"14360",2020-09-08 18:19:00,39.04,39.09,39.02,39.07,3161
"14361",2020-09-08 18:20:00,39.07,39.08,39.06,39.07,3234
"14362",2020-09-08 18:21:00,39.07,39.08,39.05,39.05,6485
"14363",2020-09-08 18:22:00,39.05,39.06,38.99,38.99,10090
"14364",2020-09-08 18:23:00,38.99,38.99,38.9,38.93,8355
"14365",2020-09-08 18:24:00,38.93,38.93,38.88,38.9,3301
"14366",2020-09-08 18:25:00,38.9,38.9,38.87,38.9,2496
"14367",2020-09-08 18:26:00,38.93,38.93,38.86,38.88,6572
"14368",2020-09-08 18:27:00,38.88,38.93,38.84,38.85,4782
"14369",2020-09-08 18:28:00,38.86,38.89,38.85,38.89,1829
"14370",2020-09-08 18:29:00,38.89,38.89,38.87,38.88,3314
"14371",2020-09-08 18:30:00,38.9,38.96,38.9,38.96,5230
"14372",2020-09-08 18:31:00,38.95,38.97,38.86,38.88,11874
"14373",2020-09-08 18:32:00,38.86,38.86,38.79,38.8,18000
"14374",2020-09-08 18:33:00,38.82,38.82,38.76,38.77,4113
"14375",2020-09-08 18:34:00,38.76,38.79,38.74,38.76,1828
"14376",2020-09-08 18:35:00,38.79,38.8,38.78,38.8,5504
"14377",2020-09-08 18:36:00,38.79,38.81,38.7,38.7,3521
"14378",2020-09-08 18:37:00,38.7,38.83,38.7,38.83,13318
"14379",2020-09-08 18:38:00,38.82,38.83,38.78,38.79,1924
"14380",2020-09-08 18:39:00,38.79,38.83,38.79,38.82,3625
"14381",2020-09-08 18:40:00,38.81,38.82,38.78,38.78,7415
"14382",2020-09-08 18:41:00,38.76,38.76,38.73,38.75,1612
"14383",2020-09-08 18:42:00,38.76,38.76,38.7,38.7,1108
"14384",2020-09-08 18:43:00,38.7,38.7,38.64,38.67,3220
"14385",2020-09-08 18:44:00,38.7,38.76,38.7,38.76,3624
"14386",2020-09-08 18:45:00,38.75,38.86,38.75,38.85,5217
"14387",2020-09-08 18:46:00,38.84,38.98,38.84,38.98,14513
"14388",2020-09-08 18:47:00,38.97,38.97,38.87,38.87,9794
"14389",2020-09-08 18:48:00,38.85,38.88,38.83,38.83,5603
"14390",2020-09-08 18:49:00,38.82,38.84,38.77,38.82,5788
"14391",2020-09-08 18:50:00,38.82,38.86,38.8,38.86,7834
"14392",2020-09-08 18:51:00,38.88,38.88,38.83,38.84,1502
"14393",2020-09-08 18:52:00,38.86,38.87,38.78,38.79,2131
"14394",2020-09-08 18:53:00,38.79,38.79,38.7,38.73,4697
"14395",2020-09-08 18:54:00,38.73,38.76,38.66,38.66,5413
"14396",2020-09-08 18:55:00,38.66,38.71,38.65,38.66,5478
"14397",2020-09-08 18:56:00,38.66,38.73,38.65,38.73,6096
"14398",2020-09-08 18:57:00,38.73,38.78,38.73,38.76,7974
"14399",2020-09-08 18:58:00,38.79,38.82,38.78,38.79,3484
"14400",2020-09-08 18:59:00,38.79,38.81,38.77,38.77,4911
"14401",2020-09-08 19:00:00,38.78,38.84,38.78,38.81,4370
"14402",2020-09-08 19:01:00,38.82,38.85,38.81,38.82,6341
"14403",2020-09-08 19:02:00,38.81,38.82,38.78,38.82,4196
"14404",2020-09-08 19:03:00,38.81,38.81,38.76,38.76,3597
"14405",2020-09-08 19:04:00,38.76,38.78,38.73,38.76,5272
"14406",2020-09-08 19:05:00,38.77,38.85,38.77,38.8,1630
"14407",2020-09-08 19:06:00,38.8,38.84,38.8,38.84,1710
"14408",2020-09-08 19:07:00,38.81,38.84,38.81,38.84,823
"14409",2020-09-08 19:08:00,38.83,38.93,38.82,38.89,3920
"14410",2020-09-08 19:09:00,38.89,38.9,38.85,38.85,1904
"14411",2020-09-08 19:10:00,38.84,38.86,38.83,38.86,3238
"14412",2020-09-08 19:11:00,38.87,38.91,38.87,38.88,1706
"14413",2020-09-08 19:12:00,38.88,38.9,38.88,38.9,1809
"14414",2020-09-08 19:13:00,38.88,38.9,38.87,38.9,2316
"14415",2020-09-08 19:14:00,38.92,38.92,38.88,38.89,2530
"14416",2020-09-08 19:15:00,38.84,38.86,38.83,38.84,1203
"14417",2020-09-08 19:16:00,38.84,38.88,38.83,38.88,2841
"14418",2020-09-08 19:17:00,38.88,38.89,38.8,38.8,2086
"14419",2020-09-08 19:18:00,38.8,38.81,38.73,38.76,2453
"14420",2020-09-08 19:19:00,38.78,38.79,38.74,38.75,1637
"14421",2020-09-08 19:20:00,38.76,38.77,38.74,38.77,1433
"14422",2020-09-08 19:21:00,38.77,38.78,38.76,38.76,2205
"14423",2020-09-08 19:22:00,38.75,38.78,38.74,38.78,2063
"14424",2020-09-08 19:23:00,38.8,38.85,38.79,38.84,3949
"14425",2020-09-08 19:24:00,38.85,38.88,38.85,38.86,1411
"14426",2020-09-08 19:25:00,38.86,38.88,38.86,38.88,514
"14427",2020-09-08 19:26:00,38.88,38.88,38.86,38.86,1242
"14428",2020-09-08 19:27:00,38.86,38.87,38.85,38.87,1133
"14429",2020-09-08 19:28:00,38.88,38.9,38.88,38.9,3738
"14430",2020-09-08 19:29:00,38.9,38.9,38.8,38.8,2656
"14431",2020-09-08 19:30:00,38.81,38.81,38.77,38.77,1480
"14432",2020-09-08 19:31:00,38.78,38.78,38.73,38.74,2921
"14433",2020-09-08 19:32:00,38.74,38.76,38.74,38.76,1904
"14434",2020-09-08 19:33:00,38.77,38.84,38.77,38.82,2054
"14435",2020-09-08 19:34:00,38.81,38.84,38.81,38.83,2156
"14436",2020-09-08 19:35:00,38.82,38.84,38.79,38.79,3469
"14437",2020-09-08 19:36:00,38.78,38.8,38.78,38.8,1265
"14438",2020-09-08 19:37:00,38.79,38.92,38.79,38.92,10412
"14439",2020-09-08 19:38:00,38.92,38.94,38.92,38.94,1712
"14440",2020-09-08 19:39:00,38.95,38.97,38.95,38.96,1679
"14441",2020-09-08 19:40:00,38.95,38.96,38.92,38.93,1902
"14442",2020-09-08 19:41:00,38.93,38.96,38.91,38.96,3905
"14443",2020-09-08 19:42:00,38.96,38.96,38.91,38.93,3592
"14444",2020-09-08 19:43:00,38.91,38.94,38.91,38.93,1139
"14445",2020-09-08 19:44:00,38.95,38.99,38.93,38.98,2302
"14446",2020-09-08 19:45:00,38.97,38.97,38.94,38.94,1443
"14447",2020-09-08 19:46:00,38.94,39.02,38.93,39,4945
"14448",2020-09-08 19:47:00,39,39.04,39,39.02,2716
"14449",2020-09-08 19:48:00,39.02,39.06,39,39.06,1819
"14450",2020-09-08 19:49:00,39.05,39.08,39.05,39.07,540
"14451",2020-09-08 19:50:00,39.07,39.08,39.06,39.08,1937
"14452",2020-09-08 19:51:00,39.08,39.1,39.07,39.07,1337
"14453",2020-09-08 19:52:00,39.06,39.06,39.03,39.04,2033
"14454",2020-09-08 19:53:00,39.04,39.12,39.04,39.11,2405
"14455",2020-09-08 19:54:00,39.1,39.1,39.09,39.09,914
"14456",2020-09-08 19:55:00,39.09,39.1,39.07,39.09,3963
"14457",2020-09-08 19:56:00,39.09,39.09,39.08,39.08,1106
"14458",2020-09-08 19:57:00,39.09,39.1,39.08,39.08,894
"14459",2020-09-08 19:58:00,39.07,39.08,39.07,39.08,351
"14460",2020-09-08 19:59:00,39.09,39.1,39.08,39.1,763
"14461",2020-09-08 20:00:00,39.1,39.1,39.09,39.09,1725
"14462",2020-09-08 20:01:00,39.09,39.09,39.01,39.01,5076
"14463",2020-09-08 20:02:00,39.01,39.01,38.96,38.98,2353
"14464",2020-09-08 20:03:00,38.98,38.99,38.96,38.98,2547
"14465",2020-09-08 20:04:00,38.98,38.99,38.98,38.99,1104
"14466",2020-09-08 20:05:00,38.99,38.99,38.97,38.97,659
"14467",2020-09-08 20:06:00,38.96,38.98,38.93,38.93,2344
"14468",2020-09-08 20:07:00,38.95,38.97,38.93,38.96,1528
"14469",2020-09-08 20:08:00,38.95,38.95,38.93,38.93,655
"14470",2020-09-08 20:09:00,38.92,38.92,38.9,38.92,922
"14471",2020-09-08 20:10:00,38.91,38.94,38.87,38.87,2758
"14472",2020-09-08 20:11:00,38.86,38.9,38.84,38.9,2576
"14473",2020-09-08 20:12:00,38.9,38.93,38.9,38.91,2013
"14474",2020-09-08 20:13:00,38.94,38.96,38.93,38.94,3130
"14475",2020-09-08 20:14:00,38.94,38.95,38.92,38.95,2376
"14476",2020-09-08 20:15:00,38.95,38.98,38.94,38.97,1201
"14477",2020-09-08 20:16:00,38.97,38.98,38.97,38.98,1440
"14478",2020-09-08 20:17:00,38.97,39,38.97,38.99,408
"14479",2020-09-08 20:18:00,39,39.01,39,39.01,1126
"14480",2020-09-08 20:19:00,39.01,39.01,38.99,39,4283
"14481",2020-09-08 20:20:00,38.99,38.99,38.97,38.98,1253
"14482",2020-09-08 20:21:00,38.97,38.98,38.96,38.96,1179
"14483",2020-09-08 20:22:00,38.94,38.94,38.92,38.92,513
"14484",2020-09-08 20:23:00,38.92,38.92,38.87,38.88,5230
"14485",2020-09-08 20:24:00,38.88,38.89,38.86,38.86,1007
"14486",2020-09-08 20:25:00,38.86,38.88,38.85,38.87,8412
"14487",2020-09-08 20:26:00,38.86,38.88,38.84,38.85,3265
"14488",2020-09-08 20:27:00,38.86,38.9,38.85,38.9,944
"14489",2020-09-08 20:28:00,38.87,38.88,38.85,38.86,1615
"14490",2020-09-08 20:29:00,38.86,38.86,38.81,38.82,1928
"14491",2020-09-08 20:30:00,38.81,38.82,38.8,38.81,3134
"14492",2020-09-08 20:31:00,38.81,38.82,38.77,38.82,3497
"14493",2020-09-08 20:32:00,38.83,38.83,38.8,38.8,1325
"14494",2020-09-08 20:33:00,38.82,38.84,38.81,38.83,2514
"14495",2020-09-08 20:34:00,38.83,38.83,38.8,38.81,727
"14496",2020-09-08 20:35:00,38.84,38.85,38.83,38.83,660
"14497",2020-09-08 20:36:00,38.83,38.88,38.83,38.88,714
"14498",2020-09-08 20:37:00,38.89,38.9,38.88,38.9,904
"14499",2020-09-08 20:38:00,38.9,38.9,38.88,38.88,363
"14500",2020-09-08 20:39:00,38.87,38.89,38.86,38.88,2758
"14501",2020-09-08 20:40:00,38.88,38.93,38.88,38.93,3954
"14502",2020-09-08 20:41:00,38.93,38.94,38.92,38.93,7206
"14503",2020-09-08 20:42:00,38.93,38.93,38.91,38.92,3101
"14504",2020-09-08 20:43:00,38.92,38.92,38.88,38.88,3121
"14505",2020-09-08 20:44:00,38.9,38.9,38.89,38.9,304
"14506",2020-09-08 20:45:00,38.89,38.9,38.88,38.89,627
"14507",2020-09-08 20:46:00,38.9,38.92,38.9,38.92,605
"14508",2020-09-08 20:47:00,38.92,38.92,38.88,38.89,3213
"14509",2020-09-08 20:48:00,38.89,38.89,38.87,38.87,829
"14510",2020-09-08 20:49:00,38.86,38.88,38.86,38.88,988
"14511",2020-09-08 20:50:00,38.87,38.88,38.87,38.88,301
"14512",2020-09-08 20:51:00,38.87,38.87,38.84,38.84,833
"14513",2020-09-08 20:52:00,38.83,38.86,38.82,38.86,1871
"14514",2020-09-08 20:53:00,38.86,38.88,38.86,38.87,1582
"14515",2020-09-08 20:54:00,38.87,38.88,38.86,38.87,2313
"14516",2020-09-08 20:55:00,38.88,38.88,38.86,38.88,1117
"14517",2020-09-08 20:56:00,38.87,38.88,38.85,38.85,2090
"14518",2020-09-08 20:57:00,38.84,38.84,38.81,38.82,1137
"14519",2020-09-08 20:58:00,38.82,38.82,38.78,38.81,1848
"14520",2020-09-08 20:59:00,38.8,38.83,38.8,38.83,1077
"14521",2020-09-08 21:00:00,38.83,38.83,38.82,38.82,630
"14522",2020-09-08 21:01:00,38.83,38.88,38.83,38.87,2125
"14523",2020-09-08 21:02:00,38.87,38.87,38.84,38.84,1325
"14524",2020-09-08 21:03:00,38.85,38.85,38.83,38.83,1304
"14525",2020-09-08 21:04:00,38.82,38.82,38.8,38.8,1314
"14526",2020-09-08 21:05:00,38.79,38.8,38.76,38.76,3058
"14527",2020-09-08 21:06:00,38.76,38.76,38.74,38.74,3583
"14528",2020-09-08 21:07:00,38.73,38.74,38.7,38.7,4354
"14529",2020-09-08 21:08:00,38.71,38.72,38.68,38.71,5225
"14530",2020-09-08 21:09:00,38.72,38.76,38.72,38.74,4546
"14531",2020-09-08 21:10:00,38.76,38.77,38.74,38.76,3952
"14532",2020-09-08 21:11:00,38.77,38.77,38.75,38.76,511
"14533",2020-09-08 21:12:00,38.77,38.8,38.76,38.76,1551
"14534",2020-09-08 21:13:00,38.76,38.78,38.76,38.76,580
"14535",2020-09-08 21:14:00,38.75,38.75,38.74,38.75,1614
"14536",2020-09-08 21:15:00,38.74,38.74,38.69,38.69,3260
"14537",2020-09-08 21:16:00,38.7,38.7,38.66,38.66,1529
"14538",2020-09-08 21:17:00,38.65,38.65,38.61,38.61,2414
"14539",2020-09-08 21:18:00,38.62,38.62,38.59,38.61,9903
"14540",2020-09-08 21:19:00,38.58,38.58,38.54,38.57,6224
"14541",2020-09-08 21:20:00,38.56,38.57,38.54,38.56,2166
"14542",2020-09-08 21:21:00,38.54,38.57,38.54,38.55,3427
"14543",2020-09-08 21:22:00,38.55,38.58,38.55,38.57,3728
"14544",2020-09-08 21:23:00,38.56,38.56,38.5,38.5,7742
"14545",2020-09-08 21:24:00,38.5,38.54,38.49,38.5,2962
"14546",2020-09-08 21:25:00,38.51,38.52,38.5,38.51,2930
"14547",2020-09-08 21:26:00,38.54,38.57,38.54,38.56,1703
"14548",2020-09-08 21:27:00,38.55,38.55,38.51,38.53,2782
"14549",2020-09-08 21:28:00,38.52,38.53,38.5,38.5,885
"14550",2020-09-08 21:29:00,38.5,38.5,38.47,38.47,4627
"14551",2020-09-08 21:30:00,38.46,38.5,38.45,38.47,5137
"14552",2020-09-08 21:31:00,38.47,38.47,38.45,38.47,1803
"14553",2020-09-08 21:32:00,38.46,38.47,38.43,38.43,4780
"14554",2020-09-08 21:33:00,38.44,38.44,38.42,38.43,1079
"14555",2020-09-08 21:34:00,38.44,38.49,38.44,38.47,4609
"14556",2020-09-08 21:35:00,38.47,38.49,38.43,38.49,4677
"14557",2020-09-08 21:36:00,38.5,38.5,38.46,38.46,887
"14558",2020-09-08 21:37:00,38.47,38.48,38.43,38.43,4000
"14559",2020-09-08 21:38:00,38.41,38.42,38.38,38.38,8300
"14560",2020-09-08 21:39:00,38.38,38.4,38.37,38.4,3669
"14561",2020-09-08 21:40:00,38.39,38.39,38.35,38.35,2847
"14562",2020-09-08 21:41:00,38.37,38.4,38.36,38.36,2705
"14563",2020-09-08 21:42:00,38.38,38.38,38.37,38.37,1682
"14564",2020-09-08 21:43:00,38.35,38.41,38.35,38.4,3964
"14565",2020-09-08 21:44:00,38.4,38.41,38.39,38.4,1191
"14566",2020-09-08 21:45:00,38.4,38.4,38.28,38.29,5831
"14567",2020-09-08 21:46:00,38.3,38.34,38.3,38.34,1997
"14568",2020-09-08 21:47:00,38.33,38.36,38.3,38.36,8810
"14569",2020-09-08 21:48:00,38.35,38.36,38.3,38.3,5014
"14570",2020-09-08 21:49:00,38.32,38.36,38.32,38.36,3348
"14571",2020-09-08 21:50:00,38.36,38.43,38.36,38.39,4501
"14572",2020-09-08 21:51:00,38.38,38.38,38.32,38.36,4448
"14573",2020-09-08 21:52:00,38.35,38.36,38.28,38.28,3408
"14574",2020-09-08 21:53:00,38.29,38.35,38.29,38.31,8127
"14575",2020-09-08 21:54:00,38.32,38.32,38.3,38.32,2013
"14576",2020-09-08 21:55:00,38.31,38.34,38.3,38.32,1959
"14577",2020-09-08 21:56:00,38.32,38.35,38.28,38.32,4602
"14578",2020-09-08 21:57:00,38.32,38.39,38.32,38.39,4275
"14579",2020-09-08 21:58:00,38.39,38.48,38.39,38.48,6641
"14580",2020-09-08 21:59:00,38.49,38.55,38.49,38.52,4582
"14581",2020-09-08 22:00:00,38.54,38.54,38.49,38.49,1578
"14582",2020-09-08 22:01:00,38.47,38.48,38.45,38.46,3029
"14583",2020-09-08 22:02:00,38.45,38.45,38.42,38.42,2519
"14584",2020-09-08 22:03:00,38.41,38.41,38.36,38.36,4551
"14585",2020-09-08 22:04:00,38.36,38.37,38.33,38.33,3661
"14586",2020-09-08 22:05:00,38.33,38.33,38.26,38.26,7169
"14587",2020-09-08 22:06:00,38.26,38.3,38.26,38.28,13309
"14588",2020-09-08 22:07:00,38.27,38.27,38.2,38.22,5735
"14589",2020-09-08 22:08:00,38.22,38.25,38.2,38.23,3989
"14590",2020-09-08 22:09:00,38.23,38.26,38.2,38.26,7096
"14591",2020-09-08 22:10:00,38.26,38.26,38.22,38.26,3458
"14592",2020-09-08 22:11:00,38.28,38.34,38.28,38.34,7027
"14593",2020-09-08 22:12:00,38.34,38.34,38.28,38.31,4338
"14594",2020-09-08 22:13:00,38.31,38.32,38.26,38.31,5572
"14595",2020-09-08 22:14:00,38.3,38.3,38.28,38.29,1701
"14596",2020-09-08 22:15:00,38.28,38.32,38.26,38.31,5673
"14597",2020-09-08 22:16:00,38.29,38.29,38.26,38.27,4930
"14598",2020-09-08 22:17:00,38.26,38.3,38.21,38.3,5247
"14599",2020-09-08 22:18:00,38.31,38.37,38.28,38.29,6637
"14600",2020-09-08 22:19:00,38.28,38.28,38.23,38.27,2492
"14601",2020-09-08 22:20:00,38.27,38.32,38.27,38.27,2083
"14602",2020-09-08 22:21:00,38.27,38.3,38.27,38.29,2261
"14603",2020-09-08 22:22:00,38.27,38.33,38.25,38.32,2548
"14604",2020-09-08 22:23:00,38.31,38.35,38.31,38.33,4567
"14605",2020-09-08 22:24:00,38.32,38.33,38.3,38.3,2347
"14606",2020-09-08 22:25:00,38.3,38.31,38.25,38.26,2573
"14607",2020-09-08 22:26:00,38.27,38.31,38.24,38.26,4244
"14608",2020-09-08 22:27:00,38.27,38.3,38.26,38.3,2390
"14609",2020-09-08 22:28:00,38.3,38.35,38.3,38.35,1922
"14610",2020-09-08 22:29:00,38.35,38.36,38.34,38.36,943
"14611",2020-09-08 22:30:00,38.36,38.4,38.35,38.39,2719
"14612",2020-09-08 22:31:00,38.38,38.47,38.36,38.45,4899
"14613",2020-09-08 22:32:00,38.47,38.47,38.39,38.39,3322
"14614",2020-09-08 22:33:00,38.4,38.42,38.4,38.41,2550
"14615",2020-09-08 22:34:00,38.4,38.42,38.39,38.4,4646
"14616",2020-09-08 22:35:00,38.4,38.42,38.35,38.35,7151
"14617",2020-09-08 22:36:00,38.36,38.42,38.34,38.42,5778
"14618",2020-09-08 22:37:00,38.41,38.5,38.41,38.49,5255
"14619",2020-09-08 22:38:00,38.49,38.5,38.47,38.48,2531
"14620",2020-09-08 22:39:00,38.48,38.49,38.45,38.45,3583
"14621",2020-09-08 22:40:00,38.46,38.47,38.44,38.44,2291
"14622",2020-09-08 22:41:00,38.45,38.46,38.43,38.43,3144
"14623",2020-09-08 22:42:00,38.43,38.48,38.43,38.48,4119
"14624",2020-09-08 22:43:00,38.48,38.48,38.41,38.43,4934
"14625",2020-09-08 22:44:00,38.44,38.47,38.43,38.47,3796
"14626",2020-09-08 22:45:00,38.45,38.45,38.41,38.41,5800
"14627",2020-09-08 22:46:00,38.4,38.42,38.36,38.36,5273
"14628",2020-09-08 22:47:00,38.36,38.36,38.29,38.3,6954
"14629",2020-09-08 22:48:00,38.3,38.32,38.24,38.24,12775
"14630",2020-09-08 22:49:00,38.24,38.29,38.23,38.23,9552
"14631",2020-09-08 22:50:00,38.24,38.33,38.23,38.33,11796
"14632",2020-09-08 22:51:00,38.32,38.32,38.24,38.24,9296
"14633",2020-09-08 22:52:00,38.24,38.24,38.18,38.19,7800
"14634",2020-09-08 22:53:00,38.19,38.22,38.17,38.2,8622
"14635",2020-09-08 22:54:00,38.19,38.19,38.15,38.18,11556
"14636",2020-09-08 22:55:00,38.18,38.19,38.16,38.16,5842
"14637",2020-09-08 22:56:00,38.17,38.18,38.14,38.16,8279
"14638",2020-09-08 22:57:00,38.15,38.16,38.12,38.16,18431
"14639",2020-09-08 22:58:00,38.15,38.22,38.15,38.17,17602
"14640",2020-09-08 22:59:00,38.16,38.22,38.16,38.2,15372
"14641",2020-09-08 23:00:00,38.19,38.2,38.15,38.18,27118
"14642",2020-09-08 23:01:00,38.35,38.52,38.19,38.19,3
"14643",2020-09-08 23:02:00,38.38,38.38,38.38,38.38,10
"14644",2020-09-08 23:04:00,38.19,38.19,38.19,38.19,100
"14645",2020-09-08 23:05:00,38.19,38.19,38.19,38.19,50
"14646",2020-09-08 23:06:00,38.19,38.19,38.19,38.19,6454
"14647",2020-09-08 23:08:00,38.29,38.29,38.29,38.29,5
"14648",2020-09-08 23:17:00,38.27,38.27,38.27,38.27,70
"14649",2020-09-08 23:20:00,38.27,38.27,38.27,38.27,1
"14650",2020-09-08 23:22:00,38.27,38.27,38.27,38.27,1
"14651",2020-09-08 23:24:00,38.27,38.29,38.27,38.29,323
"14652",2020-09-08 23:31:00,38.3,38.3,38.3,38.3,297
"14653",2020-09-08 23:38:00,38.37,38.37,38.37,38.37,3
"14654",2020-09-08 23:39:00,38.37,38.37,38.31,38.31,14
"14655",2020-09-08 23:44:00,38.2,38.2,38.2,38.2,1
"14656",2020-09-08 23:47:00,38.29,38.29,38.29,38.29,31
"14657",2020-09-08 23:56:00,38.3,38.3,38.3,38.3,1
"14658",2020-09-09 00:00:00,38.3,38.3,38.3,38.3,1
"14659",2020-09-09 00:06:00,38.27,38.27,38.2,38.2,4
"14660",2020-09-09 00:08:00,38.29,38.29,38.29,38.29,1
"14661",2020-09-09 00:17:00,38.21,38.21,38.21,38.21,1
"14662",2020-09-09 00:20:00,38.21,38.21,38.21,38.21,2
"14663",2020-09-09 00:25:00,38.21,38.21,38.1,38.15,305
"14664",2020-09-09 00:29:00,38.09,38.11,38.06,38.06,77
"14665",2020-09-09 00:31:00,38.05,38.05,38.05,38.05,5
"14666",2020-09-09 00:32:00,38.03,38.03,38.03,38.03,4
"14667",2020-09-09 00:33:00,38.03,38.05,38.03,38.03,98
"14668",2020-09-09 00:34:00,38.02,38.05,38.02,38.02,55
"14669",2020-09-09 00:35:00,38.02,38.03,38.02,38.03,2
"14670",2020-09-09 00:37:00,38.03,38.03,38.03,38.03,7
"14671",2020-09-09 00:39:00,38.02,38.02,38.02,38.02,1
"14672",2020-09-09 00:41:00,38.02,38.02,38.02,38.02,7
"14673",2020-09-09 00:42:00,38,38,38,38,1317
"14674",2020-09-09 00:45:00,37.99,37.99,37.99,37.99,1
"14675",2020-09-09 00:46:00,37.9,37.9,37.87,37.87,51
"14676",2020-09-09 00:47:00,38.1,38.1,37.93,37.93,112
"14677",2020-09-09 00:48:00,37.8,37.8,37.77,37.77,100
"14678",2020-09-09 00:54:00,37.92,37.92,37.92,37.92,1
"14679",2020-09-09 00:55:00,38,38.1,38,38.1,113
"14680",2020-09-09 00:56:00,37.77,37.77,37.75,37.75,1913
"14681",2020-09-09 00:58:00,38.1,38.1,38.1,38.1,100
"14682",2020-09-09 01:00:00,38.1,38.1,38.1,38.1,1
"14683",2020-09-09 01:03:00,38.1,38.1,38.1,38.1,13
"14684",2020-09-09 01:08:00,38.07,38.09,38.07,38.09,298
"14685",2020-09-09 01:17:00,38.07,38.07,38.07,38.07,20
"14686",2020-09-09 01:19:00,38.06,38.09,38.06,38.09,900
"14687",2020-09-09 01:20:00,38.13,38.13,38.13,38.13,100
"14688",2020-09-09 01:22:00,38.1,38.14,38.1,38.14,74
"14689",2020-09-09 01:23:00,38.12,38.12,38.12,38.12,35
"14690",2020-09-09 01:25:00,38.13,38.13,38.13,38.13,50
"14691",2020-09-09 01:28:00,38,38,38,38,1
"14692",2020-09-09 01:34:00,38.25,38.25,38.1,38.1,11
"14693",2020-09-09 01:36:00,38.25,38.25,38.05,38.05,4
"14694",2020-09-09 01:38:00,38.05,38.05,38.05,38.05,50
"14695",2020-09-09 01:39:00,38.05,38.05,38.05,38.05,20
"14696",2020-09-09 10:03:00,38.11,38.11,38.11,38.11,9
"14697",2020-09-09 10:07:00,38.2,38.2,38.1,38.1,2
"14698",2020-09-09 10:08:00,38.2,38.41,38.2,38.41,16
"14699",2020-09-09 10:09:00,38.4,38.4,38.4,38.4,1
"14700",2020-09-09 10:11:00,38.4,38.4,38.4,38.4,3
"14701",2020-09-09 10:14:00,38.4,38.4,38.4,38.4,1
"14702",2020-09-09 10:17:00,38.4,38.4,38.4,38.4,30
"14703",2020-09-09 10:18:00,38.55,38.55,38.55,38.55,2
"14704",2020-09-09 10:20:00,38.52,38.52,38.33,38.33,6
"14705",2020-09-09 10:24:00,38.5,38.5,38.5,38.5,1
"14706",2020-09-09 10:25:00,38.52,38.52,38.52,38.52,274
"14707",2020-09-09 10:27:00,38.54,38.54,38.54,38.54,3
"14708",2020-09-09 10:31:00,38.52,38.52,38.52,38.52,1
"14709",2020-09-09 10:38:00,38.53,38.53,38.53,38.53,1
"14710",2020-09-09 10:41:00,38.56,38.56,38.56,38.56,1
"14711",2020-09-09 10:42:00,38.55,38.55,38.55,38.55,1
"14712",2020-09-09 10:43:00,38.55,38.55,38.55,38.55,4
"14713",2020-09-09 10:44:00,38.53,38.53,38.53,38.53,1
"14714",2020-09-09 10:45:00,38.55,38.55,38.55,38.55,1
"14715",2020-09-09 10:46:00,38.53,38.53,38.52,38.52,75
"14716",2020-09-09 10:47:00,38.55,38.55,38.55,38.55,10
"14717",2020-09-09 10:51:00,38.52,38.52,38.5,38.5,108
"14718",2020-09-09 10:52:00,38.48,38.48,38.48,38.48,2
"14719",2020-09-09 10:53:00,38.47,38.47,38.47,38.47,3
"14720",2020-09-09 10:54:00,38.49,38.49,38.49,38.49,100
"14721",2020-09-09 10:58:00,38.4,38.4,38.4,38.4,3
"14722",2020-09-09 11:01:00,38.4,38.58,38.4,38.58,311
"14723",2020-09-09 11:02:00,38.88,38.88,38.88,38.88,10
"14724",2020-09-09 11:04:00,38.76,38.76,38.76,38.76,8
"14725",2020-09-09 11:08:00,38.79,38.79,38.78,38.78,7
"14726",2020-09-09 11:09:00,38.8,38.84,38.63,38.68,332
"14727",2020-09-09 11:10:00,38.82,38.82,38.82,38.82,3
"14728",2020-09-09 11:11:00,38.79,38.79,38.79,38.79,1
"14729",2020-09-09 11:14:00,38.69,38.69,38.67,38.67,100
"14730",2020-09-09 11:17:00,38.77,38.77,38.77,38.77,1
"14731",2020-09-09 11:19:00,38.77,38.77,38.77,38.77,25
"14732",2020-09-09 11:20:00,38.75,38.75,38.75,38.75,2
"14733",2020-09-09 11:25:00,38.77,38.77,38.77,38.77,2
"14734",2020-09-09 11:29:00,38.76,38.76,38.76,38.76,50
"14735",2020-09-09 11:30:00,38.75,38.75,38.75,38.75,2
"14736",2020-09-09 11:36:00,38.75,38.75,38.75,38.75,17
"14737",2020-09-09 11:41:00,38.75,38.75,38.75,38.75,1
"14738",2020-09-09 11:44:00,38.64,38.64,38.64,38.64,10
"14739",2020-09-09 11:45:00,38.68,38.68,38.68,38.68,2
"14740",2020-09-09 11:46:00,38.76,38.76,38.76,38.76,1
"14741",2020-09-09 11:54:00,38.73,38.73,38.73,38.73,1
"14742",2020-09-09 12:04:00,38.73,38.73,38.73,38.73,1
"14743",2020-09-09 12:05:00,38.68,38.68,38.57,38.57,40
"14744",2020-09-09 12:06:00,38.5,38.5,38.5,38.5,2
"14745",2020-09-09 12:07:00,38.36,38.36,38.24,38.24,450
"14746",2020-09-09 12:09:00,38.42,38.42,38.42,38.42,2
"14747",2020-09-09 12:11:00,38.6,38.6,38.6,38.6,4
"14748",2020-09-09 12:12:00,38.74,38.74,38.74,38.74,1
"14749",2020-09-09 12:14:00,38.6,38.6,38.6,38.6,23
"14750",2020-09-09 12:17:00,38.6,38.71,38.4,38.71,19
"14751",2020-09-09 12:23:00,38.7,38.7,38.7,38.7,11
"14752",2020-09-09 12:32:00,38.65,38.65,38.65,38.65,4
"14753",2020-09-09 12:36:00,38.7,38.7,38.7,38.7,10
"14754",2020-09-09 12:37:00,38.7,38.7,38.7,38.7,1
"14755",2020-09-09 12:40:00,38.76,38.76,38.76,38.76,1
"14756",2020-09-09 12:41:00,38.72,38.72,38.72,38.72,100
"14757",2020-09-09 12:42:00,38.76,38.76,38.76,38.76,3
"14758",2020-09-09 12:47:00,38.9,38.9,38.9,38.9,3
"14759",2020-09-09 12:48:00,38.82,38.82,38.82,38.82,3
"14760",2020-09-09 12:56:00,38.92,38.92,38.92,38.92,1
"14761",2020-09-09 12:58:00,38.93,38.93,38.86,38.93,9
"14762",2020-09-09 13:19:00,38.93,38.93,38.93,38.93,1
"14763",2020-09-09 13:22:00,38.89,38.89,38.89,38.89,1
"14764",2020-09-09 13:29:00,38.87,38.87,38.85,38.85,4
"14765",2020-09-09 13:37:00,38.93,38.93,38.93,38.93,1
"14766",2020-09-09 13:38:00,38.85,38.85,38.83,38.83,4
"14767",2020-09-09 13:42:00,38.82,38.82,38.82,38.82,8
"14768",2020-09-09 13:45:00,38.82,38.82,38.82,38.82,30
"14769",2020-09-09 13:47:00,38.83,38.83,38.83,38.83,5
"14770",2020-09-09 13:52:00,38.86,38.86,38.86,38.86,2
"14771",2020-09-09 13:53:00,38.78,38.78,38.69,38.69,237
"14772",2020-09-09 13:54:00,38.79,38.79,38.79,38.79,2
"14773",2020-09-09 13:56:00,38.82,38.82,38.82,38.82,1
"14774",2020-09-09 13:57:00,38.82,38.82,38.82,38.82,99
"14775",2020-09-09 14:01:00,38.75,38.75,38.75,38.75,3
"14776",2020-09-09 14:03:00,38.63,38.63,38.63,38.63,50
"14777",2020-09-09 14:07:00,38.61,38.61,38.61,38.61,5
"14778",2020-09-09 14:08:00,38.6,38.6,38.6,38.6,5
"14779",2020-09-09 14:11:00,38.56,38.56,38.56,38.56,5
"14780",2020-09-09 14:13:00,38.56,38.56,38.56,38.56,35
"14781",2020-09-09 14:32:00,38.67,38.67,38.67,38.67,1
"14782",2020-09-09 14:34:00,38.62,38.62,38.62,38.62,134
"14783",2020-09-09 14:37:00,38.74,38.74,38.74,38.74,1
"14784",2020-09-09 14:44:00,38.66,38.66,38.65,38.65,20
"14785",2020-09-09 14:45:00,38.58,38.58,38.56,38.56,2000
"14786",2020-09-09 14:48:00,38.56,38.56,38.56,38.56,1
"14787",2020-09-09 14:50:00,38.7,38.7,38.7,38.7,3
"14788",2020-09-09 14:53:00,38.6,38.6,38.6,38.6,1
"14789",2020-09-09 14:54:00,38.75,38.75,38.75,38.75,1
"14790",2020-09-09 14:59:00,38.75,38.75,38.75,38.75,1
"14791",2020-09-09 15:01:00,38.68,38.68,38.68,38.68,1
"14792",2020-09-09 15:02:00,38.62,38.71,38.62,38.71,107
"14793",2020-09-09 15:03:00,38.68,38.7,38.68,38.7,101
"14794",2020-09-09 15:04:00,38.63,38.63,38.63,38.63,3
"14795",2020-09-09 15:05:00,38.75,38.75,38.75,38.75,16
"14796",2020-09-09 15:06:00,38.7,38.7,38.7,38.7,1
"14797",2020-09-09 15:07:00,38.68,38.68,38.68,38.68,1
"14798",2020-09-09 15:09:00,38.75,38.75,38.75,38.75,16
"14799",2020-09-09 15:12:00,38.76,38.76,38.76,38.76,1
"14800",2020-09-09 15:14:00,38.76,38.76,38.76,38.76,4
"14801",2020-09-09 15:15:00,38.84,38.84,38.84,38.84,1
"14802",2020-09-09 15:18:00,38.78,38.78,38.76,38.78,36
"14803",2020-09-09 15:19:00,38.78,38.78,38.78,38.78,48
"14804",2020-09-09 15:22:00,38.84,38.84,38.84,38.84,10
"14805",2020-09-09 15:23:00,38.84,38.84,38.84,38.84,20
"14806",2020-09-09 15:25:00,38.85,38.85,38.76,38.76,560
"14807",2020-09-09 15:26:00,38.77,38.77,38.77,38.77,178
"14808",2020-09-09 15:27:00,38.8,38.8,38.8,38.8,80
"14809",2020-09-09 15:28:00,38.8,38.8,38.8,38.8,80
"14810",2020-09-09 15:29:00,38.8,38.8,38.8,38.8,13
"14811",2020-09-09 15:30:00,38.78,38.78,38.78,38.78,67
"14812",2020-09-09 15:31:00,38.7,38.8,38.7,38.8,82
"14813",2020-09-09 15:32:00,38.79,38.79,38.79,38.79,80
"14814",2020-09-09 15:34:00,38.75,38.75,38.75,38.75,80
"14815",2020-09-09 15:35:00,38.78,38.79,38.78,38.79,160
"14816",2020-09-09 15:36:00,38.79,38.79,38.79,38.79,160
"14817",2020-09-09 15:37:00,38.79,38.81,38.79,38.81,2363
"14818",2020-09-09 15:38:00,38.81,38.81,38.81,38.81,229
"14819",2020-09-09 15:39:00,38.85,38.88,38.85,38.88,100
"14820",2020-09-09 15:40:00,38.85,38.85,38.85,38.85,2
"14821",2020-09-09 15:43:00,38.75,38.8,38.75,38.75,132
"14822",2020-09-09 15:45:00,38.75,38.75,38.75,38.75,1
"14823",2020-09-09 15:53:00,38.75,38.75,38.75,38.75,1
"14824",2020-09-09 15:54:00,38.75,38.75,38.75,38.75,15
"14825",2020-09-09 16:03:00,38.73,38.73,38.73,38.73,100
"14826",2020-09-09 16:06:00,38.73,38.73,38.73,38.73,30
"14827",2020-09-09 16:10:00,38.78,38.78,38.78,38.78,10
"14828",2020-09-09 16:12:00,38.81,38.85,38.81,38.85,156
"14829",2020-09-09 16:14:00,38.85,38.94,38.85,38.93,194
"14830",2020-09-09 16:15:00,38.93,38.93,38.77,38.77,4
"14831",2020-09-09 16:16:00,38.93,38.97,38.93,38.97,149
"14832",2020-09-09 16:17:00,38.97,38.97,38.97,38.97,5
"14833",2020-09-09 16:19:00,38.97,39.01,38.97,39.01,1273
"14834",2020-09-09 16:20:00,38.96,38.96,38.95,38.95,300
"14835",2020-09-09 16:21:00,38.97,38.99,38.95,38.95,575
"14836",2020-09-09 16:22:00,39,39,39,39,2
"14837",2020-09-09 16:23:00,39,39,38.76,38.76,401
"14838",2020-09-09 16:27:00,38.78,38.78,38.78,38.78,48
"14839",2020-09-09 16:28:00,38.85,38.85,38.85,38.85,16
"14840",2020-09-09 16:30:00,38.95,39,38.88,39,869
"14841",2020-09-09 16:31:00,38.91,38.93,38.78,38.89,13457
"14842",2020-09-09 16:32:00,38.89,38.9,38.71,38.77,18196
"14843",2020-09-09 16:33:00,38.77,38.77,38.58,38.64,11231
"14844",2020-09-09 16:34:00,38.63,38.69,38.56,38.65,8994
"14845",2020-09-09 16:35:00,38.69,38.75,38.6,38.74,7364
"14846",2020-09-09 16:36:00,38.76,38.83,38.74,38.74,8616
"14847",2020-09-09 16:37:00,38.75,38.88,38.73,38.87,9348
"14848",2020-09-09 16:38:00,38.86,38.89,38.81,38.83,15173
"14849",2020-09-09 16:39:00,38.84,38.86,38.66,38.74,8705
"14850",2020-09-09 16:40:00,38.74,38.75,38.61,38.62,11118
"14851",2020-09-09 16:41:00,38.59,38.67,38.52,38.52,8617
"14852",2020-09-09 16:42:00,38.56,38.68,38.56,38.68,6582
"14853",2020-09-09 16:43:00,38.69,38.8,38.69,38.8,8462
"14854",2020-09-09 16:44:00,38.75,38.82,38.74,38.75,8628
"14855",2020-09-09 16:45:00,38.74,38.76,38.71,38.72,3782
"14856",2020-09-09 16:46:00,38.75,38.77,38.65,38.66,5265
"14857",2020-09-09 16:47:00,38.66,38.68,38.61,38.63,5102
"14858",2020-09-09 16:48:00,38.62,38.62,38.58,38.58,2196
"14859",2020-09-09 16:49:00,38.59,38.62,38.46,38.47,5264
"14860",2020-09-09 16:50:00,38.47,38.5,38.44,38.45,6578
"14861",2020-09-09 16:51:00,38.47,38.48,38.39,38.41,7050
"14862",2020-09-09 16:52:00,38.39,38.42,38.34,38.41,6467
"14863",2020-09-09 16:53:00,38.4,38.48,38.4,38.46,5456
"14864",2020-09-09 16:54:00,38.47,38.5,38.43,38.49,5364
"14865",2020-09-09 16:55:00,38.5,38.5,38.44,38.46,7495
"14866",2020-09-09 16:56:00,38.45,38.57,38.45,38.55,3418
"14867",2020-09-09 16:57:00,38.56,38.56,38.53,38.53,2445
"14868",2020-09-09 16:58:00,38.54,38.54,38.47,38.47,2224
"14869",2020-09-09 16:59:00,38.5,38.56,38.43,38.56,10518
"14870",2020-09-09 17:00:00,38.57,38.61,38.55,38.61,8884
"14871",2020-09-09 17:01:00,38.6,38.72,38.58,38.72,8535
"14872",2020-09-09 17:02:00,38.71,38.77,38.7,38.73,8936
"14873",2020-09-09 17:03:00,38.74,38.81,38.74,38.81,7151
"14874",2020-09-09 17:04:00,38.8,38.84,38.76,38.82,10752
"14875",2020-09-09 17:05:00,38.8,38.8,38.76,38.78,6245
"14876",2020-09-09 17:06:00,38.76,38.79,38.74,38.76,4410
"14877",2020-09-09 17:07:00,38.75,38.78,38.72,38.76,7074
"14878",2020-09-09 17:08:00,38.77,38.78,38.73,38.75,4192
"14879",2020-09-09 17:09:00,38.77,38.77,38.7,38.7,5329
"14880",2020-09-09 17:10:00,38.7,38.7,38.65,38.67,4187
"14881",2020-09-09 17:11:00,38.68,38.76,38.68,38.7,4945
"14882",2020-09-09 17:12:00,38.72,38.73,38.66,38.71,7620
"14883",2020-09-09 17:13:00,38.71,38.72,38.66,38.69,2212
"14884",2020-09-09 17:14:00,38.71,38.75,38.69,38.75,3535
"14885",2020-09-09 17:15:00,38.75,38.75,38.71,38.72,4022
"14886",2020-09-09 17:16:00,38.74,38.83,38.74,38.8,10109
"14887",2020-09-09 17:17:00,38.82,38.83,38.74,38.78,3190
"14888",2020-09-09 17:18:00,38.8,38.82,38.75,38.79,10078
"14889",2020-09-09 17:19:00,38.79,38.83,38.76,38.83,3970
"14890",2020-09-09 17:20:00,38.84,38.85,38.75,38.76,5014
"14891",2020-09-09 17:21:00,38.72,38.83,38.72,38.83,3786
"14892",2020-09-09 17:22:00,38.83,38.85,38.82,38.82,2190
"14893",2020-09-09 17:23:00,38.82,38.88,38.82,38.88,2340
"14894",2020-09-09 17:24:00,38.87,38.87,38.84,38.84,1581
"14895",2020-09-09 17:25:00,38.88,38.88,38.85,38.85,2052
"14896",2020-09-09 17:26:00,38.86,39.03,38.86,39.01,7217
"14897",2020-09-09 17:27:00,39,39.09,39,39.09,9514
"14898",2020-09-09 17:28:00,39.08,39.11,39.05,39.1,2242
"14899",2020-09-09 17:29:00,39.11,39.17,39.1,39.16,5008
"14900",2020-09-09 17:30:00,39.16,39.18,39.14,39.14,3759
"14901",2020-09-09 17:31:00,39.14,39.23,39.14,39.18,10659
"14902",2020-09-09 17:32:00,39.16,39.2,39.13,39.17,4983
"14903",2020-09-09 17:33:00,39.17,39.2,39.12,39.15,4654
"14904",2020-09-09 17:34:00,39.14,39.16,39.12,39.15,1472
"14905",2020-09-09 17:35:00,39.15,39.18,39.12,39.16,1458
"14906",2020-09-09 17:36:00,39.14,39.17,39.13,39.14,1984
"14907",2020-09-09 17:37:00,39.17,39.24,39.17,39.23,4144
"14908",2020-09-09 17:38:00,39.24,39.36,39.24,39.28,11160
"14909",2020-09-09 17:39:00,39.29,39.32,39.28,39.3,2321
"14910",2020-09-09 17:40:00,39.33,39.33,39.28,39.3,1610
"14911",2020-09-09 17:41:00,39.29,39.29,39.2,39.25,2576
"14912",2020-09-09 17:42:00,39.26,39.28,39.25,39.25,2399
"14913",2020-09-09 17:43:00,39.26,39.26,39.22,39.22,1468
"14914",2020-09-09 17:44:00,39.22,39.24,39.19,39.2,1485
"14915",2020-09-09 17:45:00,39.19,39.19,39.12,39.14,3628
"14916",2020-09-09 17:46:00,39.15,39.23,39.15,39.23,2484
"14917",2020-09-09 17:47:00,39.23,39.23,39.19,39.2,1271
"14918",2020-09-09 17:48:00,39.23,39.27,39.23,39.24,905
"14919",2020-09-09 17:49:00,39.24,39.24,39.2,39.21,10811
"14920",2020-09-09 17:50:00,39.23,39.25,39.19,39.23,2000
"14921",2020-09-09 17:51:00,39.24,39.3,39.24,39.25,4263
"14922",2020-09-09 17:52:00,39.27,39.27,39.23,39.23,1860
"14923",2020-09-09 17:53:00,39.23,39.26,39.22,39.22,2735
"14924",2020-09-09 17:54:00,39.24,39.24,39.22,39.23,2578
"14925",2020-09-09 17:55:00,39.23,39.23,39.21,39.23,4484
"14926",2020-09-09 17:56:00,39.25,39.31,39.25,39.29,5509
"14927",2020-09-09 17:57:00,39.28,39.29,39.23,39.27,5886
"14928",2020-09-09 17:58:00,39.27,39.3,39.25,39.3,1072
"14929",2020-09-09 17:59:00,39.3,39.37,39.3,39.37,2770
"14930",2020-09-09 18:00:00,39.36,39.39,39.34,39.36,3374
"14931",2020-09-09 18:01:00,39.39,39.42,39.38,39.42,8926
"14932",2020-09-09 18:02:00,39.42,39.45,39.41,39.45,2007
"14933",2020-09-09 18:03:00,39.46,39.5,39.45,39.48,3621
"14934",2020-09-09 18:04:00,39.48,39.51,39.46,39.51,4903
"14935",2020-09-09 18:05:00,39.52,39.52,39.48,39.5,2578
"14936",2020-09-09 18:06:00,39.5,39.5,39.46,39.47,5342
"14937",2020-09-09 18:07:00,39.48,39.5,39.46,39.46,12948
"14938",2020-09-09 18:08:00,39.45,39.49,39.42,39.42,4129
"14939",2020-09-09 18:09:00,39.44,39.44,39.37,39.39,12362
"14940",2020-09-09 18:10:00,39.38,39.4,39.32,39.33,5754
"14941",2020-09-09 18:11:00,39.36,39.37,39.34,39.36,2269
"14942",2020-09-09 18:12:00,39.36,39.43,39.36,39.37,5208
"14943",2020-09-09 18:13:00,39.37,39.43,39.37,39.43,3214
"14944",2020-09-09 18:14:00,39.44,39.46,39.42,39.43,3662
"14945",2020-09-09 18:15:00,39.43,39.45,39.42,39.45,2057
"14946",2020-09-09 18:16:00,39.45,39.5,39.44,39.46,3589
"14947",2020-09-09 18:17:00,39.47,39.47,39.4,39.41,4216
"14948",2020-09-09 18:18:00,39.4,39.4,39.31,39.32,3994
"14949",2020-09-09 18:19:00,39.32,39.36,39.32,39.36,3117
"14950",2020-09-09 18:20:00,39.37,39.37,39.33,39.33,2126
"14951",2020-09-09 18:21:00,39.34,39.37,39.34,39.36,2075
"14952",2020-09-09 18:22:00,39.38,39.43,39.38,39.43,2076
"14953",2020-09-09 18:23:00,39.43,39.43,39.4,39.43,1339
"14954",2020-09-09 18:24:00,39.45,39.49,39.45,39.49,1573
"14955",2020-09-09 18:25:00,39.49,39.5,39.48,39.5,1012
"14956",2020-09-09 18:26:00,39.5,39.52,39.5,39.52,1740
"14957",2020-09-09 18:27:00,39.52,39.52,39.48,39.48,3896
"14958",2020-09-09 18:28:00,39.47,39.49,39.46,39.49,1760
"14959",2020-09-09 18:29:00,39.49,39.5,39.47,39.47,1302
"14960",2020-09-09 18:30:00,39.46,39.48,39.46,39.48,869
"14961",2020-09-09 18:31:00,39.49,39.49,39.48,39.48,1405
"14962",2020-09-09 18:32:00,39.48,39.48,39.42,39.45,3388
"14963",2020-09-09 18:33:00,39.45,39.47,39.44,39.47,501
"14964",2020-09-09 18:34:00,39.48,39.48,39.44,39.45,1864
"14965",2020-09-09 18:35:00,39.44,39.45,39.44,39.45,1756
"14966",2020-09-09 18:36:00,39.44,39.55,39.44,39.55,3152
"14967",2020-09-09 18:37:00,39.55,39.56,39.53,39.55,3532
"14968",2020-09-09 18:38:00,39.54,39.54,39.48,39.49,1368
"14969",2020-09-09 18:39:00,39.5,39.51,39.49,39.49,1648
"14970",2020-09-09 18:40:00,39.49,39.52,39.49,39.52,1137
"14971",2020-09-09 18:41:00,39.52,39.53,39.5,39.53,2453
"14972",2020-09-09 18:42:00,39.53,39.53,39.47,39.47,1307
"14973",2020-09-09 18:43:00,39.45,39.47,39.44,39.45,1351
"14974",2020-09-09 18:44:00,39.45,39.47,39.44,39.47,3240
"14975",2020-09-09 18:45:00,39.48,39.52,39.47,39.52,2277
"14976",2020-09-09 18:46:00,39.52,39.54,39.52,39.52,1700
"14977",2020-09-09 18:47:00,39.52,39.52,39.5,39.5,2278
"14978",2020-09-09 18:48:00,39.53,39.56,39.53,39.56,1339
"14979",2020-09-09 18:49:00,39.56,39.58,39.55,39.55,936
"14980",2020-09-09 18:50:00,39.56,39.56,39.54,39.54,1122
"14981",2020-09-09 18:51:00,39.56,39.56,39.52,39.52,1211
"14982",2020-09-09 18:52:00,39.52,39.53,39.51,39.53,1111
"14983",2020-09-09 18:53:00,39.53,39.55,39.53,39.55,402
"14984",2020-09-09 18:54:00,39.55,39.55,39.51,39.51,1713
"14985",2020-09-09 18:55:00,39.51,39.52,39.49,39.52,2547
"14986",2020-09-09 18:56:00,39.52,39.53,39.51,39.51,1120
"14987",2020-09-09 18:57:00,39.51,39.52,39.5,39.5,3110
"14988",2020-09-09 18:58:00,39.52,39.53,39.49,39.53,2103
"14989",2020-09-09 18:59:00,39.52,39.52,39.5,39.51,1714
"14990",2020-09-09 19:00:00,39.52,39.52,39.52,39.52,745
"14991",2020-09-09 19:01:00,39.54,39.54,39.51,39.53,3640
"14992",2020-09-09 19:02:00,39.53,39.54,39.52,39.54,905
"14993",2020-09-09 19:03:00,39.54,39.56,39.54,39.55,5810
"14994",2020-09-09 19:04:00,39.55,39.55,39.53,39.54,1445
"14995",2020-09-09 19:05:00,39.55,39.56,39.54,39.56,1348
"14996",2020-09-09 19:06:00,39.56,39.56,39.54,39.56,1059
"14997",2020-09-09 19:07:00,39.56,39.58,39.56,39.57,1348
"14998",2020-09-09 19:08:00,39.56,39.57,39.54,39.56,1234
"14999",2020-09-09 19:09:00,39.57,39.59,39.57,39.57,1540
"15000",2020-09-09 19:10:00,39.56,39.57,39.56,39.56,1339
"15001",2020-09-09 19:11:00,39.57,39.58,39.55,39.55,2537
"15002",2020-09-09 19:12:00,39.58,39.58,39.58,39.58,300
"15003",2020-09-09 19:13:00,39.58,39.58,39.56,39.57,1022
"15004",2020-09-09 19:14:00,39.58,39.58,39.56,39.57,1537
"15005",2020-09-09 19:15:00,39.57,39.58,39.57,39.58,1224
"15006",2020-09-09 19:16:00,39.58,39.58,39.57,39.58,1421
"15007",2020-09-09 19:17:00,39.58,39.6,39.58,39.59,2035
"15008",2020-09-09 19:18:00,39.59,39.59,39.55,39.55,1140
"15009",2020-09-09 19:19:00,39.56,39.58,39.56,39.57,2763
"15010",2020-09-09 19:20:00,39.61,39.61,39.6,39.61,800
"15011",2020-09-09 19:21:00,39.61,39.62,39.6,39.61,1131
"15012",2020-09-09 19:22:00,39.61,39.61,39.6,39.6,900
"15013",2020-09-09 19:23:00,39.6,39.6,39.58,39.59,1084
"15014",2020-09-09 19:24:00,39.58,39.58,39.55,39.55,1542
"15015",2020-09-09 19:25:00,39.57,39.58,39.57,39.57,1931
"15016",2020-09-09 19:26:00,39.58,39.58,39.56,39.56,1162
"15017",2020-09-09 19:27:00,39.58,39.59,39.58,39.59,5
"15018",2020-09-09 19:28:00,39.6,39.61,39.58,39.59,1216
"15019",2020-09-09 19:29:00,39.57,39.57,39.57,39.57,363
"15020",2020-09-09 19:30:00,39.59,39.6,39.58,39.58,951
"15021",2020-09-09 19:31:00,39.6,39.62,39.6,39.62,1399
"15022",2020-09-09 19:32:00,39.62,39.62,39.6,39.62,655
"15023",2020-09-09 19:33:00,39.62,39.62,39.6,39.61,1172
"15024",2020-09-09 19:34:00,39.61,39.62,39.6,39.61,1058
"15025",2020-09-09 19:35:00,39.6,39.61,39.59,39.59,1310
"15026",2020-09-09 19:36:00,39.6,39.62,39.6,39.62,865
"15027",2020-09-09 19:37:00,39.62,39.62,39.57,39.58,2096
"15028",2020-09-09 19:38:00,39.58,39.58,39.56,39.57,599
"15029",2020-09-09 19:39:00,39.57,39.57,39.56,39.56,2076
"15030",2020-09-09 19:40:00,39.55,39.57,39.54,39.57,4298
"15031",2020-09-09 19:41:00,39.57,39.59,39.56,39.56,1804
"15032",2020-09-09 19:42:00,39.56,39.57,39.56,39.56,1428
"15033",2020-09-09 19:43:00,39.57,39.58,39.56,39.58,724
"15034",2020-09-09 19:44:00,39.59,39.6,39.58,39.59,933
"15035",2020-09-09 19:45:00,39.6,39.6,39.59,39.59,368
"15036",2020-09-09 19:46:00,39.6,39.61,39.6,39.61,1138
"15037",2020-09-09 19:47:00,39.61,39.61,39.6,39.6,1164
"15038",2020-09-09 19:48:00,39.6,39.62,39.6,39.62,313
"15039",2020-09-09 19:49:00,39.62,39.62,39.62,39.62,801
"15040",2020-09-09 19:50:00,39.62,39.64,39.62,39.64,1585
"15041",2020-09-09 19:51:00,39.64,39.64,39.62,39.63,702
"15042",2020-09-09 19:52:00,39.63,39.63,39.61,39.61,592
"15043",2020-09-09 19:53:00,39.62,39.62,39.61,39.61,462
"15044",2020-09-09 19:54:00,39.62,39.64,39.62,39.63,912
"15045",2020-09-09 19:55:00,39.64,39.64,39.6,39.6,1900
"15046",2020-09-09 19:56:00,39.61,39.62,39.6,39.6,1162
"15047",2020-09-09 19:57:00,39.61,39.61,39.6,39.61,1364
"15048",2020-09-09 19:58:00,39.62,39.62,39.6,39.61,3477
"15049",2020-09-09 19:59:00,39.61,39.62,39.6,39.61,927
"15050",2020-09-09 20:00:00,39.62,39.64,39.62,39.64,388
"15051",2020-09-09 20:01:00,39.64,39.67,39.64,39.66,7134
"15052",2020-09-09 20:02:00,39.64,39.67,39.64,39.67,1174
"15053",2020-09-09 20:03:00,39.68,39.68,39.66,39.66,1630
"15054",2020-09-09 20:04:00,39.67,39.7,39.67,39.7,2392
"15055",2020-09-09 20:05:00,39.7,39.7,39.68,39.68,1808
"15056",2020-09-09 20:06:00,39.69,39.69,39.68,39.68,2091
"15057",2020-09-09 20:07:00,39.68,39.7,39.67,39.7,3530
"15058",2020-09-09 20:08:00,39.71,39.71,39.69,39.69,2757
"15059",2020-09-09 20:09:00,39.69,39.69,39.67,39.67,865
"15060",2020-09-09 20:10:00,39.67,39.68,39.67,39.68,849
"15061",2020-09-09 20:11:00,39.68,39.68,39.67,39.67,1830
"15062",2020-09-09 20:12:00,39.66,39.69,39.66,39.69,1762
"15063",2020-09-09 20:13:00,39.7,39.72,39.7,39.71,1854
"15064",2020-09-09 20:14:00,39.7,39.7,39.65,39.65,930
"15065",2020-09-09 20:15:00,39.65,39.67,39.65,39.67,1730
"15066",2020-09-09 20:16:00,39.67,39.67,39.6,39.62,4096
"15067",2020-09-09 20:17:00,39.62,39.63,39.58,39.58,3775
"15068",2020-09-09 20:18:00,39.6,39.62,39.59,39.61,1842
"15069",2020-09-09 20:19:00,39.59,39.59,39.56,39.56,2776
"15070",2020-09-09 20:20:00,39.54,39.54,39.5,39.52,9309
"15071",2020-09-09 20:21:00,39.52,39.54,39.51,39.52,4571
"15072",2020-09-09 20:22:00,39.53,39.56,39.53,39.56,1551
"15073",2020-09-09 20:23:00,39.55,39.56,39.53,39.53,1471
"15074",2020-09-09 20:24:00,39.54,39.56,39.54,39.55,377
"15075",2020-09-09 20:25:00,39.55,39.56,39.54,39.54,1109
"15076",2020-09-09 20:26:00,39.55,39.55,39.53,39.54,2373
"15077",2020-09-09 20:27:00,39.54,39.56,39.54,39.56,303
"15078",2020-09-09 20:28:00,39.56,39.59,39.56,39.57,2294
"15079",2020-09-09 20:29:00,39.58,39.59,39.58,39.58,203
"15080",2020-09-09 20:30:00,39.57,39.57,39.54,39.54,2735
"15081",2020-09-09 20:31:00,39.54,39.56,39.52,39.52,5399
"15082",2020-09-09 20:32:00,39.52,39.52,39.48,39.49,2855
"15083",2020-09-09 20:33:00,39.5,39.5,39.47,39.47,1126
"15084",2020-09-09 20:34:00,39.47,39.48,39.45,39.46,4107
"15085",2020-09-09 20:35:00,39.46,39.46,39.45,39.46,1255
"15086",2020-09-09 20:36:00,39.46,39.5,39.46,39.49,1115
"15087",2020-09-09 20:37:00,39.5,39.51,39.48,39.5,1534
"15088",2020-09-09 20:38:00,39.5,39.52,39.48,39.52,6802
"15089",2020-09-09 20:39:00,39.52,39.52,39.49,39.5,1825
"15090",2020-09-09 20:40:00,39.52,39.52,39.51,39.52,3933
"15091",2020-09-09 20:41:00,39.53,39.53,39.5,39.5,3303
"15092",2020-09-09 20:42:00,39.5,39.5,39.45,39.45,4555
"15093",2020-09-09 20:43:00,39.45,39.45,39.42,39.44,4112
"15094",2020-09-09 20:44:00,39.44,39.44,39.4,39.4,5950
"15095",2020-09-09 20:45:00,39.4,39.4,39.37,39.38,3240
"15096",2020-09-09 20:46:00,39.37,39.39,39.37,39.38,816
"15097",2020-09-09 20:47:00,39.39,39.4,39.39,39.4,686
"15098",2020-09-09 20:48:00,39.37,39.38,39.37,39.38,215
"15099",2020-09-09 20:49:00,39.39,39.41,39.39,39.41,1213
"15100",2020-09-09 20:50:00,39.41,39.44,39.4,39.43,6661
"15101",2020-09-09 20:51:00,39.43,39.44,39.39,39.43,2380
"15102",2020-09-09 20:52:00,39.42,39.44,39.42,39.44,1026
"15103",2020-09-09 20:53:00,39.44,39.44,39.38,39.38,1448
"15104",2020-09-09 20:54:00,39.38,39.41,39.38,39.41,675
"15105",2020-09-09 20:55:00,39.4,39.42,39.4,39.42,1001
"15106",2020-09-09 20:56:00,39.43,39.43,39.4,39.42,2324
"15107",2020-09-09 20:57:00,39.42,39.46,39.42,39.45,1175
"15108",2020-09-09 20:58:00,39.43,39.43,39.37,39.37,1880
"15109",2020-09-09 20:59:00,39.36,39.36,39.33,39.33,906
"15110",2020-09-09 21:00:00,39.33,39.34,39.29,39.3,1952
"15111",2020-09-09 21:01:00,39.31,39.33,39.31,39.33,1553
"15112",2020-09-09 21:02:00,39.35,39.35,39.32,39.32,906
"15113",2020-09-09 21:03:00,39.34,39.35,39.33,39.34,1413
"15114",2020-09-09 21:04:00,39.34,39.36,39.34,39.36,364
"15115",2020-09-09 21:05:00,39.34,39.34,39.3,39.3,2334
"15116",2020-09-09 21:06:00,39.31,39.32,39.29,39.32,833
"15117",2020-09-09 21:07:00,39.33,39.34,39.32,39.34,1159
"15118",2020-09-09 21:08:00,39.34,39.38,39.34,39.36,1304
"15119",2020-09-09 21:09:00,39.38,39.38,39.38,39.38,800
"15120",2020-09-09 21:10:00,39.39,39.39,39.35,39.36,3775
"15121",2020-09-09 21:11:00,39.36,39.37,39.34,39.34,1728
"15122",2020-09-09 21:12:00,39.34,39.34,39.3,39.31,1654
"15123",2020-09-09 21:13:00,39.31,39.32,39.31,39.32,2772
"15124",2020-09-09 21:14:00,39.31,39.31,39.28,39.28,1134
"15125",2020-09-09 21:15:00,39.27,39.27,39.26,39.27,756
"15126",2020-09-09 21:16:00,39.27,39.28,39.27,39.28,1529
"15127",2020-09-09 21:17:00,39.27,39.29,39.25,39.29,4120
"15128",2020-09-09 21:18:00,39.29,39.3,39.28,39.28,923
"15129",2020-09-09 21:19:00,39.29,39.3,39.29,39.3,1145
"15130",2020-09-09 21:20:00,39.31,39.33,39.3,39.33,3435
"15131",2020-09-09 21:21:00,39.33,39.34,39.32,39.34,1175
"15132",2020-09-09 21:22:00,39.35,39.4,39.35,39.4,2904
"15133",2020-09-09 21:23:00,39.38,39.38,39.36,39.37,2980
"15134",2020-09-09 21:24:00,39.37,39.38,39.36,39.38,1102
"15135",2020-09-09 21:25:00,39.38,39.4,39.38,39.38,2589
"15136",2020-09-09 21:26:00,39.41,39.44,39.4,39.41,3085
"15137",2020-09-09 21:27:00,39.41,39.41,39.35,39.36,2638
"15138",2020-09-09 21:28:00,39.37,39.37,39.33,39.33,2738
"15139",2020-09-09 21:29:00,39.34,39.38,39.34,39.38,607
"15140",2020-09-09 21:30:00,39.39,39.39,39.38,39.38,1682
"15141",2020-09-09 21:31:00,39.39,39.42,39.38,39.42,1095
"15142",2020-09-09 21:32:00,39.41,39.43,39.41,39.43,1181
"15143",2020-09-09 21:33:00,39.44,39.44,39.42,39.43,899
"15144",2020-09-09 21:34:00,39.44,39.45,39.42,39.45,1949
"15145",2020-09-09 21:35:00,39.45,39.47,39.45,39.46,1187
"15146",2020-09-09 21:36:00,39.46,39.46,39.46,39.46,620
"15147",2020-09-09 21:37:00,39.47,39.48,39.47,39.48,1099
"15148",2020-09-09 21:38:00,39.47,39.47,39.46,39.47,2142
"15149",2020-09-09 21:39:00,39.46,39.46,39.45,39.45,2298
"15150",2020-09-09 21:40:00,39.47,39.48,39.46,39.47,1570
"15151",2020-09-09 21:41:00,39.48,39.48,39.45,39.45,2562
"15152",2020-09-09 21:42:00,39.45,39.46,39.45,39.46,1308
"15153",2020-09-09 21:43:00,39.46,39.46,39.44,39.44,802
"15154",2020-09-09 21:44:00,39.46,39.47,39.46,39.47,761
"15155",2020-09-09 21:45:00,39.47,39.47,39.46,39.46,2468
"15156",2020-09-09 21:46:00,39.46,39.48,39.46,39.48,315
"15157",2020-09-09 21:47:00,39.48,39.48,39.42,39.42,2236
"15158",2020-09-09 21:48:00,39.42,39.42,39.39,39.39,940
"15159",2020-09-09 21:49:00,39.4,39.42,39.4,39.42,713
"15160",2020-09-09 21:50:00,39.42,39.43,39.4,39.4,1795
"15161",2020-09-09 21:51:00,39.42,39.42,39.38,39.4,1807
"15162",2020-09-09 21:52:00,39.41,39.42,39.4,39.41,1752
"15163",2020-09-09 21:53:00,39.43,39.43,39.43,39.43,401
"15164",2020-09-09 21:54:00,39.44,39.47,39.44,39.47,1484
"15165",2020-09-09 21:55:00,39.47,39.49,39.47,39.48,1412
"15166",2020-09-09 21:56:00,39.49,39.49,39.47,39.47,1199
"15167",2020-09-09 21:57:00,39.47,39.47,39.46,39.46,726
"15168",2020-09-09 21:58:00,39.44,39.47,39.44,39.47,1725
"15169",2020-09-09 21:59:00,39.48,39.48,39.44,39.46,3018
"15170",2020-09-09 22:00:00,39.45,39.45,39.43,39.44,2440
"15171",2020-09-09 22:01:00,39.45,39.46,39.45,39.46,825
"15172",2020-09-09 22:02:00,39.46,39.48,39.46,39.46,1423
"15173",2020-09-09 22:03:00,39.46,39.48,39.46,39.48,1521
"15174",2020-09-09 22:04:00,39.48,39.51,39.48,39.51,3048
"15175",2020-09-09 22:05:00,39.5,39.5,39.49,39.49,1250
"15176",2020-09-09 22:06:00,39.48,39.49,39.46,39.48,1122
"15177",2020-09-09 22:07:00,39.49,39.49,39.48,39.49,1777
"15178",2020-09-09 22:08:00,39.49,39.49,39.49,39.49,254
"15179",2020-09-09 22:09:00,39.48,39.5,39.48,39.5,2700
"15180",2020-09-09 22:10:00,39.5,39.52,39.5,39.52,1390
"15181",2020-09-09 22:11:00,39.53,39.53,39.52,39.52,2440
"15182",2020-09-09 22:12:00,39.5,39.51,39.46,39.46,1645
"15183",2020-09-09 22:13:00,39.47,39.49,39.47,39.47,1013
"15184",2020-09-09 22:14:00,39.47,39.57,39.47,39.57,14921
"15185",2020-09-09 22:15:00,39.57,39.62,39.57,39.6,11417
"15186",2020-09-09 22:16:00,39.63,39.65,39.63,39.63,4715
"15187",2020-09-09 22:17:00,39.64,39.67,39.64,39.65,2874
"15188",2020-09-09 22:18:00,39.65,39.66,39.63,39.63,2494
"15189",2020-09-09 22:19:00,39.63,39.64,39.61,39.61,2721
"15190",2020-09-09 22:20:00,39.61,39.63,39.6,39.63,2277
"15191",2020-09-09 22:21:00,39.64,39.67,39.64,39.66,2268
"15192",2020-09-09 22:22:00,39.66,39.66,39.61,39.61,2002
"15193",2020-09-09 22:23:00,39.6,39.64,39.6,39.64,1320
"15194",2020-09-09 22:24:00,39.65,39.68,39.65,39.68,2207
"15195",2020-09-09 22:25:00,39.7,39.73,39.68,39.73,9241
"15196",2020-09-09 22:26:00,39.72,39.77,39.72,39.76,7485
"15197",2020-09-09 22:27:00,39.77,39.77,39.68,39.72,3999
"15198",2020-09-09 22:28:00,39.73,39.75,39.73,39.75,3349
"15199",2020-09-09 22:29:00,39.76,39.76,39.75,39.75,3471
"15200",2020-09-09 22:30:00,39.75,39.78,39.74,39.74,3820
"15201",2020-09-09 22:31:00,39.75,39.76,39.7,39.76,4740
"15202",2020-09-09 22:32:00,39.77,39.8,39.77,39.78,2384
"15203",2020-09-09 22:33:00,39.78,39.8,39.78,39.79,1889
"15204",2020-09-09 22:34:00,39.8,39.8,39.77,39.79,3475
"15205",2020-09-09 22:35:00,39.79,39.8,39.76,39.79,3348
"15206",2020-09-09 22:36:00,39.78,39.79,39.71,39.73,5876
"15207",2020-09-09 22:37:00,39.74,39.76,39.72,39.73,4241
"15208",2020-09-09 22:38:00,39.74,39.75,39.71,39.72,4029
"15209",2020-09-09 22:39:00,39.72,39.72,39.68,39.68,5946
"15210",2020-09-09 22:40:00,39.67,39.67,39.6,39.6,4374
"15211",2020-09-09 22:41:00,39.62,39.62,39.56,39.58,8208
"15212",2020-09-09 22:42:00,39.58,39.6,39.57,39.58,3150
"15213",2020-09-09 22:43:00,39.58,39.59,39.54,39.58,4607
"15214",2020-09-09 22:44:00,39.57,39.57,39.54,39.54,2211
"15215",2020-09-09 22:45:00,39.56,39.61,39.56,39.6,4169
"15216",2020-09-09 22:46:00,39.6,39.6,39.54,39.54,3147
"15217",2020-09-09 22:47:00,39.53,39.57,39.52,39.57,3886
"15218",2020-09-09 22:48:00,39.56,39.56,39.53,39.55,3071
"15219",2020-09-09 22:49:00,39.55,39.57,39.52,39.55,3180
"15220",2020-09-09 22:50:00,39.55,39.57,39.54,39.57,3482
"15221",2020-09-09 22:51:00,39.6,39.6,39.52,39.56,5874
"15222",2020-09-09 22:52:00,39.56,39.57,39.54,39.57,7754
"15223",2020-09-09 22:53:00,39.58,39.66,39.58,39.66,15139
"15224",2020-09-09 22:54:00,39.66,39.68,39.62,39.68,10229
"15225",2020-09-09 22:55:00,39.68,39.74,39.68,39.74,12112
"15226",2020-09-09 22:56:00,39.74,39.74,39.7,39.7,15697
"15227",2020-09-09 22:57:00,39.7,39.7,39.64,39.66,7283
"15228",2020-09-09 22:58:00,39.66,39.68,39.64,39.68,15819
"15229",2020-09-09 22:59:00,39.68,39.68,39.6,39.61,15064
"15230",2020-09-09 23:00:00,39.62,39.65,39.52,39.55,21035
"15231",2020-09-09 23:01:00,39.71,39.71,39.71,39.71,5
"15232",2020-09-09 23:03:00,39.14,39.56,39.14,39.35,10646
"15233",2020-09-09 23:06:00,39.55,39.55,39.55,39.55,6
"15234",2020-09-09 23:09:00,39.5,39.5,39.5,39.5,16
"15235",2020-09-09 23:10:00,39.35,39.35,39.35,39.35,20
"15236",2020-09-09 23:11:00,39.5,39.5,39.5,39.5,500
"15237",2020-09-09 23:12:00,39.41,39.41,39.41,39.41,15
"15238",2020-09-09 23:13:00,39.49,39.49,39.49,39.49,1
"15239",2020-09-09 23:20:00,39.42,39.42,39.42,39.42,16
"15240",2020-09-09 23:30:00,39.49,39.49,39.49,39.49,1
"15241",2020-09-09 23:32:00,39.5,39.5,39.5,39.5,1
"15242",2020-09-09 23:42:00,39.49,39.49,39.45,39.45,1004
"15243",2020-09-09 23:46:00,39.5,39.5,39.5,39.5,2
"15244",2020-09-09 23:48:00,39.5,39.5,39.5,39.5,100
"15245",2020-09-09 23:51:00,39.5,39.5,39.5,39.5,2
"15246",2020-09-09 23:54:00,39.45,39.45,39.45,39.45,1
"15247",2020-09-10 00:06:00,39.5,39.5,39.5,39.5,100
"15248",2020-09-10 00:13:00,39.5,39.5,39.5,39.5,120
"15249",2020-09-10 00:14:00,39.5,39.5,39.5,39.5,120
"15250",2020-09-10 00:15:00,39.45,39.45,39.45,39.45,1
"15251",2020-09-10 00:49:00,39.49,39.49,39.49,39.49,110
"15252",2020-09-10 00:51:00,39.49,39.49,39.49,39.49,127
"15253",2020-09-10 00:53:00,39.49,39.49,39.49,39.49,1
"15254",2020-09-10 01:01:00,39.49,39.5,39.49,39.5,1827
"15255",2020-09-10 01:04:00,39.5,39.5,39.5,39.5,100
"15256",2020-09-10 01:06:00,39.5,39.5,39.5,39.5,238
"15257",2020-09-10 01:08:00,39.5,39.5,39.5,39.5,2827
"15258",2020-09-10 01:09:00,39.5,39.5,39.5,39.5,500
"15259",2020-09-10 01:11:00,39.5,39.5,39.5,39.5,2047
"15260",2020-09-10 01:15:00,39.5,39.5,39.5,39.5,500
"15261",2020-09-10 01:16:00,39.5,39.5,39.5,39.5,126
"15262",2020-09-10 01:19:00,39.5,39.5,39.5,39.5,15
"15263",2020-09-10 01:20:00,39.5,39.5,39.45,39.5,1002
"15264",2020-09-10 01:21:00,39.5,39.5,39.5,39.5,400
"15265",2020-09-10 01:23:00,39.5,39.5,39.5,39.5,512
"15266",2020-09-10 01:27:00,39.55,39.55,39.55,39.55,8
"15267",2020-09-10 10:02:00,39.78,39.78,39.78,39.78,10
"15268",2020-09-10 10:03:00,39.77,39.77,39.77,39.77,1
"15269",2020-09-10 10:07:00,39.69,39.69,39.56,39.56,2
"15270",2020-09-10 10:09:00,39.7,39.7,39.7,39.7,10
"15271",2020-09-10 10:10:00,39.58,39.58,39.58,39.58,1
"15272",2020-09-10 10:17:00,39.7,39.7,39.7,39.7,1
"15273",2020-09-10 10:19:00,39.58,39.58,39.58,39.58,1
"15274",2020-09-10 10:23:00,39.54,39.54,39.54,39.54,1
"15275",2020-09-10 10:25:00,39.69,39.69,39.69,39.69,1
"15276",2020-09-10 10:26:00,39.54,39.54,39.54,39.54,2
"15277",2020-09-10 10:28:00,39.7,39.7,39.7,39.7,17
"15278",2020-09-10 10:29:00,39.7,39.7,39.7,39.7,1
"15279",2020-09-10 10:30:00,39.68,39.68,39.68,39.68,1
"15280",2020-09-10 10:39:00,39.53,39.53,39.53,39.53,1
"15281",2020-09-10 10:45:00,39.53,39.53,39.53,39.53,8
"15282",2020-09-10 10:46:00,39.51,39.51,39.51,39.51,2
"15283",2020-09-10 10:47:00,39.43,39.43,39.43,39.43,3
"15284",2020-09-10 10:50:00,39.51,39.51,39.51,39.51,3
"15285",2020-09-10 10:57:00,39.51,39.51,39.51,39.51,1
"15286",2020-09-10 11:03:00,39.4,39.4,39.29,39.29,10
"15287",2020-09-10 11:04:00,39.27,39.27,39.27,39.27,1
"15288",2020-09-10 11:05:00,39.27,39.27,39.27,39.27,1
"15289",2020-09-10 11:07:00,39.35,39.35,39.35,39.35,3
"15290",2020-09-10 11:10:00,39.51,39.51,39.51,39.51,15
"15291",2020-09-10 11:11:00,39.51,39.55,39.51,39.55,20
"15292",2020-09-10 11:24:00,39.26,39.26,39.26,39.26,150
"15293",2020-09-10 11:25:00,39.42,39.42,39.42,39.42,1
"15294",2020-09-10 11:26:00,39.25,39.25,39.25,39.25,6
"15295",2020-09-10 11:37:00,39.39,39.39,39.39,39.39,2
"15296",2020-09-10 11:38:00,39.55,39.55,39.55,39.55,1
"15297",2020-09-10 11:39:00,39.39,39.39,39.38,39.38,5
"15298",2020-09-10 11:40:00,39.39,39.39,39.39,39.39,1
"15299",2020-09-10 12:03:00,39.33,39.33,39.33,39.33,10
"15300",2020-09-10 12:17:00,39.5,39.5,39.5,39.5,2
"15301",2020-09-10 12:21:00,39.42,39.42,39.42,39.42,1
"15302",2020-09-10 12:58:00,39.45,39.45,39.45,39.45,17
"15303",2020-09-10 13:09:00,39.62,39.62,39.62,39.62,1
"15304",2020-09-10 13:11:00,39.72,39.72,39.72,39.72,100
"15305",2020-09-10 13:33:00,39.5,39.5,39.45,39.45,4
"15306",2020-09-10 13:38:00,39.45,39.45,39.45,39.45,9
"15307",2020-09-10 14:01:00,39.5,39.5,39.5,39.5,1
"15308",2020-09-10 14:19:00,39.46,39.46,39.46,39.46,2
"15309",2020-09-10 14:33:00,39.42,39.43,39.42,39.43,2
"15310",2020-09-10 14:38:00,39.46,39.46,39.46,39.46,6
"15311",2020-09-10 14:50:00,39.46,39.46,39.46,39.46,1
"15312",2020-09-10 14:54:00,39.47,39.47,39.47,39.47,1
"15313",2020-09-10 14:56:00,39.5,39.5,39.5,39.5,2
"15314",2020-09-10 14:58:00,39.5,39.5,39.5,39.5,3
"15315",2020-09-10 15:00:00,39.5,39.56,39.5,39.56,34
"15316",2020-09-10 15:09:00,39.56,39.6,39.56,39.6,3
"15317",2020-09-10 15:11:00,39.6,39.66,39.6,39.66,43
"15318",2020-09-10 15:16:00,39.72,39.72,39.71,39.71,557
"15319",2020-09-10 15:21:00,39.77,39.77,39.77,39.77,13
"15320",2020-09-10 15:23:00,39.7,39.7,39.7,39.7,1
"15321",2020-09-10 15:29:00,39.71,39.71,39.71,39.71,5
"15322",2020-09-10 15:33:00,39.7,39.7,39.7,39.7,125
"15323",2020-09-10 15:34:00,39.51,39.71,39.51,39.71,113
"15324",2020-09-10 15:35:00,39.7,39.7,39.7,39.7,48
"15325",2020-09-10 15:36:00,39.7,39.7,39.7,39.7,99
"15326",2020-09-10 15:38:00,39.73,39.77,39.71,39.71,130
"15327",2020-09-10 15:40:00,39.8,39.8,39.8,39.8,1
"15328",2020-09-10 15:43:00,39.76,39.8,39.76,39.77,30
"15329",2020-09-10 15:48:00,39.65,39.78,39.65,39.78,28
"15330",2020-09-10 15:53:00,39.8,39.8,39.8,39.8,2
"15331",2020-09-10 15:56:00,39.77,39.77,39.77,39.77,100
"15332",2020-09-10 15:59:00,39.75,39.75,39.75,39.75,21
"15333",2020-09-10 16:01:00,39.79,39.79,39.79,39.79,18
"15334",2020-09-10 16:03:00,39.71,39.71,39.71,39.71,4
"15335",2020-09-10 16:04:00,39.71,39.78,39.71,39.71,32
"15336",2020-09-10 16:05:00,39.71,39.79,39.71,39.79,2
"15337",2020-09-10 16:06:00,39.82,39.82,39.82,39.82,100
"15338",2020-09-10 16:07:00,39.76,39.76,39.76,39.76,6
"15339",2020-09-10 16:09:00,39.75,39.75,39.75,39.75,1
"15340",2020-09-10 16:10:00,39.76,39.76,39.76,39.76,95
"15341",2020-09-10 16:12:00,39.82,39.82,39.82,39.82,127
"15342",2020-09-10 16:15:00,39.84,39.84,39.84,39.84,1
"15343",2020-09-10 16:16:00,39.89,39.89,39.79,39.79,112
"15344",2020-09-10 16:17:00,39.7,39.79,39.7,39.79,3
"15345",2020-09-10 16:18:00,39.7,39.7,39.7,39.7,3
"15346",2020-09-10 16:19:00,39.7,39.7,39.7,39.7,1
"15347",2020-09-10 16:20:00,39.76,39.76,39.7,39.7,28
"15348",2020-09-10 16:21:00,39.8,39.81,39.72,39.72,3
"15349",2020-09-10 16:23:00,39.82,39.89,39.81,39.81,450
"15350",2020-09-10 16:24:00,39.82,39.82,39.82,39.82,20
"15351",2020-09-10 16:25:00,39.73,39.98,39.73,39.9,102
"15352",2020-09-10 16:26:00,39.95,39.95,39.7,39.88,351
"15353",2020-09-10 16:27:00,39.97,39.97,39.75,39.75,490
"15354",2020-09-10 16:29:00,39.83,39.86,39.83,39.86,110
"15355",2020-09-10 16:30:00,39.72,39.77,39.64,39.75,694
"15356",2020-09-10 16:31:00,39.77,40.01,39.77,39.94,7819
"15357",2020-09-10 16:32:00,40,40.09,39.98,39.98,6020
"15358",2020-09-10 16:33:00,40.02,40.15,39.97,40.05,9628
"15359",2020-09-10 16:34:00,40.02,40.13,39.98,40.1,9715
"15360",2020-09-10 16:35:00,40.14,40.22,40.09,40.17,7605
"15361",2020-09-10 16:36:00,40.17,40.22,40.15,40.19,8120
"15362",2020-09-10 16:37:00,40.21,40.25,40.16,40.16,16411
"15363",2020-09-10 16:38:00,40.16,40.21,40.13,40.21,3893
"15364",2020-09-10 16:39:00,40.23,40.28,40.21,40.25,5335
"15365",2020-09-10 16:40:00,40.23,40.23,40.14,40.14,10164
"15366",2020-09-10 16:41:00,40.15,40.24,40.11,40.11,12016
"15367",2020-09-10 16:42:00,40.1,40.16,40.05,40.14,7338
"15368",2020-09-10 16:43:00,40.14,40.22,40.13,40.13,4897
"15369",2020-09-10 16:44:00,40.1,40.1,39.98,39.98,8477
"15370",2020-09-10 16:45:00,39.98,40.06,39.96,40.04,5537
"15371",2020-09-10 16:46:00,40.05,40.05,39.97,40.01,4243
"15372",2020-09-10 16:47:00,40.02,40.04,39.99,40.02,872
"15373",2020-09-10 16:48:00,40.02,40.14,40.02,40.14,3502
"15374",2020-09-10 16:49:00,40.14,40.15,40.06,40.06,1710
"15375",2020-09-10 16:50:00,40.07,40.08,40.02,40.02,4318
"15376",2020-09-10 16:51:00,40.01,40.02,39.87,39.88,4880
"15377",2020-09-10 16:52:00,39.89,39.92,39.84,39.86,3518
"15378",2020-09-10 16:53:00,39.85,39.91,39.84,39.89,6226
"15379",2020-09-10 16:54:00,39.89,39.93,39.89,39.93,579
"15380",2020-09-10 16:55:00,39.94,40.02,39.94,40,4507
"15381",2020-09-10 16:56:00,39.98,40.1,39.98,40.08,8164
"15382",2020-09-10 16:57:00,40.07,40.09,40.03,40.08,3614
"15383",2020-09-10 16:58:00,40.07,40.07,40,40,2070
"15384",2020-09-10 16:59:00,40.01,40.01,39.94,39.94,6066
"15385",2020-09-10 17:00:00,39.97,39.97,39.92,39.94,2468
"15386",2020-09-10 17:01:00,39.94,40.12,39.93,40.11,5225
"15387",2020-09-10 17:02:00,40.12,40.22,40.12,40.21,2140
"15388",2020-09-10 17:03:00,40.2,40.25,40.18,40.25,4949
"15389",2020-09-10 17:04:00,40.26,40.31,40.26,40.3,2485
"15390",2020-09-10 17:05:00,40.27,40.32,40.23,40.32,1433
"15391",2020-09-10 17:06:00,40.34,40.38,40.31,40.32,3270
"15392",2020-09-10 17:07:00,40.33,40.33,40.25,40.26,2879
"15393",2020-09-10 17:08:00,40.25,40.27,40.24,40.25,1220
"15394",2020-09-10 17:09:00,40.25,40.3,40.25,40.3,1204
"15395",2020-09-10 17:10:00,40.29,40.31,40.27,40.28,2248
"15396",2020-09-10 17:11:00,40.3,40.32,40.26,40.27,3863
"15397",2020-09-10 17:12:00,40.26,40.26,40.18,40.19,704
"15398",2020-09-10 17:13:00,40.22,40.28,40.22,40.27,777
"15399",2020-09-10 17:14:00,40.25,40.28,40.25,40.26,2016
"15400",2020-09-10 17:15:00,40.25,40.32,40.24,40.3,3586
"15401",2020-09-10 17:16:00,40.3,40.34,40.27,40.31,2979
"15402",2020-09-10 17:17:00,40.33,40.37,40.33,40.35,2286
"15403",2020-09-10 17:18:00,40.37,40.37,40.34,40.34,939
"15404",2020-09-10 17:19:00,40.35,40.37,40.35,40.37,1222
"15405",2020-09-10 17:20:00,40.38,40.38,40.34,40.36,5494
"15406",2020-09-10 17:21:00,40.38,40.38,40.35,40.35,1424
"15407",2020-09-10 17:22:00,40.33,40.34,40.3,40.3,2869
"15408",2020-09-10 17:23:00,40.3,40.35,40.3,40.34,1783
"15409",2020-09-10 17:24:00,40.35,40.4,40.31,40.31,4471
"15410",2020-09-10 17:25:00,40.3,40.31,40.24,40.24,2100
"15411",2020-09-10 17:26:00,40.24,40.24,40.17,40.21,9428
"15412",2020-09-10 17:27:00,40.2,40.2,40.17,40.19,1756
"15413",2020-09-10 17:28:00,40.18,40.26,40.18,40.22,2472
"15414",2020-09-10 17:29:00,40.21,40.25,40.21,40.25,2187
"15415",2020-09-10 17:30:00,40.24,40.31,40.24,40.25,6018
"15416",2020-09-10 17:31:00,40.24,40.32,40.24,40.32,3374
"15417",2020-09-10 17:32:00,40.32,40.32,40.3,40.31,2606
"15418",2020-09-10 17:33:00,40.31,40.32,40.28,40.31,2404
"15419",2020-09-10 17:34:00,40.33,40.34,40.32,40.32,2261
"15420",2020-09-10 17:35:00,40.31,40.33,40.29,40.31,3356
"15421",2020-09-10 17:36:00,40.31,40.32,40.26,40.27,3857
"15422",2020-09-10 17:37:00,40.3,40.31,40.26,40.31,3591
"15423",2020-09-10 17:38:00,40.28,40.3,40.27,40.27,3667
"15424",2020-09-10 17:39:00,40.26,40.32,40.25,40.32,1608
"15425",2020-09-10 17:40:00,40.32,40.33,40.31,40.33,542
"15426",2020-09-10 17:41:00,40.33,40.33,40.28,40.31,2840
"15427",2020-09-10 17:42:00,40.33,40.38,40.32,40.36,3973
"15428",2020-09-10 17:43:00,40.35,40.35,40.26,40.27,1373
"15429",2020-09-10 17:44:00,40.27,40.29,40.26,40.27,2373
"15430",2020-09-10 17:45:00,40.29,40.29,40.18,40.18,4296
"15431",2020-09-10 17:46:00,40.19,40.19,40.05,40.06,8810
"15432",2020-09-10 17:47:00,40.03,40.04,39.96,39.97,5024
"15433",2020-09-10 17:48:00,39.99,40.01,39.96,39.99,3737
"15434",2020-09-10 17:49:00,40,40.02,39.97,40,7515
"15435",2020-09-10 17:50:00,40.01,40.01,39.92,39.94,7006
"15436",2020-09-10 17:51:00,39.94,39.99,39.93,39.99,5467
"15437",2020-09-10 17:52:00,39.97,40.05,39.97,40.05,3840
"15438",2020-09-10 17:53:00,40.05,40.16,40.04,40.15,6231
"15439",2020-09-10 17:54:00,40.15,40.15,40.09,40.12,2785
"15440",2020-09-10 17:55:00,40.13,40.13,40.09,40.11,6828
"15441",2020-09-10 17:56:00,40.11,40.14,40.11,40.14,8282
"15442",2020-09-10 17:57:00,40.15,40.16,40.08,40.08,6371
"15443",2020-09-10 17:58:00,40.08,40.08,39.98,39.98,14413
"15444",2020-09-10 17:59:00,39.99,39.99,39.86,39.89,12040
"15445",2020-09-10 18:00:00,39.89,39.91,39.82,39.82,5593
"15446",2020-09-10 18:01:00,39.82,39.82,39.72,39.72,9331
"15447",2020-09-10 18:02:00,39.74,39.84,39.72,39.81,4751
"15448",2020-09-10 18:03:00,39.82,39.91,39.8,39.89,7993
"15449",2020-09-10 18:04:00,39.88,39.91,39.86,39.87,2607
"15450",2020-09-10 18:05:00,39.85,39.86,39.79,39.82,8848
"15451",2020-09-10 18:06:00,39.84,39.85,39.81,39.83,5991
"15452",2020-09-10 18:07:00,39.85,39.9,39.84,39.9,7339
"15453",2020-09-10 18:08:00,39.89,39.94,39.88,39.94,1466
"15454",2020-09-10 18:09:00,39.93,39.99,39.91,39.99,1249
"15455",2020-09-10 18:10:00,39.96,39.98,39.94,39.95,2140
"15456",2020-09-10 18:11:00,39.95,39.95,39.87,39.88,2819
"15457",2020-09-10 18:12:00,39.85,39.99,39.85,39.99,3064
"15458",2020-09-10 18:13:00,39.99,40.03,39.99,40.02,4086
"15459",2020-09-10 18:14:00,40.02,40.04,40,40.02,2961
"15460",2020-09-10 18:15:00,40.03,40.03,40.01,40.02,802
"15461",2020-09-10 18:16:00,40.01,40.06,39.98,40,3145
"15462",2020-09-10 18:17:00,39.98,39.98,39.86,39.86,6459
"15463",2020-09-10 18:18:00,39.9,39.91,39.88,39.88,3469
"15464",2020-09-10 18:19:00,39.89,39.9,39.85,39.88,5634
"15465",2020-09-10 18:20:00,39.86,39.97,39.82,39.97,4782
"15466",2020-09-10 18:21:00,39.97,39.98,39.94,39.96,7414
"15467",2020-09-10 18:22:00,39.95,40.01,39.94,39.99,4366
"15468",2020-09-10 18:23:00,40.01,40.05,40,40.04,3768
"15469",2020-09-10 18:24:00,40.04,40.08,40.03,40.08,1156
"15470",2020-09-10 18:25:00,40.06,40.07,40.04,40.06,1669
"15471",2020-09-10 18:26:00,40.06,40.09,40.06,40.08,1502
"15472",2020-09-10 18:27:00,40.08,40.1,40.06,40.09,2115
"15473",2020-09-10 18:28:00,40.1,40.1,40.06,40.07,1632
"15474",2020-09-10 18:29:00,40.09,40.12,40.08,40.09,1138
"15475",2020-09-10 18:30:00,40.09,40.14,40.09,40.14,1624
"15476",2020-09-10 18:31:00,40.15,40.15,40.11,40.14,1764
"15477",2020-09-10 18:32:00,40.13,40.13,40.09,40.1,1776
"15478",2020-09-10 18:33:00,40.09,40.09,40.07,40.08,2299
"15479",2020-09-10 18:34:00,40.11,40.11,40.08,40.08,1296
"15480",2020-09-10 18:35:00,40.09,40.09,40.01,40.01,4700
"15481",2020-09-10 18:36:00,40.02,40.07,40.02,40.05,2751
"15482",2020-09-10 18:37:00,40.06,40.06,40,40,919
"15483",2020-09-10 18:38:00,40.01,40.03,39.99,40.03,2642
"15484",2020-09-10 18:39:00,40.04,40.06,40.02,40.06,1754
"15485",2020-09-10 18:40:00,40.06,40.06,40.02,40.02,556
"15486",2020-09-10 18:41:00,40.02,40.07,40.02,40.04,2023
"15487",2020-09-10 18:42:00,40.04,40.06,40.04,40.06,373
"15488",2020-09-10 18:43:00,40.07,40.1,40.07,40.1,3115
"15489",2020-09-10 18:44:00,40.11,40.12,40.08,40.09,1290
"15490",2020-09-10 18:45:00,40.1,40.12,40.1,40.1,1353
"15491",2020-09-10 18:46:00,40.12,40.12,40.06,40.08,2654
"15492",2020-09-10 18:47:00,40.07,40.09,40.03,40.04,870
"15493",2020-09-10 18:48:00,40.05,40.05,40.03,40.03,934
"15494",2020-09-10 18:49:00,40.05,40.09,40.05,40.08,3341
"15495",2020-09-10 18:50:00,40.1,40.13,40.1,40.12,965
"15496",2020-09-10 18:51:00,40.12,40.12,40.1,40.11,610
"15497",2020-09-10 18:52:00,40.08,40.08,40.06,40.06,1424
"15498",2020-09-10 18:53:00,40.07,40.08,40.06,40.06,1502
"15499",2020-09-10 18:54:00,40.05,40.05,40.03,40.05,1376
"15500",2020-09-10 18:55:00,40.05,40.06,40.02,40.02,2446
"15501",2020-09-10 18:56:00,40.02,40.03,39.92,39.92,5033
"15502",2020-09-10 18:57:00,39.92,39.95,39.92,39.94,3297
"15503",2020-09-10 18:58:00,39.96,39.96,39.91,39.92,2075
"15504",2020-09-10 18:59:00,39.93,39.95,39.92,39.92,2342
"15505",2020-09-10 19:00:00,39.92,39.94,39.9,39.93,2965
"15506",2020-09-10 19:01:00,39.93,39.96,39.92,39.95,3747
"15507",2020-09-10 19:02:00,39.97,40.02,39.97,40,3158
"15508",2020-09-10 19:03:00,39.99,40,39.98,39.98,386
"15509",2020-09-10 19:04:00,39.98,39.98,39.92,39.93,3270
"15510",2020-09-10 19:05:00,39.92,39.92,39.82,39.86,5214
"15511",2020-09-10 19:06:00,39.86,39.91,39.86,39.89,1911
"15512",2020-09-10 19:07:00,39.88,39.95,39.88,39.93,1417
"15513",2020-09-10 19:08:00,39.93,39.95,39.91,39.91,2671
"15514",2020-09-10 19:09:00,39.9,39.94,39.89,39.94,1668
"15515",2020-09-10 19:10:00,39.94,39.94,39.87,39.89,643
"15516",2020-09-10 19:11:00,39.89,39.96,39.89,39.96,477
"15517",2020-09-10 19:12:00,39.98,39.99,39.94,39.94,3047
"15518",2020-09-10 19:13:00,39.95,39.97,39.94,39.95,1939
"15519",2020-09-10 19:14:00,39.94,39.96,39.94,39.94,1319
"15520",2020-09-10 19:15:00,39.94,39.94,39.87,39.87,2577
"15521",2020-09-10 19:16:00,39.86,39.92,39.86,39.92,2341
"15522",2020-09-10 19:17:00,39.91,39.91,39.89,39.91,2365
"15523",2020-09-10 19:18:00,39.89,39.9,39.83,39.83,1983
"15524",2020-09-10 19:19:00,39.84,39.89,39.83,39.89,2220
"15525",2020-09-10 19:20:00,39.87,39.88,39.86,39.88,2334
"15526",2020-09-10 19:21:00,39.87,39.88,39.83,39.84,1716
"15527",2020-09-10 19:22:00,39.83,39.85,39.75,39.78,7014
"15528",2020-09-10 19:23:00,39.77,39.79,39.77,39.77,1934
"15529",2020-09-10 19:24:00,39.75,39.75,39.7,39.7,8169
"15530",2020-09-10 19:25:00,39.7,39.71,39.68,39.71,3791
"15531",2020-09-10 19:26:00,39.7,39.72,39.7,39.72,2232
"15532",2020-09-10 19:27:00,39.72,39.73,39.7,39.73,1946
"15533",2020-09-10 19:28:00,39.72,39.76,39.72,39.75,1212
"15534",2020-09-10 19:29:00,39.74,39.75,39.7,39.74,1767
"15535",2020-09-10 19:30:00,39.74,39.75,39.72,39.72,1510
"15536",2020-09-10 19:31:00,39.74,39.74,39.73,39.74,1103
"15537",2020-09-10 19:32:00,39.73,39.78,39.69,39.78,3764
"15538",2020-09-10 19:33:00,39.82,39.84,39.78,39.8,3977
"15539",2020-09-10 19:34:00,39.81,39.84,39.8,39.83,1742
"15540",2020-09-10 19:35:00,39.83,39.83,39.78,39.78,1036
"15541",2020-09-10 19:36:00,39.77,39.77,39.64,39.64,6218
"15542",2020-09-10 19:37:00,39.64,39.66,39.58,39.61,6324
"15543",2020-09-10 19:38:00,39.63,39.65,39.6,39.62,2444
"15544",2020-09-10 19:39:00,39.62,39.64,39.6,39.6,2827
"15545",2020-09-10 19:40:00,39.57,39.6,39.55,39.57,2045
"15546",2020-09-10 19:41:00,39.58,39.6,39.57,39.6,928
"15547",2020-09-10 19:42:00,39.61,39.64,39.6,39.6,1115
"15548",2020-09-10 19:43:00,39.6,39.66,39.6,39.63,3915
"15549",2020-09-10 19:44:00,39.63,39.63,39.62,39.63,895
"15550",2020-09-10 19:45:00,39.61,39.61,39.57,39.57,4216
"15551",2020-09-10 19:46:00,39.56,39.64,39.56,39.64,1332
"15552",2020-09-10 19:47:00,39.62,39.62,39.6,39.6,301
"15553",2020-09-10 19:48:00,39.62,39.68,39.62,39.65,1550
"15554",2020-09-10 19:49:00,39.62,39.65,39.62,39.64,875
"15555",2020-09-10 19:50:00,39.65,39.67,39.63,39.67,2863
"15556",2020-09-10 19:51:00,39.67,39.73,39.67,39.73,1210
"15557",2020-09-10 19:52:00,39.73,39.76,39.72,39.76,1100
"15558",2020-09-10 19:53:00,39.74,39.76,39.74,39.75,2195
"15559",2020-09-10 19:54:00,39.77,39.79,39.76,39.76,2647
"15560",2020-09-10 19:55:00,39.77,39.77,39.74,39.75,1381
"15561",2020-09-10 19:56:00,39.76,39.79,39.76,39.78,2618
"15562",2020-09-10 19:57:00,39.76,39.77,39.76,39.77,626
"15563",2020-09-10 19:58:00,39.78,39.78,39.77,39.77,952
"15564",2020-09-10 19:59:00,39.77,39.78,39.77,39.78,150
"15565",2020-09-10 20:00:00,39.8,39.82,39.78,39.78,1611
"15566",2020-09-10 20:01:00,39.78,39.8,39.75,39.76,2150
"15567",2020-09-10 20:02:00,39.74,39.75,39.73,39.74,2434
"15568",2020-09-10 20:03:00,39.74,39.82,39.74,39.82,1863
"15569",2020-09-10 20:04:00,39.83,39.85,39.83,39.84,1110
"15570",2020-09-10 20:05:00,39.84,39.84,39.81,39.84,2701
"15571",2020-09-10 20:06:00,39.83,39.83,39.81,39.81,813
"15572",2020-09-10 20:07:00,39.79,39.8,39.76,39.8,2363
"15573",2020-09-10 20:08:00,39.8,39.81,39.79,39.8,415
"15574",2020-09-10 20:09:00,39.8,39.82,39.79,39.8,1426
"15575",2020-09-10 20:10:00,39.8,39.82,39.79,39.82,806
"15576",2020-09-10 20:11:00,39.84,39.86,39.82,39.82,1027
"15577",2020-09-10 20:12:00,39.83,39.83,39.81,39.81,301
"15578",2020-09-10 20:13:00,39.85,39.85,39.83,39.84,521
"15579",2020-09-10 20:14:00,39.82,39.84,39.8,39.8,1308
"15580",2020-09-10 20:15:00,39.81,39.82,39.81,39.82,200
"15581",2020-09-10 20:16:00,39.8,39.86,39.8,39.86,1640
"15582",2020-09-10 20:17:00,39.86,39.87,39.86,39.86,701
"15583",2020-09-10 20:18:00,39.87,39.87,39.84,39.86,501
"15584",2020-09-10 20:19:00,39.87,39.88,39.86,39.86,2786
"15585",2020-09-10 20:20:00,39.9,39.93,39.89,39.93,1460
"15586",2020-09-10 20:21:00,39.92,39.93,39.92,39.92,1499
"15587",2020-09-10 20:22:00,39.9,39.9,39.88,39.88,1118
"15588",2020-09-10 20:23:00,39.88,39.89,39.88,39.89,411
"15589",2020-09-10 20:24:00,39.91,39.93,39.89,39.89,1200
"15590",2020-09-10 20:25:00,39.89,39.89,39.87,39.87,3107
"15591",2020-09-10 20:26:00,39.88,39.88,39.86,39.86,29
"15592",2020-09-10 20:27:00,39.86,39.87,39.82,39.82,2463
"15593",2020-09-10 20:28:00,39.83,39.84,39.76,39.8,4254
"15594",2020-09-10 20:29:00,39.8,39.8,39.77,39.78,975
"15595",2020-09-10 20:30:00,39.77,39.79,39.77,39.79,1062
"15596",2020-09-10 20:31:00,39.8,39.81,39.78,39.8,517
"15597",2020-09-10 20:32:00,39.82,39.85,39.82,39.83,1999
"15598",2020-09-10 20:33:00,39.82,39.87,39.82,39.85,1558
"15599",2020-09-10 20:34:00,39.84,39.84,39.83,39.84,1102
"15600",2020-09-10 20:35:00,39.85,39.85,39.83,39.83,384
"15601",2020-09-10 20:36:00,39.83,39.86,39.83,39.85,1486
"15602",2020-09-10 20:37:00,39.84,39.84,39.82,39.82,1370
"15603",2020-09-10 20:38:00,39.8,39.81,39.78,39.79,1006
"15604",2020-09-10 20:39:00,39.78,39.8,39.78,39.8,620
"15605",2020-09-10 20:40:00,39.79,39.8,39.77,39.77,1121
"15606",2020-09-10 20:41:00,39.75,39.75,39.73,39.74,1075
"15607",2020-09-10 20:42:00,39.74,39.76,39.74,39.76,842
"15608",2020-09-10 20:43:00,39.75,39.77,39.75,39.76,1003
"15609",2020-09-10 20:44:00,39.76,39.76,39.76,39.76,809
"15610",2020-09-10 20:45:00,39.75,39.75,39.73,39.73,767
"15611",2020-09-10 20:46:00,39.74,39.78,39.72,39.78,1635
"15612",2020-09-10 20:47:00,39.77,39.77,39.76,39.77,738
"15613",2020-09-10 20:48:00,39.79,39.8,39.79,39.8,915
"15614",2020-09-10 20:49:00,39.8,39.81,39.78,39.78,932
"15615",2020-09-10 20:50:00,39.76,39.76,39.72,39.75,1970
"15616",2020-09-10 20:51:00,39.77,39.78,39.76,39.76,2687
"15617",2020-09-10 20:52:00,39.77,39.77,39.72,39.72,1544
"15618",2020-09-10 20:53:00,39.71,39.72,39.7,39.7,1845
"15619",2020-09-10 20:54:00,39.68,39.69,39.66,39.66,4304
"15620",2020-09-10 20:55:00,39.65,39.68,39.65,39.68,1065
"15621",2020-09-10 20:56:00,39.68,39.7,39.68,39.69,1481
"15622",2020-09-10 20:57:00,39.7,39.73,39.7,39.73,916
"15623",2020-09-10 20:58:00,39.72,39.72,39.67,39.67,1069
"15624",2020-09-10 20:59:00,39.66,39.66,39.63,39.64,2120
"15625",2020-09-10 21:00:00,39.65,39.66,39.65,39.66,1111
"15626",2020-09-10 21:01:00,39.64,39.69,39.64,39.65,1725
"15627",2020-09-10 21:02:00,39.63,39.69,39.63,39.69,900
"15628",2020-09-10 21:03:00,39.67,39.71,39.66,39.7,2788
"15629",2020-09-10 21:04:00,39.7,39.7,39.67,39.68,1762
"15630",2020-09-10 21:05:00,39.71,39.72,39.7,39.72,1159
"15631",2020-09-10 21:06:00,39.72,39.74,39.72,39.72,938
"15632",2020-09-10 21:07:00,39.73,39.74,39.72,39.73,1010
"15633",2020-09-10 21:08:00,39.73,39.75,39.72,39.75,7433
"15634",2020-09-10 21:09:00,39.74,39.74,39.65,39.66,5252
"15635",2020-09-10 21:10:00,39.65,39.71,39.65,39.68,1023
"15636",2020-09-10 21:11:00,39.69,39.7,39.65,39.65,1754
"15637",2020-09-10 21:12:00,39.64,39.65,39.6,39.61,2958
"15638",2020-09-10 21:13:00,39.62,39.63,39.56,39.56,1195
"15639",2020-09-10 21:14:00,39.57,39.58,39.57,39.58,503
"15640",2020-09-10 21:15:00,39.58,39.6,39.57,39.58,1810
"15641",2020-09-10 21:16:00,39.58,39.58,39.52,39.52,2291
"15642",2020-09-10 21:17:00,39.52,39.52,39.5,39.5,4035
"15643",2020-09-10 21:18:00,39.49,39.5,39.46,39.46,2607
"15644",2020-09-10 21:19:00,39.46,39.46,39.39,39.39,6925
"15645",2020-09-10 21:20:00,39.39,39.43,39.39,39.39,3725
"15646",2020-09-10 21:21:00,39.42,39.45,39.42,39.42,1179
"15647",2020-09-10 21:22:00,39.42,39.45,39.42,39.44,1291
"15648",2020-09-10 21:23:00,39.44,39.44,39.39,39.4,2274
"15649",2020-09-10 21:24:00,39.4,39.4,39.29,39.29,6139
"15650",2020-09-10 21:25:00,39.29,39.32,39.26,39.27,6143
"15651",2020-09-10 21:26:00,39.29,39.35,39.28,39.35,3355
"15652",2020-09-10 21:27:00,39.34,39.36,39.31,39.32,2337
"15653",2020-09-10 21:28:00,39.32,39.32,39.22,39.23,5129
"15654",2020-09-10 21:29:00,39.26,39.28,39.15,39.16,6217
"15655",2020-09-10 21:30:00,39.17,39.22,39.09,39.12,6526
"15656",2020-09-10 21:31:00,39.11,39.21,39.11,39.2,4931
"15657",2020-09-10 21:32:00,39.2,39.25,39.17,39.24,6655
"15658",2020-09-10 21:33:00,39.24,39.29,39.24,39.28,9012
"15659",2020-09-10 21:34:00,39.28,39.34,39.25,39.34,4207
"15660",2020-09-10 21:35:00,39.33,39.33,39.26,39.26,3047
"15661",2020-09-10 21:36:00,39.24,39.29,39.22,39.28,3234
"15662",2020-09-10 21:37:00,39.28,39.33,39.28,39.32,3376
"15663",2020-09-10 21:38:00,39.31,39.34,39.29,39.33,2301
"15664",2020-09-10 21:39:00,39.32,39.32,39.29,39.31,2289
"15665",2020-09-10 21:40:00,39.31,39.35,39.3,39.35,3746
"15666",2020-09-10 21:41:00,39.33,39.33,39.28,39.3,2664
"15667",2020-09-10 21:42:00,39.3,39.31,39.22,39.23,4424
"15668",2020-09-10 21:43:00,39.22,39.22,39.17,39.18,5822
"15669",2020-09-10 21:44:00,39.18,39.22,39.18,39.19,1975
"15670",2020-09-10 21:45:00,39.22,39.22,39.12,39.13,2827
"15671",2020-09-10 21:46:00,39.14,39.2,39.14,39.19,3610
"15672",2020-09-10 21:47:00,39.2,39.3,39.2,39.24,8108
"15673",2020-09-10 21:48:00,39.23,39.26,39.22,39.24,3199
"15674",2020-09-10 21:49:00,39.24,39.26,39.22,39.23,2185
"15675",2020-09-10 21:50:00,39.24,39.34,39.23,39.32,8060
"15676",2020-09-10 21:51:00,39.31,39.35,39.31,39.31,3163
"15677",2020-09-10 21:52:00,39.32,39.32,39.26,39.26,2583
"15678",2020-09-10 21:53:00,39.27,39.31,39.27,39.31,1985
"15679",2020-09-10 21:54:00,39.31,39.31,39.22,39.25,3797
"15680",2020-09-10 21:55:00,39.26,39.26,39.19,39.21,2624
"15681",2020-09-10 21:56:00,39.22,39.28,39.21,39.28,5953
"15682",2020-09-10 21:57:00,39.29,39.34,39.29,39.34,4194
"15683",2020-09-10 21:58:00,39.34,39.39,39.33,39.39,3141
"15684",2020-09-10 21:59:00,39.38,39.39,39.36,39.36,2595
"15685",2020-09-10 22:00:00,39.36,39.4,39.36,39.36,3427
"15686",2020-09-10 22:01:00,39.37,39.37,39.33,39.34,3537
"15687",2020-09-10 22:02:00,39.35,39.35,39.29,39.29,1794
"15688",2020-09-10 22:03:00,39.28,39.28,39.26,39.26,3726
"15689",2020-09-10 22:04:00,39.28,39.31,39.27,39.27,4715
"15690",2020-09-10 22:05:00,39.28,39.28,39.21,39.21,4928
"15691",2020-09-10 22:06:00,39.22,39.22,39.13,39.15,7052
"15692",2020-09-10 22:07:00,39.15,39.19,39.15,39.19,2480
"15693",2020-09-10 22:08:00,39.19,39.22,39.15,39.15,3454
"15694",2020-09-10 22:09:00,39.15,39.16,39.08,39.08,5267
"15695",2020-09-10 22:10:00,39.07,39.07,39.01,39.05,7457
"15696",2020-09-10 22:11:00,39.06,39.06,38.96,38.96,4684
"15697",2020-09-10 22:12:00,38.98,39.01,38.97,39,5312
"15698",2020-09-10 22:13:00,38.99,39.1,38.98,39.08,4629
"15699",2020-09-10 22:14:00,39.06,39.11,39.06,39.11,2657
"15700",2020-09-10 22:15:00,39.09,39.1,39.02,39.03,6816
"15701",2020-09-10 22:16:00,39.01,39.05,38.98,39.01,3076
"15702",2020-09-10 22:17:00,39,39,38.91,38.95,6391
"15703",2020-09-10 22:18:00,38.94,38.98,38.91,38.94,4081
"15704",2020-09-10 22:19:00,38.94,38.94,38.93,38.94,1966
"15705",2020-09-10 22:20:00,38.94,38.94,38.89,38.9,4543
"15706",2020-09-10 22:21:00,38.9,38.94,38.87,38.88,5563
"15707",2020-09-10 22:22:00,38.88,38.94,38.88,38.92,2717
"15708",2020-09-10 22:23:00,38.91,39,38.9,38.96,5350
"15709",2020-09-10 22:24:00,38.96,38.99,38.95,38.99,2319
"15710",2020-09-10 22:25:00,39,39,38.88,38.88,1204
"15711",2020-09-10 22:26:00,38.89,38.92,38.85,38.9,4987
"15712",2020-09-10 22:27:00,38.92,38.93,38.86,38.86,3152
"15713",2020-09-10 22:28:00,38.85,38.93,38.82,38.93,5493
"15714",2020-09-10 22:29:00,38.93,39.01,38.93,38.99,5409
"15715",2020-09-10 22:30:00,38.98,38.98,38.93,38.94,2778
"15716",2020-09-10 22:31:00,38.92,38.93,38.88,38.91,3871
"15717",2020-09-10 22:32:00,38.93,38.93,38.85,38.89,20166
"15718",2020-09-10 22:33:00,38.88,38.94,38.85,38.93,4404
"15719",2020-09-10 22:34:00,38.93,39,38.93,39,2406
"15720",2020-09-10 22:35:00,39,39.05,38.96,39.03,3955
"15721",2020-09-10 22:36:00,39.02,39.02,38.99,39.02,2722
"15722",2020-09-10 22:37:00,39.03,39.04,38.95,38.95,1589
"15723",2020-09-10 22:38:00,38.94,38.98,38.94,38.96,4399
"15724",2020-09-10 22:39:00,38.96,38.96,38.87,38.89,3168
"15725",2020-09-10 22:40:00,38.9,39.03,38.9,39.03,8086
"15726",2020-09-10 22:41:00,39.01,39.07,38.98,39.06,4316
"15727",2020-09-10 22:42:00,39.07,39.1,39.05,39.1,2601
"15728",2020-09-10 22:43:00,39.1,39.12,39.08,39.12,4359
"15729",2020-09-10 22:44:00,39.12,39.2,39.12,39.19,6201
"15730",2020-09-10 22:45:00,39.18,39.18,39.14,39.14,3922
"15731",2020-09-10 22:46:00,39.13,39.15,39.1,39.1,5143
"15732",2020-09-10 22:47:00,39.09,39.12,39.07,39.08,6525
"15733",2020-09-10 22:48:00,39.08,39.12,39.08,39.08,4511
"15734",2020-09-10 22:49:00,39.09,39.1,39.01,39.02,5430
"15735",2020-09-10 22:50:00,39.01,39.04,38.92,38.96,9005
"15736",2020-09-10 22:51:00,38.97,39.04,38.91,39.04,11864
"15737",2020-09-10 22:52:00,39.05,39.08,39.03,39.07,11807
"15738",2020-09-10 22:53:00,39.06,39.08,39.04,39.06,11873
"15739",2020-09-10 22:54:00,39.06,39.1,39.02,39.04,9083
"15740",2020-09-10 22:55:00,39.04,39.08,39.02,39.04,19403
"15741",2020-09-10 22:56:00,39.04,39.09,39.04,39.06,17402
"15742",2020-09-10 22:57:00,39.06,39.07,39.01,39.01,5435
"15743",2020-09-10 22:58:00,39.01,39.01,38.95,39,14292
"15744",2020-09-10 22:59:00,39,39.01,38.96,39.01,14536
"15745",2020-09-10 23:00:00,39.01,39.04,38.93,38.93,17715
"15746",2020-09-10 23:02:00,38.94,38.94,38.94,38.94,100
"15747",2020-09-10 23:05:00,38.95,38.95,38.95,38.95,2785
"15748",2020-09-10 23:07:00,38.94,38.94,38.94,38.94,200
"15749",2020-09-10 23:10:00,38.9,38.9,38.9,38.9,1
"15750",2020-09-10 23:13:00,38.92,38.92,38.92,38.92,4
"15751",2020-09-10 23:25:00,38.8,38.8,38.8,38.8,25
"15752",2020-09-10 23:27:00,38.9,38.9,38.9,38.9,6
"15753",2020-09-10 23:35:00,38.94,38.94,38.94,38.94,400
"15754",2020-09-10 23:36:00,38.94,38.94,38.94,38.94,101
"15755",2020-09-10 23:37:00,38.94,38.94,38.94,38.94,1
"15756",2020-09-10 23:38:00,38.94,38.94,38.94,38.94,7
"15757",2020-09-10 23:39:00,38.94,38.94,38.94,38.94,2
"15758",2020-09-10 23:40:00,38.94,38.94,38.94,38.94,2
"15759",2020-09-10 23:41:00,38.94,38.94,38.94,38.94,1
"15760",2020-09-10 23:44:00,38.94,38.94,38.94,38.94,100
"15761",2020-09-10 23:45:00,38.94,38.94,38.94,38.94,100
"15762",2020-09-10 23:54:00,38.94,38.94,38.94,38.94,266
"15763",2020-09-10 23:58:00,39,39,39,39,197
"15764",2020-09-11 00:03:00,39,39,39,39,1000
"15765",2020-09-11 00:20:00,39,39,39,39,16
"15766",2020-09-11 00:22:00,39,39,39,39,1
"15767",2020-09-11 00:35:00,39,39,39,39,54
"15768",2020-09-11 00:37:00,39,39,39,39,6
"15769",2020-09-11 00:52:00,39,39,39,39,1
"15770",2020-09-11 00:56:00,39.1,39.1,39.1,39.1,500
"15771",2020-09-11 01:02:00,39.15,39.15,39.15,39.15,1
"15772",2020-09-11 01:45:00,39,39,39,39,1
"15773",2020-09-11 10:03:00,39.42,39.42,39.42,39.42,2
"15774",2020-09-11 10:08:00,39.33,39.33,39.33,39.33,1
"15775",2020-09-11 10:16:00,39.32,39.32,39.32,39.32,2
"15776",2020-09-11 10:18:00,39.35,39.35,39.35,39.35,1
"15777",2020-09-11 10:21:00,39.38,39.38,39.38,39.38,1
"15778",2020-09-11 10:24:00,39.26,39.26,39.24,39.24,9
"15779",2020-09-11 10:27:00,39.37,39.37,39.37,39.37,1
"15780",2020-09-11 10:39:00,39.35,39.35,39.35,39.35,13
"15781",2020-09-11 10:40:00,39.33,39.33,39.33,39.33,1
"15782",2020-09-11 10:43:00,39.29,39.29,39.29,39.29,2
"15783",2020-09-11 10:52:00,39.16,39.16,39.16,39.16,1
"15784",2020-09-11 10:53:00,39.16,39.16,39.16,39.16,3
"15785",2020-09-11 10:56:00,39.16,39.16,39.16,39.16,2
"15786",2020-09-11 11:02:00,39.3,39.3,39.3,39.3,2
"15787",2020-09-11 11:08:00,39.17,39.17,39.17,39.17,2
"15788",2020-09-11 11:12:00,39.4,39.48,39.4,39.48,2
"15789",2020-09-11 11:23:00,39.38,39.38,39.38,39.38,1
"15790",2020-09-11 11:30:00,39.33,39.34,39.33,39.34,3
"15791",2020-09-11 11:52:00,39.37,39.37,39.37,39.37,3
"15792",2020-09-11 11:53:00,39.36,39.36,39.36,39.36,1
"15793",2020-09-11 12:05:00,39.31,39.31,39.31,39.31,1
"15794",2020-09-11 12:06:00,39.2,39.2,39.2,39.2,1
"15795",2020-09-11 12:16:00,39.21,39.21,39.21,39.21,4
"15796",2020-09-11 12:18:00,39.32,39.32,39.32,39.32,1
"15797",2020-09-11 12:25:00,39.31,39.31,39.31,39.31,3
"15798",2020-09-11 12:31:00,39.31,39.31,39.31,39.31,1
"15799",2020-09-11 12:33:00,39.31,39.31,39.31,39.31,3
"15800",2020-09-11 12:35:00,39.31,39.31,39.31,39.31,2
"15801",2020-09-11 12:56:00,39.2,39.2,39.2,39.2,5
"15802",2020-09-11 13:13:00,39.31,39.31,39.31,39.31,1
"15803",2020-09-11 13:23:00,39.29,39.29,39.29,39.29,3
"15804",2020-09-11 13:25:00,39.2,39.2,39.2,39.2,6
"15805",2020-09-11 13:27:00,39.29,39.29,39.29,39.29,1
"15806",2020-09-11 13:34:00,39.2,39.2,39.2,39.2,2
"15807",2020-09-11 13:38:00,39.29,39.29,39.29,39.29,8
"15808",2020-09-11 13:51:00,39.29,39.29,39.25,39.25,20
"15809",2020-09-11 14:04:00,39.26,39.26,39.26,39.26,2
"15810",2020-09-11 14:05:00,39.25,39.25,39.25,39.25,2
"15811",2020-09-11 14:06:00,39.25,39.25,39.25,39.25,10
"15812",2020-09-11 14:09:00,39.2,39.4,39.2,39.4,33
"15813",2020-09-11 14:24:00,39.26,39.26,39.26,39.26,1
"15814",2020-09-11 14:33:00,39.2,39.2,39.2,39.2,4
"15815",2020-09-11 14:38:00,39.24,39.24,39.24,39.24,56
"15816",2020-09-11 14:54:00,39.26,39.26,39.26,39.26,20
"15817",2020-09-11 15:15:00,39.26,39.26,39.26,39.26,6
"15818",2020-09-11 15:19:00,39.26,39.26,39.26,39.26,1
"15819",2020-09-11 15:24:00,39.39,39.39,39.39,39.39,47
"15820",2020-09-11 15:32:00,39.21,39.21,39.18,39.21,410
"15821",2020-09-11 15:33:00,39.19,39.19,39.19,39.19,3
"15822",2020-09-11 15:44:00,39.19,39.19,39.19,39.19,10
"15823",2020-09-11 15:47:00,39.19,39.19,39.19,39.19,1
"15824",2020-09-11 15:51:00,39.2,39.2,39.2,39.2,1
"15825",2020-09-11 16:10:00,39.19,39.19,39.19,39.19,2
"15826",2020-09-11 16:11:00,39.19,39.19,39.19,39.19,1
"15827",2020-09-11 16:13:00,39.19,39.19,39.19,39.19,1
"15828",2020-09-11 16:14:00,39.16,39.16,39.16,39.16,5
"15829",2020-09-11 16:15:00,39.16,39.16,39.16,39.16,175
"15830",2020-09-11 16:16:00,39.25,39.25,39.25,39.25,12
"15831",2020-09-11 16:17:00,39.15,39.15,39.15,39.15,25
"15832",2020-09-11 16:18:00,39.16,39.16,39.16,39.16,5
"15833",2020-09-11 16:21:00,39.17,39.17,39.16,39.16,150
"15834",2020-09-11 16:22:00,39.26,39.26,39.26,39.26,12
"15835",2020-09-11 16:29:00,39.18,39.18,39.09,39.18,197
"15836",2020-09-11 16:30:00,39.18,39.18,39.17,39.17,28
"15837",2020-09-11 16:31:00,39.24,39.25,39.24,39.25,781
"15838",2020-09-11 16:32:00,39.24,39.37,39.17,39.26,6975
"15839",2020-09-11 16:33:00,39.29,39.32,39.24,39.29,3834
"15840",2020-09-11 16:34:00,39.29,39.29,39.18,39.25,5344
"15841",2020-09-11 16:35:00,39.22,39.22,39.06,39.16,8261
"15842",2020-09-11 16:36:00,39.16,39.17,39.09,39.15,5440
"15843",2020-09-11 16:37:00,39.13,39.17,39.09,39.09,4533
"15844",2020-09-11 16:38:00,39.16,39.21,39.04,39.07,4698
"15845",2020-09-11 16:39:00,39.05,39.13,39.03,39.08,8073
"15846",2020-09-11 16:40:00,39.13,39.18,39.1,39.15,4780
"15847",2020-09-11 16:41:00,39.18,39.2,39.09,39.16,11354
"15848",2020-09-11 16:42:00,39.17,39.19,39.13,39.14,4396
"15849",2020-09-11 16:43:00,39.12,39.12,38.97,38.97,8774
"15850",2020-09-11 16:44:00,39,39.11,38.99,39.07,2344
"15851",2020-09-11 16:45:00,39.09,39.09,39.01,39.02,3403
"15852",2020-09-11 16:46:00,39.02,39.03,38.99,39.01,3779
"15853",2020-09-11 16:47:00,39.02,39.04,38.96,39.04,6757
"15854",2020-09-11 16:48:00,39.04,39.16,39.04,39.13,3947
"15855",2020-09-11 16:49:00,39.23,39.26,39.23,39.24,2234
"15856",2020-09-11 16:50:00,39.24,39.33,39.22,39.28,7847
"15857",2020-09-11 16:51:00,39.27,39.27,39.12,39.12,6931
"15858",2020-09-11 16:52:00,39.1,39.1,38.98,39.07,25298
"15859",2020-09-11 16:53:00,39.06,39.08,39.01,39.03,7018
"15860",2020-09-11 16:54:00,39.01,39.11,39.01,39.07,6275
"15861",2020-09-11 16:55:00,39.08,39.13,39.06,39.12,4078
"15862",2020-09-11 16:56:00,39.1,39.12,38.94,38.95,17889
"15863",2020-09-11 16:57:00,38.93,38.93,38.76,38.77,9583
"15864",2020-09-11 16:58:00,38.79,38.84,38.7,38.71,13337
"15865",2020-09-11 16:59:00,38.72,38.74,38.63,38.65,3717
"15866",2020-09-11 17:00:00,38.66,38.68,38.63,38.66,2575
"15867",2020-09-11 17:01:00,38.64,38.83,38.64,38.83,4055
"15868",2020-09-11 17:02:00,38.82,38.85,38.78,38.82,13821
"15869",2020-09-11 17:03:00,38.83,38.9,38.82,38.83,5699
"15870",2020-09-11 17:04:00,38.84,38.91,38.82,38.89,2273
"15871",2020-09-11 17:05:00,38.91,39.02,38.91,38.97,3320
"15872",2020-09-11 17:06:00,38.96,39.08,38.93,39.04,3888
"15873",2020-09-11 17:07:00,39.03,39.09,39.03,39.08,3704
"15874",2020-09-11 17:08:00,39.04,39.1,39.04,39.09,4234
"15875",2020-09-11 17:09:00,39.08,39.14,39.07,39.09,9916
"15876",2020-09-11 17:10:00,39.08,39.08,38.95,38.98,4967
"15877",2020-09-11 17:11:00,38.98,39,38.91,38.92,4789
"15878",2020-09-11 17:12:00,38.91,38.98,38.89,38.94,4550
"15879",2020-09-11 17:13:00,38.94,39.09,38.94,39.07,4775
"15880",2020-09-11 17:14:00,39.06,39.06,38.99,39,4984
"15881",2020-09-11 17:15:00,39.04,39.07,39.04,39.06,2303
"15882",2020-09-11 17:16:00,39.05,39.12,38.99,39.12,5980
"15883",2020-09-11 17:17:00,39.13,39.2,39.13,39.15,6221
"15884",2020-09-11 17:18:00,39.14,39.15,39.09,39.09,6431
"15885",2020-09-11 17:19:00,39.09,39.09,39.01,39.07,2750
"15886",2020-09-11 17:20:00,39.09,39.21,39.08,39.2,1892
"15887",2020-09-11 17:21:00,39.2,39.25,39.2,39.22,3449
"15888",2020-09-11 17:22:00,39.23,39.26,39.21,39.21,2158
"15889",2020-09-11 17:23:00,39.22,39.29,39.22,39.27,1070
"15890",2020-09-11 17:24:00,39.3,39.3,39.26,39.3,1701
"15891",2020-09-11 17:25:00,39.29,39.32,39.27,39.3,3298
"15892",2020-09-11 17:26:00,39.31,39.33,39.25,39.25,3734
"15893",2020-09-11 17:27:00,39.24,39.25,39.19,39.2,2367
"15894",2020-09-11 17:28:00,39.22,39.26,39.18,39.18,3946
"15895",2020-09-11 17:29:00,39.18,39.25,39.18,39.2,4116
"15896",2020-09-11 17:30:00,39.26,39.26,39.22,39.22,1646
"15897",2020-09-11 17:31:00,39.23,39.3,39.19,39.2,8679
"15898",2020-09-11 17:32:00,39.2,39.21,39.18,39.19,2900
"15899",2020-09-11 17:33:00,39.19,39.22,39.17,39.22,2839
"15900",2020-09-11 17:34:00,39.21,39.24,39.2,39.2,1449
"15901",2020-09-11 17:35:00,39.2,39.2,39.14,39.18,1697
"15902",2020-09-11 17:36:00,39.18,39.23,39.17,39.23,1358
"15903",2020-09-11 17:37:00,39.26,39.26,39.24,39.24,836
"15904",2020-09-11 17:38:00,39.24,39.26,39.21,39.21,1906
"15905",2020-09-11 17:39:00,39.21,39.21,39.16,39.19,8588
"15906",2020-09-11 17:40:00,39.18,39.28,39.18,39.22,3010
"15907",2020-09-11 17:41:00,39.2,39.24,39.19,39.22,1391
"15908",2020-09-11 17:42:00,39.24,39.32,39.24,39.32,4208
"15909",2020-09-11 17:43:00,39.34,39.35,39.31,39.35,2328
"15910",2020-09-11 17:44:00,39.34,39.35,39.33,39.33,1220
"15911",2020-09-11 17:45:00,39.33,39.33,39.31,39.32,1013
"15912",2020-09-11 17:46:00,39.34,39.41,39.34,39.41,9259
"15913",2020-09-11 17:47:00,39.4,39.4,39.35,39.35,2994
"15914",2020-09-11 17:48:00,39.37,39.37,39.33,39.37,3142
"15915",2020-09-11 17:49:00,39.36,39.37,39.33,39.37,2472
"15916",2020-09-11 17:50:00,39.38,39.43,39.38,39.42,4399
"15917",2020-09-11 17:51:00,39.43,39.45,39.41,39.44,4141
"15918",2020-09-11 17:52:00,39.44,39.46,39.43,39.43,3064
"15919",2020-09-11 17:53:00,39.41,39.42,39.4,39.42,3483
"15920",2020-09-11 17:54:00,39.41,39.43,39.39,39.42,2382
"15921",2020-09-11 17:55:00,39.42,39.42,39.37,39.39,3348
"15922",2020-09-11 17:56:00,39.4,39.41,39.32,39.33,2837
"15923",2020-09-11 17:57:00,39.33,39.34,39.28,39.32,3212
"15924",2020-09-11 17:58:00,39.33,39.35,39.32,39.32,2561
"15925",2020-09-11 17:59:00,39.32,39.32,39.29,39.31,3552
"15926",2020-09-11 18:00:00,39.31,39.31,39.29,39.3,2116
"15927",2020-09-11 18:01:00,39.3,39.32,39.27,39.3,4820
"15928",2020-09-11 18:02:00,39.29,39.3,39.29,39.3,708
"15929",2020-09-11 18:03:00,39.3,39.34,39.3,39.32,5097
"15930",2020-09-11 18:04:00,39.32,39.33,39.3,39.33,1605
"15931",2020-09-11 18:05:00,39.33,39.36,39.33,39.34,4369
"15932",2020-09-11 18:06:00,39.35,39.36,39.33,39.34,3484
"15933",2020-09-11 18:07:00,39.34,39.34,39.27,39.28,1596
"15934",2020-09-11 18:08:00,39.28,39.3,39.28,39.3,2441
"15935",2020-09-11 18:09:00,39.3,39.32,39.3,39.32,710
"15936",2020-09-11 18:10:00,39.32,39.41,39.32,39.41,8385
"15937",2020-09-11 18:11:00,39.4,39.4,39.34,39.34,1849
"15938",2020-09-11 18:12:00,39.34,39.34,39.3,39.3,2457
"15939",2020-09-11 18:13:00,39.33,39.42,39.33,39.42,1609
"15940",2020-09-11 18:14:00,39.42,39.47,39.41,39.43,7778
"15941",2020-09-11 18:15:00,39.44,39.44,39.41,39.44,3227
"15942",2020-09-11 18:16:00,39.43,39.43,39.38,39.38,3191
"15943",2020-09-11 18:17:00,39.38,39.42,39.38,39.4,1769
"15944",2020-09-11 18:18:00,39.4,39.41,39.35,39.38,5709
"15945",2020-09-11 18:19:00,39.39,39.47,39.39,39.47,1785
"15946",2020-09-11 18:20:00,39.47,39.48,39.45,39.46,3327
"15947",2020-09-11 18:21:00,39.45,39.49,39.39,39.39,5061
"15948",2020-09-11 18:22:00,39.39,39.39,39.26,39.28,8084
"15949",2020-09-11 18:23:00,39.29,39.31,39.28,39.3,1729
"15950",2020-09-11 18:24:00,39.3,39.32,39.29,39.3,1967
"15951",2020-09-11 18:25:00,39.29,39.29,39.27,39.27,1053
"15952",2020-09-11 18:26:00,39.28,39.28,39.22,39.23,2974
"15953",2020-09-11 18:27:00,39.24,39.29,39.23,39.26,4956
"15954",2020-09-11 18:28:00,39.26,39.26,39.24,39.24,4855
"15955",2020-09-11 18:29:00,39.25,39.25,39.23,39.24,2029
"15956",2020-09-11 18:30:00,39.24,39.26,39.24,39.25,5128
"15957",2020-09-11 18:31:00,39.24,39.25,39.17,39.22,10437
"15958",2020-09-11 18:32:00,39.21,39.21,39.16,39.17,2767
"15959",2020-09-11 18:33:00,39.17,39.17,39.1,39.1,6042
"15960",2020-09-11 18:34:00,39.11,39.17,39.11,39.16,3363
"15961",2020-09-11 18:35:00,39.13,39.16,39.11,39.12,4008
"15962",2020-09-11 18:36:00,39.12,39.15,39.09,39.11,3333
"15963",2020-09-11 18:37:00,39.1,39.12,39.1,39.11,946
"15964",2020-09-11 18:38:00,39.12,39.13,39.12,39.12,995
"15965",2020-09-11 18:39:00,39.13,39.16,39.13,39.15,2498
"15966",2020-09-11 18:40:00,39.16,39.18,39.16,39.18,761
"15967",2020-09-11 18:41:00,39.19,39.25,39.19,39.25,2589
"15968",2020-09-11 18:42:00,39.24,39.24,39.13,39.15,3704
"15969",2020-09-11 18:43:00,39.16,39.18,39.13,39.18,1442
"15970",2020-09-11 18:44:00,39.17,39.18,39.14,39.18,1900
"15971",2020-09-11 18:45:00,39.19,39.19,39.18,39.18,1000
"15972",2020-09-11 18:46:00,39.19,39.19,39.17,39.18,1012
"15973",2020-09-11 18:47:00,39.19,39.27,39.19,39.25,2595
"15974",2020-09-11 18:48:00,39.25,39.25,39.21,39.21,2602
"15975",2020-09-11 18:49:00,39.22,39.22,39.2,39.2,1326
"15976",2020-09-11 18:50:00,39.19,39.19,39.17,39.17,400
"15977",2020-09-11 18:51:00,39.18,39.21,39.16,39.16,1315
"15978",2020-09-11 18:52:00,39.16,39.2,39.14,39.16,2399
"15979",2020-09-11 18:53:00,39.15,39.16,39.15,39.15,1302
"15980",2020-09-11 18:54:00,39.14,39.16,39.14,39.16,1028
"15981",2020-09-11 18:55:00,39.16,39.18,39.16,39.17,906
"15982",2020-09-11 18:56:00,39.17,39.19,39.16,39.18,2019
"15983",2020-09-11 18:57:00,39.19,39.2,39.15,39.15,886
"15984",2020-09-11 18:58:00,39.15,39.17,39.15,39.17,503
"15985",2020-09-11 18:59:00,39.17,39.17,39.14,39.17,3148
"15986",2020-09-11 19:00:00,39.16,39.18,39.13,39.13,4270
"15987",2020-09-11 19:01:00,39.13,39.13,39.08,39.09,2831
"15988",2020-09-11 19:02:00,39.09,39.14,39.09,39.12,4076
"15989",2020-09-11 19:03:00,39.12,39.15,39.11,39.13,1492
"15990",2020-09-11 19:04:00,39.12,39.19,39.12,39.19,2410
"15991",2020-09-11 19:05:00,39.2,39.2,39.16,39.16,3002
"15992",2020-09-11 19:06:00,39.16,39.17,39.14,39.16,1191
"15993",2020-09-11 19:07:00,39.16,39.16,39.13,39.14,1648
"15994",2020-09-11 19:08:00,39.15,39.19,39.15,39.17,1499
"15995",2020-09-11 19:09:00,39.18,39.18,39.16,39.16,1050
"15996",2020-09-11 19:10:00,39.16,39.17,39.13,39.14,2307
"15997",2020-09-11 19:11:00,39.13,39.15,39.1,39.1,12208
"15998",2020-09-11 19:12:00,39.1,39.14,39.09,39.12,1593
"15999",2020-09-11 19:13:00,39.12,39.14,39.1,39.14,1802
"16000",2020-09-11 19:14:00,39.12,39.13,39.12,39.12,349
"16001",2020-09-11 19:15:00,39.13,39.14,39.08,39.08,1511
"16002",2020-09-11 19:16:00,39.08,39.1,39.03,39.03,1776
"16003",2020-09-11 19:17:00,39.05,39.08,39.05,39.06,1762
"16004",2020-09-11 19:18:00,39.07,39.1,39.07,39.09,2986
"16005",2020-09-11 19:19:00,39.08,39.1,39.08,39.08,1012
"16006",2020-09-11 19:20:00,39.08,39.11,39.08,39.11,1261
"16007",2020-09-11 19:21:00,39.11,39.15,39.11,39.15,1978
"16008",2020-09-11 19:22:00,39.14,39.15,39.14,39.15,1048
"16009",2020-09-11 19:23:00,39.14,39.14,39.1,39.13,3020
"16010",2020-09-11 19:24:00,39.12,39.14,39.11,39.14,2286
"16011",2020-09-11 19:25:00,39.14,39.14,39.11,39.11,2127
"16012",2020-09-11 19:26:00,39.1,39.1,39.07,39.07,2173
"16013",2020-09-11 19:27:00,39.07,39.1,39.07,39.1,1256
"16014",2020-09-11 19:28:00,39.1,39.11,39.09,39.1,1405
"16015",2020-09-11 19:29:00,39.09,39.09,39.05,39.05,894
"16016",2020-09-11 19:30:00,39.06,39.06,39.04,39.06,1300
"16017",2020-09-11 19:31:00,39.06,39.06,39,39,2902
"16018",2020-09-11 19:32:00,39.01,39.01,38.98,39,3248
"16019",2020-09-11 19:33:00,38.98,38.98,38.92,38.92,5661
"16020",2020-09-11 19:34:00,38.9,38.96,38.9,38.94,3922
"16021",2020-09-11 19:35:00,38.94,38.95,38.92,38.95,2060
"16022",2020-09-11 19:36:00,38.95,38.95,38.93,38.94,2585
"16023",2020-09-11 19:37:00,38.93,38.94,38.93,38.93,1781
"16024",2020-09-11 19:38:00,38.92,38.93,38.87,38.88,3355
"16025",2020-09-11 19:39:00,38.87,38.89,38.86,38.86,2321
"16026",2020-09-11 19:40:00,38.87,38.89,38.86,38.87,2231
"16027",2020-09-11 19:41:00,38.88,38.88,38.84,38.84,2180
"16028",2020-09-11 19:42:00,38.85,38.87,38.81,38.85,5111
"16029",2020-09-11 19:43:00,38.85,38.85,38.83,38.84,2851
"16030",2020-09-11 19:44:00,38.84,38.88,38.84,38.86,2123
"16031",2020-09-11 19:45:00,38.85,38.86,38.83,38.85,2664
"16032",2020-09-11 19:46:00,38.84,38.85,38.8,38.85,6227
"16033",2020-09-11 19:47:00,38.85,38.86,38.83,38.86,1808
"16034",2020-09-11 19:48:00,38.86,38.9,38.86,38.86,8777
"16035",2020-09-11 19:49:00,38.86,38.87,38.8,38.81,3928
"16036",2020-09-11 19:50:00,38.8,38.84,38.79,38.84,3600
"16037",2020-09-11 19:51:00,38.88,38.93,38.88,38.91,4338
"16038",2020-09-11 19:52:00,38.91,38.93,38.9,38.91,2079
"16039",2020-09-11 19:53:00,38.91,38.92,38.9,38.9,2277
"16040",2020-09-11 19:54:00,38.91,38.94,38.91,38.92,1839
"16041",2020-09-11 19:55:00,38.91,38.92,38.89,38.89,1283
"16042",2020-09-11 19:56:00,38.89,38.89,38.82,38.82,2704
"16043",2020-09-11 19:57:00,38.82,38.83,38.74,38.76,6208
"16044",2020-09-11 19:58:00,38.75,38.77,38.75,38.76,1528
"16045",2020-09-11 19:59:00,38.76,38.76,38.72,38.74,1305
"16046",2020-09-11 20:00:00,38.75,38.76,38.72,38.73,1964
"16047",2020-09-11 20:01:00,38.74,38.78,38.74,38.76,2464
"16048",2020-09-11 20:02:00,38.77,38.78,38.77,38.78,1616
"16049",2020-09-11 20:03:00,38.79,38.79,38.76,38.77,2342
"16050",2020-09-11 20:04:00,38.76,38.76,38.73,38.74,1497
"16051",2020-09-11 20:05:00,38.72,38.72,38.69,38.69,3835
"16052",2020-09-11 20:06:00,38.7,38.7,38.64,38.67,3300
"16053",2020-09-11 20:07:00,38.68,38.7,38.66,38.66,1700
"16054",2020-09-11 20:08:00,38.66,38.66,38.61,38.61,2031
"16055",2020-09-11 20:09:00,38.61,38.63,38.58,38.59,2594
"16056",2020-09-11 20:10:00,38.59,38.64,38.59,38.64,1816
"16057",2020-09-11 20:11:00,38.64,38.66,38.64,38.65,1302
"16058",2020-09-11 20:12:00,38.64,38.64,38.58,38.6,1989
"16059",2020-09-11 20:13:00,38.62,38.67,38.62,38.64,4019
"16060",2020-09-11 20:14:00,38.64,38.66,38.58,38.58,2341
"16061",2020-09-11 20:15:00,38.61,38.63,38.57,38.59,1816
"16062",2020-09-11 20:16:00,38.6,38.63,38.6,38.62,2768
"16063",2020-09-11 20:17:00,38.62,38.7,38.62,38.69,7478
"16064",2020-09-11 20:18:00,38.69,38.69,38.63,38.63,2051
"16065",2020-09-11 20:19:00,38.63,38.63,38.55,38.56,7431
"16066",2020-09-11 20:20:00,38.56,38.66,38.56,38.64,4537
"16067",2020-09-11 20:21:00,38.66,38.7,38.65,38.66,4884
"16068",2020-09-11 20:22:00,38.66,38.72,38.65,38.69,11487
"16069",2020-09-11 20:23:00,38.7,38.75,38.7,38.72,4418
"16070",2020-09-11 20:24:00,38.73,38.76,38.72,38.75,7604
"16071",2020-09-11 20:25:00,38.75,38.75,38.7,38.71,3712
"16072",2020-09-11 20:26:00,38.72,38.73,38.69,38.7,1796
"16073",2020-09-11 20:27:00,38.7,38.7,38.66,38.68,2127
"16074",2020-09-11 20:28:00,38.69,38.72,38.69,38.7,2977
"16075",2020-09-11 20:29:00,38.71,38.71,38.62,38.62,6592
"16076",2020-09-11 20:30:00,38.65,38.66,38.62,38.65,2933
"16077",2020-09-11 20:31:00,38.65,38.65,38.61,38.61,2667
"16078",2020-09-11 20:32:00,38.62,38.63,38.53,38.55,6753
"16079",2020-09-11 20:33:00,38.55,38.56,38.52,38.54,2541
"16080",2020-09-11 20:34:00,38.54,38.62,38.54,38.6,1830
"16081",2020-09-11 20:35:00,38.59,38.59,38.53,38.55,8265
"16082",2020-09-11 20:36:00,38.56,38.66,38.56,38.66,2628
"16083",2020-09-11 20:37:00,38.65,38.68,38.65,38.68,1502
"16084",2020-09-11 20:38:00,38.67,38.74,38.67,38.74,4115
"16085",2020-09-11 20:39:00,38.76,38.76,38.73,38.73,1023
"16086",2020-09-11 20:40:00,38.73,38.75,38.71,38.73,1143
"16087",2020-09-11 20:41:00,38.72,38.76,38.7,38.76,2709
"16088",2020-09-11 20:42:00,38.77,38.78,38.73,38.75,4027
"16089",2020-09-11 20:43:00,38.76,38.78,38.7,38.72,4867
"16090",2020-09-11 20:44:00,38.74,38.78,38.74,38.77,1825
"16091",2020-09-11 20:45:00,38.76,38.76,38.71,38.71,2318
"16092",2020-09-11 20:46:00,38.73,38.76,38.73,38.76,1525
"16093",2020-09-11 20:47:00,38.76,38.77,38.75,38.76,1503
"16094",2020-09-11 20:48:00,38.76,38.78,38.74,38.74,4403
"16095",2020-09-11 20:49:00,38.74,38.76,38.7,38.72,1310
"16096",2020-09-11 20:50:00,38.74,38.77,38.74,38.76,2150
"16097",2020-09-11 20:51:00,38.76,38.78,38.75,38.76,1270
"16098",2020-09-11 20:52:00,38.77,38.85,38.77,38.85,4650
"16099",2020-09-11 20:53:00,38.86,38.89,38.84,38.86,5573
"16100",2020-09-11 20:54:00,38.85,38.87,38.83,38.86,2894
"16101",2020-09-11 20:55:00,38.86,38.86,38.8,38.8,3916
"16102",2020-09-11 20:56:00,38.82,38.83,38.77,38.77,1342
"16103",2020-09-11 20:57:00,38.76,38.76,38.69,38.73,4718
"16104",2020-09-11 20:58:00,38.73,38.74,38.7,38.72,2674
"16105",2020-09-11 20:59:00,38.72,38.72,38.68,38.7,2156
"16106",2020-09-11 21:00:00,38.7,38.7,38.67,38.67,2360
"16107",2020-09-11 21:01:00,38.68,38.7,38.68,38.7,3385
"16108",2020-09-11 21:02:00,38.7,38.7,38.69,38.69,2551
"16109",2020-09-11 21:03:00,38.69,38.7,38.65,38.69,3263
"16110",2020-09-11 21:04:00,38.7,38.76,38.7,38.76,5227
"16111",2020-09-11 21:05:00,38.77,38.77,38.76,38.76,2739
"16112",2020-09-11 21:06:00,38.75,38.76,38.72,38.76,6082
"16113",2020-09-11 21:07:00,38.75,38.82,38.74,38.81,4209
"16114",2020-09-11 21:08:00,38.82,38.84,38.82,38.84,863
"16115",2020-09-11 21:09:00,38.83,38.83,38.78,38.8,1988
"16116",2020-09-11 21:10:00,38.81,38.82,38.81,38.81,1204
"16117",2020-09-11 21:11:00,38.82,38.82,38.79,38.79,1862
"16118",2020-09-11 21:12:00,38.79,38.83,38.78,38.81,2334
"16119",2020-09-11 21:13:00,38.79,38.82,38.78,38.81,1438
"16120",2020-09-11 21:14:00,38.82,38.92,38.82,38.92,6584
"16121",2020-09-11 21:15:00,38.9,38.91,38.9,38.9,1307
"16122",2020-09-11 21:16:00,38.9,38.93,38.87,38.87,2729
"16123",2020-09-11 21:17:00,38.88,38.88,38.86,38.86,3122
"16124",2020-09-11 21:18:00,38.85,38.87,38.85,38.86,700
"16125",2020-09-11 21:19:00,38.85,38.85,38.81,38.81,1354
"16126",2020-09-11 21:20:00,38.82,38.82,38.82,38.82,1024
"16127",2020-09-11 21:21:00,38.81,38.81,38.76,38.77,2396
"16128",2020-09-11 21:22:00,38.77,38.77,38.75,38.75,815
"16129",2020-09-11 21:23:00,38.74,38.8,38.74,38.8,1765
"16130",2020-09-11 21:24:00,38.8,38.81,38.8,38.81,2576
"16131",2020-09-11 21:25:00,38.83,38.83,38.82,38.83,500
"16132",2020-09-11 21:26:00,38.84,38.85,38.82,38.85,1862
"16133",2020-09-11 21:27:00,38.85,38.85,38.82,38.82,416
"16134",2020-09-11 21:28:00,38.84,38.84,38.81,38.81,1543
"16135",2020-09-11 21:29:00,38.81,38.81,38.79,38.79,620
"16136",2020-09-11 21:30:00,38.79,38.79,38.76,38.76,1781
"16137",2020-09-11 21:31:00,38.78,38.8,38.78,38.79,674
"16138",2020-09-11 21:32:00,38.8,38.82,38.8,38.82,915
"16139",2020-09-11 21:33:00,38.82,38.93,38.82,38.93,4723
"16140",2020-09-11 21:34:00,38.94,38.94,38.9,38.9,1423
"16141",2020-09-11 21:35:00,38.9,38.9,38.88,38.89,1200
"16142",2020-09-11 21:36:00,38.9,38.92,38.89,38.9,1732
"16143",2020-09-11 21:37:00,38.92,38.99,38.92,38.98,2888
"16144",2020-09-11 21:38:00,38.98,38.99,38.96,38.98,2377
"16145",2020-09-11 21:39:00,39,39,38.98,39,2113
"16146",2020-09-11 21:40:00,39.01,39.02,38.98,38.99,1658
"16147",2020-09-11 21:41:00,38.98,39.01,38.97,38.97,1862
"16148",2020-09-11 21:42:00,38.97,38.98,38.91,38.92,6270
"16149",2020-09-11 21:43:00,38.94,38.96,38.94,38.96,1111
"16150",2020-09-11 21:44:00,38.97,39.02,38.97,39.01,2775
"16151",2020-09-11 21:45:00,39.01,39.01,38.99,39,926
"16152",2020-09-11 21:46:00,39,39,38.93,38.93,1739
"16153",2020-09-11 21:47:00,38.93,38.95,38.93,38.93,1923
"16154",2020-09-11 21:48:00,38.93,38.96,38.93,38.96,841
"16155",2020-09-11 21:49:00,38.96,38.98,38.95,38.95,2286
"16156",2020-09-11 21:50:00,38.95,38.95,38.93,38.94,2013
"16157",2020-09-11 21:51:00,38.94,38.96,38.92,38.94,7440
"16158",2020-09-11 21:52:00,38.94,38.98,38.94,38.96,1640
"16159",2020-09-11 21:53:00,38.96,38.98,38.95,38.97,1853
"16160",2020-09-11 21:54:00,38.97,39.01,38.97,38.98,1345
"16161",2020-09-11 21:55:00,38.98,39,38.98,39,634
"16162",2020-09-11 21:56:00,38.99,39.02,38.99,39.01,1327
"16163",2020-09-11 21:57:00,39,39,38.95,38.95,1886
"16164",2020-09-11 21:58:00,38.95,38.95,38.92,38.92,1556
"16165",2020-09-11 21:59:00,38.95,38.98,38.92,38.93,2446
"16166",2020-09-11 22:00:00,38.94,38.94,38.92,38.92,2201
"16167",2020-09-11 22:01:00,38.91,38.94,38.9,38.92,5134
"16168",2020-09-11 22:02:00,38.91,38.92,38.87,38.88,4336
"16169",2020-09-11 22:03:00,38.89,38.92,38.89,38.9,3659
"16170",2020-09-11 22:04:00,38.92,38.92,38.89,38.9,3008
"16171",2020-09-11 22:05:00,38.9,38.9,38.87,38.87,2528
"16172",2020-09-11 22:06:00,38.88,38.89,38.86,38.87,2477
"16173",2020-09-11 22:07:00,38.88,38.89,38.86,38.86,4055
"16174",2020-09-11 22:08:00,38.87,38.87,38.81,38.81,1944
"16175",2020-09-11 22:09:00,38.84,38.86,38.83,38.83,2200
"16176",2020-09-11 22:10:00,38.83,38.83,38.78,38.79,2016
"16177",2020-09-11 22:11:00,38.79,38.8,38.76,38.78,4636
"16178",2020-09-11 22:12:00,38.78,38.8,38.76,38.8,1488
"16179",2020-09-11 22:13:00,38.82,38.83,38.81,38.82,3224
"16180",2020-09-11 22:14:00,38.82,38.83,38.8,38.8,2017
"16181",2020-09-11 22:15:00,38.83,38.86,38.83,38.86,3099
"16182",2020-09-11 22:16:00,38.87,38.92,38.87,38.92,5968
"16183",2020-09-11 22:17:00,38.9,38.91,38.89,38.89,2103
"16184",2020-09-11 22:18:00,38.9,38.92,38.9,38.91,2700
"16185",2020-09-11 22:19:00,38.91,38.95,38.91,38.95,1887
"16186",2020-09-11 22:20:00,38.96,39,38.96,38.98,4345
"16187",2020-09-11 22:21:00,38.98,39,38.96,38.99,3325
"16188",2020-09-11 22:22:00,39,39,38.96,38.96,1807
"16189",2020-09-11 22:23:00,38.95,39.02,38.95,38.99,3006
"16190",2020-09-11 22:24:00,39,39.05,38.99,39.05,4708
"16191",2020-09-11 22:25:00,39.06,39.06,39.01,39.02,2204
"16192",2020-09-11 22:26:00,39,39,38.96,38.98,2592
"16193",2020-09-11 22:27:00,38.98,39.02,38.98,39,2796
"16194",2020-09-11 22:28:00,39,39,38.98,39,2654
"16195",2020-09-11 22:29:00,39,39.07,39,39.07,2969
"16196",2020-09-11 22:30:00,39.06,39.06,39.03,39.03,3384
"16197",2020-09-11 22:31:00,39.03,39.08,39.03,39.04,3882
"16198",2020-09-11 22:32:00,39.06,39.07,39.05,39.07,2683
"16199",2020-09-11 22:33:00,39.08,39.08,39.04,39.07,2786
"16200",2020-09-11 22:34:00,39.06,39.09,39.05,39.06,5147
"16201",2020-09-11 22:35:00,39.07,39.09,39.03,39.04,2378
"16202",2020-09-11 22:36:00,39.02,39.03,38.98,38.99,2100
"16203",2020-09-11 22:37:00,39,39.02,38.99,38.99,2405
"16204",2020-09-11 22:38:00,38.99,38.99,38.94,38.94,1120
"16205",2020-09-11 22:39:00,38.93,38.96,38.93,38.94,1709
"16206",2020-09-11 22:40:00,38.94,38.94,38.92,38.94,3257
"16207",2020-09-11 22:41:00,38.94,38.98,38.94,38.96,4523
"16208",2020-09-11 22:42:00,38.97,39,38.96,38.96,1278
"16209",2020-09-11 22:43:00,38.95,38.97,38.9,38.91,4591
"16210",2020-09-11 22:44:00,38.93,38.96,38.93,38.93,2231
"16211",2020-09-11 22:45:00,38.94,38.95,38.93,38.94,2519
"16212",2020-09-11 22:46:00,38.95,38.98,38.93,38.93,3548
"16213",2020-09-11 22:47:00,38.92,38.94,38.89,38.94,5355
"16214",2020-09-11 22:48:00,38.95,38.96,38.94,38.94,2196
"16215",2020-09-11 22:49:00,38.96,39.01,38.96,38.99,5738
"16216",2020-09-11 22:50:00,38.99,38.99,38.96,38.96,6789
"16217",2020-09-11 22:51:00,38.94,38.97,38.89,38.95,7628
"16218",2020-09-11 22:52:00,38.96,38.96,38.94,38.94,5694
"16219",2020-09-11 22:53:00,38.94,38.94,38.92,38.94,9754
"16220",2020-09-11 22:54:00,38.94,38.96,38.91,38.92,6679
"16221",2020-09-11 22:55:00,38.91,38.96,38.91,38.93,4684
"16222",2020-09-11 22:56:00,38.92,38.95,38.92,38.94,7284
"16223",2020-09-11 22:57:00,38.94,38.97,38.93,38.96,8242
"16224",2020-09-11 22:58:00,38.96,38.96,38.94,38.96,8169
"16225",2020-09-11 22:59:00,38.96,38.99,38.95,38.98,6659
"16226",2020-09-11 23:00:00,38.98,39,38.93,38.94,20834
"16227",2020-09-11 23:01:00,39.06,39.06,39.06,39.06,4
"16228",2020-09-11 23:02:00,38.92,38.95,38.92,38.95,13
"16229",2020-09-11 23:03:00,38.93,38.93,38.93,38.93,7413
"16230",2020-09-11 23:05:00,38.95,38.95,38.95,38.95,3
"16231",2020-09-11 23:06:00,38.95,38.95,38.95,38.95,5
"16232",2020-09-11 23:11:00,38.95,38.95,38.95,38.95,1
"16233",2020-09-11 23:13:00,38.95,38.95,38.95,38.95,2
"16234",2020-09-11 23:15:00,38.95,38.95,38.95,38.95,1
"16235",2020-09-11 23:17:00,38.95,38.95,38.95,38.95,45
"16236",2020-09-11 23:22:00,38.95,38.97,38.95,38.97,200
"16237",2020-09-11 23:37:00,38.91,38.91,38.91,38.91,35
"16238",2020-09-11 23:49:00,39.24,39.24,39.24,39.24,1
"16239",2020-09-11 23:57:00,38.91,38.91,38.91,38.91,2
"16240",2020-09-11 23:58:00,38.91,38.91,38.91,38.91,1
"16241",2020-09-11 23:59:00,38.91,38.91,38.91,38.91,10
"16242",2020-09-12 00:38:00,39.24,39.24,39.24,39.24,1
"16243",2020-09-12 01:33:00,38.95,38.95,38.95,38.95,4
"16244",2020-09-12 01:35:00,38.95,38.95,38.95,38.95,1
"16245",2020-09-14 10:03:00,39.14,39.14,39.14,39.14,1
"16246",2020-09-14 10:04:00,39.4,39.4,39.4,39.4,1
"16247",2020-09-14 10:06:00,39.41,39.41,39.41,39.41,1
"16248",2020-09-14 10:07:00,39.25,39.25,39.25,39.25,1
"16249",2020-09-14 10:10:00,39.25,39.25,39.25,39.25,3
"16250",2020-09-14 10:13:00,39.3,39.3,39.3,39.3,5
"16251",2020-09-14 10:19:00,39.3,39.3,39.3,39.3,2
"16252",2020-09-14 10:21:00,39.22,39.22,39.22,39.22,8
"16253",2020-09-14 10:22:00,39.39,39.39,39.39,39.39,2
"16254",2020-09-14 10:27:00,39.4,39.4,39.4,39.4,5
"16255",2020-09-14 10:42:00,39.35,39.35,39.35,39.35,4
"16256",2020-09-14 10:46:00,39.35,39.35,39.35,39.35,1
"16257",2020-09-14 10:50:00,39.35,39.35,39.35,39.35,2
"16258",2020-09-14 10:59:00,39.4,39.42,39.4,39.42,14
"16259",2020-09-14 11:02:00,39.42,39.42,39.42,39.42,1
"16260",2020-09-14 11:03:00,39.3,39.3,39.3,39.3,5
"16261",2020-09-14 11:07:00,39.3,39.42,39.3,39.42,50
"16262",2020-09-14 11:08:00,39.26,39.26,39.26,39.26,3
"16263",2020-09-14 11:17:00,39.29,39.29,39.29,39.29,1
"16264",2020-09-14 11:22:00,39.42,39.42,39.42,39.42,1
"16265",2020-09-14 11:24:00,39.42,39.42,39.42,39.42,4
"16266",2020-09-14 11:25:00,39.29,39.29,39.29,39.29,1
"16267",2020-09-14 11:29:00,39.4,39.4,39.4,39.4,3
"16268",2020-09-14 11:30:00,39.42,39.42,39.42,39.42,1
"16269",2020-09-14 11:33:00,39.42,39.42,39.42,39.42,1
"16270",2020-09-14 11:34:00,39.42,39.42,39.42,39.42,1
"16271",2020-09-14 11:35:00,39.41,39.41,39.41,39.41,1
"16272",2020-09-14 11:36:00,39.29,39.29,39.29,39.29,1
"16273",2020-09-14 11:41:00,39.29,39.29,39.29,39.29,20
"16274",2020-09-14 11:43:00,39.29,39.29,39.29,39.29,4
"16275",2020-09-14 11:44:00,39.26,39.26,39.26,39.26,1
"16276",2020-09-14 11:45:00,39.27,39.27,39.27,39.27,46
"16277",2020-09-14 11:49:00,39.4,39.4,39.4,39.4,1
"16278",2020-09-14 12:16:00,39.43,39.43,39.43,39.43,1
"16279",2020-09-14 12:21:00,39.27,39.27,39.26,39.26,40
"16280",2020-09-14 12:26:00,39.27,39.27,39.27,39.27,1
"16281",2020-09-14 12:31:00,39.26,39.26,39.26,39.26,78
"16282",2020-09-14 12:32:00,39.42,39.42,39.42,39.42,1
"16283",2020-09-14 12:50:00,39.33,39.33,39.33,39.33,14
"16284",2020-09-14 12:51:00,39.39,39.4,39.39,39.4,5
"16285",2020-09-14 12:55:00,39.33,39.33,39.33,39.33,1
"16286",2020-09-14 13:01:00,39.33,39.4,39.33,39.4,3
"16287",2020-09-14 13:07:00,39.25,39.25,39.25,39.25,4
"16288",2020-09-14 13:12:00,39.25,39.25,39.25,39.25,2
"16289",2020-09-14 13:42:00,39.35,39.35,39.35,39.35,1
"16290",2020-09-14 13:46:00,39.45,39.45,39.45,39.45,1
"16291",2020-09-14 14:02:00,39.45,39.45,39.45,39.45,1
"16292",2020-09-14 14:14:00,39.4,39.4,39.4,39.4,3
"16293",2020-09-14 14:15:00,39.4,39.4,39.4,39.4,2
"16294",2020-09-14 14:29:00,39.4,39.4,39.4,39.4,5
"16295",2020-09-14 14:31:00,39.45,39.45,39.45,39.45,2
"16296",2020-09-14 14:36:00,39.4,39.4,39.4,39.4,20
"16297",2020-09-14 14:41:00,39.4,39.4,39.4,39.4,4
"16298",2020-09-14 14:45:00,39.42,39.42,39.42,39.42,2
"16299",2020-09-14 14:49:00,39.44,39.44,39.44,39.44,1
"16300",2020-09-14 14:53:00,39.42,39.42,39.4,39.4,697
"16301",2020-09-14 14:57:00,39.36,39.38,39.36,39.38,2
"16302",2020-09-14 14:58:00,39.36,39.36,39.36,39.36,96
"16303",2020-09-14 14:59:00,39.4,39.4,39.4,39.4,8
"16304",2020-09-14 15:02:00,39.36,39.36,39.36,39.36,2
"16305",2020-09-14 15:07:00,39.3,39.3,39.3,39.3,1
"16306",2020-09-14 15:08:00,39.3,39.3,39.3,39.3,99
"16307",2020-09-14 15:11:00,39.3,39.3,39.3,39.3,1
"16308",2020-09-14 15:15:00,39.25,39.25,39.25,39.25,81
"16309",2020-09-14 15:16:00,39.25,39.25,39.25,39.25,919
"16310",2020-09-14 15:18:00,39.28,39.28,39.28,39.28,7
"16311",2020-09-14 15:20:00,39.24,39.24,39.24,39.24,1
"16312",2020-09-14 15:21:00,39.3,39.3,39.3,39.3,1
"16313",2020-09-14 15:24:00,39.25,39.25,39.25,39.25,4
"16314",2020-09-14 15:31:00,39.3,39.5,39.3,39.5,748
"16315",2020-09-14 15:32:00,39.55,39.59,39.55,39.59,218
"16316",2020-09-14 15:35:00,39.53,39.53,39.53,39.53,9
"16317",2020-09-14 15:38:00,39.4,39.4,39.4,39.4,3
"16318",2020-09-14 15:39:00,39.5,39.5,39.5,39.5,45
"16319",2020-09-14 15:40:00,39.5,39.5,39.5,39.5,52
"16320",2020-09-14 15:41:00,39.37,39.37,39.37,39.37,59
"16321",2020-09-14 15:54:00,39.54,39.54,39.54,39.54,3
"16322",2020-09-14 16:01:00,39.49,39.49,39.49,39.49,5
"16323",2020-09-14 16:03:00,39.48,39.5,39.48,39.5,1200
"16324",2020-09-14 16:07:00,39.32,39.32,39.32,39.32,102
"16325",2020-09-14 16:08:00,39.32,39.32,39.32,39.32,1
"16326",2020-09-14 16:09:00,39.32,39.32,39.2,39.2,134
"16327",2020-09-14 16:16:00,39.23,39.31,39.23,39.29,14
"16328",2020-09-14 16:19:00,39.23,39.32,39.23,39.32,5
"16329",2020-09-14 16:20:00,39.23,39.42,39.21,39.21,221
"16330",2020-09-14 16:21:00,39.18,39.18,39.18,39.18,50
"16331",2020-09-14 16:22:00,39.21,39.21,39.2,39.2,114
"16332",2020-09-14 16:24:00,39.14,39.14,39.14,39.14,5
"16333",2020-09-14 16:27:00,39.12,39.26,39.12,39.26,11
"16334",2020-09-14 16:29:00,39.26,39.39,39.26,39.37,5
"16335",2020-09-14 16:30:00,39.26,39.39,39.2,39.39,183
"16336",2020-09-14 16:31:00,39.41,39.41,39.25,39.36,1213
"16337",2020-09-14 16:32:00,39.37,39.41,39.19,39.25,10789
"16338",2020-09-14 16:33:00,39.24,39.36,39.16,39.19,4909
"16339",2020-09-14 16:34:00,39.19,39.19,39.05,39.07,6385
"16340",2020-09-14 16:35:00,39.09,39.09,38.94,38.95,7032
"16341",2020-09-14 16:36:00,38.98,39.07,38.98,38.98,4094
"16342",2020-09-14 16:37:00,38.96,39.08,38.96,39.07,11372
"16343",2020-09-14 16:38:00,39.07,39.07,38.99,38.99,7280
"16344",2020-09-14 16:39:00,38.99,39.01,38.94,38.94,6369
"16345",2020-09-14 16:40:00,38.95,39.06,38.94,39.04,14504
"16346",2020-09-14 16:41:00,39.04,39.13,39.04,39.13,4900
"16347",2020-09-14 16:42:00,39.14,39.19,39.13,39.17,1767
"16348",2020-09-14 16:43:00,39.21,39.3,39.18,39.29,4661
"16349",2020-09-14 16:44:00,39.3,39.3,39.2,39.29,3542
"16350",2020-09-14 16:45:00,39.28,39.4,39.28,39.39,11010
"16351",2020-09-14 16:46:00,39.39,39.45,39.36,39.43,12273
"16352",2020-09-14 16:47:00,39.44,39.46,39.43,39.44,6770
"16353",2020-09-14 16:48:00,39.43,39.47,39.39,39.4,4089
"16354",2020-09-14 16:49:00,39.39,39.4,39.28,39.32,4717
"16355",2020-09-14 16:50:00,39.31,39.36,39.3,39.3,1355
"16356",2020-09-14 16:51:00,39.3,39.34,39.29,39.29,3303
"16357",2020-09-14 16:52:00,39.28,39.28,39.24,39.24,2364
"16358",2020-09-14 16:53:00,39.24,39.26,39.19,39.21,4042
"16359",2020-09-14 16:54:00,39.2,39.2,39.12,39.12,3268
"16360",2020-09-14 16:55:00,39.12,39.15,39.1,39.1,4796
"16361",2020-09-14 16:56:00,39.11,39.24,39.11,39.23,3985
"16362",2020-09-14 16:57:00,39.23,39.34,39.23,39.34,2112
"16363",2020-09-14 16:58:00,39.35,39.4,39.35,39.4,2443
"16364",2020-09-14 16:59:00,39.4,39.43,39.38,39.4,4801
"16365",2020-09-14 17:00:00,39.37,39.41,39.33,39.41,3890
"16366",2020-09-14 17:01:00,39.42,39.43,39.3,39.3,6443
"16367",2020-09-14 17:02:00,39.31,39.35,39.31,39.34,5072
"16368",2020-09-14 17:03:00,39.35,39.41,39.34,39.41,4107
"16369",2020-09-14 17:04:00,39.41,39.41,39.33,39.34,3854
"16370",2020-09-14 17:05:00,39.32,39.34,39.3,39.34,1663
"16371",2020-09-14 17:06:00,39.33,39.36,39.31,39.35,1697
"16372",2020-09-14 17:07:00,39.39,39.39,39.35,39.36,2476
"16373",2020-09-14 17:08:00,39.33,39.34,39.3,39.34,2468
"16374",2020-09-14 17:09:00,39.35,39.35,39.31,39.33,1821
"16375",2020-09-14 17:10:00,39.35,39.36,39.32,39.34,2659
"16376",2020-09-14 17:11:00,39.33,39.4,39.3,39.38,4000
"16377",2020-09-14 17:12:00,39.4,39.46,39.4,39.44,3317
"16378",2020-09-14 17:13:00,39.44,39.45,39.4,39.43,2663
"16379",2020-09-14 17:14:00,39.43,39.55,39.43,39.55,9412
"16380",2020-09-14 17:15:00,39.54,39.58,39.53,39.58,6702
"16381",2020-09-14 17:16:00,39.57,39.57,39.5,39.52,2393
"16382",2020-09-14 17:17:00,39.53,39.54,39.5,39.52,4005
"16383",2020-09-14 17:18:00,39.51,39.53,39.47,39.48,2050
"16384",2020-09-14 17:19:00,39.48,39.48,39.45,39.46,1837
"16385",2020-09-14 17:20:00,39.45,39.45,39.44,39.45,1013
"16386",2020-09-14 17:21:00,39.46,39.51,39.46,39.49,2809
"16387",2020-09-14 17:22:00,39.5,39.53,39.5,39.51,1590
"16388",2020-09-14 17:23:00,39.5,39.5,39.43,39.43,3594
"16389",2020-09-14 17:24:00,39.43,39.43,39.36,39.37,2360
"16390",2020-09-14 17:25:00,39.37,39.42,39.37,39.42,2245
"16391",2020-09-14 17:26:00,39.43,39.43,39.41,39.43,1049
"16392",2020-09-14 17:27:00,39.42,39.46,39.41,39.41,2006
"16393",2020-09-14 17:28:00,39.41,39.45,39.41,39.45,1160
"16394",2020-09-14 17:29:00,39.44,39.45,39.42,39.44,911
"16395",2020-09-14 17:30:00,39.46,39.53,39.46,39.52,2099
"16396",2020-09-14 17:31:00,39.52,39.54,39.51,39.53,3665
"16397",2020-09-14 17:32:00,39.53,39.53,39.43,39.43,2545
"16398",2020-09-14 17:33:00,39.42,39.42,39.34,39.42,2705
"16399",2020-09-14 17:34:00,39.42,39.45,39.42,39.44,1587
"16400",2020-09-14 17:35:00,39.41,39.42,39.37,39.42,920
"16401",2020-09-14 17:36:00,39.42,39.45,39.41,39.44,1144
"16402",2020-09-14 17:37:00,39.43,39.44,39.42,39.44,877
"16403",2020-09-14 17:38:00,39.45,39.46,39.42,39.45,2141
"16404",2020-09-14 17:39:00,39.46,39.46,39.39,39.39,5992
"16405",2020-09-14 17:40:00,39.38,39.38,39.34,39.34,1417
"16406",2020-09-14 17:41:00,39.35,39.38,39.35,39.36,3256
"16407",2020-09-14 17:42:00,39.34,39.36,39.34,39.36,1327
"16408",2020-09-14 17:43:00,39.35,39.4,39.35,39.39,2982
"16409",2020-09-14 17:44:00,39.38,39.42,39.38,39.42,869
"16410",2020-09-14 17:45:00,39.42,39.42,39.36,39.36,1957
"16411",2020-09-14 17:46:00,39.37,39.39,39.34,39.34,1217
"16412",2020-09-14 17:47:00,39.33,39.33,39.26,39.28,5215
"16413",2020-09-14 17:48:00,39.28,39.28,39.22,39.22,3576
"16414",2020-09-14 17:49:00,39.22,39.23,39.16,39.16,7037
"16415",2020-09-14 17:50:00,39.17,39.19,39.17,39.17,2714
"16416",2020-09-14 17:51:00,39.17,39.2,39.17,39.2,2257
"16417",2020-09-14 17:52:00,39.19,39.24,39.19,39.24,3636
"16418",2020-09-14 17:53:00,39.24,39.24,39.22,39.22,646
"16419",2020-09-14 17:54:00,39.21,39.21,39.2,39.21,1184
"16420",2020-09-14 17:55:00,39.22,39.24,39.22,39.22,845
"16421",2020-09-14 17:56:00,39.21,39.21,39.17,39.17,1498
"16422",2020-09-14 17:57:00,39.18,39.23,39.18,39.23,1566
"16423",2020-09-14 17:58:00,39.22,39.26,39.22,39.25,1799
"16424",2020-09-14 17:59:00,39.26,39.3,39.26,39.29,941
"16425",2020-09-14 18:00:00,39.29,39.29,39.26,39.27,1840
"16426",2020-09-14 18:01:00,39.27,39.29,39.24,39.26,3507
"16427",2020-09-14 18:02:00,39.24,39.26,39.23,39.25,846
"16428",2020-09-14 18:03:00,39.26,39.26,39.26,39.26,703
"16429",2020-09-14 18:04:00,39.26,39.27,39.21,39.21,1071
"16430",2020-09-14 18:05:00,39.21,39.26,39.21,39.26,1095
"16431",2020-09-14 18:06:00,39.25,39.33,39.25,39.33,1832
"16432",2020-09-14 18:07:00,39.31,39.33,39.3,39.3,1146
"16433",2020-09-14 18:08:00,39.3,39.3,39.27,39.3,2497
"16434",2020-09-14 18:09:00,39.28,39.28,39.28,39.28,465
"16435",2020-09-14 18:10:00,39.29,39.33,39.29,39.31,722
"16436",2020-09-14 18:11:00,39.31,39.31,39.26,39.26,1597
"16437",2020-09-14 18:12:00,39.26,39.29,39.25,39.25,1139
"16438",2020-09-14 18:13:00,39.25,39.25,39.21,39.21,3724
"16439",2020-09-14 18:14:00,39.21,39.23,39.21,39.23,2079
"16440",2020-09-14 18:15:00,39.22,39.22,39.2,39.22,829
"16441",2020-09-14 18:16:00,39.21,39.25,39.2,39.24,4004
"16442",2020-09-14 18:17:00,39.23,39.27,39.23,39.27,1544
"16443",2020-09-14 18:18:00,39.27,39.28,39.27,39.27,551
"16444",2020-09-14 18:19:00,39.27,39.27,39.26,39.27,1086
"16445",2020-09-14 18:20:00,39.27,39.27,39.27,39.27,230
"16446",2020-09-14 18:21:00,39.28,39.3,39.27,39.27,2566
"16447",2020-09-14 18:22:00,39.27,39.28,39.25,39.27,1800
"16448",2020-09-14 18:23:00,39.28,39.29,39.21,39.21,2890
"16449",2020-09-14 18:24:00,39.21,39.23,39.21,39.22,1242
"16450",2020-09-14 18:25:00,39.22,39.28,39.22,39.26,1754
"16451",2020-09-14 18:26:00,39.27,39.27,39.25,39.25,1881
"16452",2020-09-14 18:27:00,39.22,39.24,39.22,39.23,287
"16453",2020-09-14 18:28:00,39.22,39.24,39.21,39.24,1585
"16454",2020-09-14 18:29:00,39.24,39.24,39.23,39.24,984
"16455",2020-09-14 18:30:00,39.23,39.24,39.23,39.23,310
"16456",2020-09-14 18:31:00,39.23,39.25,39.23,39.25,788
"16457",2020-09-14 18:32:00,39.24,39.24,39.22,39.22,1407
"16458",2020-09-14 18:33:00,39.21,39.21,39.19,39.19,1062
"16459",2020-09-14 18:34:00,39.19,39.19,39.17,39.17,3042
"16460",2020-09-14 18:35:00,39.17,39.21,39.17,39.21,4804
"16461",2020-09-14 18:36:00,39.21,39.24,39.21,39.22,995
"16462",2020-09-14 18:37:00,39.2,39.22,39.2,39.22,595
"16463",2020-09-14 18:38:00,39.21,39.21,39.19,39.19,1291
"16464",2020-09-14 18:39:00,39.19,39.2,39.15,39.17,2999
"16465",2020-09-14 18:40:00,39.17,39.21,39.17,39.21,1962
"16466",2020-09-14 18:41:00,39.21,39.21,39.2,39.21,2979
"16467",2020-09-14 18:42:00,39.23,39.23,39.21,39.22,2180
"16468",2020-09-14 18:43:00,39.21,39.22,39.21,39.22,766
"16469",2020-09-14 18:44:00,39.21,39.22,39.21,39.21,1415
"16470",2020-09-14 18:45:00,39.22,39.22,39.19,39.19,1083
"16471",2020-09-14 18:46:00,39.2,39.21,39.16,39.16,710
"16472",2020-09-14 18:47:00,39.16,39.18,39.12,39.12,946
"16473",2020-09-14 18:48:00,39.13,39.13,39.1,39.1,2726
"16474",2020-09-14 18:49:00,39.1,39.12,39.1,39.11,2550
"16475",2020-09-14 18:50:00,39.11,39.12,39.1,39.1,1285
"16476",2020-09-14 18:51:00,39.1,39.13,39.1,39.13,1378
"16477",2020-09-14 18:52:00,39.14,39.14,39.11,39.11,364
"16478",2020-09-14 18:53:00,39.1,39.12,39.09,39.11,4376
"16479",2020-09-14 18:54:00,39.11,39.14,39.11,39.11,3578
"16480",2020-09-14 18:55:00,39.12,39.12,39.06,39.06,3180
"16481",2020-09-14 18:56:00,39.06,39.1,39.05,39.1,9296
"16482",2020-09-14 18:57:00,39.09,39.09,39.07,39.07,6183
"16483",2020-09-14 18:58:00,39.07,39.07,39.04,39.07,7328
"16484",2020-09-14 18:59:00,39.07,39.1,39.07,39.08,6559
"16485",2020-09-14 19:00:00,39.07,39.07,39.02,39.02,8413
"16486",2020-09-14 19:01:00,39.01,39.04,38.99,39.04,7183
"16487",2020-09-14 19:02:00,39.07,39.07,39.02,39.02,3024
"16488",2020-09-14 19:03:00,39.02,39.04,39,39.03,6851
"16489",2020-09-14 19:04:00,39.02,39.06,39.02,39.04,6805
"16490",2020-09-14 19:05:00,39.04,39.05,39.01,39.01,4905
"16491",2020-09-14 19:06:00,39,39.02,38.98,39.02,7324
"16492",2020-09-14 19:07:00,39.03,39.03,38.98,38.98,2746
"16493",2020-09-14 19:08:00,38.97,38.97,38.94,38.96,7159
"16494",2020-09-14 19:09:00,38.96,38.97,38.94,38.95,6194
"16495",2020-09-14 19:10:00,38.95,38.96,38.93,38.94,11651
"16496",2020-09-14 19:11:00,38.94,38.96,38.94,38.94,4040
"16497",2020-09-14 19:12:00,38.94,38.94,38.94,38.94,3279
"16498",2020-09-14 19:13:00,38.94,38.94,38.9,38.9,3561
"16499",2020-09-14 19:14:00,38.89,38.9,38.83,38.85,16526
"16500",2020-09-14 19:15:00,38.85,38.85,38.82,38.82,6286
"16501",2020-09-14 19:16:00,38.83,38.87,38.83,38.87,2212
"16502",2020-09-14 19:17:00,38.86,38.87,38.83,38.87,4563
"16503",2020-09-14 19:18:00,38.88,38.89,38.88,38.88,1462
"16504",2020-09-14 19:19:00,38.89,38.92,38.89,38.9,2537
"16505",2020-09-14 19:20:00,38.9,38.9,38.84,38.84,1274
"16506",2020-09-14 19:21:00,38.84,38.84,38.79,38.8,6104
"16507",2020-09-14 19:22:00,38.8,38.8,38.79,38.79,900
"16508",2020-09-14 19:23:00,38.79,38.83,38.78,38.82,2406
"16509",2020-09-14 19:24:00,38.81,38.82,38.75,38.75,3020
"16510",2020-09-14 19:25:00,38.74,38.76,38.73,38.76,2594
"16511",2020-09-14 19:26:00,38.76,38.77,38.75,38.75,1755
"16512",2020-09-14 19:27:00,38.74,38.74,38.73,38.74,3136
"16513",2020-09-14 19:28:00,38.74,38.75,38.73,38.74,3629
"16514",2020-09-14 19:29:00,38.74,38.74,38.7,38.7,1949
"16515",2020-09-14 19:30:00,38.71,38.81,38.71,38.81,2313
"16516",2020-09-14 19:31:00,38.81,38.82,38.81,38.82,1682
"16517",2020-09-14 19:32:00,38.8,38.8,38.77,38.79,2828
"16518",2020-09-14 19:33:00,38.79,38.79,38.77,38.78,695
"16519",2020-09-14 19:34:00,38.78,38.78,38.74,38.75,735
"16520",2020-09-14 19:35:00,38.74,38.74,38.74,38.74,431
"16521",2020-09-14 19:36:00,38.73,38.76,38.71,38.75,3381
"16522",2020-09-14 19:37:00,38.74,38.78,38.74,38.77,2119
"16523",2020-09-14 19:38:00,38.78,38.8,38.78,38.8,2067
"16524",2020-09-14 19:39:00,38.8,38.8,38.77,38.77,2364
"16525",2020-09-14 19:40:00,38.77,38.78,38.76,38.78,2768
"16526",2020-09-14 19:41:00,38.77,38.8,38.77,38.79,2089
"16527",2020-09-14 19:42:00,38.79,38.85,38.79,38.83,6237
"16528",2020-09-14 19:43:00,38.84,38.88,38.84,38.86,5119
"16529",2020-09-14 19:44:00,38.86,38.87,38.84,38.87,1248
"16530",2020-09-14 19:45:00,38.87,38.88,38.86,38.86,749
"16531",2020-09-14 19:46:00,38.85,38.86,38.85,38.86,1584
"16532",2020-09-14 19:47:00,38.85,38.87,38.84,38.84,1314
"16533",2020-09-14 19:48:00,38.85,38.86,38.82,38.86,1059
"16534",2020-09-14 19:49:00,38.87,38.88,38.82,38.82,2177
"16535",2020-09-14 19:50:00,38.82,38.82,38.81,38.81,684
"16536",2020-09-14 19:51:00,38.81,38.84,38.8,38.84,1948
"16537",2020-09-14 19:52:00,38.84,38.84,38.81,38.81,1102
"16538",2020-09-14 19:53:00,38.8,38.8,38.77,38.78,3069
"16539",2020-09-14 19:54:00,38.78,38.78,38.77,38.77,934
"16540",2020-09-14 19:55:00,38.77,38.77,38.72,38.73,4913
"16541",2020-09-14 19:56:00,38.74,38.75,38.71,38.72,2850
"16542",2020-09-14 19:57:00,38.72,38.74,38.72,38.72,1516
"16543",2020-09-14 19:58:00,38.7,38.71,38.7,38.71,2897
"16544",2020-09-14 19:59:00,38.71,38.75,38.71,38.74,802
"16545",2020-09-14 20:00:00,38.74,38.78,38.74,38.78,2816
"16546",2020-09-14 20:01:00,38.79,38.84,38.79,38.83,2176
"16547",2020-09-14 20:02:00,38.86,38.86,38.86,38.86,527
"16548",2020-09-14 20:03:00,38.86,38.86,38.86,38.86,1058
"16549",2020-09-14 20:04:00,38.86,38.86,38.84,38.84,2753
"16550",2020-09-14 20:05:00,38.84,38.84,38.82,38.82,1128
"16551",2020-09-14 20:06:00,38.82,38.82,38.8,38.8,989
"16552",2020-09-14 20:07:00,38.8,38.8,38.72,38.72,6343
"16553",2020-09-14 20:08:00,38.72,38.75,38.72,38.74,686
"16554",2020-09-14 20:09:00,38.75,38.75,38.7,38.7,1965
"16555",2020-09-14 20:10:00,38.7,38.7,38.67,38.69,7379
"16556",2020-09-14 20:11:00,38.68,38.71,38.67,38.68,2649
"16557",2020-09-14 20:12:00,38.68,38.69,38.67,38.67,2981
"16558",2020-09-14 20:13:00,38.68,38.71,38.68,38.7,1575
"16559",2020-09-14 20:14:00,38.7,38.71,38.7,38.71,647
"16560",2020-09-14 20:15:00,38.72,38.72,38.72,38.72,588
"16561",2020-09-14 20:16:00,38.69,38.7,38.65,38.66,3147
"16562",2020-09-14 20:17:00,38.66,38.66,38.65,38.66,4584
"16563",2020-09-14 20:18:00,38.67,38.68,38.66,38.67,5337
"16564",2020-09-14 20:19:00,38.69,38.69,38.66,38.68,1592
"16565",2020-09-14 20:20:00,38.67,38.68,38.66,38.68,4263
"16566",2020-09-14 20:21:00,38.68,38.71,38.68,38.71,3523
"16567",2020-09-14 20:22:00,38.7,38.71,38.7,38.71,1986
"16568",2020-09-14 20:23:00,38.7,38.7,38.66,38.66,1290
"16569",2020-09-14 20:24:00,38.67,38.69,38.67,38.69,2534
"16570",2020-09-14 20:25:00,38.7,38.7,38.68,38.69,2609
"16571",2020-09-14 20:26:00,38.67,38.7,38.67,38.7,1590
"16572",2020-09-14 20:27:00,38.69,38.7,38.69,38.7,629
"16573",2020-09-14 20:28:00,38.68,38.7,38.67,38.7,1317
"16574",2020-09-14 20:29:00,38.71,38.76,38.71,38.75,3473
"16575",2020-09-14 20:30:00,38.75,38.75,38.73,38.74,1595
"16576",2020-09-14 20:31:00,38.74,38.74,38.72,38.72,2701
"16577",2020-09-14 20:32:00,38.71,38.71,38.66,38.66,2442
"16578",2020-09-14 20:33:00,38.66,38.66,38.58,38.59,7338
"16579",2020-09-14 20:34:00,38.59,38.6,38.56,38.56,3589
"16580",2020-09-14 20:35:00,38.56,38.62,38.56,38.62,1959
"16581",2020-09-14 20:36:00,38.61,38.61,38.58,38.58,1918
"16582",2020-09-14 20:37:00,38.57,38.58,38.57,38.58,3129
"16583",2020-09-14 20:38:00,38.58,38.63,38.58,38.62,2311
"16584",2020-09-14 20:39:00,38.61,38.61,38.58,38.58,365
"16585",2020-09-14 20:40:00,38.6,38.61,38.6,38.61,794
"16586",2020-09-14 20:41:00,38.6,38.63,38.6,38.62,1183
"16587",2020-09-14 20:42:00,38.61,38.65,38.6,38.63,1512
"16588",2020-09-14 20:43:00,38.64,38.66,38.64,38.66,1213
"16589",2020-09-14 20:44:00,38.65,38.66,38.64,38.66,2020
"16590",2020-09-14 20:45:00,38.66,38.66,38.64,38.64,836
"16591",2020-09-14 20:46:00,38.64,38.71,38.63,38.71,2172
"16592",2020-09-14 20:47:00,38.72,38.74,38.72,38.73,2597
"16593",2020-09-14 20:48:00,38.72,38.74,38.72,38.74,602
"16594",2020-09-14 20:49:00,38.76,38.76,38.76,38.76,686
"16595",2020-09-14 20:50:00,38.76,38.76,38.76,38.76,436
"16596",2020-09-14 20:51:00,38.74,38.74,38.73,38.74,1417
"16597",2020-09-14 20:52:00,38.75,38.79,38.75,38.78,2224
"16598",2020-09-14 20:53:00,38.78,38.78,38.77,38.77,754
"16599",2020-09-14 20:54:00,38.78,38.79,38.77,38.77,1043
"16600",2020-09-14 20:55:00,38.78,38.78,38.77,38.77,1095
"16601",2020-09-14 20:56:00,38.77,38.78,38.76,38.76,964
"16602",2020-09-14 20:57:00,38.77,38.77,38.77,38.77,1
"16603",2020-09-14 20:58:00,38.76,38.78,38.76,38.78,511
"16604",2020-09-14 20:59:00,38.79,38.79,38.76,38.76,848
"16605",2020-09-14 21:00:00,38.77,38.77,38.76,38.76,1466
"16606",2020-09-14 21:01:00,38.76,38.77,38.74,38.75,3900
"16607",2020-09-14 21:02:00,38.75,38.75,38.71,38.71,1544
"16608",2020-09-14 21:03:00,38.73,38.77,38.73,38.75,1545
"16609",2020-09-14 21:04:00,38.76,38.77,38.76,38.77,1514
"16610",2020-09-14 21:05:00,38.77,38.81,38.77,38.81,1750
"16611",2020-09-14 21:06:00,38.81,38.84,38.81,38.84,5811
"16612",2020-09-14 21:07:00,38.84,38.86,38.84,38.85,1191
"16613",2020-09-14 21:08:00,38.85,38.85,38.84,38.85,2004
"16614",2020-09-14 21:09:00,38.86,38.86,38.84,38.84,1820
"16615",2020-09-14 21:10:00,38.83,38.84,38.83,38.84,1291
"16616",2020-09-14 21:11:00,38.82,38.82,38.82,38.82,110
"16617",2020-09-14 21:12:00,38.82,38.82,38.82,38.82,1528
"16618",2020-09-14 21:13:00,38.82,38.86,38.81,38.86,1451
"16619",2020-09-14 21:14:00,38.87,38.88,38.87,38.88,1384
"16620",2020-09-14 21:15:00,38.87,38.89,38.86,38.88,2041
"16621",2020-09-14 21:16:00,38.87,38.88,38.86,38.88,870
"16622",2020-09-14 21:17:00,38.88,38.88,38.84,38.87,908
"16623",2020-09-14 21:18:00,38.87,38.87,38.86,38.86,600
"16624",2020-09-14 21:19:00,38.86,38.86,38.83,38.83,1107
"16625",2020-09-14 21:20:00,38.82,38.83,38.82,38.83,601
"16626",2020-09-14 21:21:00,38.84,38.84,38.82,38.83,5419
"16627",2020-09-14 21:22:00,38.84,38.84,38.84,38.84,39
"16628",2020-09-14 21:23:00,38.85,38.91,38.85,38.91,5617
"16629",2020-09-14 21:24:00,38.91,38.93,38.91,38.93,1743
"16630",2020-09-14 21:25:00,38.92,38.92,38.92,38.92,478
"16631",2020-09-14 21:26:00,38.92,38.92,38.84,38.85,2361
"16632",2020-09-14 21:27:00,38.86,38.89,38.86,38.88,2417
"16633",2020-09-14 21:28:00,38.88,38.88,38.85,38.85,1290
"16634",2020-09-14 21:29:00,38.85,38.86,38.85,38.85,1078
"16635",2020-09-14 21:30:00,38.84,38.84,38.81,38.83,2539
"16636",2020-09-14 21:31:00,38.83,38.84,38.82,38.84,1000
"16637",2020-09-14 21:32:00,38.82,38.84,38.82,38.83,1754
"16638",2020-09-14 21:33:00,38.84,38.86,38.83,38.83,2440
"16639",2020-09-14 21:34:00,38.84,38.86,38.83,38.86,1406
"16640",2020-09-14 21:35:00,38.85,38.85,38.84,38.85,744
"16641",2020-09-14 21:36:00,38.86,38.87,38.84,38.85,3251
"16642",2020-09-14 21:37:00,38.86,38.86,38.85,38.85,286
"16643",2020-09-14 21:38:00,38.86,38.86,38.84,38.85,1981
"16644",2020-09-14 21:39:00,38.84,38.84,38.84,38.84,300
"16645",2020-09-14 21:40:00,38.85,38.86,38.85,38.86,1575
"16646",2020-09-14 21:41:00,38.86,38.9,38.86,38.9,2235
"16647",2020-09-14 21:42:00,38.9,38.91,38.83,38.83,3044
"16648",2020-09-14 21:43:00,38.83,38.84,38.82,38.83,4063
"16649",2020-09-14 21:44:00,38.84,38.87,38.84,38.87,2315
"16650",2020-09-14 21:45:00,38.88,38.88,38.87,38.88,1535
"16651",2020-09-14 21:46:00,38.88,38.89,38.86,38.86,4834
"16652",2020-09-14 21:47:00,38.86,38.87,38.85,38.86,1424
"16653",2020-09-14 21:48:00,38.86,38.88,38.86,38.88,1095
"16654",2020-09-14 21:49:00,38.89,38.89,38.87,38.87,1309
"16655",2020-09-14 21:50:00,38.87,38.87,38.85,38.87,888
"16656",2020-09-14 21:51:00,38.87,38.88,38.85,38.88,1317
"16657",2020-09-14 21:52:00,38.9,38.91,38.88,38.9,1109
"16658",2020-09-14 21:53:00,38.91,38.91,38.89,38.89,1799
"16659",2020-09-14 21:54:00,38.88,38.9,38.88,38.89,1346
"16660",2020-09-14 21:55:00,38.89,38.89,38.85,38.85,2005
"16661",2020-09-14 21:56:00,38.84,38.86,38.79,38.81,7907
"16662",2020-09-14 21:57:00,38.8,38.83,38.8,38.82,1508
"16663",2020-09-14 21:58:00,38.84,38.86,38.82,38.85,4925
"16664",2020-09-14 21:59:00,38.85,38.87,38.84,38.87,928
"16665",2020-09-14 22:00:00,38.88,38.9,38.88,38.89,1835
"16666",2020-09-14 22:01:00,38.9,38.92,38.89,38.91,2782
"16667",2020-09-14 22:02:00,38.91,38.91,38.89,38.89,1730
"16668",2020-09-14 22:03:00,38.9,38.91,38.89,38.9,2047
"16669",2020-09-14 22:04:00,38.9,38.9,38.88,38.89,1380
"16670",2020-09-14 22:05:00,38.87,38.88,38.87,38.88,686
"16671",2020-09-14 22:06:00,38.89,38.9,38.86,38.89,2729
"16672",2020-09-14 22:07:00,38.88,38.9,38.87,38.9,436
"16673",2020-09-14 22:08:00,38.9,38.9,38.85,38.88,4454
"16674",2020-09-14 22:09:00,38.87,38.87,38.86,38.86,476
"16675",2020-09-14 22:10:00,38.86,38.89,38.86,38.87,1584
"16676",2020-09-14 22:11:00,38.87,38.87,38.84,38.85,2054
"16677",2020-09-14 22:12:00,38.86,38.86,38.85,38.86,1489
"16678",2020-09-14 22:13:00,38.86,38.86,38.84,38.85,1805
"16679",2020-09-14 22:14:00,38.86,38.86,38.82,38.82,1353
"16680",2020-09-14 22:15:00,38.82,38.85,38.82,38.85,1971
"16681",2020-09-14 22:16:00,38.85,38.85,38.83,38.83,2060
"16682",2020-09-14 22:17:00,38.84,38.84,38.82,38.82,1006
"16683",2020-09-14 22:18:00,38.83,38.85,38.83,38.85,2423
"16684",2020-09-14 22:19:00,38.86,38.92,38.86,38.91,3886
"16685",2020-09-14 22:20:00,38.91,38.92,38.9,38.92,1045
"16686",2020-09-14 22:21:00,38.92,38.92,38.91,38.91,1051
"16687",2020-09-14 22:22:00,38.9,38.9,38.87,38.87,1928
"16688",2020-09-14 22:23:00,38.87,38.87,38.83,38.83,2337
"16689",2020-09-14 22:24:00,38.83,38.83,38.8,38.8,4943
"16690",2020-09-14 22:25:00,38.8,38.81,38.8,38.8,2302
"16691",2020-09-14 22:26:00,38.8,38.82,38.8,38.8,3442
"16692",2020-09-14 22:27:00,38.79,38.81,38.79,38.81,2018
"16693",2020-09-14 22:28:00,38.81,38.85,38.79,38.85,4112
"16694",2020-09-14 22:29:00,38.84,38.86,38.84,38.86,2463
"16695",2020-09-14 22:30:00,38.86,38.86,38.84,38.85,2796
"16696",2020-09-14 22:31:00,38.86,38.87,38.86,38.86,5080
"16697",2020-09-14 22:32:00,38.86,38.86,38.83,38.83,4003
"16698",2020-09-14 22:33:00,38.83,38.85,38.83,38.84,2266
"16699",2020-09-14 22:34:00,38.84,38.84,38.82,38.82,3242
"16700",2020-09-14 22:35:00,38.81,38.83,38.81,38.82,2584
"16701",2020-09-14 22:36:00,38.82,38.82,38.8,38.81,1811
"16702",2020-09-14 22:37:00,38.82,38.84,38.82,38.82,3266
"16703",2020-09-14 22:38:00,38.82,38.84,38.82,38.84,2040
"16704",2020-09-14 22:39:00,38.84,38.88,38.84,38.88,2797
"16705",2020-09-14 22:40:00,38.89,38.89,38.86,38.86,1591
"16706",2020-09-14 22:41:00,38.87,38.88,38.86,38.88,2149
"16707",2020-09-14 22:42:00,38.88,38.9,38.88,38.9,1902
"16708",2020-09-14 22:43:00,38.89,38.9,38.89,38.89,4533
"16709",2020-09-14 22:44:00,38.88,38.88,38.86,38.88,2625
"16710",2020-09-14 22:45:00,38.88,38.89,38.88,38.88,2336
"16711",2020-09-14 22:46:00,38.88,38.88,38.86,38.86,874
"16712",2020-09-14 22:47:00,38.86,38.86,38.84,38.84,2571
"16713",2020-09-14 22:48:00,38.84,38.87,38.83,38.87,3439
"16714",2020-09-14 22:49:00,38.88,38.88,38.88,38.88,3076
"16715",2020-09-14 22:50:00,38.89,38.89,38.88,38.89,3115
"16716",2020-09-14 22:51:00,38.89,38.89,38.87,38.88,12804
"16717",2020-09-14 22:52:00,38.88,38.88,38.84,38.84,4633
"16718",2020-09-14 22:53:00,38.83,38.83,38.82,38.82,9313
"16719",2020-09-14 22:54:00,38.82,38.82,38.78,38.78,9959
"16720",2020-09-14 22:55:00,38.78,38.79,38.76,38.76,8750
"16721",2020-09-14 22:56:00,38.76,38.77,38.74,38.74,7305
"16722",2020-09-14 22:57:00,38.74,38.77,38.74,38.77,11000
"16723",2020-09-14 22:58:00,38.78,38.78,38.74,38.74,14747
"16724",2020-09-14 22:59:00,38.74,38.74,38.72,38.73,11927
"16725",2020-09-14 23:00:00,38.73,38.78,38.73,38.77,21980
"16726",2020-09-14 23:01:00,38.77,38.77,38.77,38.77,25
"16727",2020-09-14 23:03:00,38.77,38.77,38.77,38.77,2210
"16728",2020-09-14 23:04:00,38.78,38.78,38.78,38.78,1
"16729",2020-09-14 23:07:00,38.79,38.79,38.79,38.79,8
"16730",2020-09-14 23:10:00,38.79,38.79,38.79,38.79,1
"16731",2020-09-14 23:13:00,38.78,38.78,38.78,38.78,2
"16732",2020-09-14 23:17:00,38.79,38.9,38.79,38.9,7
"16733",2020-09-14 23:20:00,38.8,38.8,38.8,38.8,1
"16734",2020-09-14 23:21:00,38.8,38.8,38.8,38.8,1
"16735",2020-09-14 23:27:00,38.8,38.9,38.78,38.9,48
"16736",2020-09-14 23:33:00,38.9,38.9,38.9,38.9,9
"16737",2020-09-14 23:41:00,38.8,38.8,38.8,38.8,1
"16738",2020-09-14 23:57:00,38.8,38.8,38.77,38.77,1895
"16739",2020-09-15 00:06:00,38.9,38.9,38.9,38.9,1
"16740",2020-09-15 00:10:00,38.79,38.79,38.78,38.78,4
"16741",2020-09-15 00:11:00,38.77,38.77,38.77,38.77,9
"16742",2020-09-15 00:28:00,38.9,38.9,38.9,38.9,1
"16743",2020-09-15 00:42:00,38.87,38.87,38.87,38.87,1
"16744",2020-09-15 00:43:00,38.8,38.8,38.8,38.8,1
"16745",2020-09-15 00:46:00,38.8,38.8,38.8,38.8,1
"16746",2020-09-15 00:47:00,38.8,38.8,38.8,38.8,1
"16747",2020-09-15 00:48:00,38.8,38.8,38.8,38.8,2
"16748",2020-09-15 00:50:00,38.8,38.8,38.8,38.8,5
"16749",2020-09-15 00:52:00,38.81,38.81,38.81,38.81,100
"16750",2020-09-15 00:53:00,38.81,38.81,38.81,38.81,62
"16751",2020-09-15 01:02:00,38.84,38.84,38.84,38.84,20
"16752",2020-09-15 01:03:00,38.89,38.89,38.89,38.89,37
"16753",2020-09-15 01:05:00,38.9,38.9,38.9,38.9,30
"16754",2020-09-15 01:07:00,38.9,38.9,38.9,38.9,78
"16755",2020-09-15 01:09:00,38.9,38.9,38.9,38.9,147
"16756",2020-09-15 01:26:00,38.78,38.9,38.78,38.9,424
"16757",2020-09-15 01:30:00,38.9,38.9,38.9,38.9,5
"16758",2020-09-15 10:01:00,38.95,38.95,38.79,38.79,3
"16759",2020-09-15 10:10:00,38.88,38.88,38.88,38.88,14
"16760",2020-09-15 10:11:00,39.03,39.03,39.03,39.03,3
"16761",2020-09-15 10:17:00,38.85,38.85,38.85,38.85,1
"16762",2020-09-15 10:19:00,39.16,39.16,39.16,39.16,18
"16763",2020-09-15 10:20:00,38.88,38.88,38.88,38.88,3
"16764",2020-09-15 10:22:00,38.9,38.9,38.9,38.9,2
"16765",2020-09-15 10:25:00,39.04,39.08,39.04,39.08,5
"16766",2020-09-15 10:27:00,39.07,39.07,39.04,39.04,4
"16767",2020-09-15 10:30:00,39.06,39.06,39.06,39.06,10
"16768",2020-09-15 10:31:00,39.04,39.04,39.04,39.04,25
"16769",2020-09-15 10:32:00,39.03,39.03,39.03,39.03,16
"16770",2020-09-15 10:35:00,39.03,39.03,39.03,39.03,1
"16771",2020-09-15 10:37:00,39.03,39.03,39.03,39.03,3
"16772",2020-09-15 10:40:00,39.03,39.03,39.03,39.03,1
"16773",2020-09-15 10:41:00,39.03,39.03,39.03,39.03,7
"16774",2020-09-15 10:45:00,39,39,39,39,1
"16775",2020-09-15 10:47:00,39.03,39.03,39.03,39.03,10
"16776",2020-09-15 10:50:00,39.03,39.03,39.03,39.03,1
"16777",2020-09-15 10:52:00,39.03,39.03,39.03,39.03,1
"16778",2020-09-15 10:53:00,39.03,39.03,39.03,39.03,1
"16779",2020-09-15 10:57:00,39.03,39.03,39.03,39.03,30
"16780",2020-09-15 11:00:00,39.03,39.03,38.97,38.97,5
"16781",2020-09-15 11:01:00,38.98,38.98,38.97,38.97,37
"16782",2020-09-15 11:04:00,38.97,38.97,38.97,38.97,225
"16783",2020-09-15 11:05:00,38.97,38.97,38.97,38.97,29
"16784",2020-09-15 11:06:00,39,39,39,39,50
"16785",2020-09-15 11:07:00,39.02,39.02,39.02,39.02,1
"16786",2020-09-15 11:09:00,39.03,39.07,38.99,39.07,251
"16787",2020-09-15 11:14:00,39.1,39.11,39.1,39.11,204
"16788",2020-09-15 11:24:00,39.08,39.08,39.08,39.08,200
"16789",2020-09-15 11:26:00,38.99,38.99,38.99,38.99,12
"16790",2020-09-15 11:28:00,38.97,38.97,38.97,38.97,1
"16791",2020-09-15 11:30:00,38.97,38.97,38.97,38.97,4
"16792",2020-09-15 11:31:00,38.97,38.97,38.97,38.97,6
"16793",2020-09-15 11:34:00,39.05,39.05,38.97,38.97,2
"16794",2020-09-15 11:35:00,38.97,38.97,38.97,38.97,2
"16795",2020-09-15 11:51:00,39.05,39.05,39.05,39.05,26
"16796",2020-09-15 11:59:00,38.97,38.97,38.93,38.93,50
"16797",2020-09-15 12:05:00,38.94,39.05,38.94,39.05,201
"16798",2020-09-15 12:07:00,38.97,38.97,38.97,38.97,400
"16799",2020-09-15 12:09:00,38.96,38.96,38.96,38.96,220
"16800",2020-09-15 12:16:00,38.95,38.95,38.95,38.95,1
"16801",2020-09-15 12:21:00,38.95,38.95,38.95,38.95,2
"16802",2020-09-15 12:22:00,38.95,38.95,38.95,38.95,2
"16803",2020-09-15 12:27:00,38.95,39,38.95,39,282
"16804",2020-09-15 12:28:00,39,39,39,39,54
"16805",2020-09-15 12:29:00,39.05,39.05,39.05,39.05,10
"16806",2020-09-15 12:31:00,39,39,39,39,4
"16807",2020-09-15 12:32:00,39,39,39,39,1
"16808",2020-09-15 12:40:00,39.05,39.05,39.05,39.05,30
"16809",2020-09-15 12:54:00,39.05,39.05,39.05,39.05,330
"16810",2020-09-15 12:55:00,39.05,39.05,39.04,39.04,333
"16811",2020-09-15 12:57:00,39.05,39.05,39.05,39.05,122
"16812",2020-09-15 12:58:00,39.09,39.09,39.09,39.09,1
"16813",2020-09-15 13:05:00,39.04,39.04,39.04,39.04,39
"16814",2020-09-15 13:10:00,39.03,39.03,39.03,39.03,1
"16815",2020-09-15 13:12:00,39.03,39.03,39.03,39.03,1
"16816",2020-09-15 13:14:00,39.09,39.09,39.09,39.09,1
"16817",2020-09-15 13:25:00,39.08,39.08,39.08,39.08,2
"16818",2020-09-15 13:29:00,39.09,39.09,39.09,39.09,20
"16819",2020-09-15 13:34:00,39.09,39.09,39.09,39.09,1
"16820",2020-09-15 13:36:00,39.03,39.03,38.95,38.95,11
"16821",2020-09-15 13:37:00,39.09,39.09,39.09,39.09,20
"16822",2020-09-15 13:38:00,39.09,39.09,39.09,39.09,1
"16823",2020-09-15 13:45:00,39.09,39.09,39.09,39.09,1
"16824",2020-09-15 13:56:00,39.07,39.07,39.03,39.03,9
"16825",2020-09-15 13:57:00,39.05,39.05,39.05,39.05,155
"16826",2020-09-15 13:58:00,39.12,39.12,39.12,39.12,1
"16827",2020-09-15 14:01:00,39.14,39.14,39.14,39.14,3
"16828",2020-09-15 14:03:00,39.14,39.14,39.14,39.14,1
"16829",2020-09-15 14:07:00,39.12,39.12,39.12,39.12,9
"16830",2020-09-15 14:13:00,39.13,39.13,39.13,39.13,10
"16831",2020-09-15 14:23:00,39.12,39.12,39.12,39.12,9
"16832",2020-09-15 14:30:00,39.2,39.2,39.2,39.2,10
"16833",2020-09-15 14:37:00,39.18,39.18,39.18,39.18,1
"16834",2020-09-15 14:40:00,39.11,39.11,39.11,39.11,2
"16835",2020-09-15 14:42:00,39.18,39.18,39.18,39.18,10
"16836",2020-09-15 14:46:00,39.12,39.12,39.12,39.12,1
"16837",2020-09-15 14:55:00,39.14,39.14,39.1,39.1,109
"16838",2020-09-15 14:59:00,39.16,39.16,39.09,39.09,2
"16839",2020-09-15 15:02:00,39.18,39.18,39.17,39.17,701
"16840",2020-09-15 15:03:00,39.2,39.2,39.2,39.2,10
"16841",2020-09-15 15:08:00,39.18,39.18,39.18,39.18,1
"16842",2020-09-15 15:09:00,39.1,39.17,39.1,39.17,18
"16843",2020-09-15 15:14:00,39.12,39.12,39.1,39.1,2
"16844",2020-09-15 15:15:00,39.1,39.1,39.1,39.1,1
"16845",2020-09-15 15:25:00,39.16,39.16,39.16,39.16,10
"16846",2020-09-15 15:32:00,39.11,39.11,39.11,39.11,47
"16847",2020-09-15 15:34:00,39.11,39.11,39.11,39.11,1
"16848",2020-09-15 15:42:00,39.16,39.16,39.14,39.14,242
"16849",2020-09-15 15:45:00,39.18,39.23,39.18,39.23,398
"16850",2020-09-15 15:46:00,39.12,39.12,39.11,39.11,11
"16851",2020-09-15 15:49:00,39.13,39.13,39.13,39.13,80
"16852",2020-09-15 15:50:00,39.13,39.13,39.13,39.13,80
"16853",2020-09-15 15:51:00,39.13,39.13,39.13,39.13,80
"16854",2020-09-15 15:56:00,39.19,39.19,39.19,39.19,5
"16855",2020-09-15 15:58:00,39.18,39.18,39.14,39.14,2
"16856",2020-09-15 15:59:00,39.15,39.15,39.15,39.15,2
"16857",2020-09-15 16:01:00,39.15,39.15,39.15,39.15,1
"16858",2020-09-15 16:02:00,39.15,39.23,39.15,39.21,122
"16859",2020-09-15 16:03:00,39.24,39.24,39.24,39.24,1
"16860",2020-09-15 16:04:00,39.24,39.24,39.24,39.24,2
"16861",2020-09-15 16:05:00,39.24,39.24,39.2,39.2,29
"16862",2020-09-15 16:07:00,39.2,39.24,39.2,39.24,11
"16863",2020-09-15 16:08:00,39.2,39.24,39.2,39.21,280
"16864",2020-09-15 16:10:00,39.24,39.24,39.24,39.24,5
"16865",2020-09-15 16:11:00,39.24,39.24,39.24,39.24,27
"16866",2020-09-15 16:12:00,39.23,39.24,39.12,39.12,83
"16867",2020-09-15 16:13:00,39.16,39.16,39.12,39.13,81
"16868",2020-09-15 16:14:00,39.12,39.12,39.12,39.12,1
"16869",2020-09-15 16:15:00,39.24,39.24,39.24,39.24,37
"16870",2020-09-15 16:16:00,39.12,39.3,39.12,39.25,84
"16871",2020-09-15 16:17:00,39.23,39.36,39.15,39.34,1146
"16872",2020-09-15 16:18:00,39.17,39.17,39.17,39.17,7
"16873",2020-09-15 16:20:00,39.34,39.34,39.2,39.34,16
"16874",2020-09-15 16:23:00,39.16,39.16,39.16,39.16,1
"16875",2020-09-15 16:30:00,39.31,39.31,39.31,39.31,1
"16876",2020-09-15 16:31:00,39.19,39.3,39.12,39.22,8012
"16877",2020-09-15 16:32:00,39.18,39.18,38.97,39.03,13162
"16878",2020-09-15 16:33:00,39.03,39.06,38.97,38.98,10659
"16879",2020-09-15 16:34:00,38.98,39.08,38.95,39.04,6615
"16880",2020-09-15 16:35:00,39.03,39.03,38.85,38.85,21138
"16881",2020-09-15 16:36:00,38.86,38.92,38.81,38.9,9348
"16882",2020-09-15 16:37:00,38.92,39.03,38.9,38.9,7121
"16883",2020-09-15 16:38:00,38.91,38.99,38.91,38.97,5724
"16884",2020-09-15 16:39:00,38.97,39.01,38.86,38.88,7661
"16885",2020-09-15 16:40:00,38.89,39.03,38.88,39.02,10529
"16886",2020-09-15 16:41:00,39.02,39.05,38.94,39.01,8019
"16887",2020-09-15 16:42:00,39.02,39.11,39.02,39.11,4911
"16888",2020-09-15 16:43:00,39.11,39.14,39.09,39.14,6563
"16889",2020-09-15 16:44:00,39.13,39.17,39.1,39.13,4993
"16890",2020-09-15 16:45:00,39.14,39.14,39.08,39.08,3581
"16891",2020-09-15 16:46:00,39.07,39.08,39.01,39.06,5312
"16892",2020-09-15 16:47:00,39.05,39.05,38.99,39,1650
"16893",2020-09-15 16:48:00,39.01,39.03,38.98,39.03,2104
"16894",2020-09-15 16:49:00,39.03,39.03,38.96,38.96,3425
"16895",2020-09-15 16:50:00,38.98,39.02,38.96,39.02,2146
"16896",2020-09-15 16:51:00,39.03,39.05,38.9,38.93,9710
"16897",2020-09-15 16:52:00,38.91,38.92,38.82,38.82,11041
"16898",2020-09-15 16:53:00,38.82,38.86,38.8,38.85,7090
"16899",2020-09-15 16:54:00,38.84,38.84,38.77,38.77,3675
"16900",2020-09-15 16:55:00,38.78,38.84,38.77,38.82,6167
"16901",2020-09-15 16:56:00,38.82,38.85,38.8,38.81,7013
"16902",2020-09-15 16:57:00,38.8,38.82,38.78,38.79,2803
"16903",2020-09-15 16:58:00,38.78,38.78,38.7,38.73,9742
"16904",2020-09-15 16:59:00,38.72,38.72,38.63,38.71,7151
"16905",2020-09-15 17:00:00,38.7,38.72,38.66,38.68,4589
"16906",2020-09-15 17:01:00,38.67,38.67,38.61,38.65,12922
"16907",2020-09-15 17:02:00,38.66,38.76,38.66,38.76,7969
"16908",2020-09-15 17:03:00,38.76,38.8,38.75,38.76,15451
"16909",2020-09-15 17:04:00,38.76,38.76,38.73,38.73,15958
"16910",2020-09-15 17:05:00,38.72,38.74,38.67,38.67,5615
"16911",2020-09-15 17:06:00,38.66,38.66,38.61,38.61,4834
"16912",2020-09-15 17:07:00,38.6,38.61,38.54,38.59,17282
"16913",2020-09-15 17:08:00,38.59,38.59,38.52,38.52,5825
"16914",2020-09-15 17:09:00,38.52,38.57,38.5,38.57,21443
"16915",2020-09-15 17:10:00,38.58,38.63,38.58,38.61,4133
"16916",2020-09-15 17:11:00,38.62,38.64,38.6,38.64,5168
"16917",2020-09-15 17:12:00,38.65,38.67,38.64,38.66,4369
"16918",2020-09-15 17:13:00,38.66,38.68,38.59,38.6,3792
"16919",2020-09-15 17:14:00,38.61,38.61,38.53,38.53,1857
"16920",2020-09-15 17:15:00,38.54,38.54,38.46,38.53,5960
"16921",2020-09-15 17:16:00,38.52,38.54,38.42,38.44,4790
"16922",2020-09-15 17:17:00,38.44,38.46,38.38,38.4,8531
"16923",2020-09-15 17:18:00,38.42,38.43,38.39,38.43,3905
"16924",2020-09-15 17:19:00,38.43,38.46,38.41,38.42,4343
"16925",2020-09-15 17:20:00,38.41,38.42,38.38,38.4,3510
"16926",2020-09-15 17:21:00,38.36,38.39,38.35,38.35,4532
"16927",2020-09-15 17:22:00,38.34,38.35,38.3,38.33,4580
"16928",2020-09-15 17:23:00,38.32,38.32,38.24,38.3,7651
"16929",2020-09-15 17:24:00,38.3,38.41,38.3,38.36,4702
"16930",2020-09-15 17:25:00,38.34,38.34,38.23,38.25,8626
"16931",2020-09-15 17:26:00,38.25,38.31,38.24,38.28,6873
"16932",2020-09-15 17:27:00,38.28,38.33,38.24,38.33,11756
"16933",2020-09-15 17:28:00,38.34,38.42,38.34,38.41,4073
"16934",2020-09-15 17:29:00,38.41,38.47,38.39,38.47,2031
"16935",2020-09-15 17:30:00,38.47,38.52,38.47,38.5,4527
"16936",2020-09-15 17:31:00,38.51,38.57,38.51,38.57,16595
"16937",2020-09-15 17:32:00,38.58,38.63,38.56,38.62,5118
"16938",2020-09-15 17:33:00,38.63,38.66,38.6,38.65,8177
"16939",2020-09-15 17:34:00,38.66,38.67,38.62,38.63,9174
"16940",2020-09-15 17:35:00,38.61,38.64,38.6,38.63,2664
"16941",2020-09-15 17:36:00,38.63,38.72,38.63,38.71,3266
"16942",2020-09-15 17:37:00,38.72,38.72,38.67,38.7,1677
"16943",2020-09-15 17:38:00,38.7,38.74,38.7,38.71,4140
"16944",2020-09-15 17:39:00,38.72,38.72,38.66,38.67,1712
"16945",2020-09-15 17:40:00,38.66,38.67,38.59,38.6,3518
"16946",2020-09-15 17:41:00,38.59,38.59,38.5,38.51,3045
"16947",2020-09-15 17:42:00,38.51,38.53,38.48,38.52,10724
"16948",2020-09-15 17:43:00,38.52,38.54,38.49,38.52,1221
"16949",2020-09-15 17:44:00,38.5,38.5,38.47,38.48,3245
"16950",2020-09-15 17:45:00,38.46,38.46,38.43,38.45,930
"16951",2020-09-15 17:46:00,38.46,38.5,38.46,38.5,2131
"16952",2020-09-15 17:47:00,38.5,38.57,38.46,38.57,7181
"16953",2020-09-15 17:48:00,38.58,38.58,38.54,38.54,1124
"16954",2020-09-15 17:49:00,38.55,38.57,38.55,38.57,504
"16955",2020-09-15 17:50:00,38.57,38.57,38.55,38.55,1463
"16956",2020-09-15 17:51:00,38.55,38.62,38.55,38.62,2004
"16957",2020-09-15 17:52:00,38.63,38.64,38.62,38.64,3456
"16958",2020-09-15 17:53:00,38.62,38.62,38.55,38.61,3239
"16959",2020-09-15 17:54:00,38.62,38.66,38.62,38.66,1101
"16960",2020-09-15 17:55:00,38.67,38.7,38.66,38.66,3583
"16961",2020-09-15 17:56:00,38.66,38.69,38.64,38.64,2871
"16962",2020-09-15 17:57:00,38.64,38.65,38.6,38.6,1042
"16963",2020-09-15 17:58:00,38.61,38.63,38.61,38.62,1402
"16964",2020-09-15 17:59:00,38.63,38.64,38.61,38.63,2181
"16965",2020-09-15 18:00:00,38.64,38.66,38.62,38.62,2032
"16966",2020-09-15 18:01:00,38.61,38.62,38.59,38.59,1785
"16967",2020-09-15 18:02:00,38.59,38.6,38.56,38.56,1460
"16968",2020-09-15 18:03:00,38.56,38.59,38.55,38.59,4710
"16969",2020-09-15 18:04:00,38.59,38.62,38.59,38.62,1910
"16970",2020-09-15 18:05:00,38.62,38.68,38.62,38.68,800
"16971",2020-09-15 18:06:00,38.67,38.7,38.67,38.69,1992
"16972",2020-09-15 18:07:00,38.69,38.71,38.68,38.68,2041
"16973",2020-09-15 18:08:00,38.67,38.72,38.67,38.69,3893
"16974",2020-09-15 18:09:00,38.69,38.69,38.65,38.65,1178
"16975",2020-09-15 18:10:00,38.65,38.71,38.65,38.71,1266
"16976",2020-09-15 18:11:00,38.71,38.73,38.71,38.73,2258
"16977",2020-09-15 18:12:00,38.72,38.72,38.7,38.71,1405
"16978",2020-09-15 18:13:00,38.71,38.8,38.71,38.79,4007
"16979",2020-09-15 18:14:00,38.79,38.82,38.79,38.82,2720
"16980",2020-09-15 18:15:00,38.82,38.84,38.81,38.83,4147
"16981",2020-09-15 18:16:00,38.83,38.84,38.81,38.81,1584
"16982",2020-09-15 18:17:00,38.8,38.8,38.75,38.76,1968
"16983",2020-09-15 18:18:00,38.76,38.76,38.74,38.74,776
"16984",2020-09-15 18:19:00,38.74,38.75,38.74,38.75,189
"16985",2020-09-15 18:20:00,38.75,38.79,38.75,38.75,2467
"16986",2020-09-15 18:21:00,38.74,38.76,38.74,38.75,1751
"16987",2020-09-15 18:22:00,38.75,38.76,38.73,38.74,2345
"16988",2020-09-15 18:23:00,38.75,38.76,38.72,38.72,1397
"16989",2020-09-15 18:24:00,38.71,38.74,38.7,38.74,1556
"16990",2020-09-15 18:25:00,38.74,38.74,38.69,38.72,14104
"16991",2020-09-15 18:26:00,38.71,38.72,38.7,38.7,5769
"16992",2020-09-15 18:27:00,38.71,38.76,38.71,38.73,2114
"16993",2020-09-15 18:28:00,38.72,38.74,38.71,38.74,1334
"16994",2020-09-15 18:29:00,38.74,38.74,38.66,38.67,4916
"16995",2020-09-15 18:30:00,38.66,38.68,38.64,38.64,2686
"16996",2020-09-15 18:31:00,38.63,38.64,38.62,38.62,2332
"16997",2020-09-15 18:32:00,38.62,38.66,38.62,38.65,2537
"16998",2020-09-15 18:33:00,38.64,38.68,38.64,38.68,202
"16999",2020-09-15 18:34:00,38.68,38.72,38.68,38.72,1344
"17000",2020-09-15 18:35:00,38.71,38.71,38.67,38.67,2221
"17001",2020-09-15 18:36:00,38.69,38.69,38.62,38.62,2594
"17002",2020-09-15 18:37:00,38.62,38.66,38.62,38.63,1201
"17003",2020-09-15 18:38:00,38.64,38.68,38.64,38.66,2220
"17004",2020-09-15 18:39:00,38.66,38.66,38.63,38.66,2814
"17005",2020-09-15 18:40:00,38.67,38.72,38.67,38.72,738
"17006",2020-09-15 18:41:00,38.73,38.73,38.64,38.65,5703
"17007",2020-09-15 18:42:00,38.65,38.67,38.65,38.67,3373
"17008",2020-09-15 18:43:00,38.67,38.68,38.65,38.65,1196
"17009",2020-09-15 18:44:00,38.65,38.66,38.64,38.65,1524
"17010",2020-09-15 18:45:00,38.66,38.67,38.64,38.64,421
"17011",2020-09-15 18:46:00,38.64,38.64,38.63,38.64,988
"17012",2020-09-15 18:47:00,38.64,38.67,38.63,38.66,2857
"17013",2020-09-15 18:48:00,38.66,38.68,38.65,38.68,1693
"17014",2020-09-15 18:49:00,38.67,38.67,38.67,38.67,414
"17015",2020-09-15 18:50:00,38.68,38.68,38.63,38.63,1134
"17016",2020-09-15 18:51:00,38.63,38.64,38.62,38.64,2351
"17017",2020-09-15 18:52:00,38.63,38.65,38.63,38.63,4906
"17018",2020-09-15 18:53:00,38.63,38.64,38.61,38.61,1743
"17019",2020-09-15 18:54:00,38.61,38.61,38.6,38.6,2290
"17020",2020-09-15 18:55:00,38.6,38.62,38.6,38.61,1257
"17021",2020-09-15 18:56:00,38.62,38.63,38.6,38.62,4206
"17022",2020-09-15 18:57:00,38.63,38.66,38.63,38.66,1718
"17023",2020-09-15 18:58:00,38.65,38.65,38.62,38.65,1666
"17024",2020-09-15 18:59:00,38.65,38.67,38.65,38.66,955
"17025",2020-09-15 19:00:00,38.66,38.69,38.66,38.69,1850
"17026",2020-09-15 19:01:00,38.68,38.72,38.68,38.72,2320
"17027",2020-09-15 19:02:00,38.74,38.76,38.74,38.76,2074
"17028",2020-09-15 19:03:00,38.76,38.76,38.72,38.74,2626
"17029",2020-09-15 19:04:00,38.73,38.74,38.72,38.74,1786
"17030",2020-09-15 19:05:00,38.74,38.76,38.74,38.75,2104
"17031",2020-09-15 19:06:00,38.74,38.76,38.73,38.74,3183
"17032",2020-09-15 19:07:00,38.74,38.75,38.74,38.75,636
"17033",2020-09-15 19:08:00,38.76,38.76,38.75,38.75,1601
"17034",2020-09-15 19:09:00,38.74,38.74,38.72,38.72,1335
"17035",2020-09-15 19:10:00,38.72,38.72,38.7,38.7,678
"17036",2020-09-15 19:11:00,38.71,38.74,38.71,38.73,3507
"17037",2020-09-15 19:12:00,38.73,38.74,38.72,38.72,2861
"17038",2020-09-15 19:13:00,38.72,38.72,38.67,38.67,1680
"17039",2020-09-15 19:14:00,38.68,38.69,38.68,38.68,1619
"17040",2020-09-15 19:15:00,38.68,38.72,38.68,38.72,2537
"17041",2020-09-15 19:16:00,38.72,38.72,38.69,38.72,3161
"17042",2020-09-15 19:17:00,38.7,38.7,38.7,38.7,422
"17043",2020-09-15 19:18:00,38.7,38.7,38.68,38.68,768
"17044",2020-09-15 19:19:00,38.68,38.7,38.68,38.7,1781
"17045",2020-09-15 19:20:00,38.7,38.72,38.69,38.72,1360
"17046",2020-09-15 19:21:00,38.72,38.74,38.72,38.73,3020
"17047",2020-09-15 19:22:00,38.73,38.79,38.73,38.79,5326
"17048",2020-09-15 19:23:00,38.8,38.82,38.8,38.81,4671
"17049",2020-09-15 19:24:00,38.81,38.82,38.8,38.82,1923
"17050",2020-09-15 19:25:00,38.82,38.83,38.81,38.81,1428
"17051",2020-09-15 19:26:00,38.81,38.81,38.78,38.78,765
"17052",2020-09-15 19:27:00,38.78,38.82,38.78,38.82,1400
"17053",2020-09-15 19:28:00,38.82,38.83,38.79,38.8,1937
"17054",2020-09-15 19:29:00,38.81,38.82,38.81,38.82,1200
"17055",2020-09-15 19:30:00,38.82,38.84,38.82,38.83,4291
"17056",2020-09-15 19:31:00,38.83,38.83,38.81,38.82,1709
"17057",2020-09-15 19:32:00,38.83,38.84,38.83,38.83,2148
"17058",2020-09-15 19:33:00,38.82,38.82,38.81,38.82,1592
"17059",2020-09-15 19:34:00,38.82,38.82,38.79,38.79,1019
"17060",2020-09-15 19:35:00,38.8,38.82,38.8,38.82,1422
"17061",2020-09-15 19:36:00,38.83,38.84,38.83,38.83,908
"17062",2020-09-15 19:37:00,38.82,38.82,38.82,38.82,438
"17063",2020-09-15 19:38:00,38.81,38.81,38.79,38.8,1412
"17064",2020-09-15 19:39:00,38.79,38.8,38.79,38.8,806
"17065",2020-09-15 19:40:00,38.8,38.81,38.8,38.81,906
"17066",2020-09-15 19:41:00,38.82,38.82,38.81,38.82,1574
"17067",2020-09-15 19:42:00,38.82,38.82,38.81,38.81,395
"17068",2020-09-15 19:43:00,38.83,38.83,38.83,38.83,300
"17069",2020-09-15 19:44:00,38.83,38.84,38.82,38.84,1058
"17070",2020-09-15 19:45:00,38.84,38.86,38.84,38.86,1200
"17071",2020-09-15 19:46:00,38.85,38.88,38.85,38.87,2646
"17072",2020-09-15 19:47:00,38.87,38.88,38.86,38.87,1524
"17073",2020-09-15 19:48:00,38.87,38.87,38.86,38.86,552
"17074",2020-09-15 19:49:00,38.86,38.92,38.86,38.92,4007
"17075",2020-09-15 19:50:00,38.92,38.92,38.9,38.91,2546
"17076",2020-09-15 19:51:00,38.9,38.9,38.89,38.9,2040
"17077",2020-09-15 19:52:00,38.9,38.96,38.9,38.94,6548
"17078",2020-09-15 19:53:00,38.95,38.97,38.94,38.95,4014
"17079",2020-09-15 19:54:00,38.95,38.97,38.94,38.97,1506
"17080",2020-09-15 19:55:00,38.98,38.99,38.98,38.99,1625
"17081",2020-09-15 19:56:00,38.99,39,38.98,38.99,3982
"17082",2020-09-15 19:57:00,38.98,38.99,38.97,38.97,1930
"17083",2020-09-15 19:58:00,38.96,38.96,38.94,38.94,2690
"17084",2020-09-15 19:59:00,38.95,38.98,38.95,38.98,2661
"17085",2020-09-15 20:00:00,38.98,38.98,38.97,38.97,710
"17086",2020-09-15 20:02:00,38.97,39,38.97,39,7686
"17087",2020-09-15 20:03:00,38.99,38.99,38.96,38.96,2758
"17088",2020-09-15 20:04:00,38.98,38.99,38.94,38.99,5445
"17089",2020-09-15 20:05:00,38.99,39,38.97,38.97,3170
"17090",2020-09-15 20:06:00,38.99,38.99,38.96,38.98,1081
"17091",2020-09-15 20:07:00,38.99,38.99,38.98,38.98,1214
"17092",2020-09-15 20:08:00,38.97,38.98,38.97,38.98,816
"17093",2020-09-15 20:09:00,38.99,39,38.99,39,732
"17094",2020-09-15 20:10:00,38.99,38.99,38.98,38.98,4512
"17095",2020-09-15 20:11:00,39,39.02,39,39,4968
"17096",2020-09-15 20:12:00,38.99,38.99,38.96,38.96,985
"17097",2020-09-15 20:13:00,38.97,38.98,38.95,38.96,1618
"17098",2020-09-15 20:14:00,38.96,38.98,38.96,38.97,659
"17099",2020-09-15 20:15:00,38.96,38.96,38.93,38.93,966
"17100",2020-09-15 20:16:00,38.94,38.96,38.94,38.94,2890
"17101",2020-09-15 20:17:00,38.93,38.93,38.92,38.93,2869
"17102",2020-09-15 20:18:00,38.93,38.95,38.93,38.95,1116
"17103",2020-09-15 20:19:00,38.95,38.96,38.94,38.94,1415
"17104",2020-09-15 20:20:00,38.94,38.95,38.94,38.95,725
"17105",2020-09-15 20:21:00,38.93,38.93,38.88,38.88,1374
"17106",2020-09-15 20:22:00,38.89,38.89,38.88,38.88,1657
"17107",2020-09-15 20:23:00,38.88,38.88,38.85,38.86,1446
"17108",2020-09-15 20:24:00,38.85,38.85,38.84,38.84,212
"17109",2020-09-15 20:25:00,38.84,38.86,38.84,38.86,1105
"17110",2020-09-15 20:26:00,38.86,38.87,38.85,38.87,826
"17111",2020-09-15 20:27:00,38.87,38.88,38.87,38.88,324
"17112",2020-09-15 20:28:00,38.88,38.89,38.87,38.87,2663
"17113",2020-09-15 20:29:00,38.87,38.89,38.87,38.88,1798
"17114",2020-09-15 20:30:00,38.87,38.9,38.87,38.89,1890
"17115",2020-09-15 20:31:00,38.9,38.9,38.88,38.89,1358
"17116",2020-09-15 20:32:00,38.89,38.89,38.88,38.89,967
"17117",2020-09-15 20:33:00,38.89,38.9,38.88,38.88,2012
"17118",2020-09-15 20:34:00,38.89,38.89,38.89,38.89,1100
"17119",2020-09-15 20:35:00,38.9,38.92,38.9,38.92,1756
"17120",2020-09-15 20:36:00,38.92,38.92,38.9,38.9,1434
"17121",2020-09-15 20:37:00,38.92,38.93,38.91,38.93,451
"17122",2020-09-15 20:38:00,38.93,38.93,38.91,38.91,846
"17123",2020-09-15 20:39:00,38.91,38.91,38.9,38.9,1607
"17124",2020-09-15 20:40:00,38.89,38.89,38.83,38.84,1516
"17125",2020-09-15 20:41:00,38.84,38.86,38.83,38.84,1127
"17126",2020-09-15 20:42:00,38.84,38.84,38.83,38.83,1410
"17127",2020-09-15 20:43:00,38.83,38.84,38.82,38.82,309
"17128",2020-09-15 20:44:00,38.83,38.83,38.82,38.83,2305
"17129",2020-09-15 20:45:00,38.83,38.83,38.83,38.83,601
"17130",2020-09-15 20:46:00,38.82,38.82,38.81,38.81,1097
"17131",2020-09-15 20:47:00,38.83,38.85,38.83,38.85,1300
"17132",2020-09-15 20:48:00,38.86,38.86,38.86,38.86,285
"17133",2020-09-15 20:49:00,38.85,38.86,38.85,38.86,916
"17134",2020-09-15 20:50:00,38.86,38.87,38.86,38.86,948
"17135",2020-09-15 20:51:00,38.86,38.86,38.84,38.85,1469
"17136",2020-09-15 20:52:00,38.86,38.86,38.85,38.85,937
"17137",2020-09-15 20:53:00,38.85,38.85,38.85,38.85,416
"17138",2020-09-15 20:54:00,38.86,38.88,38.86,38.88,1005
"17139",2020-09-15 20:55:00,38.89,38.89,38.88,38.88,1249
"17140",2020-09-15 20:56:00,38.88,38.88,38.85,38.87,3140
"17141",2020-09-15 20:57:00,38.86,38.88,38.86,38.88,1662
"17142",2020-09-15 20:58:00,38.88,38.88,38.84,38.84,1012
"17143",2020-09-15 20:59:00,38.84,38.84,38.79,38.79,1285
"17144",2020-09-15 21:00:00,38.79,38.81,38.79,38.81,2300
"17145",2020-09-15 21:01:00,38.82,38.84,38.82,38.84,1102
"17146",2020-09-15 21:02:00,38.83,38.83,38.8,38.83,2835
"17147",2020-09-15 21:03:00,38.83,38.83,38.77,38.78,3255
"17148",2020-09-15 21:04:00,38.78,38.79,38.78,38.78,2325
"17149",2020-09-15 21:05:00,38.79,38.81,38.79,38.81,2003
"17150",2020-09-15 21:06:00,38.82,38.84,38.81,38.83,2204
"17151",2020-09-15 21:07:00,38.82,38.82,38.79,38.8,3474
"17152",2020-09-15 21:08:00,38.79,38.8,38.77,38.78,1744
"17153",2020-09-15 21:09:00,38.78,38.78,38.76,38.76,906
"17154",2020-09-15 21:10:00,38.75,38.77,38.74,38.77,3276
"17155",2020-09-15 21:11:00,38.77,38.79,38.77,38.79,1403
"17156",2020-09-15 21:12:00,38.79,38.8,38.78,38.78,975
"17157",2020-09-15 21:13:00,38.78,38.81,38.77,38.8,2732
"17158",2020-09-15 21:14:00,38.8,38.82,38.79,38.82,2513
"17159",2020-09-15 21:15:00,38.82,38.82,38.8,38.81,1422
"17160",2020-09-15 21:16:00,38.81,38.81,38.79,38.79,1416
"17161",2020-09-15 21:17:00,38.8,38.8,38.78,38.78,2010
"17162",2020-09-15 21:18:00,38.78,38.8,38.78,38.8,1106
"17163",2020-09-15 21:19:00,38.78,38.78,38.77,38.77,1562
"17164",2020-09-15 21:20:00,38.77,38.78,38.77,38.77,1150
"17165",2020-09-15 21:21:00,38.77,38.77,38.73,38.73,3180
"17166",2020-09-15 21:22:00,38.73,38.76,38.73,38.76,1677
"17167",2020-09-15 21:23:00,38.75,38.76,38.72,38.73,2320
"17168",2020-09-15 21:24:00,38.74,38.75,38.74,38.75,1809
"17169",2020-09-15 21:25:00,38.75,38.75,38.74,38.74,2012
"17170",2020-09-15 21:26:00,38.74,38.76,38.74,38.74,1443
"17171",2020-09-15 21:27:00,38.74,38.76,38.72,38.76,2401
"17172",2020-09-15 21:28:00,38.75,38.76,38.74,38.74,2951
"17173",2020-09-15 21:29:00,38.73,38.74,38.73,38.74,817
"17174",2020-09-15 21:30:00,38.74,38.75,38.73,38.74,625
"17175",2020-09-15 21:31:00,38.73,38.75,38.73,38.74,857
"17176",2020-09-15 21:32:00,38.74,38.74,38.71,38.72,1990
"17177",2020-09-15 21:33:00,38.71,38.72,38.7,38.72,1375
"17178",2020-09-15 21:34:00,38.71,38.72,38.71,38.72,1809
"17179",2020-09-15 21:35:00,38.73,38.73,38.7,38.71,2606
"17180",2020-09-15 21:36:00,38.72,38.75,38.72,38.75,2855
"17181",2020-09-15 21:37:00,38.75,38.75,38.75,38.75,156
"17182",2020-09-15 21:38:00,38.74,38.74,38.74,38.74,1735
"17183",2020-09-15 21:39:00,38.74,38.74,38.73,38.73,835
"17184",2020-09-15 21:40:00,38.73,38.74,38.73,38.74,1060
"17185",2020-09-15 21:41:00,38.74,38.74,38.74,38.74,481
"17186",2020-09-15 21:42:00,38.74,38.74,38.74,38.74,124
"17187",2020-09-15 21:43:00,38.75,38.75,38.75,38.75,8
"17188",2020-09-15 21:44:00,38.74,38.75,38.74,38.75,1835
"17189",2020-09-15 21:45:00,38.74,38.74,38.74,38.74,1039
"17190",2020-09-15 21:46:00,38.75,38.76,38.75,38.75,1963
"17191",2020-09-15 21:47:00,38.74,38.75,38.74,38.75,142
"17192",2020-09-15 21:48:00,38.75,38.75,38.75,38.75,1200
"17193",2020-09-15 21:49:00,38.74,38.74,38.73,38.74,1246
"17194",2020-09-15 21:50:00,38.75,38.76,38.75,38.75,2113
"17195",2020-09-15 21:51:00,38.76,38.76,38.74,38.74,1414
"17196",2020-09-15 21:52:00,38.73,38.74,38.73,38.74,1200
"17197",2020-09-15 21:53:00,38.75,38.76,38.74,38.74,5537
"17198",2020-09-15 21:54:00,38.74,38.74,38.74,38.74,507
"17199",2020-09-15 21:55:00,38.73,38.73,38.7,38.7,4155
"17200",2020-09-15 21:56:00,38.71,38.74,38.7,38.71,4501
"17201",2020-09-15 21:57:00,38.69,38.72,38.69,38.72,2382
"17202",2020-09-15 21:58:00,38.72,38.72,38.68,38.69,4682
"17203",2020-09-15 21:59:00,38.71,38.71,38.66,38.69,6769
"17204",2020-09-15 22:00:00,38.68,38.7,38.68,38.7,600
"17205",2020-09-15 22:01:00,38.7,38.72,38.7,38.71,3340
"17206",2020-09-15 22:02:00,38.71,38.71,38.69,38.69,2369
"17207",2020-09-15 22:03:00,38.7,38.7,38.68,38.69,4053
"17208",2020-09-15 22:04:00,38.69,38.7,38.68,38.69,2041
"17209",2020-09-15 22:05:00,38.7,38.7,38.68,38.68,917
"17210",2020-09-15 22:06:00,38.67,38.67,38.61,38.61,3967
"17211",2020-09-15 22:07:00,38.6,38.62,38.6,38.61,2234
"17212",2020-09-15 22:08:00,38.62,38.64,38.62,38.62,2865
"17213",2020-09-15 22:09:00,38.62,38.65,38.6,38.64,5666
"17214",2020-09-15 22:10:00,38.64,38.64,38.62,38.62,1919
"17215",2020-09-15 22:11:00,38.62,38.64,38.6,38.64,3050
"17216",2020-09-15 22:12:00,38.63,38.63,38.6,38.62,1030
"17217",2020-09-15 22:13:00,38.63,38.66,38.63,38.66,650
"17218",2020-09-15 22:14:00,38.66,38.7,38.66,38.7,12153
"17219",2020-09-15 22:15:00,38.7,38.72,38.7,38.71,3199
"17220",2020-09-15 22:16:00,38.71,38.75,38.7,38.7,4926
"17221",2020-09-15 22:17:00,38.7,38.76,38.7,38.76,5813
"17222",2020-09-15 22:18:00,38.76,38.82,38.76,38.81,6729
"17223",2020-09-15 22:19:00,38.81,38.81,38.75,38.77,4949
"17224",2020-09-15 22:20:00,38.76,38.78,38.75,38.78,5965
"17225",2020-09-15 22:21:00,38.77,38.78,38.74,38.75,3804
"17226",2020-09-15 22:22:00,38.76,38.76,38.73,38.75,3200
"17227",2020-09-15 22:23:00,38.75,38.78,38.75,38.77,4999
"17228",2020-09-15 22:24:00,38.76,38.78,38.74,38.76,5005
"17229",2020-09-15 22:25:00,38.76,38.79,38.75,38.79,2802
"17230",2020-09-15 22:26:00,38.8,38.81,38.78,38.81,4414
"17231",2020-09-15 22:27:00,38.81,38.86,38.81,38.86,8084
"17232",2020-09-15 22:28:00,38.86,38.87,38.85,38.86,1806
"17233",2020-09-15 22:29:00,38.86,38.88,38.86,38.87,3530
"17234",2020-09-15 22:30:00,38.87,38.9,38.87,38.9,2406
"17235",2020-09-15 22:31:00,38.9,38.91,38.85,38.86,5254
"17236",2020-09-15 22:32:00,38.85,38.86,38.85,38.85,2951
"17237",2020-09-15 22:33:00,38.85,38.85,38.83,38.83,8575
"17238",2020-09-15 22:34:00,38.84,38.84,38.8,38.8,12818
"17239",2020-09-15 22:35:00,38.81,38.82,38.8,38.81,6121
"17240",2020-09-15 22:36:00,38.81,38.84,38.78,38.84,5201
"17241",2020-09-15 22:37:00,38.84,38.86,38.82,38.82,5761
"17242",2020-09-15 22:38:00,38.82,38.83,38.78,38.78,21438
"17243",2020-09-15 22:39:00,38.78,38.82,38.78,38.82,6084
"17244",2020-09-15 22:40:00,38.83,38.86,38.83,38.86,5243
"17245",2020-09-15 22:41:00,38.85,38.86,38.83,38.84,6873
"17246",2020-09-15 22:42:00,38.84,38.86,38.83,38.85,6576
"17247",2020-09-15 22:43:00,38.86,38.89,38.85,38.87,6215
"17248",2020-09-15 22:44:00,38.88,38.91,38.87,38.91,5228
"17249",2020-09-15 22:45:00,38.9,38.91,38.89,38.89,3932
"17250",2020-09-15 22:46:00,38.89,38.94,38.89,38.94,8205
"17251",2020-09-15 22:47:00,38.94,38.94,38.93,38.93,5215
"17252",2020-09-15 22:48:00,38.93,38.94,38.92,38.94,5093
"17253",2020-09-15 22:49:00,38.94,38.94,38.93,38.94,4399
"17254",2020-09-15 22:50:00,38.94,38.96,38.92,38.96,8910
"17255",2020-09-15 22:51:00,38.96,38.96,38.94,38.96,12776
"17256",2020-09-15 22:52:00,38.96,38.96,38.93,38.94,6486
"17257",2020-09-15 22:53:00,38.93,38.95,38.93,38.93,15196
"17258",2020-09-15 22:54:00,38.94,38.97,38.94,38.96,5471
"17259",2020-09-15 22:55:00,38.97,39.02,38.97,39.02,30193
"17260",2020-09-15 22:56:00,39.03,39.03,39,39,17569
"17261",2020-09-15 22:57:00,39.01,39.02,39,39,29685
"17262",2020-09-15 22:58:00,39,39.01,39,39,8589
"17263",2020-09-15 22:59:00,39,39.05,38.98,39.04,20292
"17264",2020-09-15 23:00:00,39.05,39.16,39.05,39.1,47360
"17265",2020-09-15 23:01:00,39.12,39.12,39.12,39.12,81
"17266",2020-09-15 23:02:00,39.07,39.11,39.07,39.11,210
"17267",2020-09-15 23:03:00,39.04,39.04,39.04,39.04,90
"17268",2020-09-15 23:04:00,38.75,38.75,38.75,38.75,5
"17269",2020-09-15 23:05:00,39.09,39.09,39.09,39.09,4093
"17270",2020-09-15 23:10:00,38.86,38.86,38.86,38.86,5
"17271",2020-09-15 23:12:00,39.1,39.1,39.1,39.1,1
"17272",2020-09-15 23:15:00,39.09,39.09,39.09,39.09,1
"17273",2020-09-15 23:19:00,39.02,39.02,39.02,39.02,1
"17274",2020-09-15 23:20:00,39.02,39.02,39.02,39.02,4
"17275",2020-09-15 23:21:00,39.09,39.09,39.09,39.09,2
"17276",2020-09-15 23:22:00,39.11,39.11,39.11,39.11,1
"17277",2020-09-15 23:23:00,39.09,39.09,39.09,39.09,1
"17278",2020-09-15 23:24:00,39.09,39.09,39.09,39.09,11
"17279",2020-09-15 23:25:00,39.02,39.02,39.02,39.02,1
"17280",2020-09-15 23:26:00,39.09,39.09,39.09,39.09,4
"17281",2020-09-15 23:28:00,39.09,39.09,39.09,39.09,1
"17282",2020-09-15 23:30:00,39.09,39.09,39.09,39.09,1
"17283",2020-09-15 23:31:00,39.09,39.09,39.09,39.09,1
"17284",2020-09-15 23:32:00,39.09,39.09,39.02,39.02,81
"17285",2020-09-15 23:34:00,39.02,39.02,39.02,39.02,1
"17286",2020-09-15 23:36:00,39.02,39.02,39.02,39.02,1
"17287",2020-09-15 23:46:00,39.09,39.09,39.09,39.09,2
"17288",2020-09-15 23:47:00,39.09,39.09,39.09,39.09,4
"17289",2020-09-15 23:48:00,39.09,39.09,39.09,39.09,5
"17290",2020-09-15 23:50:00,39.09,39.09,39.09,39.09,5
"17291",2020-09-15 23:54:00,39.09,39.09,39.09,39.09,2
"17292",2020-09-15 23:55:00,39.09,39.09,39.09,39.09,2
"17293",2020-09-15 23:59:00,39.09,39.09,39.09,39.09,3
"17294",2020-09-16 00:00:00,39.09,39.09,39.09,39.09,11
"17295",2020-09-16 00:01:00,39.09,39.11,39.09,39.11,31
"17296",2020-09-16 00:09:00,39.09,39.09,39.09,39.09,1
"17297",2020-09-16 00:13:00,39.09,39.09,39.09,39.09,1
"17298",2020-09-16 00:16:00,39.1,39.1,39.1,39.1,754
"17299",2020-09-16 00:24:00,39.07,39.07,39.07,39.07,36
"17300",2020-09-16 00:40:00,39.09,39.09,39.09,39.09,1
"17301",2020-09-16 00:42:00,39.09,39.09,39.09,39.09,1
"17302",2020-09-16 00:46:00,38.88,38.88,38.88,38.88,3
"17303",2020-09-16 00:48:00,39.09,39.09,39.09,39.09,1
"17304",2020-09-16 00:49:00,39.09,39.09,39.09,39.09,1
"17305",2020-09-16 00:54:00,39.09,39.09,39.09,39.09,1
"17306",2020-09-16 00:58:00,39.09,39.09,39.09,39.09,1
"17307",2020-09-16 01:24:00,38.9,38.9,38.9,38.9,90
"17308",2020-09-16 01:25:00,39.02,39.02,39.02,39.02,90
"17309",2020-09-16 01:35:00,39,39,39,39,10
"17310",2020-09-16 01:42:00,39.05,39.05,39.05,39.05,90
"17311",2020-09-16 10:02:00,38.98,38.98,38.98,38.98,3
"17312",2020-09-16 10:03:00,39,39,39,39,65
"17313",2020-09-16 10:04:00,39.09,39.09,39.09,39.09,10
"17314",2020-09-16 10:07:00,39.14,39.14,39.14,39.14,6
"17315",2020-09-16 10:08:00,39.19,39.19,39.13,39.13,16
"17316",2020-09-16 10:09:00,39.11,39.11,39.11,39.11,5
"17317",2020-09-16 10:10:00,39.13,39.3,39.13,39.3,17
"17318",2020-09-16 10:11:00,39.3,39.3,39.3,39.3,2
"17319",2020-09-16 10:12:00,39.15,39.15,39.15,39.15,12
"17320",2020-09-16 10:14:00,39.15,39.15,39.15,39.15,2
"17321",2020-09-16 10:15:00,39.15,39.15,39.15,39.15,1
"17322",2020-09-16 10:16:00,39.3,39.3,39.3,39.3,1
"17323",2020-09-16 10:18:00,39.17,39.17,39.17,39.17,1
"17324",2020-09-16 10:19:00,39.17,39.17,39.17,39.17,1
"17325",2020-09-16 10:26:00,39.15,39.15,39.15,39.15,2
"17326",2020-09-16 10:32:00,39.18,39.18,39.18,39.18,7
"17327",2020-09-16 10:34:00,39.2,39.2,39.2,39.2,1
"17328",2020-09-16 10:37:00,39.17,39.17,39.17,39.17,1
"17329",2020-09-16 10:39:00,39.17,39.17,39.17,39.17,6
"17330",2020-09-16 10:41:00,39.15,39.15,39.15,39.15,8
"17331",2020-09-16 10:42:00,39.15,39.15,39.15,39.15,1
"17332",2020-09-16 10:47:00,39.25,39.25,39.25,39.25,1
"17333",2020-09-16 10:57:00,39.25,39.25,39.25,39.25,1
"17334",2020-09-16 10:58:00,39.25,39.25,39.25,39.25,1
"17335",2020-09-16 11:05:00,39.11,39.11,39.11,39.11,4
"17336",2020-09-16 11:07:00,39.11,39.11,39.11,39.11,1
"17337",2020-09-16 11:09:00,39.18,39.18,39.18,39.18,1
"17338",2020-09-16 11:10:00,39.1,39.1,39.1,39.1,1
"17339",2020-09-16 11:14:00,39.1,39.1,39.1,39.1,1
"17340",2020-09-16 11:16:00,39.1,39.1,39.1,39.1,1
"17341",2020-09-16 11:17:00,39.1,39.1,39.1,39.1,2
"17342",2020-09-16 11:20:00,39.1,39.1,39.1,39.1,1
"17343",2020-09-16 11:33:00,39.15,39.15,39.15,39.15,1
"17344",2020-09-16 11:34:00,39.25,39.25,39.25,39.25,1
"17345",2020-09-16 11:36:00,39.11,39.11,39.1,39.1,3
"17346",2020-09-16 11:44:00,39.24,39.24,39.24,39.24,1
"17347",2020-09-16 11:53:00,39.11,39.11,39.11,39.11,5
"17348",2020-09-16 12:12:00,39.18,39.25,39.18,39.25,8
"17349",2020-09-16 12:14:00,39.25,39.25,39.25,39.25,1
"17350",2020-09-16 12:20:00,39.13,39.13,39.13,39.13,1
"17351",2020-09-16 12:25:00,39.14,39.14,39.14,39.14,4
"17352",2020-09-16 12:36:00,39.15,39.15,39.15,39.15,3
"17353",2020-09-16 12:51:00,39.15,39.19,39.15,39.19,7
"17354",2020-09-16 12:57:00,39.16,39.16,39.16,39.16,51
"17355",2020-09-16 12:58:00,39.1,39.1,39.1,39.1,100
"17356",2020-09-16 13:02:00,39.1,39.1,39.1,39.1,1
"17357",2020-09-16 13:15:00,39.15,39.15,39.15,39.15,15
"17358",2020-09-16 13:22:00,39.1,39.1,39.1,39.1,13
"17359",2020-09-16 13:28:00,39.11,39.11,39.11,39.11,2
"17360",2020-09-16 13:30:00,39.11,39.11,39.11,39.11,2
"17361",2020-09-16 13:31:00,39.19,39.19,39.19,39.19,1
"17362",2020-09-16 13:33:00,39.18,39.18,39.18,39.18,10
"17363",2020-09-16 13:35:00,39.19,39.19,39.19,39.19,1
"17364",2020-09-16 13:47:00,39.18,39.18,39.18,39.18,5
"17365",2020-09-16 13:58:00,39.14,39.14,39.14,39.14,1
"17366",2020-09-16 14:00:00,39.15,39.15,39.15,39.15,1
"17367",2020-09-16 14:02:00,39.15,39.15,39.15,39.15,1
"17368",2020-09-16 14:04:00,39.15,39.15,39.15,39.15,41
"17369",2020-09-16 14:12:00,39.14,39.14,39.14,39.14,1
"17370",2020-09-16 14:13:00,39.14,39.14,39.14,39.14,1
"17371",2020-09-16 14:14:00,39.19,39.19,39.19,39.19,100
"17372",2020-09-16 14:16:00,39.13,39.13,39.13,39.13,1
"17373",2020-09-16 14:19:00,39.18,39.18,39.18,39.18,1
"17374",2020-09-16 14:36:00,39.2,39.2,39.2,39.2,190
"17375",2020-09-16 14:37:00,39.15,39.15,39.15,39.15,3
"17376",2020-09-16 14:39:00,39.1,39.1,39.1,39.1,1
"17377",2020-09-16 14:40:00,39.1,39.1,39.1,39.1,2
"17378",2020-09-16 14:41:00,39.1,39.1,39.1,39.1,1
"17379",2020-09-16 14:44:00,39.1,39.1,39.1,39.1,35
"17380",2020-09-16 14:49:00,39.1,39.1,39.1,39.1,36
"17381",2020-09-16 14:59:00,39.15,39.15,39.15,39.15,2
"17382",2020-09-16 15:07:00,39.14,39.14,39.1,39.1,8
"17383",2020-09-16 15:23:00,39.16,39.16,39.16,39.16,1
"17384",2020-09-16 15:25:00,39.16,39.16,39.11,39.11,2
"17385",2020-09-16 15:27:00,39.16,39.16,39.16,39.16,1
"17386",2020-09-16 15:28:00,39.16,39.16,39.16,39.16,6
"17387",2020-09-16 15:42:00,39.11,39.11,39.1,39.1,101
"17388",2020-09-16 15:45:00,39.1,39.1,39.1,39.1,1
"17389",2020-09-16 15:47:00,39.12,39.12,39.12,39.12,20
"17390",2020-09-16 15:48:00,39.12,39.12,39.12,39.12,48
"17391",2020-09-16 15:49:00,39.14,39.14,39.14,39.14,10
"17392",2020-09-16 15:59:00,39.1,39.11,39.1,39.11,438
"17393",2020-09-16 16:00:00,39.1,39.1,39.1,39.1,1
"17394",2020-09-16 16:04:00,39.11,39.11,39.11,39.11,1
"17395",2020-09-16 16:06:00,39.11,39.13,39.11,39.13,81
"17396",2020-09-16 16:07:00,39.13,39.13,39.13,39.13,13
"17397",2020-09-16 16:08:00,39.13,39.13,39.09,39.09,12
"17398",2020-09-16 16:09:00,39.09,39.13,39.09,39.13,5
"17399",2020-09-16 16:11:00,39.09,39.09,39.09,39.09,7
"17400",2020-09-16 16:12:00,39.07,39.12,39.07,39.12,11
"17401",2020-09-16 16:14:00,39.1,39.13,39.1,39.13,69
"17402",2020-09-16 16:16:00,39.13,39.14,39.08,39.14,571
"17403",2020-09-16 16:17:00,39.15,39.15,39.15,39.15,95
"17404",2020-09-16 16:20:00,39.1,39.1,39.1,39.1,1
"17405",2020-09-16 16:21:00,39.1,39.1,39.09,39.09,2
"17406",2020-09-16 16:22:00,39.09,39.09,39.09,39.09,5
"17407",2020-09-16 16:23:00,39.14,39.14,39.14,39.14,240
"17408",2020-09-16 16:27:00,39.15,39.15,39.15,39.15,162
"17409",2020-09-16 16:28:00,39.17,39.21,39.12,39.12,241
"17410",2020-09-16 16:29:00,39.11,39.12,39.11,39.12,73
"17411",2020-09-16 16:30:00,39.21,39.35,39.19,39.35,629
"17412",2020-09-16 16:31:00,39.39,39.39,39.3,39.36,628
"17413",2020-09-16 16:32:00,39.38,39.4,39.21,39.22,3912
"17414",2020-09-16 16:33:00,39.2,39.47,39.2,39.47,10687
"17415",2020-09-16 16:34:00,39.45,39.79,39.45,39.75,37154
"17416",2020-09-16 16:35:00,39.75,39.89,39.73,39.88,18852
"17417",2020-09-16 16:36:00,39.87,40,39.87,40,33070
"17418",2020-09-16 16:37:00,40.04,40.31,40.04,40.3,36861
"17419",2020-09-16 16:38:00,40.31,40.38,40.23,40.3,28865
"17420",2020-09-16 16:39:00,40.29,40.52,40.28,40.52,19544
"17421",2020-09-16 16:40:00,40.53,40.9,40.53,40.83,53950
"17422",2020-09-16 16:41:00,40.82,40.82,40.7,40.75,21689
"17423",2020-09-16 16:42:00,40.75,40.77,40.48,40.5,16190
"17424",2020-09-16 16:43:00,40.48,40.5,40.34,40.42,25952
"17425",2020-09-16 16:44:00,40.39,40.39,40.2,40.27,23860
"17426",2020-09-16 16:45:00,40.3,40.31,40.15,40.18,7477
"17427",2020-09-16 16:46:00,40.16,40.23,40.06,40.09,14284
"17428",2020-09-16 16:47:00,40.1,40.25,40.1,40.25,17736
"17429",2020-09-16 16:48:00,40.25,40.28,40.12,40.12,11143
"17430",2020-09-16 16:49:00,40.11,40.21,40.06,40.09,9761
"17431",2020-09-16 16:50:00,40.1,40.17,40.09,40.16,7884
"17432",2020-09-16 16:51:00,40.17,40.22,40.13,40.14,20237
"17433",2020-09-16 16:52:00,40.15,40.28,40.14,40.22,12253
"17434",2020-09-16 16:53:00,40.22,40.24,40.13,40.18,7634
"17435",2020-09-16 16:54:00,40.16,40.18,40.13,40.14,6028
"17436",2020-09-16 16:55:00,40.15,40.22,40.13,40.2,8275
"17437",2020-09-16 16:56:00,40.21,40.22,40.14,40.2,10323
"17438",2020-09-16 16:57:00,40.2,40.26,40.14,40.17,8283
"17439",2020-09-16 16:58:00,40.16,40.16,40.13,40.14,5561
"17440",2020-09-16 16:59:00,40.13,40.16,40.1,40.15,6101
"17441",2020-09-16 17:00:00,40.15,40.23,40.15,40.22,8025
"17442",2020-09-16 17:01:00,40.21,40.23,40.13,40.13,8375
"17443",2020-09-16 17:02:00,40.12,40.16,40.12,40.14,2837
"17444",2020-09-16 17:03:00,40.14,40.14,40.04,40.06,3923
"17445",2020-09-16 17:04:00,40.07,40.07,39.97,40.02,9381
"17446",2020-09-16 17:05:00,40.03,40.06,40.02,40.03,4219
"17447",2020-09-16 17:06:00,40.02,40.05,40,40.02,6352
"17448",2020-09-16 17:07:00,40.02,40.02,39.98,39.99,2840
"17449",2020-09-16 17:08:00,39.99,40.02,39.99,40,4014
"17450",2020-09-16 17:09:00,40,40.07,40,40.07,2130
"17451",2020-09-16 17:10:00,40.07,40.11,40.07,40.11,4638
"17452",2020-09-16 17:11:00,40.1,40.1,40,40,8552
"17453",2020-09-16 17:12:00,40,40.04,39.99,40.03,8399
"17454",2020-09-16 17:13:00,40.03,40.04,39.98,40.04,3547
"17455",2020-09-16 17:14:00,40.07,40.08,40.01,40.01,3453
"17456",2020-09-16 17:15:00,40.05,40.1,40.03,40.06,4834
"17457",2020-09-16 17:16:00,40.07,40.08,40,40.05,4911
"17458",2020-09-16 17:17:00,40.06,40.06,40,40.03,3760
"17459",2020-09-16 17:18:00,40.02,40.07,39.99,40.04,10433
"17460",2020-09-16 17:19:00,40.04,40.04,39.97,40,11363
"17461",2020-09-16 17:20:00,40,40.02,39.97,39.98,4119
"17462",2020-09-16 17:21:00,39.98,40.06,39.98,40.05,6189
"17463",2020-09-16 17:22:00,40.05,40.06,40.01,40.01,3164
"17464",2020-09-16 17:23:00,39.99,40.02,39.95,39.99,13141
"17465",2020-09-16 17:24:00,39.99,40.03,39.99,40,4835
"17466",2020-09-16 17:25:00,39.99,40,39.95,39.96,2654
"17467",2020-09-16 17:26:00,39.96,39.96,39.94,39.94,4111
"17468",2020-09-16 17:27:00,39.93,39.93,39.8,39.8,14650
"17469",2020-09-16 17:28:00,39.8,39.88,39.8,39.82,7514
"17470",2020-09-16 17:29:00,39.83,39.84,39.8,39.84,6876
"17471",2020-09-16 17:30:00,39.84,39.88,39.84,39.88,3567
"17472",2020-09-16 17:31:00,39.88,39.89,39.85,39.85,8320
"17473",2020-09-16 17:32:00,39.85,39.88,39.85,39.86,9005
"17474",2020-09-16 17:33:00,39.85,39.86,39.7,39.75,17529
"17475",2020-09-16 17:34:00,39.76,39.8,39.73,39.78,10602
"17476",2020-09-16 17:35:00,39.78,39.8,39.73,39.8,7465
"17477",2020-09-16 17:36:00,39.8,39.81,39.73,39.73,2690
"17478",2020-09-16 17:37:00,39.72,39.72,39.65,39.67,7735
"17479",2020-09-16 17:38:00,39.67,39.68,39.58,39.59,5611
"17480",2020-09-16 17:39:00,39.6,39.62,39.54,39.57,3984
"17481",2020-09-16 17:40:00,39.58,39.58,39.5,39.52,4004
"17482",2020-09-16 17:41:00,39.53,39.54,39.5,39.51,2851
"17483",2020-09-16 17:42:00,39.52,39.54,39.52,39.54,2683
"17484",2020-09-16 17:43:00,39.52,39.53,39.5,39.52,3165
"17485",2020-09-16 17:44:00,39.51,39.56,39.49,39.56,3026
"17486",2020-09-16 17:45:00,39.55,39.55,39.47,39.47,9195
"17487",2020-09-16 17:46:00,39.46,39.46,39.4,39.42,11090
"17488",2020-09-16 17:47:00,39.43,39.44,39.4,39.4,3132
"17489",2020-09-16 17:48:00,39.41,39.44,39.37,39.43,8867
"17490",2020-09-16 17:49:00,39.44,39.46,39.39,39.39,14700
"17491",2020-09-16 17:50:00,39.38,39.39,39.33,39.36,10394
"17492",2020-09-16 17:51:00,39.36,39.36,39.31,39.33,10124
"17493",2020-09-16 17:52:00,39.34,39.38,39.32,39.37,3932
"17494",2020-09-16 17:53:00,39.38,39.45,39.37,39.45,16786
"17495",2020-09-16 17:54:00,39.45,39.48,39.44,39.44,7768
"17496",2020-09-16 17:55:00,39.42,39.46,39.42,39.45,4982
"17497",2020-09-16 17:56:00,39.46,39.46,39.43,39.46,8030
"17498",2020-09-16 17:57:00,39.45,39.49,39.44,39.49,6708
"17499",2020-09-16 17:58:00,39.5,39.5,39.44,39.44,4006
"17500",2020-09-16 17:59:00,39.43,39.46,39.43,39.43,4777
"17501",2020-09-16 18:00:00,39.42,39.48,39.42,39.47,9896
"17502",2020-09-16 18:01:00,39.47,39.52,39.47,39.51,4667
"17503",2020-09-16 18:02:00,39.5,39.52,39.47,39.51,8271
"17504",2020-09-16 18:03:00,39.52,39.57,39.52,39.57,7288
"17505",2020-09-16 18:04:00,39.56,39.58,39.52,39.56,11543
"17506",2020-09-16 18:05:00,39.57,39.57,39.54,39.55,4469
"17507",2020-09-16 18:06:00,39.55,39.6,39.54,39.59,2700
"17508",2020-09-16 18:07:00,39.58,39.63,39.58,39.63,1628
"17509",2020-09-16 18:08:00,39.64,39.66,39.64,39.66,2282
"17510",2020-09-16 18:09:00,39.67,39.68,39.66,39.67,3935
"17511",2020-09-16 18:10:00,39.67,39.68,39.66,39.67,977
"17512",2020-09-16 18:11:00,39.67,39.77,39.67,39.77,11565
"17513",2020-09-16 18:12:00,39.77,39.83,39.75,39.79,21913
"17514",2020-09-16 18:13:00,39.8,39.88,39.8,39.88,20677
"17515",2020-09-16 18:14:00,39.89,39.94,39.89,39.94,22191
"17516",2020-09-16 18:15:00,39.95,39.97,39.93,39.97,9322
"17517",2020-09-16 18:16:00,39.98,40.06,39.97,40.05,13234
"17518",2020-09-16 18:17:00,40.06,40.06,39.99,39.99,4114
"17519",2020-09-16 18:18:00,39.98,40.01,39.96,39.96,2181
"17520",2020-09-16 18:19:00,39.97,40.01,39.97,40,4399
"17521",2020-09-16 18:20:00,40,40.04,40,40.04,5150
"17522",2020-09-16 18:21:00,40.04,40.05,40,40,3609
"17523",2020-09-16 18:22:00,40.02,40.04,40,40.03,3605
"17524",2020-09-16 18:23:00,40.04,40.06,40,40,9453
"17525",2020-09-16 18:24:00,40.02,40.04,40,40.04,700
"17526",2020-09-16 18:25:00,40.04,40.06,40.04,40.04,7417
"17527",2020-09-16 18:26:00,40.03,40.03,39.98,39.98,2669
"17528",2020-09-16 18:27:00,40,40.02,40,40,2405
"17529",2020-09-16 18:28:00,40.02,40.02,39.99,40,4356
"17530",2020-09-16 18:29:00,40,40.02,40,40.01,3934
"17531",2020-09-16 18:30:00,40.02,40.05,40.02,40.05,2321
"17532",2020-09-16 18:31:00,40.05,40.05,40,40,1668
"17533",2020-09-16 18:32:00,40.01,40.03,39.99,40,2592
"17534",2020-09-16 18:33:00,40.02,40.02,39.95,39.98,4336
"17535",2020-09-16 18:34:00,39.97,39.98,39.95,39.95,1731
"17536",2020-09-16 18:35:00,39.97,39.99,39.96,39.96,1128
"17537",2020-09-16 18:36:00,39.96,39.96,39.91,39.94,3591
"17538",2020-09-16 18:37:00,39.93,39.94,39.93,39.94,1282
"17539",2020-09-16 18:38:00,39.93,39.95,39.92,39.95,2426
"17540",2020-09-16 18:39:00,39.95,39.97,39.93,39.93,3410
"17541",2020-09-16 18:40:00,39.93,39.94,39.91,39.91,1202
"17542",2020-09-16 18:41:00,39.91,39.91,39.86,39.88,1716
"17543",2020-09-16 18:42:00,39.89,39.9,39.88,39.88,3335
"17544",2020-09-16 18:43:00,39.87,39.88,39.86,39.88,1781
"17545",2020-09-16 18:44:00,39.89,39.9,39.89,39.9,1012
"17546",2020-09-16 18:45:00,39.9,39.9,39.86,39.87,4745
"17547",2020-09-16 18:46:00,39.89,39.9,39.88,39.89,1601
"17548",2020-09-16 18:47:00,39.9,39.9,39.89,39.89,1419
"17549",2020-09-16 18:48:00,39.89,39.89,39.86,39.86,1377
"17550",2020-09-16 18:49:00,39.86,39.86,39.8,39.82,2801
"17551",2020-09-16 18:50:00,39.84,39.84,39.84,39.84,1100
"17552",2020-09-16 18:51:00,39.84,39.85,39.84,39.84,1203
"17553",2020-09-16 18:52:00,39.84,39.84,39.84,39.84,1166
"17554",2020-09-16 18:53:00,39.83,39.84,39.83,39.83,3818
"17555",2020-09-16 18:54:00,39.84,39.84,39.84,39.84,2050
"17556",2020-09-16 18:55:00,39.84,39.84,39.83,39.84,1472
"17557",2020-09-16 18:56:00,39.85,39.88,39.85,39.88,5437
"17558",2020-09-16 18:57:00,39.87,39.88,39.82,39.82,2284
"17559",2020-09-16 18:58:00,39.81,39.82,39.8,39.81,2305
"17560",2020-09-16 18:59:00,39.8,39.81,39.78,39.8,3215
"17561",2020-09-16 19:00:00,39.8,39.81,39.78,39.78,3619
"17562",2020-09-16 19:01:00,39.79,39.82,39.79,39.82,602
"17563",2020-09-16 19:02:00,39.82,39.84,39.81,39.84,1879
"17564",2020-09-16 19:03:00,39.83,39.84,39.82,39.84,1672
"17565",2020-09-16 19:04:00,39.84,39.92,39.84,39.92,4708
"17566",2020-09-16 19:05:00,39.93,39.96,39.93,39.96,4054
"17567",2020-09-16 19:06:00,39.97,39.99,39.96,39.98,2420
"17568",2020-09-16 19:07:00,39.98,40,39.96,40,2723
"17569",2020-09-16 19:08:00,40,40,39.98,39.98,1618
"17570",2020-09-16 19:09:00,39.98,40.01,39.98,40,3366
"17571",2020-09-16 19:10:00,40,40.1,40,40.1,12758
"17572",2020-09-16 19:11:00,40.1,40.13,40.06,40.06,7870
"17573",2020-09-16 19:12:00,40.04,40.06,40.03,40.03,2564
"17574",2020-09-16 19:13:00,40.03,40.06,40.03,40.03,3140
"17575",2020-09-16 19:14:00,40.03,40.05,40.02,40.02,4448
"17576",2020-09-16 19:15:00,40.03,40.04,40.03,40.04,2501
"17577",2020-09-16 19:16:00,40.04,40.04,40.02,40.02,859
"17578",2020-09-16 19:17:00,40.02,40.02,40,40,3534
"17579",2020-09-16 19:18:00,39.99,40,39.97,39.99,4251
"17580",2020-09-16 19:19:00,40,40,39.99,39.99,481
"17581",2020-09-16 19:20:00,40,40.02,40,40.02,2315
"17582",2020-09-16 19:21:00,40.02,40.03,39.98,39.98,3229
"17583",2020-09-16 19:22:00,39.99,40,39.97,39.97,2026
"17584",2020-09-16 19:23:00,39.96,39.98,39.95,39.98,2495
"17585",2020-09-16 19:24:00,39.98,39.99,39.96,39.96,2336
"17586",2020-09-16 19:25:00,39.96,39.96,39.95,39.96,787
"17587",2020-09-16 19:26:00,39.95,39.96,39.95,39.95,2602
"17588",2020-09-16 19:27:00,39.95,39.96,39.95,39.96,840
"17589",2020-09-16 19:28:00,39.96,39.96,39.94,39.94,2013
"17590",2020-09-16 19:29:00,39.94,39.95,39.93,39.94,1901
"17591",2020-09-16 19:30:00,39.94,39.96,39.94,39.94,1680
"17592",2020-09-16 19:31:00,39.94,39.95,39.91,39.92,1807
"17593",2020-09-16 19:32:00,39.91,39.92,39.9,39.91,5311
"17594",2020-09-16 19:33:00,39.92,39.92,39.9,39.91,1604
"17595",2020-09-16 19:34:00,39.91,39.92,39.9,39.92,2678
"17596",2020-09-16 19:35:00,39.92,39.92,39.9,39.91,1667
"17597",2020-09-16 19:36:00,39.92,39.93,39.91,39.91,2198
"17598",2020-09-16 19:37:00,39.91,39.91,39.86,39.86,1632
"17599",2020-09-16 19:38:00,39.86,39.9,39.86,39.89,2192
"17600",2020-09-16 19:39:00,39.89,39.9,39.88,39.9,2017
"17601",2020-09-16 19:40:00,39.9,39.92,39.9,39.91,891
"17602",2020-09-16 19:41:00,39.9,39.91,39.89,39.9,1704
"17603",2020-09-16 19:42:00,39.9,39.91,39.89,39.89,800
"17604",2020-09-16 19:43:00,39.89,39.9,39.86,39.86,1463
"17605",2020-09-16 19:44:00,39.87,39.9,39.87,39.89,2673
"17606",2020-09-16 19:45:00,39.88,39.92,39.88,39.92,1794
"17607",2020-09-16 19:46:00,39.93,39.96,39.93,39.96,2299
"17608",2020-09-16 19:47:00,39.97,40,39.97,39.97,5505
"17609",2020-09-16 19:48:00,39.97,39.97,39.94,39.95,510
"17610",2020-09-16 19:49:00,39.95,39.96,39.89,39.9,2754
"17611",2020-09-16 19:50:00,39.89,39.89,39.86,39.86,700
"17612",2020-09-16 19:51:00,39.87,39.88,39.86,39.88,1998
"17613",2020-09-16 19:52:00,39.88,39.88,39.86,39.86,712
"17614",2020-09-16 19:53:00,39.86,39.87,39.86,39.86,1259
"17615",2020-09-16 19:54:00,39.87,39.87,39.86,39.86,551
"17616",2020-09-16 19:55:00,39.87,39.89,39.87,39.88,376
"17617",2020-09-16 19:56:00,39.89,39.92,39.89,39.92,2047
"17618",2020-09-16 19:57:00,39.92,39.94,39.92,39.93,957
"17619",2020-09-16 19:58:00,39.94,39.95,39.94,39.95,788
"17620",2020-09-16 19:59:00,39.94,39.95,39.94,39.95,608
"17621",2020-09-16 20:00:00,39.96,39.96,39.95,39.95,1485
"17622",2020-09-16 20:01:00,39.94,39.98,39.93,39.96,1777
"17623",2020-09-16 20:02:00,39.96,39.98,39.95,39.97,1812
"17624",2020-09-16 20:03:00,39.98,40.01,39.97,40.01,1790
"17625",2020-09-16 20:04:00,39.99,39.99,39.96,39.97,2042
"17626",2020-09-16 20:05:00,39.98,40,39.98,40,601
"17627",2020-09-16 20:06:00,40,40.03,39.99,40.02,3521
"17628",2020-09-16 20:07:00,40.01,40.01,39.99,40.01,1950
"17629",2020-09-16 20:08:00,40.01,40.02,40,40,1249
"17630",2020-09-16 20:09:00,40,40,39.99,40,2166
"17631",2020-09-16 20:10:00,40,40.01,39.98,40.01,1873
"17632",2020-09-16 20:11:00,40,40.01,39.98,40,2321
"17633",2020-09-16 20:12:00,40,40.01,39.97,39.97,2483
"17634",2020-09-16 20:13:00,39.99,40.04,39.99,40.03,2916
"17635",2020-09-16 20:14:00,40.03,40.03,40.02,40.02,2039
"17636",2020-09-16 20:15:00,40.03,40.08,40.03,40.08,2864
"17637",2020-09-16 20:16:00,40.08,40.09,40.07,40.09,1639
"17638",2020-09-16 20:17:00,40.09,40.09,40.03,40.03,4601
"17639",2020-09-16 20:18:00,40.02,40.05,40.02,40.04,2073
"17640",2020-09-16 20:19:00,40.04,40.05,40.03,40.05,4458
"17641",2020-09-16 20:20:00,40.04,40.06,40.01,40.04,3473
"17642",2020-09-16 20:21:00,40.04,40.04,40,40,1426
"17643",2020-09-16 20:22:00,40,40.01,39.99,40,2425
"17644",2020-09-16 20:23:00,40,40.02,39.99,40.02,1606
"17645",2020-09-16 20:24:00,40.02,40.04,40,40.03,1490
"17646",2020-09-16 20:25:00,40.03,40.03,39.98,40,2008
"17647",2020-09-16 20:26:00,40,40,39.99,39.99,1547
"17648",2020-09-16 20:27:00,39.98,39.99,39.96,39.96,1501
"17649",2020-09-16 20:28:00,39.98,40,39.98,39.99,1356
"17650",2020-09-16 20:29:00,39.99,40,39.98,39.98,640
"17651",2020-09-16 20:30:00,39.97,39.97,39.96,39.97,1267
"17652",2020-09-16 20:31:00,39.97,39.98,39.97,39.97,2423
"17653",2020-09-16 20:32:00,39.98,40,39.94,39.94,2758
"17654",2020-09-16 20:33:00,39.94,39.94,39.87,39.87,4346
"17655",2020-09-16 20:34:00,39.88,39.89,39.88,39.89,1970
"17656",2020-09-16 20:35:00,39.9,39.94,39.9,39.94,2377
"17657",2020-09-16 20:36:00,39.92,39.92,39.9,39.9,2220
"17658",2020-09-16 20:37:00,39.91,39.91,39.89,39.89,2246
"17659",2020-09-16 20:38:00,39.9,39.9,39.86,39.88,2501
"17660",2020-09-16 20:39:00,39.88,39.9,39.86,39.86,2465
"17661",2020-09-16 20:40:00,39.86,39.86,39.82,39.82,3686
"17662",2020-09-16 20:41:00,39.83,39.83,39.78,39.78,3450
"17663",2020-09-16 20:42:00,39.77,39.82,39.77,39.82,2841
"17664",2020-09-16 20:43:00,39.82,39.84,39.82,39.84,650
"17665",2020-09-16 20:44:00,39.85,39.87,39.85,39.86,3899
"17666",2020-09-16 20:45:00,39.84,39.85,39.83,39.85,1501
"17667",2020-09-16 20:46:00,39.85,39.86,39.84,39.86,2058
"17668",2020-09-16 20:47:00,39.86,39.87,39.84,39.86,2790
"17669",2020-09-16 20:48:00,39.88,39.88,39.84,39.85,1812
"17670",2020-09-16 20:49:00,39.85,39.86,39.85,39.86,1213
"17671",2020-09-16 20:50:00,39.85,39.85,39.84,39.84,1084
"17672",2020-09-16 20:51:00,39.85,39.87,39.85,39.87,1554
"17673",2020-09-16 20:52:00,39.87,39.87,39.82,39.83,4307
"17674",2020-09-16 20:53:00,39.84,39.85,39.84,39.84,1603
"17675",2020-09-16 20:54:00,39.86,39.87,39.85,39.86,2717
"17676",2020-09-16 20:55:00,39.86,39.86,39.86,39.86,1411
"17677",2020-09-16 20:56:00,39.85,39.85,39.84,39.84,3976
"17678",2020-09-16 20:57:00,39.84,39.85,39.84,39.85,732
"17679",2020-09-16 20:58:00,39.84,39.84,39.83,39.84,1411
"17680",2020-09-16 20:59:00,39.84,39.84,39.84,39.84,415
"17681",2020-09-16 21:00:00,39.84,39.91,39.84,39.9,3464
"17682",2020-09-16 21:01:00,39.91,39.97,39.84,39.87,1266
"17683",2020-09-16 21:02:00,39.89,39.96,39.88,39.96,2804
"17684",2020-09-16 21:03:00,39.98,40.05,39.98,40.03,3484
"17685",2020-09-16 21:04:00,40.04,40.04,40.01,40.03,4783
"17686",2020-09-16 21:05:00,40.04,40.04,39.96,39.96,4260
"17687",2020-09-16 21:06:00,39.95,39.97,39.93,39.97,1414
"17688",2020-09-16 21:07:00,39.96,39.97,39.91,39.92,2935
"17689",2020-09-16 21:08:00,39.92,39.98,39.92,39.98,3355
"17690",2020-09-16 21:09:00,39.98,40,39.94,39.96,5153
"17691",2020-09-16 21:10:00,39.95,39.95,39.9,39.95,1554
"17692",2020-09-16 21:11:00,39.96,39.96,39.93,39.93,4983
"17693",2020-09-16 21:12:00,39.94,39.98,39.94,39.96,2198
"17694",2020-09-16 21:13:00,39.98,40.02,39.97,40,1611
"17695",2020-09-16 21:14:00,40.01,40.04,40.01,40.03,4233
"17696",2020-09-16 21:15:00,40.02,40.04,40,40.03,1777
"17697",2020-09-16 21:16:00,40.03,40.08,40.03,40.08,1567
"17698",2020-09-16 21:17:00,40.08,40.12,40.07,40.11,6455
"17699",2020-09-16 21:18:00,40.11,40.12,40.11,40.11,2707
"17700",2020-09-16 21:19:00,40.11,40.11,40.09,40.09,3329
"17701",2020-09-16 21:20:00,40.1,40.1,40.07,40.08,2205
"17702",2020-09-16 21:21:00,40.09,40.1,40.09,40.09,1582
"17703",2020-09-16 21:22:00,40.09,40.1,40.08,40.09,1481
"17704",2020-09-16 21:23:00,40.1,40.1,40.05,40.06,3450
"17705",2020-09-16 21:24:00,40.05,40.1,40.04,40.09,4206
"17706",2020-09-16 21:25:00,40.08,40.1,40.07,40.08,1715
"17707",2020-09-16 21:26:00,40.07,40.09,40.04,40.04,2805
"17708",2020-09-16 21:27:00,40.03,40.05,40.01,40.02,2581
"17709",2020-09-16 21:28:00,40.03,40.06,40.03,40.06,1740
"17710",2020-09-16 21:29:00,40.06,40.12,40.06,40.11,5204
"17711",2020-09-16 21:30:00,40.12,40.17,40.12,40.17,4114
"17712",2020-09-16 21:31:00,40.18,40.21,40.18,40.2,9278
"17713",2020-09-16 21:32:00,40.2,40.2,40.16,40.2,7791
"17714",2020-09-16 21:33:00,40.2,40.2,40.14,40.15,3848
"17715",2020-09-16 21:34:00,40.17,40.17,40.13,40.16,6146
"17716",2020-09-16 21:35:00,40.17,40.21,40.17,40.19,2622
"17717",2020-09-16 21:36:00,40.18,40.2,40.16,40.18,9545
"17718",2020-09-16 21:37:00,40.18,40.26,40.18,40.25,2780
"17719",2020-09-16 21:38:00,40.26,40.26,40.21,40.24,4852
"17720",2020-09-16 21:39:00,40.24,40.28,40.24,40.28,2118
"17721",2020-09-16 21:40:00,40.29,40.32,40.28,40.32,6695
"17722",2020-09-16 21:41:00,40.32,40.32,40.26,40.26,3262
"17723",2020-09-16 21:42:00,40.26,40.27,40.24,40.27,1523
"17724",2020-09-16 21:43:00,40.26,40.26,40.21,40.21,1360
"17725",2020-09-16 21:44:00,40.22,40.24,40.21,40.22,3259
"17726",2020-09-16 21:45:00,40.22,40.23,40.18,40.19,4813
"17727",2020-09-16 21:46:00,40.19,40.2,40.14,40.14,8271
"17728",2020-09-16 21:47:00,40.15,40.16,40.12,40.12,5303
"17729",2020-09-16 21:48:00,40.11,40.14,40.11,40.12,3507
"17730",2020-09-16 21:49:00,40.11,40.12,40.09,40.1,5427
"17731",2020-09-16 21:50:00,40.1,40.12,40.1,40.12,1231
"17732",2020-09-16 21:51:00,40.13,40.13,40.08,40.1,3117
"17733",2020-09-16 21:52:00,40.1,40.1,40.04,40.04,6194
"17734",2020-09-16 21:53:00,40.06,40.07,40.04,40.06,4654
"17735",2020-09-16 21:54:00,40.04,40.04,39.99,39.99,5355
"17736",2020-09-16 21:55:00,39.99,40.02,39.98,40,3287
"17737",2020-09-16 21:56:00,40,40.05,39.99,40.05,4123
"17738",2020-09-16 21:57:00,40.04,40.08,40.03,40.06,3726
"17739",2020-09-16 21:58:00,40.06,40.06,40.01,40.04,3603
"17740",2020-09-16 21:59:00,40.04,40.05,40.04,40.05,2415
"17741",2020-09-16 22:00:00,40.05,40.08,40.05,40.08,2630
"17742",2020-09-16 22:01:00,40.08,40.16,40.07,40.16,4877
"17743",2020-09-16 22:02:00,40.16,40.2,40.15,40.2,8900
"17744",2020-09-16 22:03:00,40.2,40.22,40.19,40.21,27474
"17745",2020-09-16 22:04:00,40.2,40.2,40.16,40.16,9910
"17746",2020-09-16 22:05:00,40.17,40.19,40.14,40.14,4533
"17747",2020-09-16 22:06:00,40.11,40.13,40.05,40.05,3850
"17748",2020-09-16 22:07:00,40.04,40.07,40,40.05,5695
"17749",2020-09-16 22:08:00,40.07,40.09,40.06,40.08,3101
"17750",2020-09-16 22:09:00,40.07,40.07,40.02,40.02,1412
"17751",2020-09-16 22:10:00,40.02,40.02,39.98,40,5431
"17752",2020-09-16 22:11:00,40.01,40.03,39.93,39.93,7076
"17753",2020-09-16 22:12:00,39.94,39.95,39.88,39.91,7930
"17754",2020-09-16 22:13:00,39.92,39.92,39.89,39.91,4511
"17755",2020-09-16 22:14:00,39.9,39.93,39.88,39.93,3704
"17756",2020-09-16 22:15:00,39.93,39.95,39.92,39.94,2953
"17757",2020-09-16 22:16:00,39.93,39.93,39.89,39.92,5054
"17758",2020-09-16 22:17:00,39.92,39.92,39.87,39.87,2738
"17759",2020-09-16 22:18:00,39.88,39.92,39.87,39.91,5639
"17760",2020-09-16 22:19:00,39.91,39.98,39.91,39.98,2908
"17761",2020-09-16 22:20:00,39.99,40,39.98,40,4633
"17762",2020-09-16 22:21:00,40,40,39.95,39.96,2647
"17763",2020-09-16 22:22:00,39.97,40.01,39.97,40.01,4603
"17764",2020-09-16 22:23:00,40.01,40.01,39.95,39.96,2863
"17765",2020-09-16 22:24:00,39.95,39.95,39.92,39.94,5110
"17766",2020-09-16 22:25:00,39.94,39.94,39.88,39.89,3608
"17767",2020-09-16 22:26:00,39.9,39.91,39.88,39.9,3403
"17768",2020-09-16 22:27:00,39.91,39.91,39.88,39.89,3060
"17769",2020-09-16 22:28:00,39.89,39.9,39.84,39.84,7891
"17770",2020-09-16 22:29:00,39.85,39.88,39.84,39.88,2517
"17771",2020-09-16 22:30:00,39.88,39.88,39.84,39.84,2163
"17772",2020-09-16 22:31:00,39.83,39.84,39.78,39.78,4048
"17773",2020-09-16 22:32:00,39.78,39.78,39.7,39.72,6485
"17774",2020-09-16 22:33:00,39.73,39.76,39.67,39.67,10171
"17775",2020-09-16 22:34:00,39.68,39.71,39.66,39.7,4197
"17776",2020-09-16 22:35:00,39.7,39.76,39.7,39.76,6398
"17777",2020-09-16 22:36:00,39.76,39.83,39.76,39.83,8760
"17778",2020-09-16 22:37:00,39.83,39.83,39.8,39.8,1895
"17779",2020-09-16 22:38:00,39.8,39.8,39.67,39.67,5835
"17780",2020-09-16 22:39:00,39.67,39.69,39.67,39.68,3526
"17781",2020-09-16 22:40:00,39.68,39.68,39.62,39.63,4534
"17782",2020-09-16 22:41:00,39.62,39.62,39.6,39.62,5546
"17783",2020-09-16 22:42:00,39.62,39.67,39.6,39.67,4332
"17784",2020-09-16 22:43:00,39.66,39.68,39.63,39.64,3403
"17785",2020-09-16 22:44:00,39.64,39.68,39.64,39.68,2640
"17786",2020-09-16 22:45:00,39.68,39.7,39.67,39.68,3160
"17787",2020-09-16 22:46:00,39.69,39.71,39.68,39.7,5593
"17788",2020-09-16 22:47:00,39.7,39.76,39.7,39.76,4392
"17789",2020-09-16 22:48:00,39.77,39.81,39.76,39.81,3191
"17790",2020-09-16 22:49:00,39.81,39.81,39.77,39.77,6468
"17791",2020-09-16 22:50:00,39.78,39.8,39.68,39.68,11717
"17792",2020-09-16 22:51:00,39.68,39.74,39.65,39.74,20261
"17793",2020-09-16 22:52:00,39.74,39.74,39.6,39.61,6781
"17794",2020-09-16 22:53:00,39.62,39.67,39.61,39.61,8287
"17795",2020-09-16 22:54:00,39.6,39.63,39.59,39.62,11480
"17796",2020-09-16 22:55:00,39.62,39.62,39.57,39.57,8493
"17797",2020-09-16 22:56:00,39.58,39.6,39.54,39.55,11823
"17798",2020-09-16 22:57:00,39.55,39.6,39.54,39.55,9989
"17799",2020-09-16 22:58:00,39.55,39.64,39.55,39.63,20459
"17800",2020-09-16 22:59:00,39.62,39.63,39.61,39.62,23847
"17801",2020-09-16 23:00:00,39.62,39.63,39.54,39.61,120503
"17802",2020-09-16 23:01:00,40,40,39.55,39.55,21
"17803",2020-09-16 23:02:00,39.66,39.66,39.66,39.66,1
"17804",2020-09-16 23:03:00,39.6,39.6,39.6,39.6,3015
"17805",2020-09-16 23:07:00,39.5,39.5,39.5,39.5,30
"17806",2020-09-16 23:08:00,39.6,39.6,39.6,39.6,10
"17807",2020-09-16 23:09:00,39.43,39.43,39.42,39.42,53
"17808",2020-09-16 23:10:00,39.42,39.5,39.42,39.5,103
"17809",2020-09-16 23:11:00,39.5,39.5,39.42,39.42,518
"17810",2020-09-16 23:14:00,39.4,39.41,39.4,39.4,393
"17811",2020-09-16 23:18:00,39.6,39.6,39.6,39.6,5
"17812",2020-09-16 23:19:00,39.59,39.59,39.59,39.59,1280
"17813",2020-09-16 23:20:00,39.41,39.41,39.41,39.41,1
"17814",2020-09-16 23:32:00,39.6,39.6,39.6,39.6,3
"17815",2020-09-16 23:40:00,39.59,39.59,39.59,39.59,1
"17816",2020-09-16 23:45:00,40,40,40,40,2
"17817",2020-09-16 23:53:00,39.59,39.59,39.59,39.59,100
"17818",2020-09-17 00:04:00,39.44,39.44,39.44,39.44,5
"17819",2020-09-17 00:10:00,39.51,39.51,39.51,39.51,13
"17820",2020-09-17 00:13:00,39.59,39.59,39.59,39.59,2
"17821",2020-09-17 00:14:00,39.59,39.59,39.59,39.59,202
"17822",2020-09-17 00:15:00,39.59,39.59,39.59,39.59,3
"17823",2020-09-17 00:16:00,39.59,39.59,39.59,39.59,1
"17824",2020-09-17 00:17:00,39.59,39.59,39.59,39.59,16
"17825",2020-09-17 00:22:00,39.59,39.59,39.59,39.59,1
"17826",2020-09-17 00:24:00,39.59,39.59,39.59,39.59,1
"17827",2020-09-17 00:28:00,39.59,39.59,39.59,39.59,5
"17828",2020-09-17 00:33:00,39.59,39.59,39.59,39.59,22
"17829",2020-09-17 00:38:00,39.54,39.54,39.54,39.54,1
"17830",2020-09-17 00:39:00,39.54,39.54,39.54,39.54,1
"17831",2020-09-17 00:40:00,39.54,39.54,39.54,39.54,1
"17832",2020-09-17 00:41:00,39.54,39.54,39.54,39.54,5
"17833",2020-09-17 00:42:00,39.54,39.54,39.51,39.51,260
"17834",2020-09-17 01:08:00,39.6,39.6,39.6,39.6,1
"17835",2020-09-17 01:23:00,39.6,39.6,39.6,39.6,2200
"17836",2020-09-17 01:28:00,39.61,39.61,39.61,39.61,1
"17837",2020-09-17 10:01:00,39.26,39.26,39.25,39.25,6
"17838",2020-09-17 10:02:00,39.04,39.04,38.84,39.02,61
"17839",2020-09-17 10:04:00,39,39,39,39,54
"17840",2020-09-17 10:07:00,39.01,39.02,39.01,39.02,84
"17841",2020-09-17 10:08:00,39.01,39.01,39.01,39.01,6
"17842",2020-09-17 10:09:00,39.03,39.04,39.03,39.04,72
"17843",2020-09-17 10:10:00,39.04,39.04,39.01,39.01,7
"17844",2020-09-17 10:11:00,39.04,39.04,39,39,2
"17845",2020-09-17 10:14:00,39.04,39.04,39.04,39.04,25
"17846",2020-09-17 10:15:00,39.05,39.05,39.05,39.05,1
"17847",2020-09-17 10:18:00,39.05,39.05,39.05,39.05,1
"17848",2020-09-17 10:21:00,39.05,39.05,39.03,39.03,2
"17849",2020-09-17 10:29:00,39.03,39.03,39.03,39.03,10
"17850",2020-09-17 10:31:00,39.05,39.05,39.05,39.05,47
"17851",2020-09-17 10:32:00,39.06,39.06,39.06,39.06,1
"17852",2020-09-17 10:33:00,39.1,39.1,39.1,39.1,9
"17853",2020-09-17 10:34:00,39.08,39.08,39.08,39.08,6
"17854",2020-09-17 10:35:00,39.09,39.09,39.09,39.09,2
"17855",2020-09-17 10:36:00,39.2,39.2,39.2,39.2,1
"17856",2020-09-17 10:41:00,39.2,39.2,39.2,39.2,4
"17857",2020-09-17 10:42:00,39.2,39.2,39.2,39.2,1
"17858",2020-09-17 10:45:00,39.08,39.08,39.08,39.08,1
"17859",2020-09-17 10:51:00,39.08,39.08,39.08,39.08,11
"17860",2020-09-17 10:53:00,39.08,39.08,39.08,39.08,1
"17861",2020-09-17 10:54:00,39.08,39.08,39.08,39.08,45
"17862",2020-09-17 10:55:00,39.1,39.1,39.1,39.1,10
"17863",2020-09-17 10:56:00,39.1,39.1,39.1,39.1,1
"17864",2020-09-17 11:09:00,39.16,39.16,39.16,39.16,7
"17865",2020-09-17 11:10:00,39.15,39.15,39.15,39.15,4
"17866",2020-09-17 11:14:00,39.15,39.15,39.15,39.15,1
"17867",2020-09-17 11:15:00,39.28,39.28,39.28,39.28,1
"17868",2020-09-17 11:16:00,39.28,39.28,39.28,39.28,1
"17869",2020-09-17 11:17:00,39.15,39.15,39.15,39.15,2
"17870",2020-09-17 11:23:00,39.15,39.15,39.15,39.15,71
"17871",2020-09-17 11:35:00,39.18,39.18,39.18,39.18,1
"17872",2020-09-17 11:36:00,39.32,39.32,39.32,39.32,1
"17873",2020-09-17 11:42:00,39.31,39.32,39.31,39.32,5
"17874",2020-09-17 11:43:00,39.24,39.24,39.24,39.24,2
"17875",2020-09-17 11:57:00,39.19,39.19,39.19,39.19,1
"17876",2020-09-17 12:04:00,39.3,39.3,39.3,39.3,1
"17877",2020-09-17 12:05:00,39.3,39.3,39.3,39.3,1
"17878",2020-09-17 12:12:00,39.19,39.2,39.19,39.2,12
"17879",2020-09-17 12:14:00,39.18,39.18,39.18,39.18,5
"17880",2020-09-17 12:22:00,39.16,39.16,39.16,39.16,2
"17881",2020-09-17 12:23:00,39.15,39.15,39.15,39.15,16
"17882",2020-09-17 12:40:00,39.11,39.11,39.11,39.11,1
"17883",2020-09-17 12:42:00,39.13,39.13,39.13,39.13,1
"17884",2020-09-17 12:45:00,39.2,39.21,39.2,39.21,102
"17885",2020-09-17 12:51:00,39.22,39.22,39.22,39.22,1
"17886",2020-09-17 13:04:00,39.29,39.29,39.29,39.29,1
"17887",2020-09-17 13:06:00,39.35,39.49,39.35,39.35,6
"17888",2020-09-17 13:07:00,39.49,39.49,39.49,39.49,1
"17889",2020-09-17 13:19:00,39.29,39.29,39.29,39.29,1
"17890",2020-09-17 13:27:00,39.29,39.29,39.29,39.29,6
"17891",2020-09-17 13:32:00,39.4,39.4,39.29,39.29,2
"17892",2020-09-17 13:35:00,39.38,39.38,39.38,39.38,5
"17893",2020-09-17 13:36:00,39.38,39.38,39.38,39.38,2
"17894",2020-09-17 13:37:00,39.39,39.39,39.39,39.39,2
"17895",2020-09-17 13:40:00,39.27,39.38,39.27,39.38,12
"17896",2020-09-17 13:52:00,39.32,39.32,39.32,39.32,1
"17897",2020-09-17 13:56:00,39.31,39.31,39.31,39.31,1
"17898",2020-09-17 14:24:00,39.27,39.4,39.2,39.2,431
"17899",2020-09-17 14:26:00,39.2,39.2,39.13,39.13,10
"17900",2020-09-17 14:31:00,39.11,39.11,39.11,39.11,1
"17901",2020-09-17 14:35:00,39.1,39.1,39.1,39.1,2
"17902",2020-09-17 14:38:00,39.06,39.06,39.06,39.06,1
"17903",2020-09-17 14:43:00,39.1,39.1,39.1,39.1,1
"17904",2020-09-17 14:49:00,39.05,39.05,39.05,39.05,100
"17905",2020-09-17 14:50:00,39.1,39.1,39.01,39.1,31
"17906",2020-09-17 14:51:00,39.08,39.09,39.08,39.09,20
"17907",2020-09-17 14:53:00,39,39,39,39,14
"17908",2020-09-17 14:54:00,38.9,38.9,38.9,38.9,15
"17909",2020-09-17 14:55:00,38.84,38.84,38.84,38.84,1
"17910",2020-09-17 14:56:00,38.79,38.82,38.79,38.79,142
"17911",2020-09-17 14:57:00,38.82,38.83,38.82,38.83,3
"17912",2020-09-17 15:00:00,38.84,38.84,38.84,38.84,20
"17913",2020-09-17 15:01:00,38.84,38.84,38.84,38.84,3
"17914",2020-09-17 15:05:00,38.89,38.89,38.89,38.89,1
"17915",2020-09-17 15:07:00,38.8,38.8,38.8,38.8,1400
"17916",2020-09-17 15:08:00,38.76,38.76,38.75,38.75,79
"17917",2020-09-17 15:09:00,38.77,38.77,38.77,38.77,1
"17918",2020-09-17 15:10:00,38.69,38.7,38.63,38.63,1201
"17919",2020-09-17 15:12:00,38.63,38.63,38.63,38.63,1
"17920",2020-09-17 15:13:00,38.75,38.75,38.75,38.75,5
"17921",2020-09-17 15:14:00,38.75,38.75,38.75,38.75,70
"17922",2020-09-17 15:16:00,38.75,38.8,38.72,38.72,32
"17923",2020-09-17 15:21:00,38.72,38.72,38.72,38.72,10
"17924",2020-09-17 15:23:00,38.72,38.72,38.71,38.71,53
"17925",2020-09-17 15:24:00,38.71,38.71,38.71,38.71,270
"17926",2020-09-17 15:27:00,38.71,38.71,38.71,38.71,50
"17927",2020-09-17 15:28:00,38.72,38.72,38.72,38.72,5
"17928",2020-09-17 15:29:00,38.72,38.72,38.72,38.72,22
"17929",2020-09-17 15:30:00,38.72,38.72,38.72,38.72,150
"17930",2020-09-17 15:31:00,38.71,38.74,38.71,38.74,2
"17931",2020-09-17 15:34:00,38.8,38.85,38.8,38.85,64
"17932",2020-09-17 15:37:00,38.85,38.85,38.85,38.85,3
"17933",2020-09-17 15:39:00,38.9,38.9,38.9,38.9,50
"17934",2020-09-17 15:41:00,38.8,38.8,38.8,38.8,100
"17935",2020-09-17 15:42:00,38.81,38.81,38.8,38.8,180
"17936",2020-09-17 15:43:00,38.9,38.9,38.9,38.9,1
"17937",2020-09-17 15:47:00,38.79,38.79,38.79,38.79,18
"17938",2020-09-17 15:48:00,38.73,38.73,38.73,38.73,101
"17939",2020-09-17 15:49:00,38.8,38.8,38.8,38.8,17
"17940",2020-09-17 15:51:00,38.82,38.82,38.82,38.82,1
"17941",2020-09-17 15:52:00,38.76,38.8,38.76,38.8,31
"17942",2020-09-17 15:57:00,38.8,38.8,38.8,38.8,2
"17943",2020-09-17 16:04:00,38.77,38.77,38.77,38.77,146
"17944",2020-09-17 16:05:00,38.76,38.76,38.76,38.76,1
"17945",2020-09-17 16:06:00,38.71,38.79,38.71,38.79,2
"17946",2020-09-17 16:07:00,38.76,38.76,38.64,38.64,1783
"17947",2020-09-17 16:08:00,38.66,38.66,38.63,38.63,36
"17948",2020-09-17 16:09:00,38.63,38.63,38.6,38.6,25
"17949",2020-09-17 16:10:00,38.62,38.62,38.62,38.62,16
"17950",2020-09-17 16:11:00,38.65,38.65,38.65,38.65,1
"17951",2020-09-17 16:12:00,38.62,38.62,38.62,38.62,3
"17952",2020-09-17 16:13:00,38.62,38.62,38.61,38.61,11
"17953",2020-09-17 16:14:00,38.66,38.7,38.61,38.7,430
"17954",2020-09-17 16:15:00,38.62,38.62,38.6,38.6,316
"17955",2020-09-17 16:16:00,38.65,38.75,38.58,38.58,255
"17956",2020-09-17 16:17:00,38.72,38.72,38.58,38.58,90
"17957",2020-09-17 16:18:00,38.72,38.72,38.72,38.72,3
"17958",2020-09-17 16:19:00,38.64,38.68,38.64,38.64,156
"17959",2020-09-17 16:20:00,38.75,38.75,38.64,38.64,4
"17960",2020-09-17 16:21:00,38.7,38.7,38.7,38.7,4
"17961",2020-09-17 16:22:00,38.79,38.79,38.7,38.78,122
"17962",2020-09-17 16:23:00,38.7,38.79,38.7,38.79,362
"17963",2020-09-17 16:24:00,38.75,38.84,38.75,38.75,5494
"17964",2020-09-17 16:25:00,38.83,38.86,38.83,38.86,60
"17965",2020-09-17 16:26:00,38.9,39,38.78,38.78,69
"17966",2020-09-17 16:28:00,38.79,38.79,38.79,38.79,1
"17967",2020-09-17 16:29:00,38.79,38.89,38.78,38.78,501
"17968",2020-09-17 16:30:00,38.8,38.9,38.78,38.84,1339
"17969",2020-09-17 16:31:00,38.95,38.95,38.76,38.92,4657
"17970",2020-09-17 16:32:00,38.85,38.93,38.84,38.93,2228
"17971",2020-09-17 16:33:00,38.98,39.04,38.86,38.95,11540
"17972",2020-09-17 16:34:00,38.96,38.99,38.81,38.85,12009
"17973",2020-09-17 16:35:00,38.86,38.86,38.74,38.74,10653
"17974",2020-09-17 16:36:00,38.74,38.79,38.67,38.77,11816
"17975",2020-09-17 16:37:00,38.76,38.76,38.67,38.71,5466
"17976",2020-09-17 16:38:00,38.67,38.82,38.6,38.82,14804
"17977",2020-09-17 16:39:00,38.83,38.89,38.82,38.85,12471
"17978",2020-09-17 16:40:00,38.88,38.99,38.86,38.95,12250
"17979",2020-09-17 16:41:00,38.95,39.02,38.89,38.94,11078
"17980",2020-09-17 16:42:00,38.95,39,38.74,38.75,9001
"17981",2020-09-17 16:43:00,38.72,38.79,38.7,38.74,4966
"17982",2020-09-17 16:44:00,38.72,38.75,38.65,38.7,6985
"17983",2020-09-17 16:45:00,38.7,38.75,38.64,38.64,4601
"17984",2020-09-17 16:46:00,38.64,38.76,38.64,38.76,5700
"17985",2020-09-17 16:47:00,38.75,38.79,38.72,38.79,4482
"17986",2020-09-17 16:48:00,38.8,38.93,38.8,38.9,21196
"17987",2020-09-17 16:49:00,38.9,38.92,38.85,38.91,5604
"17988",2020-09-17 16:50:00,38.9,38.98,38.89,38.94,6887
"17989",2020-09-17 16:51:00,38.95,39.02,38.95,39.01,6837
"17990",2020-09-17 16:52:00,39.01,39.07,39,39.04,7873
"17991",2020-09-17 16:53:00,39.04,39.12,39.04,39.09,15668
"17992",2020-09-17 16:54:00,39.08,39.08,39.02,39.04,10744
"17993",2020-09-17 16:55:00,39.04,39.08,39.02,39.02,8708
"17994",2020-09-17 16:56:00,39.01,39.02,38.94,38.96,12921
"17995",2020-09-17 16:57:00,38.96,38.96,38.92,38.94,7840
"17996",2020-09-17 16:58:00,38.93,38.94,38.85,38.88,1544
"17997",2020-09-17 16:59:00,38.87,38.96,38.86,38.93,5712
"17998",2020-09-17 17:00:00,38.93,38.93,38.82,38.84,9012
"17999",2020-09-17 17:01:00,38.85,38.9,38.81,38.89,3437
"18000",2020-09-17 17:02:00,38.88,38.99,38.88,38.97,7059
"18001",2020-09-17 17:03:00,38.97,38.97,38.86,38.88,4241
"18002",2020-09-17 17:04:00,38.88,38.96,38.87,38.94,2630
"18003",2020-09-17 17:05:00,38.92,38.97,38.92,38.94,1982
"18004",2020-09-17 17:06:00,38.95,39.07,38.91,39.07,3311
"18005",2020-09-17 17:07:00,39.07,39.08,39.03,39.08,4022
"18006",2020-09-17 17:08:00,39.07,39.11,39.05,39.05,2300
"18007",2020-09-17 17:09:00,39.05,39.11,39.04,39.11,1753
"18008",2020-09-17 17:10:00,39.1,39.12,39.06,39.07,4222
"18009",2020-09-17 17:11:00,39.08,39.14,39.05,39.14,5752
"18010",2020-09-17 17:12:00,39.14,39.19,39.11,39.12,6239
"18011",2020-09-17 17:13:00,39.1,39.1,39.08,39.09,2587
"18012",2020-09-17 17:14:00,39.08,39.09,39.04,39.09,3816
"18013",2020-09-17 17:15:00,39.08,39.13,39.05,39.11,2667
"18014",2020-09-17 17:16:00,39.09,39.09,39.05,39.09,5277
"18015",2020-09-17 17:17:00,39.1,39.13,39.04,39.07,5557
"18016",2020-09-17 17:18:00,39.07,39.1,39.06,39.06,2509
"18017",2020-09-17 17:19:00,39.06,39.09,39.03,39.04,3610
"18018",2020-09-17 17:20:00,39.04,39.05,38.98,38.98,3719
"18019",2020-09-17 17:21:00,38.98,39.12,38.96,39.12,5278
"18020",2020-09-17 17:22:00,39.11,39.24,39.11,39.24,4402
"18021",2020-09-17 17:23:00,39.22,39.22,39.1,39.1,3005
"18022",2020-09-17 17:24:00,39.1,39.1,39.01,39.05,4202
"18023",2020-09-17 17:25:00,39.05,39.05,38.96,38.96,3369
"18024",2020-09-17 17:26:00,38.92,38.92,38.87,38.87,3344
"18025",2020-09-17 17:27:00,38.86,38.89,38.84,38.86,3309
"18026",2020-09-17 17:28:00,38.87,38.95,38.87,38.95,2036
"18027",2020-09-17 17:29:00,38.94,38.98,38.93,38.98,3841
"18028",2020-09-17 17:30:00,38.98,39.03,38.96,39.03,1189
"18029",2020-09-17 17:31:00,39.03,39.05,38.98,38.99,6802
"18030",2020-09-17 17:32:00,38.98,39.02,38.97,38.99,2170
"18031",2020-09-17 17:33:00,38.99,39.03,38.99,39,3240
"18032",2020-09-17 17:34:00,38.96,39.03,38.95,39.01,2800
"18033",2020-09-17 17:35:00,39.02,39.1,39.02,39.1,7198
"18034",2020-09-17 17:36:00,39.11,39.12,39.06,39.06,3840
"18035",2020-09-17 17:37:00,39.06,39.09,39.01,39.01,2026
"18036",2020-09-17 17:38:00,39.01,39.15,38.98,39.1,10258
"18037",2020-09-17 17:39:00,39.11,39.11,39.06,39.08,2665
"18038",2020-09-17 17:40:00,39.08,39.12,39.07,39.08,1664
"18039",2020-09-17 17:41:00,39.08,39.08,39.02,39.06,4194
"18040",2020-09-17 17:42:00,39.05,39.05,39.02,39.03,1892
"18041",2020-09-17 17:43:00,39.03,39.13,39.03,39.13,3248
"18042",2020-09-17 17:44:00,39.15,39.15,39.12,39.14,1883
"18043",2020-09-17 17:45:00,39.15,39.16,39.12,39.14,1841
"18044",2020-09-17 17:46:00,39.15,39.21,39.12,39.18,7770
"18045",2020-09-17 17:47:00,39.18,39.19,39.15,39.15,645
"18046",2020-09-17 17:48:00,39.16,39.22,39.16,39.21,7769
"18047",2020-09-17 17:49:00,39.22,39.22,39.19,39.2,2269
"18048",2020-09-17 17:50:00,39.2,39.21,39.16,39.19,1627
"18049",2020-09-17 17:51:00,39.2,39.2,39.14,39.17,2471
"18050",2020-09-17 17:52:00,39.19,39.23,39.17,39.23,2757
"18051",2020-09-17 17:53:00,39.22,39.22,39.18,39.2,3716
"18052",2020-09-17 17:54:00,39.21,39.23,39.18,39.18,4549
"18053",2020-09-17 17:55:00,39.16,39.24,39.16,39.24,2864
"18054",2020-09-17 17:56:00,39.23,39.24,39.18,39.19,3036
"18055",2020-09-17 17:57:00,39.19,39.2,39.16,39.16,2313
"18056",2020-09-17 17:58:00,39.17,39.19,39.16,39.16,1557
"18057",2020-09-17 17:59:00,39.16,39.16,39.1,39.11,1951
"18058",2020-09-17 18:00:00,39.12,39.15,39.12,39.14,2232
"18059",2020-09-17 18:01:00,39.16,39.17,39.14,39.15,1531
"18060",2020-09-17 18:02:00,39.16,39.2,39.16,39.18,1827
"18061",2020-09-17 18:03:00,39.19,39.23,39.19,39.22,3543
"18062",2020-09-17 18:04:00,39.23,39.26,39.21,39.26,1502
"18063",2020-09-17 18:05:00,39.27,39.28,39.24,39.28,2962
"18064",2020-09-17 18:06:00,39.27,39.3,39.25,39.29,2731
"18065",2020-09-17 18:07:00,39.3,39.37,39.29,39.37,1681
"18066",2020-09-17 18:08:00,39.36,39.36,39.34,39.34,2532
"18067",2020-09-17 18:09:00,39.29,39.3,39.27,39.3,1971
"18068",2020-09-17 18:10:00,39.28,39.3,39.25,39.28,2762
"18069",2020-09-17 18:11:00,39.28,39.32,39.27,39.32,1150
"18070",2020-09-17 18:12:00,39.34,39.34,39.32,39.34,1886
"18071",2020-09-17 18:13:00,39.31,39.31,39.28,39.28,1632
"18072",2020-09-17 18:14:00,39.27,39.29,39.25,39.26,1492
"18073",2020-09-17 18:15:00,39.26,39.27,39.24,39.26,2378
"18074",2020-09-17 18:16:00,39.28,39.33,39.28,39.33,2450
"18075",2020-09-17 18:17:00,39.33,39.34,39.31,39.31,1248
"18076",2020-09-17 18:18:00,39.3,39.3,39.24,39.24,1108
"18077",2020-09-17 18:19:00,39.24,39.25,39.2,39.23,2212
"18078",2020-09-17 18:20:00,39.23,39.25,39.22,39.24,1841
"18079",2020-09-17 18:21:00,39.24,39.25,39.22,39.25,1673
"18080",2020-09-17 18:22:00,39.26,39.26,39.24,39.24,1618
"18081",2020-09-17 18:23:00,39.23,39.24,39.22,39.24,1656
"18082",2020-09-17 18:24:00,39.25,39.26,39.25,39.26,1599
"18083",2020-09-17 18:25:00,39.27,39.27,39.25,39.26,2511
"18084",2020-09-17 18:26:00,39.27,39.28,39.27,39.27,923
"18085",2020-09-17 18:27:00,39.27,39.29,39.26,39.26,1664
"18086",2020-09-17 18:28:00,39.27,39.31,39.27,39.3,2173
"18087",2020-09-17 18:29:00,39.3,39.32,39.3,39.3,1270
"18088",2020-09-17 18:30:00,39.3,39.32,39.28,39.32,941
"18089",2020-09-17 18:31:00,39.32,39.32,39.29,39.3,2989
"18090",2020-09-17 18:32:00,39.32,39.32,39.27,39.28,2108
"18091",2020-09-17 18:33:00,39.29,39.36,39.29,39.36,2143
"18092",2020-09-17 18:34:00,39.36,39.36,39.27,39.29,2354
"18093",2020-09-17 18:35:00,39.3,39.31,39.25,39.28,4368
"18094",2020-09-17 18:36:00,39.3,39.31,39.27,39.3,1871
"18095",2020-09-17 18:37:00,39.3,39.31,39.26,39.29,2675
"18096",2020-09-17 18:38:00,39.29,39.3,39.28,39.28,568
"18097",2020-09-17 18:39:00,39.3,39.32,39.27,39.28,3359
"18098",2020-09-17 18:40:00,39.28,39.28,39.25,39.26,1132
"18099",2020-09-17 18:41:00,39.27,39.29,39.24,39.25,2243
"18100",2020-09-17 18:42:00,39.26,39.26,39.21,39.22,3358
"18101",2020-09-17 18:43:00,39.23,39.23,39.17,39.18,2727
"18102",2020-09-17 18:44:00,39.18,39.18,39.13,39.14,1878
"18103",2020-09-17 18:45:00,39.13,39.13,39.09,39.09,1619
"18104",2020-09-17 18:46:00,39.11,39.11,39.08,39.08,1231
"18105",2020-09-17 18:47:00,39.08,39.1,39.08,39.1,1203
"18106",2020-09-17 18:48:00,39.11,39.11,39.08,39.08,950
"18107",2020-09-17 18:49:00,39.08,39.08,39.06,39.07,2828
"18108",2020-09-17 18:50:00,39.07,39.07,39.04,39.04,2126
"18109",2020-09-17 18:51:00,39.05,39.06,39.04,39.04,3462
"18110",2020-09-17 18:52:00,39.04,39.04,39.02,39.03,2179
"18111",2020-09-17 18:53:00,39.02,39.03,39,39.03,2477
"18112",2020-09-17 18:54:00,39.03,39.1,39.03,39.1,2414
"18113",2020-09-17 18:55:00,39.09,39.1,39.08,39.1,716
"18114",2020-09-17 18:56:00,39.11,39.13,39.11,39.11,2284
"18115",2020-09-17 18:57:00,39.09,39.09,39.03,39.03,4652
"18116",2020-09-17 18:58:00,39.03,39.05,39.03,39.03,1709
"18117",2020-09-17 18:59:00,39.04,39.06,39.04,39.06,741
"18118",2020-09-17 19:00:00,39.07,39.07,39.05,39.07,609
"18119",2020-09-17 19:01:00,39.06,39.07,39.04,39.05,1082
"18120",2020-09-17 19:02:00,39.07,39.09,39.06,39.09,2241
"18121",2020-09-17 19:03:00,39.09,39.11,39.07,39.11,2893
"18122",2020-09-17 19:04:00,39.09,39.1,39.07,39.1,2373
"18123",2020-09-17 19:05:00,39.1,39.14,39.1,39.11,530
"18124",2020-09-17 19:06:00,39.14,39.16,39.11,39.13,2294
"18125",2020-09-17 19:07:00,39.11,39.12,39.09,39.1,2611
"18126",2020-09-17 19:08:00,39.11,39.12,39.02,39.02,2894
"18127",2020-09-17 19:09:00,39.02,39.04,39,39,3412
"18128",2020-09-17 19:10:00,39,39.02,38.99,39.02,1599
"18129",2020-09-17 19:11:00,39.03,39.04,38.99,38.99,1499
"18130",2020-09-17 19:12:00,39.01,39.01,38.96,38.97,1888
"18131",2020-09-17 19:13:00,38.96,38.99,38.96,38.97,4728
"18132",2020-09-17 19:14:00,38.97,39,38.97,38.98,2012
"18133",2020-09-17 19:15:00,38.99,38.99,38.93,38.96,5555
"18134",2020-09-17 19:16:00,38.95,38.97,38.92,38.96,3714
"18135",2020-09-17 19:17:00,38.96,39,38.96,38.99,1393
"18136",2020-09-17 19:18:00,38.98,38.98,38.9,38.91,4009
"18137",2020-09-17 19:19:00,38.91,38.92,38.87,38.92,3128
"18138",2020-09-17 19:20:00,38.93,38.94,38.92,38.92,3325
"18139",2020-09-17 19:21:00,38.93,38.93,38.89,38.9,2315
"18140",2020-09-17 19:22:00,38.92,38.96,38.91,38.96,700
"18141",2020-09-17 19:23:00,38.97,38.97,38.94,38.96,1190
"18142",2020-09-17 19:24:00,38.96,38.96,38.94,38.96,1375
"18143",2020-09-17 19:25:00,38.95,38.95,38.9,38.94,3311
"18144",2020-09-17 19:26:00,38.94,38.94,38.87,38.87,2540
"18145",2020-09-17 19:27:00,38.87,38.92,38.85,38.9,5336
"18146",2020-09-17 19:28:00,38.91,38.95,38.9,38.95,1829
"18147",2020-09-17 19:29:00,38.95,38.95,38.91,38.91,1398
"18148",2020-09-17 19:30:00,38.89,38.92,38.89,38.9,5681
"18149",2020-09-17 19:31:00,38.9,38.9,38.86,38.88,3418
"18150",2020-09-17 19:32:00,38.89,38.9,38.88,38.89,6542
"18151",2020-09-17 19:33:00,38.88,38.89,38.85,38.89,3897
"18152",2020-09-17 19:34:00,38.9,39.02,38.9,39,4507
"18153",2020-09-17 19:35:00,38.99,38.99,38.95,38.96,3393
"18154",2020-09-17 19:36:00,38.96,38.99,38.93,38.95,4586
"18155",2020-09-17 19:37:00,38.95,38.95,38.89,38.92,2263
"18156",2020-09-17 19:38:00,38.92,38.92,38.88,38.9,1989
"18157",2020-09-17 19:39:00,38.9,38.94,38.9,38.94,7782
"18158",2020-09-17 19:40:00,38.94,38.94,38.91,38.93,4108
"18159",2020-09-17 19:41:00,38.93,38.94,38.89,38.94,3360
"18160",2020-09-17 19:42:00,38.94,38.94,38.89,38.89,4777
"18161",2020-09-17 19:43:00,38.89,38.93,38.88,38.88,2181
"18162",2020-09-17 19:44:00,38.86,38.86,38.83,38.84,1166
"18163",2020-09-17 19:45:00,38.84,38.89,38.82,38.88,1666
"18164",2020-09-17 19:46:00,38.87,38.87,38.81,38.81,1194
"18165",2020-09-17 19:47:00,38.81,38.81,38.72,38.72,9750
"18166",2020-09-17 19:48:00,38.73,38.74,38.68,38.68,4381
"18167",2020-09-17 19:49:00,38.69,38.71,38.67,38.69,2283
"18168",2020-09-17 19:50:00,38.72,38.75,38.71,38.71,2476
"18169",2020-09-17 19:51:00,38.7,38.7,38.66,38.68,1881
"18170",2020-09-17 19:52:00,38.7,38.78,38.7,38.77,2995
"18171",2020-09-17 19:53:00,38.78,38.78,38.75,38.78,2998
"18172",2020-09-17 19:54:00,38.77,38.81,38.77,38.77,4497
"18173",2020-09-17 19:55:00,38.75,38.79,38.74,38.78,1849
"18174",2020-09-17 19:56:00,38.77,38.83,38.76,38.82,2066
"18175",2020-09-17 19:57:00,38.83,38.83,38.79,38.8,2031
"18176",2020-09-17 19:58:00,38.82,38.86,38.82,38.85,2433
"18177",2020-09-17 19:59:00,38.86,38.86,38.84,38.85,1102
"18178",2020-09-17 20:00:00,38.84,38.89,38.84,38.89,1688
"18179",2020-09-17 20:01:00,38.88,38.92,38.86,38.92,1591
"18180",2020-09-17 20:02:00,38.91,38.91,38.89,38.9,1154
"18181",2020-09-17 20:03:00,38.89,38.91,38.89,38.91,3081
"18182",2020-09-17 20:04:00,38.94,38.95,38.94,38.95,1293
"18183",2020-09-17 20:05:00,38.93,38.94,38.91,38.91,2465
"18184",2020-09-17 20:06:00,38.88,38.9,38.87,38.9,440
"18185",2020-09-17 20:07:00,38.9,38.91,38.9,38.9,935
"18186",2020-09-17 20:08:00,38.9,38.93,38.9,38.92,1467
"18187",2020-09-17 20:09:00,38.9,38.92,38.87,38.92,1434
"18188",2020-09-17 20:10:00,38.92,38.92,38.89,38.9,1082
"18189",2020-09-17 20:11:00,38.9,38.9,38.88,38.9,596
"18190",2020-09-17 20:12:00,38.9,38.95,38.89,38.95,2251
"18191",2020-09-17 20:13:00,38.95,38.98,38.95,38.97,2508
"18192",2020-09-17 20:14:00,38.97,38.97,38.94,38.94,2496
"18193",2020-09-17 20:15:00,38.94,38.94,38.92,38.92,1871
"18194",2020-09-17 20:16:00,38.94,38.94,38.89,38.9,2980
"18195",2020-09-17 20:17:00,38.91,38.91,38.83,38.83,4236
"18196",2020-09-17 20:18:00,38.85,38.89,38.85,38.89,1063
"18197",2020-09-17 20:19:00,38.89,38.91,38.89,38.91,2806
"18198",2020-09-17 20:20:00,38.91,38.91,38.86,38.86,1650
"18199",2020-09-17 20:21:00,38.85,38.91,38.84,38.91,3488
"18200",2020-09-17 20:22:00,38.91,38.94,38.91,38.94,3251
"18201",2020-09-17 20:23:00,38.94,38.94,38.9,38.9,1592
"18202",2020-09-17 20:24:00,38.91,38.92,38.89,38.9,5766
"18203",2020-09-17 20:25:00,38.9,38.95,38.9,38.95,1234
"18204",2020-09-17 20:26:00,38.95,38.98,38.95,38.98,1250
"18205",2020-09-17 20:27:00,38.98,39,38.98,38.99,828
"18206",2020-09-17 20:28:00,38.98,38.98,38.95,38.97,834
"18207",2020-09-17 20:29:00,38.96,38.96,38.94,38.96,715
"18208",2020-09-17 20:30:00,38.97,38.98,38.96,38.97,1147
"18209",2020-09-17 20:31:00,38.96,39.01,38.96,39.01,5409
"18210",2020-09-17 20:32:00,39.01,39.05,39.01,39.05,3850
"18211",2020-09-17 20:33:00,39.04,39.06,39.03,39.05,5879
"18212",2020-09-17 20:34:00,39.05,39.06,39.03,39.06,4280
"18213",2020-09-17 20:35:00,39.06,39.06,39.04,39.04,2655
"18214",2020-09-17 20:36:00,39.04,39.05,39.03,39.05,6050
"18215",2020-09-17 20:37:00,39.05,39.05,39.01,39.03,2263
"18216",2020-09-17 20:38:00,39.02,39.03,38.97,38.98,4306
"18217",2020-09-17 20:39:00,38.98,38.98,38.94,38.96,1179
"18218",2020-09-17 20:40:00,38.97,39.01,38.97,39.01,2447
"18219",2020-09-17 20:41:00,39.02,39.02,39.01,39.02,992
"18220",2020-09-17 20:42:00,39.02,39.02,39,39.02,2004
"18221",2020-09-17 20:43:00,39.02,39.06,39.02,39.06,1573
"18222",2020-09-17 20:44:00,39.06,39.07,39.06,39.07,579
"18223",2020-09-17 20:45:00,39.06,39.08,39.06,39.06,2880
"18224",2020-09-17 20:46:00,39.05,39.07,39.04,39.07,1507
"18225",2020-09-17 20:47:00,39.07,39.07,39.06,39.07,895
"18226",2020-09-17 20:48:00,39.07,39.08,39.05,39.08,2277
"18227",2020-09-17 20:49:00,39.08,39.09,39.05,39.08,1840
"18228",2020-09-17 20:50:00,39.09,39.11,39.09,39.11,917
"18229",2020-09-17 20:51:00,39.1,39.11,39.09,39.09,1715
"18230",2020-09-17 20:52:00,39.09,39.1,39.08,39.1,391
"18231",2020-09-17 20:53:00,39.11,39.13,39.11,39.11,925
"18232",2020-09-17 20:54:00,39.11,39.13,39.09,39.11,2237
"18233",2020-09-17 20:55:00,39.1,39.1,39.07,39.08,789
"18234",2020-09-17 20:56:00,39.08,39.09,39.06,39.07,871
"18235",2020-09-17 20:57:00,39.06,39.06,39.02,39.06,3088
"18236",2020-09-17 20:58:00,39.05,39.06,39.05,39.05,1815
"18237",2020-09-17 20:59:00,39.05,39.05,39.05,39.05,300
"18238",2020-09-17 21:00:00,39.05,39.07,39.01,39.02,1932
"18239",2020-09-17 21:01:00,39.04,39.07,39.04,39.06,1369
"18240",2020-09-17 21:02:00,39.06,39.08,39.05,39.05,1373
"18241",2020-09-17 21:03:00,39.04,39.11,39.04,39.11,1992
"18242",2020-09-17 21:04:00,39.11,39.12,39.09,39.12,3094
"18243",2020-09-17 21:05:00,39.12,39.15,39.12,39.15,1017
"18244",2020-09-17 21:06:00,39.15,39.16,39.14,39.16,1318
"18245",2020-09-17 21:07:00,39.15,39.16,39.14,39.14,1296
"18246",2020-09-17 21:08:00,39.16,39.17,39.16,39.17,694
"18247",2020-09-17 21:09:00,39.18,39.18,39.15,39.15,793
"18248",2020-09-17 21:10:00,39.14,39.16,39.14,39.14,1050
"18249",2020-09-17 21:11:00,39.14,39.15,39.12,39.15,1291
"18250",2020-09-17 21:12:00,39.15,39.19,39.15,39.17,1060
"18251",2020-09-17 21:13:00,39.17,39.18,39.16,39.16,1132
"18252",2020-09-17 21:14:00,39.16,39.17,39.16,39.17,831
"18253",2020-09-17 21:15:00,39.18,39.18,39.16,39.17,1647
"18254",2020-09-17 21:16:00,39.17,39.17,39.16,39.17,785
"18255",2020-09-17 21:17:00,39.16,39.16,39.14,39.14,1134
"18256",2020-09-17 21:18:00,39.15,39.15,39.14,39.14,799
"18257",2020-09-17 21:19:00,39.12,39.12,39.1,39.1,1443
"18258",2020-09-17 21:20:00,39.11,39.11,39.11,39.11,1081
"18259",2020-09-17 21:21:00,39.11,39.11,39.08,39.08,1339
"18260",2020-09-17 21:22:00,39.09,39.09,39.07,39.07,920
"18261",2020-09-17 21:23:00,39.07,39.08,39.04,39.04,1690
"18262",2020-09-17 21:24:00,39.04,39.08,39.04,39.08,2129
"18263",2020-09-17 21:25:00,39.07,39.07,39.06,39.06,592
"18264",2020-09-17 21:26:00,39.07,39.09,39.06,39.09,2150
"18265",2020-09-17 21:27:00,39.09,39.09,39.08,39.08,602
"18266",2020-09-17 21:28:00,39.08,39.08,39.06,39.06,3002
"18267",2020-09-17 21:29:00,39.05,39.05,39,39,2031
"18268",2020-09-17 21:30:00,39.01,39.01,38.99,38.99,3461
"18269",2020-09-17 21:31:00,38.98,38.98,38.95,38.96,3362
"18270",2020-09-17 21:32:00,38.96,38.99,38.96,38.99,938
"18271",2020-09-17 21:33:00,38.99,39,38.97,39,1259
"18272",2020-09-17 21:34:00,39,39,39,39,321
"18273",2020-09-17 21:35:00,38.99,38.99,38.96,38.96,1671
"18274",2020-09-17 21:36:00,38.97,38.97,38.97,38.97,319
"18275",2020-09-17 21:37:00,38.97,38.98,38.92,38.92,1459
"18276",2020-09-17 21:38:00,38.93,38.94,38.93,38.94,1390
"18277",2020-09-17 21:39:00,38.94,38.94,38.94,38.94,890
"18278",2020-09-17 21:40:00,38.92,38.92,38.88,38.89,2275
"18279",2020-09-17 21:41:00,38.9,38.9,38.88,38.9,1344
"18280",2020-09-17 21:42:00,38.89,38.95,38.89,38.93,3823
"18281",2020-09-17 21:43:00,38.93,38.94,38.93,38.94,1105
"18282",2020-09-17 21:44:00,38.95,38.96,38.95,38.96,959
"18283",2020-09-17 21:45:00,38.96,39,38.96,39,8832
"18284",2020-09-17 21:46:00,38.99,39.01,38.99,39,1484
"18285",2020-09-17 21:47:00,38.99,38.99,38.96,38.96,514
"18286",2020-09-17 21:48:00,38.97,38.99,38.97,38.99,2438
"18287",2020-09-17 21:49:00,38.99,39.04,38.99,39.04,3889
"18288",2020-09-17 21:50:00,39.03,39.04,39.03,39.03,1180
"18289",2020-09-17 21:51:00,39.04,39.06,39.03,39.03,2671
"18290",2020-09-17 21:52:00,39.03,39.05,39.03,39.05,2283
"18291",2020-09-17 21:53:00,39.04,39.05,39.03,39.04,3519
"18292",2020-09-17 21:54:00,39.03,39.03,39.01,39.03,719
"18293",2020-09-17 21:55:00,39.04,39.06,39.04,39.06,1747
"18294",2020-09-17 21:56:00,39.07,39.11,39.06,39.1,3842
"18295",2020-09-17 21:57:00,39.09,39.09,39.06,39.07,1618
"18296",2020-09-17 21:58:00,39.06,39.08,39.06,39.08,1605
"18297",2020-09-17 21:59:00,39.08,39.09,39.06,39.06,1229
"18298",2020-09-17 22:00:00,39.05,39.06,39.03,39.04,3064
"18299",2020-09-17 22:01:00,39.04,39.07,39,39.01,3033
"18300",2020-09-17 22:02:00,39,39.01,38.99,39,2022
"18301",2020-09-17 22:03:00,39,39,38.96,38.97,2244
"18302",2020-09-17 22:04:00,38.96,38.96,38.94,38.94,2175
"18303",2020-09-17 22:05:00,38.93,38.93,38.91,38.93,3858
"18304",2020-09-17 22:06:00,38.91,38.94,38.9,38.93,1929
"18305",2020-09-17 22:07:00,38.93,38.94,38.93,38.94,603
"18306",2020-09-17 22:08:00,38.95,38.98,38.95,38.98,2008
"18307",2020-09-17 22:09:00,38.98,39.01,38.98,39,3014
"18308",2020-09-17 22:10:00,39,39.01,39,39.01,1877
"18309",2020-09-17 22:11:00,39.02,39.09,39.02,39.09,3069
"18310",2020-09-17 22:12:00,39.09,39.14,39.08,39.14,2800
"18311",2020-09-17 22:13:00,39.14,39.16,39.14,39.16,1686
"18312",2020-09-17 22:14:00,39.16,39.19,39.16,39.19,2323
"18313",2020-09-17 22:15:00,39.18,39.18,39.15,39.15,2805
"18314",2020-09-17 22:16:00,39.15,39.18,39.15,39.15,2283
"18315",2020-09-17 22:17:00,39.14,39.18,39.13,39.18,1489
"18316",2020-09-17 22:18:00,39.17,39.19,39.16,39.19,6732
"18317",2020-09-17 22:19:00,39.19,39.19,39.17,39.19,3188
"18318",2020-09-17 22:20:00,39.18,39.18,39.14,39.14,4147
"18319",2020-09-17 22:21:00,39.15,39.19,39.15,39.19,1776
"18320",2020-09-17 22:22:00,39.2,39.2,39.14,39.14,1693
"18321",2020-09-17 22:23:00,39.11,39.13,39.09,39.09,1761
"18322",2020-09-17 22:24:00,39.1,39.12,39.09,39.09,1968
"18323",2020-09-17 22:25:00,39.08,39.08,39.02,39.02,2001
"18324",2020-09-17 22:26:00,39.01,39.01,38.96,38.97,2643
"18325",2020-09-17 22:27:00,38.98,38.98,38.95,38.95,4850
"18326",2020-09-17 22:28:00,38.95,38.97,38.94,38.97,2461
"18327",2020-09-17 22:29:00,38.97,38.97,38.96,38.96,1609
"18328",2020-09-17 22:30:00,38.97,38.98,38.96,38.96,2941
"18329",2020-09-17 22:31:00,38.95,39.01,38.95,39,3575
"18330",2020-09-17 22:32:00,39,39.06,38.99,39.06,2247
"18331",2020-09-17 22:33:00,39.07,39.12,39.07,39.1,6273
"18332",2020-09-17 22:34:00,39.11,39.16,39.11,39.13,4040
"18333",2020-09-17 22:35:00,39.14,39.16,39.14,39.15,2351
"18334",2020-09-17 22:36:00,39.15,39.2,39.15,39.17,4416
"18335",2020-09-17 22:37:00,39.18,39.2,39.16,39.16,2326
"18336",2020-09-17 22:38:00,39.17,39.2,39.16,39.16,4094
"18337",2020-09-17 22:39:00,39.16,39.2,39.15,39.2,2631
"18338",2020-09-17 22:40:00,39.2,39.25,39.2,39.24,5347
"18339",2020-09-17 22:41:00,39.25,39.3,39.25,39.28,5129
"18340",2020-09-17 22:42:00,39.27,39.27,39.25,39.26,2989
"18341",2020-09-17 22:43:00,39.25,39.26,39.24,39.24,3104
"18342",2020-09-17 22:44:00,39.24,39.26,39.24,39.26,2561
"18343",2020-09-17 22:45:00,39.26,39.26,39.23,39.24,4351
"18344",2020-09-17 22:46:00,39.24,39.26,39.24,39.24,4660
"18345",2020-09-17 22:47:00,39.24,39.24,39.22,39.23,3933
"18346",2020-09-17 22:48:00,39.23,39.3,39.23,39.3,7608
"18347",2020-09-17 22:49:00,39.31,39.35,39.3,39.35,8269
"18348",2020-09-17 22:50:00,39.33,39.34,39.3,39.31,7103
"18349",2020-09-17 22:51:00,39.31,39.37,39.3,39.35,10367
"18350",2020-09-17 22:52:00,39.35,39.35,39.3,39.33,7681
"18351",2020-09-17 22:53:00,39.33,39.36,39.3,39.36,12696
"18352",2020-09-17 22:54:00,39.36,39.43,39.36,39.41,17422
"18353",2020-09-17 22:55:00,39.41,39.47,39.4,39.47,22259
"18354",2020-09-17 22:56:00,39.47,39.51,39.47,39.51,27043
"18355",2020-09-17 22:57:00,39.53,39.53,39.48,39.49,21372
"18356",2020-09-17 22:58:00,39.48,39.5,39.44,39.44,11291
"18357",2020-09-17 22:59:00,39.43,39.45,39.41,39.44,12649
"18358",2020-09-17 23:00:00,39.44,39.53,39.36,39.36,68805
"18359",2020-09-17 23:01:00,39.53,39.53,38.96,38.96,26
"18360",2020-09-17 23:02:00,39.25,39.25,39.25,39.25,2
"18361",2020-09-17 23:03:00,39.35,39.35,39.35,39.35,3056
"18362",2020-09-17 23:09:00,39.59,39.59,39.59,39.59,151
"18363",2020-09-17 23:12:00,39.5,39.5,39.5,39.5,2
"18364",2020-09-17 23:14:00,39.44,39.44,39.44,39.44,18
"18365",2020-09-17 23:15:00,39.43,39.43,39.43,39.43,24
"18366",2020-09-17 23:29:00,39.37,39.37,39.37,39.37,1
"18367",2020-09-17 23:35:00,39.45,39.45,39.34,39.34,115
"18368",2020-09-17 23:36:00,39.31,39.31,39.31,39.31,1
"18369",2020-09-17 23:39:00,39.33,39.33,39.31,39.31,52
"18370",2020-09-17 23:48:00,39.51,39.51,39.51,39.51,1
"18371",2020-09-17 23:57:00,39.35,39.35,39.35,39.35,2
"18372",2020-09-18 00:13:00,39.42,39.42,39.42,39.42,3
"18373",2020-09-18 01:00:00,39.5,39.5,39.42,39.42,200
"18374",2020-09-18 10:01:00,39.56,39.56,39.56,39.56,7
"18375",2020-09-18 10:07:00,39.46,39.46,39.46,39.46,2
"18376",2020-09-18 10:12:00,39.25,39.25,39.25,39.25,5
"18377",2020-09-18 10:16:00,39.23,39.23,39.23,39.23,1
"18378",2020-09-18 10:25:00,39.42,39.42,39.42,39.42,23
"18379",2020-09-18 10:40:00,39.25,39.25,39.25,39.25,1
"18380",2020-09-18 10:43:00,39.41,39.41,39.41,39.41,1
"18381",2020-09-18 10:44:00,39.26,39.39,39.26,39.39,2
"18382",2020-09-18 10:59:00,39.3,39.3,39.3,39.3,6
"18383",2020-09-18 11:01:00,39.53,39.53,39.53,39.53,1
"18384",2020-09-18 11:02:00,39.31,39.31,39.31,39.31,1
"18385",2020-09-18 11:10:00,39.34,39.34,39.34,39.34,1
"18386",2020-09-18 11:27:00,39.36,39.36,39.36,39.36,2
"18387",2020-09-18 11:28:00,39.35,39.35,39.35,39.35,20
"18388",2020-09-18 11:36:00,39.3,39.3,39.28,39.28,17
"18389",2020-09-18 11:48:00,39.28,39.28,39.28,39.28,1
"18390",2020-09-18 11:50:00,39.34,39.35,39.34,39.35,402
"18391",2020-09-18 11:57:00,39.44,39.45,39.44,39.45,5
"18392",2020-09-18 12:24:00,39.41,39.41,39.41,39.41,12
"18393",2020-09-18 12:31:00,39.47,39.47,39.47,39.47,1
"18394",2020-09-18 12:32:00,39.35,39.35,39.35,39.35,2
"18395",2020-09-18 12:33:00,39.35,39.35,39.35,39.35,1
"18396",2020-09-18 12:44:00,39.5,39.5,39.5,39.5,1
"18397",2020-09-18 12:46:00,39.47,39.47,39.47,39.47,2
"18398",2020-09-18 12:47:00,39.47,39.47,39.47,39.47,1
"18399",2020-09-18 12:55:00,39.44,39.44,39.44,39.44,1
"18400",2020-09-18 12:58:00,39.4,39.4,39.4,39.4,1
"18401",2020-09-18 13:00:00,39.44,39.44,39.44,39.44,1
"18402",2020-09-18 13:10:00,39.45,39.45,39.45,39.45,1
"18403",2020-09-18 13:12:00,39.45,39.45,39.45,39.45,1
"18404",2020-09-18 13:27:00,39.45,39.45,39.45,39.45,5
"18405",2020-09-18 13:35:00,39.36,39.36,39.35,39.35,5
"18406",2020-09-18 13:59:00,39.5,39.5,39.5,39.5,1
"18407",2020-09-18 14:02:00,39.41,39.41,39.41,39.41,1
"18408",2020-09-18 14:11:00,39.37,39.37,39.37,39.37,1
"18409",2020-09-18 14:12:00,39.5,39.5,39.5,39.5,1
"18410",2020-09-18 14:14:00,39.4,39.4,39.4,39.4,1
"18411",2020-09-18 14:24:00,39.5,39.5,39.5,39.5,1
"18412",2020-09-18 14:25:00,39.41,39.41,39.4,39.4,3
"18413",2020-09-18 14:27:00,39.38,39.38,39.38,39.38,4
"18414",2020-09-18 14:28:00,39.51,39.51,39.51,39.51,1
"18415",2020-09-18 14:29:00,39.51,39.51,39.51,39.51,1
"18416",2020-09-18 14:34:00,39.59,39.59,39.59,39.59,3
"18417",2020-09-18 14:40:00,39.55,39.55,39.55,39.55,1
"18418",2020-09-18 14:41:00,39.51,39.55,39.51,39.55,119
"18419",2020-09-18 14:42:00,39.6,39.66,39.6,39.66,70
"18420",2020-09-18 14:43:00,39.74,39.74,39.68,39.68,105
"18421",2020-09-18 14:51:00,39.74,39.74,39.57,39.57,251
"18422",2020-09-18 14:52:00,39.61,39.61,39.61,39.61,26
"18423",2020-09-18 14:56:00,39.68,39.7,39.68,39.7,4
"18424",2020-09-18 15:15:00,39.5,39.5,39.5,39.5,22
"18425",2020-09-18 15:17:00,39.5,39.5,39.47,39.47,2
"18426",2020-09-18 15:19:00,39.5,39.5,39.5,39.5,32
"18427",2020-09-18 15:21:00,39.47,39.47,39.47,39.47,1
"18428",2020-09-18 15:25:00,39.5,39.5,39.5,39.5,11
"18429",2020-09-18 15:26:00,39.5,39.5,39.5,39.5,14
"18430",2020-09-18 15:29:00,39.49,39.49,39.49,39.49,200
"18431",2020-09-18 15:30:00,39.51,39.51,39.51,39.51,85
"18432",2020-09-18 15:32:00,39.51,39.51,39.51,39.51,1
"18433",2020-09-18 15:36:00,39.49,39.49,39.49,39.49,84
"18434",2020-09-18 15:37:00,39.49,39.49,39.49,39.49,84
"18435",2020-09-18 15:40:00,39.5,39.5,39.5,39.5,1
"18436",2020-09-18 15:44:00,39.49,39.49,39.49,39.49,100
"18437",2020-09-18 15:47:00,39.42,39.42,39.42,39.42,84
"18438",2020-09-18 15:56:00,39.53,39.53,39.53,39.53,1
"18439",2020-09-18 15:57:00,39.56,39.56,39.56,39.56,1
"18440",2020-09-18 15:58:00,39.59,39.59,39.54,39.54,3
"18441",2020-09-18 16:02:00,39.51,39.6,39.51,39.6,649
"18442",2020-09-18 16:04:00,39.6,39.6,39.6,39.6,1
"18443",2020-09-18 16:07:00,39.55,39.55,39.55,39.55,1
"18444",2020-09-18 16:10:00,39.54,39.54,39.54,39.54,1
"18445",2020-09-18 16:12:00,39.65,39.74,39.65,39.74,1000
"18446",2020-09-18 16:15:00,39.65,39.71,39.65,39.71,10
"18447",2020-09-18 16:16:00,39.75,39.75,39.66,39.66,959
"18448",2020-09-18 16:17:00,39.6,39.77,39.6,39.77,56
"18449",2020-09-18 16:19:00,39.6,39.6,39.6,39.6,3
"18450",2020-09-18 16:22:00,39.66,39.66,39.66,39.66,100
"18451",2020-09-18 16:24:00,39.54,39.54,39.53,39.53,130
"18452",2020-09-18 16:25:00,39.53,39.53,39.53,39.53,154
"18453",2020-09-18 16:28:00,39.65,39.65,39.65,39.65,201
"18454",2020-09-18 16:29:00,39.54,39.71,39.49,39.71,3
"18455",2020-09-18 16:30:00,39.49,39.75,39.3,39.34,1922
"18456",2020-09-18 16:31:00,39.31,39.71,39.31,39.42,3105
"18457",2020-09-18 16:32:00,39.48,39.48,39.41,39.48,2225
"18458",2020-09-18 16:33:00,39.49,39.59,39.39,39.52,15180
"18459",2020-09-18 16:34:00,39.51,39.84,39.51,39.82,25397
"18460",2020-09-18 16:35:00,39.84,39.88,39.66,39.7,9221
"18461",2020-09-18 16:36:00,39.73,39.79,39.65,39.72,6220
"18462",2020-09-18 16:37:00,39.71,39.77,39.65,39.74,6905
"18463",2020-09-18 16:38:00,39.75,39.82,39.72,39.75,4622
"18464",2020-09-18 16:39:00,39.76,39.86,39.72,39.86,5067
"18465",2020-09-18 16:40:00,39.9,39.99,39.85,39.91,20358
"18466",2020-09-18 16:41:00,39.9,39.94,39.87,39.92,22700
"18467",2020-09-18 16:42:00,39.93,40,39.93,39.98,15836
"18468",2020-09-18 16:43:00,39.98,40.01,39.91,39.91,17539
"18469",2020-09-18 16:44:00,39.91,39.97,39.82,39.9,10360
"18470",2020-09-18 16:45:00,39.92,39.94,39.85,39.85,4182
"18471",2020-09-18 16:46:00,39.86,39.96,39.83,39.85,7830
"18472",2020-09-18 16:47:00,39.86,39.87,39.84,39.86,7826
"18473",2020-09-18 16:48:00,39.84,39.84,39.79,39.82,10400
"18474",2020-09-18 16:49:00,39.83,39.83,39.75,39.82,9553
"18475",2020-09-18 16:50:00,39.83,39.9,39.78,39.89,7941
"18476",2020-09-18 16:51:00,39.89,39.92,39.82,39.86,9449
"18477",2020-09-18 16:52:00,39.86,39.92,39.84,39.91,5746
"18478",2020-09-18 16:53:00,39.92,40.01,39.91,40,10100
"18479",2020-09-18 16:54:00,40,40.15,39.99,40.1,22201
"18480",2020-09-18 16:55:00,40.1,40.13,40.04,40.06,16007
"18481",2020-09-18 16:56:00,40.06,40.08,39.99,40.07,15429
"18482",2020-09-18 16:57:00,40.07,40.11,40.06,40.07,5998
"18483",2020-09-18 16:58:00,40.08,40.08,40.01,40.05,6895
"18484",2020-09-18 16:59:00,40.04,40.04,39.96,39.98,9542
"18485",2020-09-18 17:00:00,39.98,40.1,39.94,40.1,6596
"18486",2020-09-18 17:01:00,40.11,40.22,40.11,40.22,18944
"18487",2020-09-18 17:02:00,40.22,40.24,40.16,40.19,11762
"18488",2020-09-18 17:03:00,40.17,40.18,40.08,40.12,5900
"18489",2020-09-18 17:04:00,40.11,40.18,40.08,40.18,2934
"18490",2020-09-18 17:05:00,40.19,40.24,40.17,40.21,7770
"18491",2020-09-18 17:06:00,40.2,40.2,40.13,40.14,6507
"18492",2020-09-18 17:07:00,40.16,40.16,40.08,40.1,2989
"18493",2020-09-18 17:08:00,40.09,40.1,40.07,40.07,3097
"18494",2020-09-18 17:09:00,40.07,40.08,40.04,40.04,835
"18495",2020-09-18 17:10:00,40.05,40.06,40.04,40.04,1101
"18496",2020-09-18 17:11:00,40.04,40.07,39.99,39.99,3584
"18497",2020-09-18 17:12:00,40.02,40.02,40,40,1129
"18498",2020-09-18 17:13:00,40,40.03,39.96,40.03,2956
"18499",2020-09-18 17:14:00,39.97,40,39.95,40,2521
"18500",2020-09-18 17:15:00,40.02,40.02,39.99,39.99,1294
"18501",2020-09-18 17:16:00,40,40,39.98,40,2128
"18502",2020-09-18 17:17:00,40.01,40.1,40.01,40.1,4040
"18503",2020-09-18 17:18:00,40.1,40.1,40.06,40.08,674
"18504",2020-09-18 17:19:00,40.06,40.1,40.06,40.07,757
"18505",2020-09-18 17:20:00,40.06,40.06,39.98,39.99,6916
"18506",2020-09-18 17:21:00,39.99,39.99,39.97,39.97,2403
"18507",2020-09-18 17:22:00,39.99,40.04,39.99,40.04,2439
"18508",2020-09-18 17:23:00,40.03,40.03,39.99,40,3709
"18509",2020-09-18 17:24:00,40,40.01,40,40.01,869
"18510",2020-09-18 17:25:00,40.03,40.08,40.02,40.06,3632
"18511",2020-09-18 17:26:00,40.06,40.06,40.03,40.04,3490
"18512",2020-09-18 17:27:00,40.03,40.03,39.97,39.99,2866
"18513",2020-09-18 17:28:00,39.98,40.01,39.98,39.98,3349
"18514",2020-09-18 17:29:00,39.97,39.97,39.88,39.89,9924
"18515",2020-09-18 17:30:00,39.92,40,39.92,39.96,3333
"18516",2020-09-18 17:31:00,40,40,39.92,39.96,5220
"18517",2020-09-18 17:32:00,39.96,39.98,39.93,39.96,5726
"18518",2020-09-18 17:33:00,39.98,39.99,39.9,39.9,3776
"18519",2020-09-18 17:34:00,39.91,39.95,39.91,39.95,3902
"18520",2020-09-18 17:35:00,39.93,39.96,39.91,39.93,9158
"18521",2020-09-18 17:36:00,39.92,39.94,39.9,39.91,6265
"18522",2020-09-18 17:37:00,39.9,39.95,39.9,39.95,4242
"18523",2020-09-18 17:38:00,39.96,39.97,39.88,39.9,4549
"18524",2020-09-18 17:39:00,39.88,39.88,39.82,39.87,2129
"18525",2020-09-18 17:40:00,39.88,39.88,39.83,39.86,4220
"18526",2020-09-18 17:41:00,39.84,39.87,39.83,39.84,3672
"18527",2020-09-18 17:42:00,39.84,39.86,39.83,39.86,3432
"18528",2020-09-18 17:43:00,39.87,39.92,39.87,39.91,1688
"18529",2020-09-18 17:44:00,39.89,39.91,39.88,39.89,2276
"18530",2020-09-18 17:45:00,39.9,39.93,39.89,39.91,5757
"18531",2020-09-18 17:46:00,39.91,39.92,39.88,39.91,7536
"18532",2020-09-18 17:47:00,39.9,39.9,39.83,39.83,2593
"18533",2020-09-18 17:48:00,39.82,39.85,39.82,39.83,5874
"18534",2020-09-18 17:49:00,39.84,39.91,39.84,39.88,4461
"18535",2020-09-18 17:50:00,39.87,39.87,39.83,39.86,1992
"18536",2020-09-18 17:51:00,39.87,39.87,39.82,39.83,909
"18537",2020-09-18 17:52:00,39.83,39.84,39.83,39.84,1002
"18538",2020-09-18 17:53:00,39.85,39.85,39.73,39.75,6078
"18539",2020-09-18 17:54:00,39.76,39.77,39.69,39.74,7361
"18540",2020-09-18 17:55:00,39.74,39.77,39.71,39.72,2056
"18541",2020-09-18 17:56:00,39.72,39.73,39.65,39.65,4381
"18542",2020-09-18 17:57:00,39.66,39.66,39.64,39.65,4118
"18543",2020-09-18 17:58:00,39.66,39.7,39.64,39.69,2643
"18544",2020-09-18 17:59:00,39.69,39.76,39.69,39.75,3096
"18545",2020-09-18 18:00:00,39.76,39.78,39.74,39.74,3777
"18546",2020-09-18 18:01:00,39.75,39.76,39.69,39.72,3985
"18547",2020-09-18 18:02:00,39.71,39.71,39.66,39.68,4807
"18548",2020-09-18 18:03:00,39.68,39.72,39.68,39.68,2102
"18549",2020-09-18 18:04:00,39.68,39.68,39.66,39.66,2410
"18550",2020-09-18 18:05:00,39.67,39.76,39.67,39.76,6230
"18551",2020-09-18 18:06:00,39.74,39.78,39.74,39.75,7184
"18552",2020-09-18 18:07:00,39.75,39.78,39.72,39.78,8926
"18553",2020-09-18 18:08:00,39.77,39.8,39.76,39.76,4923
"18554",2020-09-18 18:09:00,39.76,39.77,39.76,39.76,1393
"18555",2020-09-18 18:10:00,39.76,39.77,39.75,39.77,3294
"18556",2020-09-18 18:11:00,39.78,39.82,39.75,39.79,12178
"18557",2020-09-18 18:12:00,39.77,39.77,39.67,39.67,3431
"18558",2020-09-18 18:13:00,39.66,39.68,39.65,39.65,4201
"18559",2020-09-18 18:14:00,39.65,39.66,39.59,39.62,8075
"18560",2020-09-18 18:15:00,39.6,39.64,39.59,39.63,4513
"18561",2020-09-18 18:16:00,39.65,39.72,39.65,39.7,3108
"18562",2020-09-18 18:17:00,39.68,39.71,39.66,39.71,4848
"18563",2020-09-18 18:18:00,39.71,39.71,39.66,39.66,2025
"18564",2020-09-18 18:19:00,39.67,39.68,39.67,39.67,2396
"18565",2020-09-18 18:20:00,39.67,39.68,39.66,39.67,2114
"18566",2020-09-18 18:21:00,39.68,39.71,39.67,39.69,3767
"18567",2020-09-18 18:22:00,39.69,39.73,39.69,39.73,1256
"18568",2020-09-18 18:23:00,39.74,39.75,39.74,39.74,991
"18569",2020-09-18 18:24:00,39.73,39.78,39.73,39.78,2533
"18570",2020-09-18 18:25:00,39.76,39.76,39.73,39.74,2551
"18571",2020-09-18 18:26:00,39.74,39.79,39.74,39.77,4912
"18572",2020-09-18 18:27:00,39.76,39.77,39.76,39.76,1640
"18573",2020-09-18 18:28:00,39.76,39.8,39.76,39.79,2665
"18574",2020-09-18 18:29:00,39.78,39.81,39.77,39.81,7210
"18575",2020-09-18 18:30:00,39.8,39.84,39.8,39.83,5718
"18576",2020-09-18 18:31:00,39.84,39.84,39.81,39.83,8153
"18577",2020-09-18 18:32:00,39.83,39.85,39.8,39.81,5670
"18578",2020-09-18 18:33:00,39.81,39.83,39.8,39.83,3567
"18579",2020-09-18 18:34:00,39.85,39.85,39.84,39.84,1500
"18580",2020-09-18 18:35:00,39.85,39.85,39.76,39.76,2776
"18581",2020-09-18 18:36:00,39.75,39.76,39.72,39.75,5438
"18582",2020-09-18 18:37:00,39.76,39.78,39.75,39.77,1781
"18583",2020-09-18 18:38:00,39.76,39.77,39.75,39.77,4094
"18584",2020-09-18 18:39:00,39.77,39.77,39.74,39.74,1825
"18585",2020-09-18 18:40:00,39.73,39.8,39.73,39.8,3006
"18586",2020-09-18 18:41:00,39.79,39.8,39.76,39.76,3467
"18587",2020-09-18 18:42:00,39.76,39.76,39.76,39.76,3095
"18588",2020-09-18 18:43:00,39.75,39.76,39.75,39.75,3284
"18589",2020-09-18 18:44:00,39.75,39.75,39.73,39.74,2963
"18590",2020-09-18 18:45:00,39.73,39.73,39.68,39.71,4314
"18591",2020-09-18 18:46:00,39.71,39.78,39.71,39.78,3269
"18592",2020-09-18 18:47:00,39.8,39.85,39.8,39.84,2089
"18593",2020-09-18 18:48:00,39.84,39.85,39.83,39.84,1417
"18594",2020-09-18 18:49:00,39.85,39.86,39.85,39.86,2327
"18595",2020-09-18 18:50:00,39.86,39.92,39.86,39.91,4544
"18596",2020-09-18 18:51:00,39.92,39.94,39.91,39.92,3048
"18597",2020-09-18 18:52:00,39.92,39.92,39.9,39.91,6953
"18598",2020-09-18 18:53:00,39.91,39.92,39.91,39.91,4340
"18599",2020-09-18 18:54:00,39.91,39.91,39.9,39.91,1300
"18600",2020-09-18 18:55:00,39.91,39.91,39.9,39.91,9007
"18601",2020-09-18 18:56:00,39.92,39.92,39.88,39.88,1836
"18602",2020-09-18 18:57:00,39.87,39.92,39.87,39.91,5014
"18603",2020-09-18 18:58:00,39.92,39.94,39.92,39.93,2779
"18604",2020-09-18 18:59:00,39.94,39.96,39.93,39.94,1607
"18605",2020-09-18 19:00:00,39.93,39.95,39.93,39.95,4256
"18606",2020-09-18 19:01:00,39.92,39.92,39.89,39.9,2193
"18607",2020-09-18 19:02:00,39.91,39.91,39.89,39.9,4702
"18608",2020-09-18 19:03:00,39.9,39.91,39.89,39.9,2197
"18609",2020-09-18 19:04:00,39.9,39.9,39.89,39.89,1220
"18610",2020-09-18 19:05:00,39.89,39.89,39.88,39.89,2900
"18611",2020-09-18 19:06:00,39.89,39.9,39.88,39.9,2201
"18612",2020-09-18 19:07:00,39.91,39.96,39.91,39.96,2903
"18613",2020-09-18 19:08:00,39.96,39.99,39.96,39.98,2811
"18614",2020-09-18 19:09:00,39.98,39.99,39.97,39.98,3086
"18615",2020-09-18 19:10:00,39.99,39.99,39.95,39.95,2079
"18616",2020-09-18 19:11:00,39.96,39.98,39.96,39.97,4125
"18617",2020-09-18 19:12:00,39.96,39.97,39.94,39.95,4386
"18618",2020-09-18 19:13:00,39.95,39.95,39.94,39.94,4254
"18619",2020-09-18 19:14:00,39.94,39.94,39.9,39.9,7231
"18620",2020-09-18 19:15:00,39.9,39.91,39.88,39.88,6431
"18621",2020-09-18 19:16:00,39.86,39.86,39.82,39.83,7230
"18622",2020-09-18 19:17:00,39.81,39.84,39.79,39.8,6435
"18623",2020-09-18 19:18:00,39.79,39.8,39.78,39.8,7614
"18624",2020-09-18 19:19:00,39.8,39.8,39.79,39.79,3970
"18625",2020-09-18 19:20:00,39.79,39.8,39.76,39.78,10648
"18626",2020-09-18 19:21:00,39.78,39.78,39.74,39.76,5567
"18627",2020-09-18 19:22:00,39.75,39.75,39.73,39.73,3363
"18628",2020-09-18 19:23:00,39.73,39.75,39.73,39.73,1734
"18629",2020-09-18 19:24:00,39.72,39.73,39.71,39.73,3312
"18630",2020-09-18 19:25:00,39.74,39.75,39.73,39.75,2372
"18631",2020-09-18 19:26:00,39.74,39.75,39.71,39.74,1730
"18632",2020-09-18 19:27:00,39.75,39.77,39.75,39.75,1678
"18633",2020-09-18 19:28:00,39.75,39.75,39.67,39.69,2479
"18634",2020-09-18 19:29:00,39.68,39.71,39.66,39.66,4526
"18635",2020-09-18 19:30:00,39.66,39.67,39.63,39.66,8406
"18636",2020-09-18 19:31:00,39.66,39.66,39.64,39.66,1900
"18637",2020-09-18 19:32:00,39.66,39.66,39.58,39.59,5418
"18638",2020-09-18 19:33:00,39.58,39.6,39.54,39.54,6119
"18639",2020-09-18 19:34:00,39.53,39.54,39.5,39.5,6029
"18640",2020-09-18 19:35:00,39.5,39.53,39.5,39.52,3800
"18641",2020-09-18 19:36:00,39.53,39.55,39.52,39.54,3759
"18642",2020-09-18 19:37:00,39.54,39.54,39.5,39.51,2761
"18643",2020-09-18 19:38:00,39.52,39.52,39.48,39.49,2076
"18644",2020-09-18 19:39:00,39.48,39.53,39.46,39.51,10181
"18645",2020-09-18 19:40:00,39.51,39.52,39.49,39.5,9117
"18646",2020-09-18 19:41:00,39.49,39.51,39.48,39.5,2867
"18647",2020-09-18 19:42:00,39.51,39.51,39.48,39.49,4074
"18648",2020-09-18 19:43:00,39.49,39.5,39.48,39.49,4900
"18649",2020-09-18 19:44:00,39.5,39.53,39.5,39.5,3143
"18650",2020-09-18 19:45:00,39.5,39.54,39.5,39.54,1145
"18651",2020-09-18 19:46:00,39.54,39.56,39.54,39.55,2684
"18652",2020-09-18 19:47:00,39.55,39.56,39.53,39.55,2426
"18653",2020-09-18 19:48:00,39.53,39.53,39.5,39.5,2401
"18654",2020-09-18 19:49:00,39.49,39.5,39.46,39.46,4272
"18655",2020-09-18 19:50:00,39.46,39.46,39.44,39.44,4039
"18656",2020-09-18 19:51:00,39.42,39.44,39.4,39.43,4890
"18657",2020-09-18 19:52:00,39.44,39.47,39.44,39.47,4505
"18658",2020-09-18 19:53:00,39.47,39.48,39.46,39.48,3903
"18659",2020-09-18 19:54:00,39.48,39.49,39.43,39.43,4837
"18660",2020-09-18 19:55:00,39.43,39.45,39.43,39.45,1705
"18661",2020-09-18 19:56:00,39.44,39.45,39.42,39.43,1708
"18662",2020-09-18 19:57:00,39.44,39.46,39.44,39.44,1946
"18663",2020-09-18 19:58:00,39.44,39.44,39.42,39.42,3259
"18664",2020-09-18 19:59:00,39.42,39.42,39.41,39.41,4413
"18665",2020-09-18 20:00:00,39.42,39.46,39.4,39.46,1900
"18666",2020-09-18 20:01:00,39.46,39.49,39.46,39.48,2415
"18667",2020-09-18 20:02:00,39.48,39.48,39.48,39.48,1659
"18668",2020-09-18 20:03:00,39.48,39.48,39.4,39.4,2685
"18669",2020-09-18 20:04:00,39.4,39.45,39.4,39.45,3102
"18670",2020-09-18 20:05:00,39.47,39.48,39.43,39.45,3756
"18671",2020-09-18 20:06:00,39.42,39.42,39.38,39.38,3186
"18672",2020-09-18 20:07:00,39.39,39.39,39.36,39.38,2500
"18673",2020-09-18 20:08:00,39.4,39.4,39.36,39.37,1059
"18674",2020-09-18 20:09:00,39.38,39.38,39.35,39.35,2263
"18675",2020-09-18 20:10:00,39.33,39.33,39.29,39.31,3149
"18676",2020-09-18 20:11:00,39.29,39.29,39.26,39.28,9492
"18677",2020-09-18 20:12:00,39.28,39.28,39.26,39.26,2975
"18678",2020-09-18 20:13:00,39.27,39.33,39.27,39.33,5568
"18679",2020-09-18 20:14:00,39.33,39.34,39.32,39.33,1672
"18680",2020-09-18 20:15:00,39.34,39.38,39.34,39.35,2000
"18681",2020-09-18 20:16:00,39.33,39.34,39.28,39.28,2755
"18682",2020-09-18 20:17:00,39.28,39.3,39.28,39.29,1954
"18683",2020-09-18 20:18:00,39.3,39.3,39.26,39.27,2515
"18684",2020-09-18 20:19:00,39.28,39.29,39.27,39.27,3756
"18685",2020-09-18 20:20:00,39.27,39.27,39.23,39.23,2609
"18686",2020-09-18 20:21:00,39.24,39.24,39.23,39.24,1174
"18687",2020-09-18 20:22:00,39.24,39.24,39.23,39.23,1196
"18688",2020-09-18 20:23:00,39.24,39.25,39.21,39.22,4273
"18689",2020-09-18 20:24:00,39.2,39.22,39.19,39.21,2158
"18690",2020-09-18 20:25:00,39.2,39.21,39.19,39.21,2486
"18691",2020-09-18 20:26:00,39.22,39.22,39.21,39.22,1211
"18692",2020-09-18 20:27:00,39.22,39.22,39.19,39.19,4601
"18693",2020-09-18 20:28:00,39.2,39.2,39.13,39.14,5123
"18694",2020-09-18 20:29:00,39.13,39.14,39.12,39.12,4596
"18695",2020-09-18 20:30:00,39.13,39.14,39.09,39.09,5283
"18696",2020-09-18 20:31:00,39.09,39.09,39.01,39.01,6449
"18697",2020-09-18 20:32:00,39,39.04,38.94,39.04,6248
"18698",2020-09-18 20:33:00,39.05,39.09,39.05,39.09,2811
"18699",2020-09-18 20:34:00,39.09,39.17,39.09,39.15,4898
"18700",2020-09-18 20:35:00,39.15,39.16,39.15,39.15,3518
"18701",2020-09-18 20:36:00,39.15,39.16,39.14,39.14,2121
"18702",2020-09-18 20:37:00,39.14,39.14,39.08,39.08,2635
"18703",2020-09-18 20:38:00,39.08,39.09,39.06,39.08,3149
"18704",2020-09-18 20:39:00,39.09,39.17,39.08,39.17,4244
"18705",2020-09-18 20:40:00,39.16,39.2,39.16,39.19,2519
"18706",2020-09-18 20:41:00,39.2,39.24,39.19,39.19,3735
"18707",2020-09-18 20:42:00,39.18,39.18,39.14,39.14,3244
"18708",2020-09-18 20:43:00,39.15,39.16,39.14,39.14,1506
"18709",2020-09-18 20:44:00,39.13,39.21,39.13,39.19,3652
"18710",2020-09-18 20:45:00,39.17,39.2,39.17,39.2,2800
"18711",2020-09-18 20:46:00,39.19,39.21,39.17,39.2,3722
"18712",2020-09-18 20:47:00,39.18,39.19,39.17,39.18,2120
"18713",2020-09-18 20:48:00,39.2,39.22,39.2,39.22,2768
"18714",2020-09-18 20:49:00,39.21,39.24,39.21,39.22,867
"18715",2020-09-18 20:50:00,39.2,39.22,39.2,39.22,1040
"18716",2020-09-18 20:51:00,39.23,39.24,39.22,39.22,954
"18717",2020-09-18 20:52:00,39.24,39.26,39.23,39.23,1032
"18718",2020-09-18 20:53:00,39.24,39.24,39.21,39.21,1570
"18719",2020-09-18 20:54:00,39.21,39.24,39.21,39.24,2027
"18720",2020-09-18 20:55:00,39.24,39.3,39.24,39.3,6014
"18721",2020-09-18 20:56:00,39.31,39.31,39.27,39.28,2861
"18722",2020-09-18 20:57:00,39.29,39.3,39.29,39.3,2777
"18723",2020-09-18 20:58:00,39.3,39.32,39.3,39.32,3945
"18724",2020-09-18 20:59:00,39.33,39.34,39.33,39.34,410
"18725",2020-09-18 21:00:00,39.34,39.36,39.34,39.36,2879
"18726",2020-09-18 21:01:00,39.35,39.35,39.26,39.26,3744
"18727",2020-09-18 21:02:00,39.26,39.26,39.24,39.26,7129
"18728",2020-09-18 21:03:00,39.27,39.28,39.27,39.28,800
"18729",2020-09-18 21:04:00,39.26,39.26,39.25,39.25,2412
"18730",2020-09-18 21:05:00,39.25,39.28,39.24,39.24,4600
"18731",2020-09-18 21:06:00,39.25,39.32,39.25,39.32,5301
"18732",2020-09-18 21:07:00,39.32,39.38,39.32,39.36,10107
"18733",2020-09-18 21:08:00,39.35,39.4,39.35,39.4,7200
"18734",2020-09-18 21:09:00,39.39,39.41,39.38,39.39,7389
"18735",2020-09-18 21:10:00,39.4,39.4,39.36,39.36,7226
"18736",2020-09-18 21:11:00,39.36,39.41,39.35,39.4,5449
"18737",2020-09-18 21:12:00,39.39,39.39,39.37,39.37,2062
"18738",2020-09-18 21:13:00,39.37,39.39,39.36,39.36,3381
"18739",2020-09-18 21:14:00,39.35,39.35,39.33,39.34,5238
"18740",2020-09-18 21:15:00,39.34,39.36,39.34,39.36,3310
"18741",2020-09-18 21:16:00,39.36,39.36,39.33,39.34,2782
"18742",2020-09-18 21:17:00,39.34,39.38,39.34,39.37,4053
"18743",2020-09-18 21:18:00,39.38,39.38,39.29,39.29,3777
"18744",2020-09-18 21:19:00,39.3,39.33,39.29,39.29,2598
"18745",2020-09-18 21:20:00,39.3,39.3,39.24,39.26,5335
"18746",2020-09-18 21:21:00,39.27,39.3,39.27,39.3,3117
"18747",2020-09-18 21:22:00,39.3,39.4,39.3,39.4,4501
"18748",2020-09-18 21:23:00,39.4,39.45,39.38,39.45,8070
"18749",2020-09-18 21:24:00,39.45,39.45,39.43,39.43,3702
"18750",2020-09-18 21:25:00,39.44,39.47,39.44,39.45,1626
"18751",2020-09-18 21:26:00,39.46,39.47,39.45,39.47,1318
"18752",2020-09-18 21:27:00,39.48,39.48,39.46,39.48,6558
"18753",2020-09-18 21:28:00,39.47,39.48,39.46,39.47,1019
"18754",2020-09-18 21:29:00,39.47,39.47,39.44,39.45,5196
"18755",2020-09-18 21:30:00,39.45,39.48,39.45,39.48,1600
"18756",2020-09-18 21:31:00,39.48,39.48,39.46,39.47,2560
"18757",2020-09-18 21:32:00,39.47,39.47,39.45,39.45,1705
"18758",2020-09-18 21:33:00,39.45,39.48,39.45,39.48,1225
"18759",2020-09-18 21:34:00,39.48,39.5,39.48,39.48,4173
"18760",2020-09-18 21:35:00,39.47,39.48,39.47,39.48,1752
"18761",2020-09-18 21:36:00,39.48,39.48,39.46,39.47,3695
"18762",2020-09-18 21:37:00,39.48,39.48,39.48,39.48,203
"18763",2020-09-18 21:38:00,39.48,39.48,39.47,39.48,2402
"18764",2020-09-18 21:39:00,39.48,39.48,39.46,39.46,1001
"18765",2020-09-18 21:40:00,39.46,39.47,39.43,39.44,1728
"18766",2020-09-18 21:41:00,39.45,39.45,39.43,39.44,1521
"18767",2020-09-18 21:42:00,39.44,39.46,39.44,39.45,3145
"18768",2020-09-18 21:43:00,39.44,39.44,39.34,39.34,3697
"18769",2020-09-18 21:44:00,39.34,39.36,39.34,39.36,2120
"18770",2020-09-18 21:45:00,39.36,39.36,39.34,39.34,2824
"18771",2020-09-18 21:46:00,39.38,39.39,39.36,39.38,1992
"18772",2020-09-18 21:47:00,39.39,39.42,39.39,39.4,1870
"18773",2020-09-18 21:48:00,39.41,39.43,39.4,39.43,1047
"18774",2020-09-18 21:49:00,39.41,39.41,39.37,39.37,2978
"18775",2020-09-18 21:50:00,39.37,39.42,39.36,39.42,4776
"18776",2020-09-18 21:51:00,39.41,39.41,39.36,39.36,1410
"18777",2020-09-18 21:52:00,39.35,39.39,39.34,39.39,1861
"18778",2020-09-18 21:53:00,39.4,39.42,39.4,39.41,3320
"18779",2020-09-18 21:54:00,39.41,39.41,39.4,39.41,466
"18780",2020-09-18 21:55:00,39.4,39.4,39.37,39.37,4429
"18781",2020-09-18 21:56:00,39.37,39.4,39.36,39.4,1386
"18782",2020-09-18 21:57:00,39.4,39.4,39.38,39.4,2199
"18783",2020-09-18 21:58:00,39.4,39.42,39.39,39.42,1767
"18784",2020-09-18 21:59:00,39.42,39.47,39.42,39.45,7496
"18785",2020-09-18 22:00:00,39.46,39.5,39.45,39.49,5354
"18786",2020-09-18 22:01:00,39.49,39.49,39.46,39.47,3913
"18787",2020-09-18 22:02:00,39.47,39.48,39.46,39.48,4905
"18788",2020-09-18 22:03:00,39.48,39.5,39.47,39.49,3086
"18789",2020-09-18 22:04:00,39.49,39.52,39.49,39.52,3020
"18790",2020-09-18 22:05:00,39.53,39.56,39.52,39.55,7009
"18791",2020-09-18 22:06:00,39.56,39.58,39.55,39.58,11931
"18792",2020-09-18 22:07:00,39.59,39.63,39.58,39.63,16631
"18793",2020-09-18 22:08:00,39.62,39.67,39.62,39.66,22970
"18794",2020-09-18 22:09:00,39.66,39.68,39.66,39.67,10402
"18795",2020-09-18 22:10:00,39.67,39.7,39.67,39.7,10734
"18796",2020-09-18 22:11:00,39.69,39.73,39.69,39.73,14633
"18797",2020-09-18 22:12:00,39.72,39.72,39.7,39.7,16041
"18798",2020-09-18 22:13:00,39.71,39.73,39.7,39.72,7979
"18799",2020-09-18 22:14:00,39.72,39.74,39.71,39.74,4574
"18800",2020-09-18 22:15:00,39.74,39.77,39.74,39.76,14541
"18801",2020-09-18 22:16:00,39.77,39.82,39.77,39.82,15942
"18802",2020-09-18 22:17:00,39.81,39.82,39.77,39.82,20549
"18803",2020-09-18 22:18:00,39.82,39.87,39.81,39.87,17290
"18804",2020-09-18 22:19:00,39.86,39.9,39.86,39.9,14144
"18805",2020-09-18 22:20:00,39.89,40.01,39.89,40.01,45697
"18806",2020-09-18 22:21:00,40.01,40.02,39.95,39.95,16542
"18807",2020-09-18 22:22:00,39.94,39.98,39.94,39.98,16007
"18808",2020-09-18 22:23:00,39.98,39.98,39.94,39.94,5700
"18809",2020-09-18 22:24:00,39.94,40.04,39.94,40.02,20712
"18810",2020-09-18 22:25:00,40.03,40.04,40.02,40.02,13146
"18811",2020-09-18 22:26:00,40.02,40.03,39.99,40,7893
"18812",2020-09-18 22:27:00,40,40.01,39.99,40.01,7325
"18813",2020-09-18 22:28:00,40.02,40.02,40.02,40.02,5394
"18814",2020-09-18 22:29:00,40.02,40.06,40.02,40.05,11715
"18815",2020-09-18 22:30:00,40.05,40.07,40,40.02,18036
"18816",2020-09-18 22:31:00,40.01,40.05,40,40.05,8078
"18817",2020-09-18 22:32:00,40.04,40.04,40.02,40.04,6138
"18818",2020-09-18 22:33:00,40.03,40.06,40.03,40.05,15821
"18819",2020-09-18 22:34:00,40.05,40.05,39.96,40,20527
"18820",2020-09-18 22:35:00,40.01,40.07,40,40.06,9240
"18821",2020-09-18 22:36:00,40.06,40.07,40.05,40.06,11404
"18822",2020-09-18 22:37:00,40.05,40.07,40.05,40.06,9251
"18823",2020-09-18 22:38:00,40.05,40.08,40,40.08,22553
"18824",2020-09-18 22:39:00,40.07,40.1,40.06,40.06,22152
"18825",2020-09-18 22:40:00,40.05,40.08,40.05,40.07,10439
"18826",2020-09-18 22:41:00,40.06,40.08,40.05,40.06,13976
"18827",2020-09-18 22:42:00,40.06,40.08,40.05,40.08,24394
"18828",2020-09-18 22:43:00,40.08,40.11,40.06,40.06,24439
"18829",2020-09-18 22:44:00,40.04,40.06,39.98,40.04,19427
"18830",2020-09-18 22:45:00,40.04,40.08,40.04,40.06,17630
"18831",2020-09-18 22:46:00,40.06,40.11,40.06,40.11,22073
"18832",2020-09-18 22:47:00,40.1,40.11,40.1,40.1,6065
"18833",2020-09-18 22:48:00,40.11,40.11,40.04,40.1,22265
"18834",2020-09-18 22:49:00,40.1,40.11,40.09,40.1,16085
"18835",2020-09-18 22:50:00,40.1,40.12,40.1,40.12,16353
"18836",2020-09-18 22:51:00,40.12,40.12,40,40.1,29699
"18837",2020-09-18 22:52:00,40.09,40.12,40.06,40.1,34590
"18838",2020-09-18 22:53:00,40.11,40.11,40.05,40.05,17197
"18839",2020-09-18 22:54:00,40.06,40.12,40.05,40.1,20633
"18840",2020-09-18 22:55:00,40.09,40.11,40.03,40.1,30434
"18841",2020-09-18 22:56:00,40.1,40.11,40.06,40.1,26619
"18842",2020-09-18 22:57:00,40.1,40.11,40.04,40.04,17652
"18843",2020-09-18 22:58:00,40.05,40.09,40.05,40.08,12029
"18844",2020-09-18 22:59:00,40.08,40.1,40.07,40.1,31068
"18845",2020-09-18 23:00:00,40.1,40.21,40.09,40.15,80653
"18846",2020-09-18 23:01:00,40.2,40.2,40.2,40.2,2
"18847",2020-09-18 23:03:00,40.14,40.29,39.29,40.29,9
"18848",2020-09-18 23:04:00,40.4,40.45,40.4,40.45,10
"18849",2020-09-18 23:05:00,40.04,40.04,40.02,40.02,660
"18850",2020-09-18 23:06:00,40.02,40.15,40.02,40.15,3176
"18851",2020-09-18 23:09:00,40.15,40.15,39.97,40.15,85
"18852",2020-09-18 23:10:00,40.1,40.15,40.1,40.15,143
"18853",2020-09-18 23:11:00,39.95,40.05,39.95,40.05,6
"18854",2020-09-18 23:12:00,40.2,40.2,40.03,40.03,401
"18855",2020-09-18 23:14:00,40.1,40.1,40.1,40.1,50
"18856",2020-09-18 23:15:00,40.04,40.15,40.02,40.15,2802
"18857",2020-09-18 23:16:00,40.15,40.15,40.15,40.15,500
"18858",2020-09-18 23:29:00,39.92,39.92,39.92,39.92,2
"18859",2020-09-18 23:33:00,39.92,39.92,39.92,39.92,1
"18860",2020-09-18 23:40:00,40.02,40.02,40.02,40.02,1
"18861",2020-09-18 23:42:00,40.02,40.02,40.02,40.02,1000
"18862",2020-09-18 23:44:00,40,40.02,40,40.02,301
"18863",2020-09-18 23:45:00,40.02,40.02,40.02,40.02,3000
"18864",2020-09-18 23:46:00,40.02,40.02,40.02,40.02,2100
"18865",2020-09-19 00:10:00,39.97,39.97,39.97,39.97,7
"18866",2020-09-19 00:21:00,39.92,39.92,39.92,39.92,11
"18867",2020-09-19 00:22:00,39.92,39.92,39.92,39.92,2
"18868",2020-09-19 00:23:00,39.96,39.96,39.96,39.96,1
"18869",2020-09-19 00:25:00,39.96,39.96,39.96,39.96,999
"18870",2020-09-19 00:29:00,39.92,39.92,39.92,39.92,6
"18871",2020-09-19 00:30:00,39.96,39.96,39.96,39.96,1
"18872",2020-09-19 00:42:00,39.92,39.92,39.92,39.92,5
"18873",2020-09-19 00:56:00,40.02,40.02,40.02,40.02,300
"18874",2020-09-19 01:02:00,39.99,39.99,39.99,39.99,7
"18875",2020-09-19 01:33:00,40.02,40.02,40.02,40.02,100
"18876",2020-09-21 10:03:00,39.74,39.74,39.74,39.74,1
"18877",2020-09-21 10:04:00,40.02,40.02,39.83,39.83,6
"18878",2020-09-21 10:06:00,39.92,39.92,39.92,39.92,5
"18879",2020-09-21 10:07:00,39.92,39.92,39.92,39.92,2
"18880",2020-09-21 10:08:00,39.92,39.92,39.9,39.92,27
"18881",2020-09-21 10:10:00,39.89,39.89,39.89,39.89,1
"18882",2020-09-21 10:12:00,39.9,39.9,39.9,39.9,4
"18883",2020-09-21 10:19:00,40,40,40,40,1
"18884",2020-09-21 10:21:00,40,40,40,40,4
"18885",2020-09-21 10:22:00,39.9,39.9,39.75,39.75,15
"18886",2020-09-21 10:23:00,39.96,39.98,39.96,39.98,20
"18887",2020-09-21 10:25:00,39.72,39.72,39.72,39.72,5
"18888",2020-09-21 10:27:00,39.72,39.72,39.72,39.72,1
"18889",2020-09-21 10:30:00,39.93,39.94,39.93,39.94,9
"18890",2020-09-21 10:31:00,39.7,39.7,39.7,39.7,1
"18891",2020-09-21 10:34:00,39.65,39.65,39.65,39.65,10
"18892",2020-09-21 10:35:00,39.64,39.64,39.64,39.64,2
"18893",2020-09-21 10:36:00,39.65,39.65,39.65,39.65,5
"18894",2020-09-21 10:39:00,39.61,39.61,39.61,39.61,5
"18895",2020-09-21 10:46:00,39.73,39.73,39.73,39.73,1
"18896",2020-09-21 10:52:00,39.6,39.6,39.6,39.6,30
"18897",2020-09-21 10:58:00,39.6,39.6,39.53,39.53,2
"18898",2020-09-21 11:01:00,39.53,39.53,39.53,39.53,6
"18899",2020-09-21 11:08:00,39.67,39.67,39.67,39.67,34
"18900",2020-09-21 11:15:00,39.67,39.67,39.67,39.67,8
"18901",2020-09-21 11:20:00,39.66,39.66,39.66,39.66,3
"18902",2020-09-21 11:28:00,39.61,39.61,39.61,39.61,4
"18903",2020-09-21 11:30:00,39.69,39.69,39.69,39.69,1
"18904",2020-09-21 11:31:00,39.69,39.69,39.69,39.69,2
"18905",2020-09-21 11:33:00,39.69,39.69,39.69,39.69,35
"18906",2020-09-21 11:35:00,39.7,39.7,39.7,39.7,1
"18907",2020-09-21 11:40:00,39.59,39.59,39.59,39.59,1
"18908",2020-09-21 11:41:00,39.67,39.67,39.59,39.59,3
"18909",2020-09-21 11:47:00,39.5,39.5,39.5,39.5,11
"18910",2020-09-21 11:51:00,39.3,39.3,39.25,39.25,7
"18911",2020-09-21 11:54:00,39.43,39.43,39.43,39.43,5
"18912",2020-09-21 11:59:00,39.29,39.29,39.29,39.29,1
"18913",2020-09-21 12:00:00,39.29,39.29,39.29,39.29,1
"18914",2020-09-21 12:04:00,39.42,39.42,39.42,39.42,5
"18915",2020-09-21 12:08:00,39.29,39.29,39.29,39.29,4
"18916",2020-09-21 12:16:00,39.33,39.33,39.33,39.33,2
"18917",2020-09-21 12:18:00,39.38,39.38,39.38,39.38,1
"18918",2020-09-21 12:19:00,39.4,39.4,39.4,39.4,13
"18919",2020-09-21 12:22:00,39.31,39.31,39.3,39.3,9
"18920",2020-09-21 12:29:00,39.3,39.3,39.3,39.3,1
"18921",2020-09-21 12:41:00,39.3,39.3,39.29,39.29,100
"18922",2020-09-21 12:46:00,39.36,39.36,39.36,39.36,1
"18923",2020-09-21 12:52:00,39.2,39.2,39.2,39.2,5
"18924",2020-09-21 12:53:00,39.19,39.2,39.19,39.2,5
"18925",2020-09-21 12:56:00,39.45,39.45,39.45,39.45,2
"18926",2020-09-21 13:03:00,39.31,39.31,39.21,39.21,11
"18927",2020-09-21 13:06:00,39.45,39.47,39.45,39.47,15
"18928",2020-09-21 13:07:00,39.47,39.47,39.47,39.47,1
"18929",2020-09-21 13:12:00,39.23,39.23,39.23,39.23,1
"18930",2020-09-21 13:16:00,39.18,39.18,39.18,39.18,103
"18931",2020-09-21 13:22:00,39.22,39.22,39.22,39.22,1
"18932",2020-09-21 13:24:00,39.19,39.19,39.18,39.18,6
"18933",2020-09-21 13:28:00,39.26,39.26,39.26,39.26,1
"18934",2020-09-21 13:37:00,39.27,39.41,39.27,39.41,60
"18935",2020-09-21 13:38:00,39.41,39.41,39.41,39.41,5
"18936",2020-09-21 13:39:00,39.35,39.35,39.35,39.35,11
"18937",2020-09-21 13:41:00,39.35,39.35,39.35,39.35,5
"18938",2020-09-21 13:43:00,39.49,39.49,39.49,39.49,1
"18939",2020-09-21 13:44:00,39.49,39.49,39.49,39.49,5
"18940",2020-09-21 14:03:00,39.5,39.5,39.5,39.5,3
"18941",2020-09-21 14:14:00,39.39,39.4,39.39,39.4,302
"18942",2020-09-21 14:32:00,39.52,39.52,39.52,39.52,100
"18943",2020-09-21 14:43:00,39.49,39.59,39.49,39.59,262
"18944",2020-09-21 14:44:00,39.59,39.59,39.59,39.59,1
"18945",2020-09-21 14:48:00,39.59,39.59,39.59,39.59,50
"18946",2020-09-21 14:55:00,39.59,39.64,39.59,39.64,50
"18947",2020-09-21 14:56:00,39.6,39.6,39.6,39.6,11
"18948",2020-09-21 14:57:00,39.61,39.61,39.61,39.61,2
"18949",2020-09-21 15:01:00,39.65,39.67,39.65,39.67,4
"18950",2020-09-21 15:03:00,39.65,39.65,39.65,39.65,5
"18951",2020-09-21 15:04:00,39.59,39.59,39.59,39.59,114
"18952",2020-09-21 15:06:00,39.63,39.63,39.59,39.59,282
"18953",2020-09-21 15:08:00,39.56,39.56,39.56,39.56,2
"18954",2020-09-21 15:13:00,39.36,39.36,39.34,39.34,476
"18955",2020-09-21 15:20:00,39.47,39.48,39.47,39.48,138
"18956",2020-09-21 15:22:00,39.5,39.5,39.5,39.5,125
"18957",2020-09-21 15:23:00,39.44,39.44,39.44,39.44,2
"18958",2020-09-21 15:33:00,39.44,39.44,39.44,39.44,1000
"18959",2020-09-21 15:38:00,39.32,39.32,39.32,39.32,166
"18960",2020-09-21 15:39:00,39.3,39.3,39.3,39.3,1
"18961",2020-09-21 15:40:00,39.3,39.32,39.3,39.32,105
"18962",2020-09-21 15:42:00,39.32,39.32,39.32,39.32,34
"18963",2020-09-21 15:44:00,39.3,39.3,39.3,39.3,1300
"18964",2020-09-21 15:46:00,39.22,39.22,39.22,39.22,1
"18965",2020-09-21 15:50:00,39.3,39.3,39.3,39.3,1
"18966",2020-09-21 15:51:00,39.26,39.26,39.26,39.26,1
"18967",2020-09-21 15:52:00,39.24,39.24,39.24,39.24,2
"18968",2020-09-21 15:54:00,39.29,39.29,39.29,39.29,4
"18969",2020-09-21 15:55:00,39.3,39.41,39.3,39.41,124
"18970",2020-09-21 15:56:00,39.4,39.4,39.4,39.4,73
"18971",2020-09-21 15:57:00,39.41,39.41,39.41,39.41,2
"18972",2020-09-21 15:58:00,39.35,39.35,39.35,39.35,3
"18973",2020-09-21 15:59:00,39.4,39.42,39.4,39.42,97
"18974",2020-09-21 16:01:00,39.44,39.44,39.44,39.44,10
"18975",2020-09-21 16:02:00,39.49,39.49,39.49,39.49,2
"18976",2020-09-21 16:06:00,39.37,39.37,39.36,39.36,621
"18977",2020-09-21 16:09:00,39.45,39.45,39.45,39.45,102
"18978",2020-09-21 16:11:00,39.44,39.44,39.44,39.44,100
"18979",2020-09-21 16:12:00,39.43,39.43,39.36,39.36,97
"18980",2020-09-21 16:14:00,39.4,39.4,39.37,39.37,14
"18981",2020-09-21 16:15:00,39.44,39.44,39.44,39.44,2
"18982",2020-09-21 16:16:00,39.48,39.48,39.43,39.43,27
"18983",2020-09-21 16:17:00,39.49,39.54,39.49,39.54,1395
"18984",2020-09-21 16:19:00,39.43,39.54,39.43,39.54,137
"18985",2020-09-21 16:21:00,39.54,39.54,39.53,39.53,892
"18986",2020-09-21 16:23:00,39.5,39.5,39.5,39.5,5
"18987",2020-09-21 16:24:00,39.53,39.53,39.53,39.53,576
"18988",2020-09-21 16:26:00,39.53,39.53,39.53,39.53,3300
"18989",2020-09-21 16:27:00,39.51,39.51,39.51,39.51,4
"18990",2020-09-21 16:29:00,39.49,39.51,39.49,39.5,202
"18991",2020-09-21 16:30:00,39.5,39.5,39.31,39.35,3109
"18992",2020-09-21 16:31:00,39.42,39.53,39.34,39.44,44542
"18993",2020-09-21 16:32:00,39.42,39.77,39.39,39.74,49598
"18994",2020-09-21 16:33:00,39.74,39.98,39.73,39.98,22228
"18995",2020-09-21 16:34:00,39.98,40.08,39.91,40,26976
"18996",2020-09-21 16:35:00,40.02,40.05,39.9,40.01,23697
"18997",2020-09-21 16:36:00,40.02,40.05,39.83,39.91,26474
"18998",2020-09-21 16:37:00,39.92,39.96,39.82,39.84,17940
"18999",2020-09-21 16:38:00,39.84,39.89,39.84,39.85,20603
"19000",2020-09-21 16:39:00,39.86,39.93,39.82,39.91,14216
"19001",2020-09-21 16:40:00,39.9,39.94,39.82,39.86,24438
"19002",2020-09-21 16:41:00,39.83,39.89,39.75,39.76,16113
"19003",2020-09-21 16:42:00,39.76,39.82,39.74,39.75,17062
"19004",2020-09-21 16:43:00,39.77,39.78,39.71,39.74,4980
"19005",2020-09-21 16:44:00,39.75,39.92,39.74,39.92,11492
"19006",2020-09-21 16:45:00,39.93,39.98,39.9,39.96,17108
"19007",2020-09-21 16:46:00,39.96,40.02,39.94,40.01,11636
"19008",2020-09-21 16:47:00,40,40.1,40,40.1,13578
"19009",2020-09-21 16:48:00,40.12,40.14,40.03,40.05,14702
"19010",2020-09-21 16:49:00,40.06,40.1,40.01,40.01,8572
"19011",2020-09-21 16:50:00,40.01,40.2,39.99,40.16,15538
"19012",2020-09-21 16:51:00,40.16,40.16,40.04,40.06,6143
"19013",2020-09-21 16:52:00,40.06,40.11,40,40.02,12585
"19014",2020-09-21 16:53:00,40.03,40.08,40,40.04,10967
"19015",2020-09-21 16:54:00,40.04,40.08,39.98,39.98,5242
"19016",2020-09-21 16:55:00,40.02,40.03,39.98,40.02,6977
"19017",2020-09-21 16:56:00,40.01,40.01,39.81,39.82,13218
"19018",2020-09-21 16:57:00,39.83,39.93,39.81,39.91,8507
"19019",2020-09-21 16:58:00,39.91,40,39.91,39.98,4005
"19020",2020-09-21 16:59:00,39.96,40.02,39.94,40.02,6524
"19021",2020-09-21 17:00:00,40.02,40.02,39.97,39.98,4981
"19022",2020-09-21 17:01:00,39.98,40.07,39.96,40.06,5828
"19023",2020-09-21 17:02:00,40.05,40.11,40,40.11,10335
"19024",2020-09-21 17:03:00,40.1,40.1,39.91,39.94,8652
"19025",2020-09-21 17:04:00,39.95,39.96,39.78,39.8,9359
"19026",2020-09-21 17:05:00,39.8,39.93,39.8,39.91,9316
"19027",2020-09-21 17:06:00,39.9,39.94,39.74,39.76,21770
"19028",2020-09-21 17:07:00,39.75,39.75,39.59,39.6,11890
"19029",2020-09-21 17:08:00,39.59,39.64,39.57,39.63,10147
"19030",2020-09-21 17:09:00,39.62,39.68,39.62,39.66,9814
"19031",2020-09-21 17:10:00,39.67,39.72,39.64,39.71,5754
"19032",2020-09-21 17:11:00,39.71,39.81,39.7,39.79,4424
"19033",2020-09-21 17:12:00,39.78,39.82,39.78,39.81,16775
"19034",2020-09-21 17:13:00,39.82,39.84,39.78,39.81,1879
"19035",2020-09-21 17:14:00,39.82,39.82,39.69,39.73,15793
"19036",2020-09-21 17:15:00,39.73,39.8,39.72,39.75,16600
"19037",2020-09-21 17:16:00,39.74,39.74,39.66,39.7,5757
"19038",2020-09-21 17:17:00,39.71,39.81,39.62,39.66,12104
"19039",2020-09-21 17:18:00,39.65,39.73,39.65,39.68,8635
"19040",2020-09-21 17:19:00,39.66,39.66,39.57,39.61,7425
"19041",2020-09-21 17:20:00,39.6,39.6,39.56,39.6,6593
"19042",2020-09-21 17:21:00,39.58,39.69,39.58,39.69,12737
"19043",2020-09-21 17:22:00,39.69,39.69,39.62,39.62,1396
"19044",2020-09-21 17:23:00,39.61,39.62,39.54,39.54,2313
"19045",2020-09-21 17:24:00,39.54,39.55,39.47,39.5,5870
"19046",2020-09-21 17:25:00,39.48,39.49,39.45,39.47,7758
"19047",2020-09-21 17:26:00,39.46,39.47,39.42,39.42,4677
"19048",2020-09-21 17:27:00,39.42,39.46,39.38,39.39,6964
"19049",2020-09-21 17:28:00,39.4,39.44,39.4,39.44,2962
"19050",2020-09-21 17:29:00,39.43,39.43,39.36,39.38,4547
"19051",2020-09-21 17:30:00,39.38,39.41,39.38,39.41,3870
"19052",2020-09-21 17:31:00,39.4,39.48,39.39,39.4,14299
"19053",2020-09-21 17:32:00,39.38,39.41,39.34,39.4,3123
"19054",2020-09-21 17:33:00,39.4,39.4,39.35,39.36,3718
"19055",2020-09-21 17:34:00,39.37,39.4,39.37,39.4,4643
"19056",2020-09-21 17:35:00,39.4,39.47,39.39,39.43,5431
"19057",2020-09-21 17:36:00,39.43,39.45,39.4,39.45,2504
"19058",2020-09-21 17:37:00,39.44,39.45,39.37,39.37,8894
"19059",2020-09-21 17:38:00,39.37,39.39,39.37,39.39,3195
"19060",2020-09-21 17:39:00,39.4,39.41,39.35,39.36,7409
"19061",2020-09-21 17:40:00,39.36,39.41,39.35,39.35,6169
"19062",2020-09-21 17:41:00,39.35,39.38,39.31,39.34,6914
"19063",2020-09-21 17:42:00,39.34,39.36,39.29,39.35,6398
"19064",2020-09-21 17:43:00,39.35,39.36,39.32,39.32,4002
"19065",2020-09-21 17:44:00,39.33,39.33,39.25,39.25,2915
"19066",2020-09-21 17:45:00,39.26,39.29,39.22,39.28,10158
"19067",2020-09-21 17:46:00,39.28,39.35,39.26,39.35,9007
"19068",2020-09-21 17:47:00,39.35,39.44,39.3,39.44,9917
"19069",2020-09-21 17:48:00,39.44,39.5,39.43,39.48,3724
"19070",2020-09-21 17:49:00,39.45,39.48,39.41,39.47,2670
"19071",2020-09-21 17:50:00,39.46,39.53,39.46,39.51,2644
"19072",2020-09-21 17:51:00,39.52,39.53,39.45,39.45,6453
"19073",2020-09-21 17:52:00,39.45,39.45,39.39,39.41,2603
"19074",2020-09-21 17:53:00,39.41,39.41,39.34,39.35,4450
"19075",2020-09-21 17:54:00,39.38,39.46,39.38,39.46,6013
"19076",2020-09-21 17:55:00,39.45,39.51,39.45,39.51,3943
"19077",2020-09-21 17:56:00,39.5,39.53,39.49,39.49,4304
"19078",2020-09-21 17:57:00,39.46,39.47,39.4,39.42,3950
"19079",2020-09-21 17:58:00,39.43,39.47,39.37,39.45,4565
"19080",2020-09-21 17:59:00,39.44,39.44,39.41,39.42,823
"19081",2020-09-21 18:00:00,39.42,39.44,39.4,39.41,3402
"19082",2020-09-21 18:01:00,39.39,39.45,39.39,39.45,2237
"19083",2020-09-21 18:02:00,39.46,39.55,39.45,39.53,3548
"19084",2020-09-21 18:03:00,39.52,39.54,39.5,39.52,2086
"19085",2020-09-21 18:04:00,39.52,39.54,39.52,39.53,4221
"19086",2020-09-21 18:05:00,39.55,39.56,39.55,39.55,2872
"19087",2020-09-21 18:06:00,39.52,39.6,39.52,39.6,2351
"19088",2020-09-21 18:07:00,39.59,39.59,39.58,39.58,4510
"19089",2020-09-21 18:08:00,39.59,39.64,39.59,39.63,5270
"19090",2020-09-21 18:09:00,39.64,39.66,39.63,39.66,1713
"19091",2020-09-21 18:10:00,39.66,39.72,39.66,39.71,4287
"19092",2020-09-21 18:11:00,39.69,39.7,39.63,39.63,3448
"19093",2020-09-21 18:12:00,39.62,39.63,39.6,39.6,2309
"19094",2020-09-21 18:13:00,39.61,39.64,39.61,39.62,2315
"19095",2020-09-21 18:14:00,39.6,39.63,39.6,39.61,6506
"19096",2020-09-21 18:15:00,39.6,39.6,39.58,39.58,8892
"19097",2020-09-21 18:16:00,39.58,39.58,39.53,39.55,13240
"19098",2020-09-21 18:17:00,39.55,39.55,39.52,39.55,2540
"19099",2020-09-21 18:18:00,39.54,39.55,39.53,39.53,1752
"19100",2020-09-21 18:19:00,39.53,39.54,39.53,39.53,1068
"19101",2020-09-21 18:20:00,39.52,39.52,39.46,39.51,2937
"19102",2020-09-21 18:21:00,39.51,39.53,39.51,39.51,3082
"19103",2020-09-21 18:22:00,39.5,39.5,39.47,39.48,1881
"19104",2020-09-21 18:23:00,39.47,39.48,39.44,39.47,5821
"19105",2020-09-21 18:24:00,39.45,39.45,39.43,39.43,5532
"19106",2020-09-21 18:25:00,39.43,39.43,39.4,39.41,4002
"19107",2020-09-21 18:26:00,39.37,39.4,39.36,39.38,2269
"19108",2020-09-21 18:27:00,39.39,39.41,39.39,39.4,4049
"19109",2020-09-21 18:28:00,39.41,39.54,39.4,39.54,7158
"19110",2020-09-21 18:29:00,39.55,39.63,39.55,39.61,6184
"19111",2020-09-21 18:30:00,39.62,39.66,39.61,39.66,1637
"19112",2020-09-21 18:31:00,39.65,39.68,39.64,39.68,2161
"19113",2020-09-21 18:32:00,39.68,39.68,39.6,39.6,5806
"19114",2020-09-21 18:33:00,39.6,39.6,39.55,39.55,3309
"19115",2020-09-21 18:34:00,39.54,39.56,39.52,39.54,1103
"19116",2020-09-21 18:35:00,39.55,39.57,39.54,39.54,1109
"19117",2020-09-21 18:36:00,39.52,39.52,39.5,39.5,1426
"19118",2020-09-21 18:37:00,39.5,39.57,39.5,39.57,1200
"19119",2020-09-21 18:38:00,39.58,39.62,39.58,39.6,2650
"19120",2020-09-21 18:39:00,39.58,39.59,39.55,39.58,1599
"19121",2020-09-21 18:40:00,39.58,39.6,39.51,39.51,1988
"19122",2020-09-21 18:41:00,39.51,39.52,39.49,39.49,2745
"19123",2020-09-21 18:42:00,39.51,39.53,39.47,39.49,1927
"19124",2020-09-21 18:43:00,39.5,39.55,39.5,39.55,1721
"19125",2020-09-21 18:44:00,39.55,39.58,39.5,39.5,3224
"19126",2020-09-21 18:45:00,39.49,39.49,39.44,39.44,3210
"19127",2020-09-21 18:46:00,39.44,39.49,39.44,39.47,3324
"19128",2020-09-21 18:47:00,39.47,39.51,39.47,39.5,4458
"19129",2020-09-21 18:48:00,39.5,39.55,39.5,39.53,3058
"19130",2020-09-21 18:49:00,39.53,39.56,39.52,39.55,1725
"19131",2020-09-21 18:50:00,39.56,39.56,39.54,39.54,3578
"19132",2020-09-21 18:51:00,39.54,39.61,39.54,39.61,2743
"19133",2020-09-21 18:52:00,39.61,39.62,39.6,39.62,4318
"19134",2020-09-21 18:53:00,39.63,39.67,39.63,39.65,1006
"19135",2020-09-21 18:54:00,39.65,39.67,39.64,39.65,2902
"19136",2020-09-21 18:55:00,39.65,39.66,39.63,39.63,2081
"19137",2020-09-21 18:56:00,39.63,39.66,39.62,39.65,2881
"19138",2020-09-21 18:57:00,39.66,39.66,39.65,39.66,2058
"19139",2020-09-21 18:58:00,39.66,39.66,39.66,39.66,552
"19140",2020-09-21 18:59:00,39.67,39.7,39.67,39.68,6358
"19141",2020-09-21 19:00:00,39.68,39.73,39.68,39.72,3166
"19142",2020-09-21 19:01:00,39.73,39.76,39.73,39.74,2111
"19143",2020-09-21 19:02:00,39.75,39.75,39.7,39.72,1505
"19144",2020-09-21 19:03:00,39.71,39.71,39.69,39.7,1452
"19145",2020-09-21 19:04:00,39.7,39.74,39.7,39.73,1250
"19146",2020-09-21 19:05:00,39.74,39.79,39.74,39.78,2248
"19147",2020-09-21 19:06:00,39.78,39.78,39.74,39.74,2956
"19148",2020-09-21 19:07:00,39.75,39.75,39.72,39.74,3465
"19149",2020-09-21 19:08:00,39.74,39.84,39.74,39.84,4702
"19150",2020-09-21 19:09:00,39.84,39.86,39.84,39.84,3392
"19151",2020-09-21 19:10:00,39.82,39.82,39.76,39.78,6779
"19152",2020-09-21 19:11:00,39.78,39.78,39.75,39.76,3408
"19153",2020-09-21 19:12:00,39.76,39.78,39.76,39.76,5254
"19154",2020-09-21 19:13:00,39.77,39.79,39.77,39.78,2131
"19155",2020-09-21 19:14:00,39.78,39.79,39.76,39.76,3645
"19156",2020-09-21 19:15:00,39.77,39.77,39.72,39.72,1851
"19157",2020-09-21 19:16:00,39.72,39.72,39.71,39.72,2383
"19158",2020-09-21 19:17:00,39.72,39.74,39.68,39.68,2975
"19159",2020-09-21 19:18:00,39.7,39.76,39.7,39.76,3319
"19160",2020-09-21 19:19:00,39.76,39.76,39.72,39.72,2231
"19161",2020-09-21 19:20:00,39.73,39.75,39.73,39.75,2039
"19162",2020-09-21 19:21:00,39.76,39.78,39.71,39.71,1972
"19163",2020-09-21 19:22:00,39.71,39.72,39.67,39.68,3857
"19164",2020-09-21 19:23:00,39.67,39.69,39.66,39.69,1174
"19165",2020-09-21 19:24:00,39.69,39.72,39.69,39.72,2530
"19166",2020-09-21 19:25:00,39.71,39.71,39.71,39.71,1823
"19167",2020-09-21 19:26:00,39.7,39.72,39.7,39.71,1328
"19168",2020-09-21 19:27:00,39.72,39.8,39.71,39.78,4938
"19169",2020-09-21 19:28:00,39.78,39.84,39.78,39.83,4230
"19170",2020-09-21 19:29:00,39.83,39.84,39.79,39.81,3621
"19171",2020-09-21 19:30:00,39.8,39.83,39.8,39.8,3063
"19172",2020-09-21 19:31:00,39.8,39.82,39.79,39.82,1200
"19173",2020-09-21 19:32:00,39.82,39.84,39.77,39.78,2302
"19174",2020-09-21 19:33:00,39.77,39.78,39.76,39.76,1170
"19175",2020-09-21 19:34:00,39.76,39.76,39.75,39.76,2058
"19176",2020-09-21 19:35:00,39.76,39.78,39.75,39.78,2370
"19177",2020-09-21 19:36:00,39.79,39.84,39.79,39.83,911
"19178",2020-09-21 19:37:00,39.83,39.87,39.83,39.87,6377
"19179",2020-09-21 19:38:00,39.87,39.87,39.86,39.87,1164
"19180",2020-09-21 19:39:00,39.85,39.85,39.82,39.83,1635
"19181",2020-09-21 19:40:00,39.83,39.86,39.83,39.84,2451
"19182",2020-09-21 19:41:00,39.84,39.88,39.8,39.87,4653
"19183",2020-09-21 19:42:00,39.87,39.89,39.84,39.85,2843
"19184",2020-09-21 19:43:00,39.85,39.89,39.85,39.87,2619
"19185",2020-09-21 19:44:00,39.85,39.85,39.82,39.83,1928
"19186",2020-09-21 19:45:00,39.84,39.85,39.81,39.83,2000
"19187",2020-09-21 19:46:00,39.84,39.85,39.81,39.81,2643
"19188",2020-09-21 19:47:00,39.8,39.81,39.76,39.77,3124
"19189",2020-09-21 19:48:00,39.78,39.82,39.77,39.82,2609
"19190",2020-09-21 19:49:00,39.81,39.82,39.8,39.8,1447
"19191",2020-09-21 19:50:00,39.8,39.81,39.79,39.81,2135
"19192",2020-09-21 19:51:00,39.81,39.82,39.77,39.81,1538
"19193",2020-09-21 19:52:00,39.81,39.82,39.78,39.78,3038
"19194",2020-09-21 19:53:00,39.79,39.82,39.79,39.81,2045
"19195",2020-09-21 19:54:00,39.81,39.85,39.8,39.85,3841
"19196",2020-09-21 19:55:00,39.85,39.85,39.8,39.81,3931
"19197",2020-09-21 19:56:00,39.83,39.87,39.83,39.87,660
"19198",2020-09-21 19:57:00,39.88,39.88,39.84,39.84,1344
"19199",2020-09-21 19:58:00,39.82,39.84,39.74,39.75,2127
"19200",2020-09-21 19:59:00,39.75,39.75,39.72,39.75,3299
"19201",2020-09-21 20:00:00,39.76,39.78,39.75,39.78,1102
"19202",2020-09-21 20:01:00,39.82,39.82,39.79,39.79,1632
"19203",2020-09-21 20:02:00,39.78,39.8,39.72,39.72,5054
"19204",2020-09-21 20:03:00,39.74,39.77,39.74,39.76,1089
"19205",2020-09-21 20:04:00,39.77,39.78,39.77,39.78,1055
"19206",2020-09-21 20:05:00,39.78,39.81,39.78,39.79,804
"19207",2020-09-21 20:06:00,39.8,39.8,39.76,39.78,1939
"19208",2020-09-21 20:07:00,39.79,39.84,39.79,39.84,2262
"19209",2020-09-21 20:08:00,39.84,39.84,39.82,39.82,794
"19210",2020-09-21 20:09:00,39.83,39.85,39.83,39.83,921
"19211",2020-09-21 20:10:00,39.82,39.84,39.82,39.84,822
"19212",2020-09-21 20:11:00,39.84,39.84,39.83,39.83,1122
"19213",2020-09-21 20:12:00,39.84,39.86,39.84,39.86,2632
"19214",2020-09-21 20:13:00,39.86,39.88,39.86,39.88,2230
"19215",2020-09-21 20:14:00,39.89,39.9,39.89,39.89,1469
"19216",2020-09-21 20:15:00,39.88,39.9,39.88,39.89,925
"19217",2020-09-21 20:16:00,39.9,39.92,39.9,39.9,3839
"19218",2020-09-21 20:17:00,39.9,39.93,39.89,39.92,3335
"19219",2020-09-21 20:18:00,39.92,39.92,39.88,39.88,1822
"19220",2020-09-21 20:19:00,39.89,39.91,39.89,39.9,2280
"19221",2020-09-21 20:20:00,39.9,39.92,39.88,39.88,1822
"19222",2020-09-21 20:21:00,39.88,39.92,39.88,39.91,1650
"19223",2020-09-21 20:22:00,39.92,39.96,39.92,39.96,3914
"19224",2020-09-21 20:23:00,39.96,39.98,39.96,39.97,2130
"19225",2020-09-21 20:24:00,39.97,39.97,39.95,39.95,1526
"19226",2020-09-21 20:25:00,39.95,39.96,39.93,39.95,1516
"19227",2020-09-21 20:26:00,39.95,39.96,39.93,39.96,1710
"19228",2020-09-21 20:27:00,39.96,39.96,39.94,39.95,3006
"19229",2020-09-21 20:28:00,39.95,39.95,39.95,39.95,532
"19230",2020-09-21 20:29:00,39.95,39.96,39.92,39.93,2121
"19231",2020-09-21 20:30:00,39.93,39.96,39.91,39.96,3171
"19232",2020-09-21 20:31:00,39.96,39.97,39.94,39.96,1485
"19233",2020-09-21 20:32:00,39.96,40.01,39.95,40,5972
"19234",2020-09-21 20:33:00,40,40,39.95,39.96,2461
"19235",2020-09-21 20:34:00,39.96,40.01,39.95,40,5410
"19236",2020-09-21 20:35:00,40,40.02,39.98,39.98,1778
"19237",2020-09-21 20:36:00,39.97,39.97,39.96,39.96,363
"19238",2020-09-21 20:37:00,39.97,40.01,39.97,40,1806
"19239",2020-09-21 20:38:00,39.99,40.01,39.99,40.01,1887
"19240",2020-09-21 20:39:00,40.01,40.02,40,40,774
"19241",2020-09-21 20:40:00,40,40,40,40,1031
"19242",2020-09-21 20:41:00,40,40,39.97,39.97,2320
"19243",2020-09-21 20:42:00,39.96,39.96,39.94,39.95,1836
"19244",2020-09-21 20:43:00,39.94,39.94,39.94,39.94,400
"19245",2020-09-21 20:44:00,39.94,39.94,39.89,39.89,2131
"19246",2020-09-21 20:45:00,39.9,39.91,39.88,39.88,2320
"19247",2020-09-21 20:46:00,39.86,39.86,39.82,39.83,2715
"19248",2020-09-21 20:47:00,39.84,39.84,39.82,39.83,2175
"19249",2020-09-21 20:48:00,39.83,39.83,39.81,39.82,2385
"19250",2020-09-21 20:49:00,39.82,39.83,39.8,39.8,3333
"19251",2020-09-21 20:50:00,39.78,39.78,39.76,39.77,2597
"19252",2020-09-21 20:51:00,39.77,39.79,39.77,39.79,1531
"19253",2020-09-21 20:52:00,39.79,39.79,39.78,39.78,2135
"19254",2020-09-21 20:53:00,39.78,39.78,39.73,39.77,2872
"19255",2020-09-21 20:54:00,39.78,39.78,39.78,39.78,2520
"19256",2020-09-21 20:55:00,39.75,39.75,39.72,39.72,1804
"19257",2020-09-21 20:56:00,39.7,39.76,39.68,39.75,4442
"19258",2020-09-21 20:57:00,39.75,39.77,39.75,39.77,753
"19259",2020-09-21 20:58:00,39.78,39.79,39.76,39.76,2216
"19260",2020-09-21 20:59:00,39.76,39.76,39.68,39.68,13631
"19261",2020-09-21 21:00:00,39.68,39.72,39.68,39.72,3304
"19262",2020-09-21 21:01:00,39.72,39.75,39.71,39.74,1758
"19263",2020-09-21 21:02:00,39.74,39.76,39.74,39.76,2600
"19264",2020-09-21 21:03:00,39.76,39.76,39.72,39.74,3088
"19265",2020-09-21 21:04:00,39.74,39.76,39.74,39.76,910
"19266",2020-09-21 21:05:00,39.76,39.78,39.76,39.77,2841
"19267",2020-09-21 21:06:00,39.77,39.78,39.71,39.72,4954
"19268",2020-09-21 21:07:00,39.72,39.73,39.7,39.71,3066
"19269",2020-09-21 21:08:00,39.7,39.7,39.67,39.69,3422
"19270",2020-09-21 21:09:00,39.7,39.71,39.69,39.69,1597
"19271",2020-09-21 21:10:00,39.68,39.69,39.67,39.69,1318
"19272",2020-09-21 21:11:00,39.69,39.7,39.68,39.68,861
"19273",2020-09-21 21:12:00,39.67,39.68,39.66,39.67,982
"19274",2020-09-21 21:13:00,39.67,39.67,39.64,39.64,2346
"19275",2020-09-21 21:14:00,39.63,39.66,39.61,39.66,6916
"19276",2020-09-21 21:15:00,39.66,39.7,39.65,39.7,2356
"19277",2020-09-21 21:16:00,39.7,39.74,39.7,39.74,4727
"19278",2020-09-21 21:17:00,39.74,39.78,39.74,39.75,3255
"19279",2020-09-21 21:18:00,39.76,39.76,39.68,39.68,3736
"19280",2020-09-21 21:19:00,39.66,39.69,39.64,39.67,3853
"19281",2020-09-21 21:20:00,39.69,39.73,39.69,39.72,2201
"19282",2020-09-21 21:21:00,39.72,39.74,39.72,39.74,2689
"19283",2020-09-21 21:22:00,39.72,39.75,39.71,39.75,1241
"19284",2020-09-21 21:23:00,39.73,39.75,39.72,39.74,5396
"19285",2020-09-21 21:24:00,39.75,39.76,39.75,39.76,3336
"19286",2020-09-21 21:25:00,39.75,39.76,39.75,39.76,3221
"19287",2020-09-21 21:26:00,39.75,39.79,39.75,39.76,2516
"19288",2020-09-21 21:27:00,39.76,39.78,39.76,39.76,1296
"19289",2020-09-21 21:28:00,39.78,39.79,39.78,39.78,1697
"19290",2020-09-21 21:29:00,39.78,39.78,39.75,39.75,4786
"19291",2020-09-21 21:30:00,39.75,39.77,39.75,39.75,1510
"19292",2020-09-21 21:31:00,39.75,39.75,39.68,39.71,3790
"19293",2020-09-21 21:32:00,39.73,39.74,39.71,39.71,3902
"19294",2020-09-21 21:33:00,39.71,39.71,39.69,39.7,1779
"19295",2020-09-21 21:34:00,39.7,39.7,39.64,39.64,3931
"19296",2020-09-21 21:35:00,39.62,39.68,39.62,39.68,4620
"19297",2020-09-21 21:36:00,39.67,39.68,39.66,39.67,3991
"19298",2020-09-21 21:37:00,39.67,39.68,39.64,39.65,4473
"19299",2020-09-21 21:38:00,39.65,39.66,39.64,39.66,3638
"19300",2020-09-21 21:39:00,39.67,39.67,39.65,39.67,1820
"19301",2020-09-21 21:40:00,39.68,39.69,39.67,39.68,1700
"19302",2020-09-21 21:41:00,39.67,39.67,39.64,39.65,423
"19303",2020-09-21 21:42:00,39.65,39.65,39.59,39.59,5110
"19304",2020-09-21 21:43:00,39.59,39.63,39.57,39.6,4947
"19305",2020-09-21 21:44:00,39.6,39.6,39.56,39.57,1771
"19306",2020-09-21 21:45:00,39.57,39.59,39.56,39.57,2476
"19307",2020-09-21 21:46:00,39.59,39.59,39.58,39.58,900
"19308",2020-09-21 21:47:00,39.58,39.6,39.58,39.59,815
"19309",2020-09-21 21:48:00,39.58,39.58,39.56,39.57,4046
"19310",2020-09-21 21:49:00,39.56,39.57,39.52,39.56,4384
"19311",2020-09-21 21:50:00,39.57,39.59,39.57,39.59,1872
"19312",2020-09-21 21:51:00,39.59,39.66,39.59,39.65,4945
"19313",2020-09-21 21:52:00,39.65,39.68,39.65,39.68,2432
"19314",2020-09-21 21:53:00,39.68,39.71,39.67,39.7,3057
"19315",2020-09-21 21:54:00,39.71,39.71,39.7,39.71,808
"19316",2020-09-21 21:55:00,39.72,39.72,39.71,39.72,2683
"19317",2020-09-21 21:56:00,39.72,39.76,39.72,39.76,2406
"19318",2020-09-21 21:57:00,39.75,39.75,39.73,39.75,2121
"19319",2020-09-21 21:58:00,39.75,39.75,39.73,39.73,4290
"19320",2020-09-21 21:59:00,39.72,39.76,39.72,39.75,3430
"19321",2020-09-21 22:00:00,39.74,39.75,39.74,39.74,3193
"19322",2020-09-21 22:01:00,39.73,39.75,39.72,39.75,2387
"19323",2020-09-21 22:02:00,39.76,39.82,39.76,39.79,5193
"19324",2020-09-21 22:03:00,39.79,39.79,39.76,39.76,2788
"19325",2020-09-21 22:04:00,39.74,39.74,39.73,39.73,2346
"19326",2020-09-21 22:05:00,39.73,39.78,39.73,39.76,2989
"19327",2020-09-21 22:06:00,39.77,39.77,39.74,39.74,1640
"19328",2020-09-21 22:07:00,39.74,39.76,39.74,39.74,1391
"19329",2020-09-21 22:08:00,39.74,39.74,39.71,39.71,1467
"19330",2020-09-21 22:09:00,39.72,39.74,39.72,39.73,1950
"19331",2020-09-21 22:10:00,39.73,39.74,39.73,39.74,704
"19332",2020-09-21 22:11:00,39.74,39.75,39.71,39.71,2023
"19333",2020-09-21 22:12:00,39.72,39.73,39.71,39.72,2221
"19334",2020-09-21 22:13:00,39.73,39.75,39.72,39.74,5960
"19335",2020-09-21 22:14:00,39.74,39.74,39.73,39.73,2136
"19336",2020-09-21 22:15:00,39.73,39.73,39.71,39.71,3066
"19337",2020-09-21 22:16:00,39.71,39.79,39.71,39.78,5466
"19338",2020-09-21 22:17:00,39.78,39.78,39.73,39.74,9322
"19339",2020-09-21 22:18:00,39.75,39.81,39.75,39.8,3584
"19340",2020-09-21 22:19:00,39.8,39.82,39.77,39.8,7192
"19341",2020-09-21 22:20:00,39.8,39.82,39.77,39.79,2327
"19342",2020-09-21 22:21:00,39.79,39.8,39.77,39.77,2584
"19343",2020-09-21 22:22:00,39.78,39.79,39.76,39.77,2034
"19344",2020-09-21 22:23:00,39.78,39.85,39.78,39.84,5820
"19345",2020-09-21 22:24:00,39.84,39.84,39.84,39.84,2770
"19346",2020-09-21 22:25:00,39.84,39.88,39.84,39.85,5759
"19347",2020-09-21 22:26:00,39.84,39.84,39.79,39.8,3886
"19348",2020-09-21 22:27:00,39.8,39.82,39.8,39.82,4166
"19349",2020-09-21 22:28:00,39.81,39.81,39.75,39.77,6665
"19350",2020-09-21 22:29:00,39.78,39.79,39.78,39.78,7932
"19351",2020-09-21 22:30:00,39.78,39.78,39.74,39.75,6730
"19352",2020-09-21 22:31:00,39.75,39.77,39.74,39.77,5603
"19353",2020-09-21 22:32:00,39.77,39.8,39.76,39.77,7266
"19354",2020-09-21 22:33:00,39.76,39.76,39.71,39.71,4246
"19355",2020-09-21 22:34:00,39.72,39.72,39.64,39.64,4635
"19356",2020-09-21 22:35:00,39.64,39.66,39.64,39.66,8331
"19357",2020-09-21 22:36:00,39.66,39.7,39.66,39.69,6224
"19358",2020-09-21 22:37:00,39.7,39.7,39.69,39.69,4716
"19359",2020-09-21 22:38:00,39.69,39.69,39.66,39.67,2985
"19360",2020-09-21 22:39:00,39.68,39.72,39.68,39.72,2899
"19361",2020-09-21 22:40:00,39.72,39.72,39.66,39.67,3051
"19362",2020-09-21 22:41:00,39.67,39.67,39.6,39.62,5899
"19363",2020-09-21 22:42:00,39.62,39.64,39.59,39.6,5569
"19364",2020-09-21 22:43:00,39.6,39.67,39.6,39.64,7615
"19365",2020-09-21 22:44:00,39.64,39.66,39.62,39.66,2441
"19366",2020-09-21 22:45:00,39.66,39.71,39.66,39.69,3807
"19367",2020-09-21 22:46:00,39.7,39.76,39.7,39.74,5950
"19368",2020-09-21 22:47:00,39.74,39.76,39.73,39.76,4670
"19369",2020-09-21 22:48:00,39.76,39.76,39.74,39.74,8901
"19370",2020-09-21 22:49:00,39.74,39.78,39.74,39.76,4750
"19371",2020-09-21 22:50:00,39.75,39.76,39.73,39.74,11245
"19372",2020-09-21 22:51:00,39.74,39.85,39.74,39.84,9736
"19373",2020-09-21 22:52:00,39.84,39.84,39.77,39.78,17209
"19374",2020-09-21 22:53:00,39.79,39.8,39.78,39.78,8981
"19375",2020-09-21 22:54:00,39.78,39.8,39.77,39.77,12786
"19376",2020-09-21 22:55:00,39.77,39.85,39.77,39.82,18233
"19377",2020-09-21 22:56:00,39.83,39.9,39.83,39.9,23047
"19378",2020-09-21 22:57:00,39.9,39.9,39.86,39.87,12029
"19379",2020-09-21 22:58:00,39.86,39.91,39.86,39.88,18108
"19380",2020-09-21 22:59:00,39.88,39.93,39.88,39.93,12984
"19381",2020-09-21 23:00:00,39.93,39.94,39.87,39.89,28135
"19382",2020-09-21 23:01:00,39.68,39.68,39.68,39.68,100
"19383",2020-09-21 23:03:00,39.98,39.98,39.98,39.98,1
"19384",2020-09-21 23:05:00,39.9,39.9,39.9,39.9,2489
"19385",2020-09-21 23:06:00,39.91,39.91,39.91,39.91,4
"19386",2020-09-21 23:08:00,39.91,39.91,39.91,39.91,2
"19387",2020-09-21 23:11:00,39.94,39.94,39.94,39.94,30
"19388",2020-09-21 23:12:00,39.94,39.94,39.94,39.94,70
"19389",2020-09-21 23:16:00,39.95,39.95,39.95,39.95,400
"19390",2020-09-21 23:21:00,39.98,39.98,39.98,39.98,1
"19391",2020-09-21 23:32:00,39.99,39.99,39.99,39.99,3
"19392",2020-09-21 23:36:00,40,40,40,40,35
"19393",2020-09-21 23:38:00,40,40,40,40,1
"19394",2020-09-21 23:52:00,39.97,39.97,39.97,39.97,6
"19395",2020-09-21 23:53:00,39.97,39.97,39.97,39.97,1
"19396",2020-09-21 23:54:00,39.97,39.97,39.97,39.97,3
"19397",2020-09-21 23:55:00,39.97,39.97,39.97,39.97,1
"19398",2020-09-21 23:56:00,39.97,39.97,39.5,39.5,192
"19399",2020-09-22 00:12:00,40,40.02,39.96,40.02,427
"19400",2020-09-22 00:15:00,40.02,40.02,40.02,40.02,2
"19401",2020-09-22 00:20:00,40.02,40.02,40.02,40.02,1
"19402",2020-09-22 00:22:00,40.02,40.02,40.02,40.02,2
"19403",2020-09-22 01:17:00,39.99,39.99,39.99,39.99,3
"19404",2020-09-22 01:22:00,40,40,40,40,2
"19405",2020-09-22 01:28:00,40.02,40.02,40.02,40.02,3
"19406",2020-09-22 01:33:00,39.99,39.99,39.99,39.99,1
"19407",2020-09-22 10:03:00,40,40,39.82,39.82,36
"19408",2020-09-22 10:05:00,39.83,39.83,39.83,39.83,1
"19409",2020-09-22 10:08:00,39.98,39.98,39.83,39.83,2
"19410",2020-09-22 10:10:00,39.84,40,39.84,40,684
"19411",2020-09-22 10:11:00,39.98,39.98,39.98,39.98,1
"19412",2020-09-22 10:12:00,39.91,39.91,39.91,39.91,3
"19413",2020-09-22 10:13:00,39.91,39.91,39.91,39.91,200
"19414",2020-09-22 10:15:00,40,40.01,40,40.01,20
"19415",2020-09-22 10:21:00,39.97,39.97,39.97,39.97,1
"19416",2020-09-22 10:32:00,39.97,39.97,39.97,39.97,19
"19417",2020-09-22 10:37:00,39.97,39.97,39.97,39.97,2
"19418",2020-09-22 10:43:00,39.97,39.97,39.97,39.97,3
"19419",2020-09-22 10:45:00,40,40.06,40,40.06,2
"19420",2020-09-22 10:53:00,40,40,40,40,1
"19421",2020-09-22 10:54:00,40.02,40.02,40.02,40.02,1
"19422",2020-09-22 11:14:00,40.01,40.01,40,40,21
"19423",2020-09-22 11:16:00,40,40,40,40,1
"19424",2020-09-22 11:19:00,40,40,40,40,17
"19425",2020-09-22 11:29:00,39.98,39.98,39.98,39.98,2
"19426",2020-09-22 11:45:00,39.98,39.99,39.98,39.99,49
"19427",2020-09-22 11:57:00,39.92,39.92,39.92,39.92,1
"19428",2020-09-22 12:12:00,39.92,39.92,39.92,39.92,1
"19429",2020-09-22 12:18:00,40,40.14,40,40.14,326
"19430",2020-09-22 12:27:00,40.09,40.09,40.09,40.09,1
"19431",2020-09-22 12:29:00,40.11,40.11,40.11,40.11,5
"19432",2020-09-22 12:31:00,40.09,40.09,40.09,40.09,2
"19433",2020-09-22 12:35:00,39.94,39.94,39.94,39.94,2
"19434",2020-09-22 12:39:00,40.1,40.1,39.95,39.95,3
"19435",2020-09-22 12:40:00,40.06,40.06,40.06,40.06,1
"19436",2020-09-22 12:43:00,40.04,40.06,40.04,40.06,60
"19437",2020-09-22 12:53:00,40.04,40.09,40.04,40.09,21
"19438",2020-09-22 13:00:00,40,40,40,40,4
"19439",2020-09-22 13:01:00,39.92,40.09,39.92,40.09,13
"19440",2020-09-22 13:03:00,39.93,39.93,39.93,39.93,2
"19441",2020-09-22 13:05:00,39.93,39.93,39.93,39.93,1
"19442",2020-09-22 13:10:00,40.08,40.08,40.08,40.08,4
"19443",2020-09-22 13:17:00,40.08,40.08,40.08,40.08,4
"19444",2020-09-22 13:20:00,39.94,39.94,39.94,39.94,2
"19445",2020-09-22 13:24:00,40.1,40.1,40.1,40.1,1
"19446",2020-09-22 13:29:00,40.04,40.04,40.04,40.04,11
"19447",2020-09-22 13:30:00,40.05,40.05,40.05,40.05,1
"19448",2020-09-22 13:31:00,40.04,40.04,40.04,40.04,236
"19449",2020-09-22 13:33:00,40.11,40.11,40.11,40.11,1
"19450",2020-09-22 13:36:00,40.11,40.11,40.11,40.11,299
"19451",2020-09-22 13:38:00,40.19,40.19,40.19,40.19,2
"19452",2020-09-22 13:39:00,40.03,40.03,40.03,40.03,1
"19453",2020-09-22 13:48:00,40.19,40.19,40.19,40.19,1
"19454",2020-09-22 13:51:00,40.2,40.2,40.2,40.2,4
"19455",2020-09-22 14:01:00,40.19,40.19,40.01,40.01,13
"19456",2020-09-22 14:07:00,40.14,40.14,40.14,40.14,2
"19457",2020-09-22 14:09:00,40.01,40.01,40.01,40.01,1
"19458",2020-09-22 14:12:00,39.98,39.98,39.97,39.97,10
"19459",2020-09-22 14:34:00,40.18,40.18,40.18,40.18,1
"19460",2020-09-22 14:43:00,40.24,40.24,40.24,40.24,3
"19461",2020-09-22 14:54:00,40.18,40.18,40.18,40.18,1
"19462",2020-09-22 14:56:00,40.19,40.19,40.19,40.19,1
"19463",2020-09-22 14:58:00,40.19,40.19,40.12,40.12,506
"19464",2020-09-22 14:59:00,40.1,40.1,40.07,40.07,36900
"19465",2020-09-22 15:01:00,40.01,40.04,40,40.04,856
"19466",2020-09-22 15:03:00,40,40,40,40,314
"19467",2020-09-22 15:04:00,40,40,40,40,1
"19468",2020-09-22 15:05:00,40,40,40,40,1
"19469",2020-09-22 15:06:00,40.01,40.01,40.01,40.01,1
"19470",2020-09-22 15:08:00,40,40,40,40,3
"19471",2020-09-22 15:09:00,40,40.08,40,40.08,101
"19472",2020-09-22 15:10:00,40.03,40.09,40.03,40.09,3004
"19473",2020-09-22 15:13:00,40.09,40.09,40.09,40.09,1
"19474",2020-09-22 15:14:00,40.03,40.03,40.03,40.03,8
"19475",2020-09-22 15:19:00,40.06,40.1,40.06,40.1,3
"19476",2020-09-22 15:20:00,40.1,40.1,40.1,40.1,8
"19477",2020-09-22 15:21:00,40.1,40.1,40.08,40.08,15
"19478",2020-09-22 15:24:00,40.03,40.03,40.03,40.03,2
"19479",2020-09-22 15:25:00,40.12,40.12,40.12,40.12,86
"19480",2020-09-22 15:26:00,40.12,40.16,40.12,40.16,172
"19481",2020-09-22 15:28:00,40.04,40.04,40.04,40.04,1
"19482",2020-09-22 15:30:00,40.06,40.06,40.06,40.06,19
"19483",2020-09-22 15:34:00,40.11,40.11,40.11,40.11,2
"19484",2020-09-22 15:39:00,40.12,40.12,40.12,40.12,100
"19485",2020-09-22 15:40:00,40.12,40.12,40.11,40.11,173
"19486",2020-09-22 15:41:00,40.11,40.11,40.1,40.1,88
"19487",2020-09-22 15:45:00,40.18,40.18,40.18,40.18,1
"19488",2020-09-22 15:48:00,40.11,40.11,40.11,40.11,2
"19489",2020-09-22 15:53:00,40.15,40.15,40.15,40.15,1
"19490",2020-09-22 15:55:00,40.19,40.21,40.19,40.21,13
"19491",2020-09-22 16:02:00,40.18,40.18,40.18,40.18,1
"19492",2020-09-22 16:03:00,40.15,40.15,40.15,40.15,2
"19493",2020-09-22 16:04:00,40.17,40.17,40.15,40.15,102
"19494",2020-09-22 16:05:00,40.22,40.23,40.2,40.23,7
"19495",2020-09-22 16:06:00,40.23,40.23,40.23,40.23,2
"19496",2020-09-22 16:07:00,40.15,40.15,40.15,40.15,6
"19497",2020-09-22 16:11:00,40.15,40.22,40.15,40.22,3
"19498",2020-09-22 16:12:00,40.21,40.22,40.21,40.22,51
"19499",2020-09-22 16:13:00,40.15,40.18,40.12,40.18,32
"19500",2020-09-22 16:14:00,40.21,40.22,40.2,40.22,340
"19501",2020-09-22 16:15:00,40.23,40.28,40.21,40.22,117
"19502",2020-09-22 16:17:00,40.25,40.25,40.22,40.22,31
"19503",2020-09-22 16:18:00,40.25,40.25,40.25,40.25,1
"19504",2020-09-22 16:21:00,40.25,40.25,40.24,40.25,51
"19505",2020-09-22 16:22:00,40.22,40.26,40.22,40.26,61
"19506",2020-09-22 16:23:00,40.22,40.26,40.21,40.21,40
"19507",2020-09-22 16:24:00,40.25,40.25,40.18,40.18,40
"19508",2020-09-22 16:26:00,40.25,40.28,40.19,40.19,336
"19509",2020-09-22 16:29:00,40.28,40.35,40.28,40.31,62
"19510",2020-09-22 16:30:00,40.31,40.31,40.31,40.31,239
"19511",2020-09-22 16:31:00,40.32,40.44,40.28,40.42,10066
"19512",2020-09-22 16:32:00,40.42,40.44,40.34,40.36,18005
"19513",2020-09-22 16:33:00,40.35,40.86,40.35,40.85,51153
"19514",2020-09-22 16:34:00,40.83,41.38,40.82,41.23,47386
"19515",2020-09-22 16:35:00,41.25,41.25,40.96,40.96,33734
"19516",2020-09-22 16:36:00,40.96,41.09,40.88,41.02,20698
"19517",2020-09-22 16:37:00,40.99,41.27,40.97,41.26,25595
"19518",2020-09-22 16:38:00,41.25,41.26,41.09,41.09,21280
"19519",2020-09-22 16:39:00,41.07,41.17,41.05,41.1,13382
"19520",2020-09-22 16:40:00,41.09,41.09,40.95,41.03,8981
"19521",2020-09-22 16:41:00,41,41.21,41,41.14,11956
"19522",2020-09-22 16:42:00,41.14,41.39,41.12,41.22,28134
"19523",2020-09-22 16:43:00,41.22,41.51,41.22,41.49,28376
"19524",2020-09-22 16:44:00,41.49,41.62,41.45,41.62,23704
"19525",2020-09-22 16:45:00,41.63,41.64,41.34,41.37,24741
"19526",2020-09-22 16:46:00,41.39,41.45,41.15,41.18,32883
"19527",2020-09-22 16:47:00,41.2,41.28,41.07,41.09,106151
"19528",2020-09-22 16:48:00,41.08,41.12,41.02,41.03,28093
"19529",2020-09-22 16:49:00,41.04,41.08,40.97,41.07,24698
"19530",2020-09-22 16:50:00,41.07,41.14,40.98,40.99,24365
"19531",2020-09-22 16:51:00,41,41.11,40.99,41.07,18057
"19532",2020-09-22 16:52:00,41.08,41.18,41.05,41.17,17632
"19533",2020-09-22 16:53:00,41.18,41.31,41.18,41.26,18416
"19534",2020-09-22 16:54:00,41.26,41.36,41.26,41.31,14274
"19535",2020-09-22 16:55:00,41.3,41.31,41.23,41.3,11434
"19536",2020-09-22 16:56:00,41.3,41.33,41.27,41.28,10814
"19537",2020-09-22 16:57:00,41.29,41.33,41.24,41.26,4731
"19538",2020-09-22 16:58:00,41.25,41.28,41.14,41.14,6402
"19539",2020-09-22 16:59:00,41.16,41.33,41.15,41.33,13528
"19540",2020-09-22 17:00:00,41.33,41.4,41.22,41.4,13678
"19541",2020-09-22 17:01:00,41.39,41.42,41.28,41.29,10662
"19542",2020-09-22 17:02:00,41.29,41.29,41.18,41.23,14424
"19543",2020-09-22 17:03:00,41.24,41.31,41.13,41.14,16642
"19544",2020-09-22 17:04:00,41.16,41.2,41.13,41.18,8234
"19545",2020-09-22 17:05:00,41.17,41.28,41.13,41.28,10358
"19546",2020-09-22 17:06:00,41.28,41.31,41.2,41.21,3077
"19547",2020-09-22 17:07:00,41.22,41.26,41.11,41.13,4436
"19548",2020-09-22 17:08:00,41.14,41.2,41.08,41.2,16521
"19549",2020-09-22 17:09:00,41.21,41.31,41.2,41.3,4907
"19550",2020-09-22 17:10:00,41.3,41.34,41.28,41.33,3964
"19551",2020-09-22 17:11:00,41.32,41.34,41.31,41.33,7743
"19552",2020-09-22 17:12:00,41.34,41.4,41.34,41.38,6751
"19553",2020-09-22 17:13:00,41.39,41.41,41.34,41.34,11238
"19554",2020-09-22 17:14:00,41.35,41.35,41.21,41.24,5965
"19555",2020-09-22 17:15:00,41.23,41.32,41.23,41.31,2727
"19556",2020-09-22 17:16:00,41.33,41.37,41.32,41.32,2799
"19557",2020-09-22 17:17:00,41.31,41.31,41.2,41.2,4856
"19558",2020-09-22 17:18:00,41.19,41.19,41.13,41.15,7858
"19559",2020-09-22 17:19:00,41.16,41.24,41.16,41.2,6463
"19560",2020-09-22 17:20:00,41.21,41.21,41.15,41.16,2391
"19561",2020-09-22 17:21:00,41.16,41.19,41.06,41.07,12497
"19562",2020-09-22 17:22:00,41.07,41.11,41.06,41.1,7398
"19563",2020-09-22 17:23:00,41.1,41.13,41.04,41.08,6807
"19564",2020-09-22 17:24:00,41.07,41.14,41.04,41.14,5705
"19565",2020-09-22 17:25:00,41.14,41.19,41.14,41.15,5107
"19566",2020-09-22 17:26:00,41.15,41.21,41.15,41.18,2355
"19567",2020-09-22 17:27:00,41.2,41.21,41.2,41.2,4274
"19568",2020-09-22 17:28:00,41.21,41.28,41.21,41.26,3691
"19569",2020-09-22 17:29:00,41.26,41.31,41.26,41.29,3090
"19570",2020-09-22 17:30:00,41.31,41.39,41.25,41.39,11463
"19571",2020-09-22 17:31:00,41.39,41.4,41.37,41.37,16131
"19572",2020-09-22 17:32:00,41.36,41.36,41.26,41.26,9924
"19573",2020-09-22 17:33:00,41.27,41.32,41.25,41.32,4515
"19574",2020-09-22 17:34:00,41.32,41.34,41.32,41.34,2563
"19575",2020-09-22 17:35:00,41.33,41.33,41.25,41.3,3928
"19576",2020-09-22 17:36:00,41.31,41.36,41.29,41.35,6437
"19577",2020-09-22 17:37:00,41.35,41.39,41.35,41.35,11679
"19578",2020-09-22 17:38:00,41.36,41.38,41.34,41.38,4002
"19579",2020-09-22 17:39:00,41.38,41.49,41.37,41.41,17992
"19580",2020-09-22 17:40:00,41.4,41.46,41.38,41.38,5572
"19581",2020-09-22 17:41:00,41.4,41.41,41.33,41.34,11576
"19582",2020-09-22 17:42:00,41.33,41.38,41.32,41.33,5379
"19583",2020-09-22 17:43:00,41.34,41.38,41.32,41.36,8994
"19584",2020-09-22 17:44:00,41.36,41.36,41.27,41.29,9108
"19585",2020-09-22 17:45:00,41.28,41.28,41.22,41.23,4971
"19586",2020-09-22 17:46:00,41.23,41.26,41.21,41.25,4125
"19587",2020-09-22 17:47:00,41.24,41.24,41.2,41.21,8239
"19588",2020-09-22 17:48:00,41.21,41.25,41.21,41.23,2970
"19589",2020-09-22 17:49:00,41.22,41.22,41.2,41.22,6380
"19590",2020-09-22 17:50:00,41.21,41.21,41.15,41.15,3069
"19591",2020-09-22 17:51:00,41.14,41.17,41.1,41.17,7484
"19592",2020-09-22 17:52:00,41.17,41.19,41.15,41.18,1897
"19593",2020-09-22 17:53:00,41.18,41.25,41.18,41.25,3720
"19594",2020-09-22 17:54:00,41.26,41.28,41.24,41.28,3046
"19595",2020-09-22 17:55:00,41.3,41.31,41.24,41.25,2091
"19596",2020-09-22 17:56:00,41.26,41.26,41.21,41.21,3027
"19597",2020-09-22 17:57:00,41.21,41.22,41.19,41.19,1831
"19598",2020-09-22 17:58:00,41.19,41.2,41.11,41.13,6811
"19599",2020-09-22 17:59:00,41.13,41.2,41.13,41.19,4329
"19600",2020-09-22 18:00:00,41.18,41.18,41.1,41.11,5686
"19601",2020-09-22 18:01:00,41.11,41.15,41.08,41.15,6649
"19602",2020-09-22 18:02:00,41.15,41.15,41.12,41.14,2746
"19603",2020-09-22 18:03:00,41.14,41.14,40.94,40.95,16718
"19604",2020-09-22 18:04:00,40.95,40.97,40.86,40.94,9681
"19605",2020-09-22 18:05:00,40.96,40.97,40.91,40.91,5765
"19606",2020-09-22 18:06:00,40.92,40.98,40.88,40.98,8880
"19607",2020-09-22 18:07:00,40.97,40.97,40.95,40.95,1713
"19608",2020-09-22 18:08:00,40.94,40.94,40.86,40.86,5137
"19609",2020-09-22 18:09:00,40.87,40.95,40.87,40.95,5952
"19610",2020-09-22 18:10:00,40.95,40.96,40.89,40.92,3837
"19611",2020-09-22 18:11:00,40.93,40.99,40.93,40.96,2873
"19612",2020-09-22 18:12:00,40.95,40.97,40.92,40.95,2523
"19613",2020-09-22 18:13:00,40.93,40.99,40.93,40.99,4653
"19614",2020-09-22 18:14:00,40.98,41.01,40.98,41.01,1074
"19615",2020-09-22 18:15:00,41.01,41.08,41.01,41.03,5188
"19616",2020-09-22 18:16:00,41.02,41.1,41.02,41.08,7364
"19617",2020-09-22 18:17:00,41.08,41.13,41.08,41.13,4937
"19618",2020-09-22 18:18:00,41.13,41.18,41.13,41.18,1448
"19619",2020-09-22 18:19:00,41.17,41.2,41.16,41.2,3643
"19620",2020-09-22 18:20:00,41.2,41.24,41.2,41.24,2227
"19621",2020-09-22 18:21:00,41.24,41.25,41.21,41.22,4869
"19622",2020-09-22 18:22:00,41.23,41.25,41.22,41.24,2928
"19623",2020-09-22 18:23:00,41.24,41.27,41.23,41.25,6916
"19624",2020-09-22 18:24:00,41.25,41.25,41.19,41.19,1982
"19625",2020-09-22 18:25:00,41.19,41.28,41.19,41.28,3838
"19626",2020-09-22 18:26:00,41.28,41.3,41.24,41.26,3126
"19627",2020-09-22 18:27:00,41.24,41.3,41.23,41.29,5477
"19628",2020-09-22 18:28:00,41.3,41.32,41.29,41.31,4831
"19629",2020-09-22 18:29:00,41.3,41.32,41.26,41.32,3046
"19630",2020-09-22 18:30:00,41.33,41.34,41.31,41.32,5237
"19631",2020-09-22 18:31:00,41.34,41.38,41.34,41.34,8103
"19632",2020-09-22 18:32:00,41.35,41.39,41.35,41.38,7956
"19633",2020-09-22 18:33:00,41.38,41.39,41.35,41.37,6682
"19634",2020-09-22 18:34:00,41.36,41.38,41.34,41.37,5308
"19635",2020-09-22 18:35:00,41.38,41.38,41.3,41.31,8237
"19636",2020-09-22 18:36:00,41.32,41.39,41.31,41.37,7917
"19637",2020-09-22 18:37:00,41.36,41.44,41.36,41.44,6992
"19638",2020-09-22 18:38:00,41.44,41.45,41.43,41.44,6541
"19639",2020-09-22 18:39:00,41.42,41.5,41.41,41.42,19593
"19640",2020-09-22 18:40:00,41.42,41.46,41.41,41.46,6833
"19641",2020-09-22 18:41:00,41.47,41.54,41.47,41.5,12967
"19642",2020-09-22 18:42:00,41.51,41.58,41.5,41.57,10211
"19643",2020-09-22 18:43:00,41.57,41.61,41.56,41.6,8012
"19644",2020-09-22 18:44:00,41.6,41.6,41.55,41.56,3925
"19645",2020-09-22 18:45:00,41.56,41.57,41.55,41.56,5176
"19646",2020-09-22 18:46:00,41.56,41.59,41.56,41.57,2865
"19647",2020-09-22 18:47:00,41.58,41.63,41.58,41.62,6291
"19648",2020-09-22 18:48:00,41.62,41.66,41.62,41.66,4298
"19649",2020-09-22 18:49:00,41.67,41.71,41.66,41.7,7451
"19650",2020-09-22 18:50:00,41.7,41.74,41.7,41.74,6186
"19651",2020-09-22 18:51:00,41.74,41.79,41.72,41.75,24412
"19652",2020-09-22 18:52:00,41.76,41.78,41.72,41.76,6172
"19653",2020-09-22 18:53:00,41.77,41.81,41.77,41.8,8435
"19654",2020-09-22 18:54:00,41.81,41.86,41.81,41.84,13084
"19655",2020-09-22 18:55:00,41.83,41.84,41.75,41.75,11739
"19656",2020-09-22 18:56:00,41.76,41.76,41.7,41.7,9429
"19657",2020-09-22 18:57:00,41.71,41.72,41.68,41.72,11938
"19658",2020-09-22 18:58:00,41.72,41.72,41.66,41.67,5563
"19659",2020-09-22 18:59:00,41.67,41.68,41.63,41.64,5616
"19660",2020-09-22 19:00:00,41.65,41.68,41.64,41.65,4324
"19661",2020-09-22 19:01:00,41.66,41.73,41.66,41.72,3829
"19662",2020-09-22 19:02:00,41.73,41.77,41.7,41.75,4629
"19663",2020-09-22 19:03:00,41.75,41.78,41.73,41.77,6645
"19664",2020-09-22 19:04:00,41.78,41.78,41.76,41.76,2651
"19665",2020-09-22 19:05:00,41.77,41.78,41.73,41.77,3402
"19666",2020-09-22 19:06:00,41.76,41.76,41.73,41.74,2283
"19667",2020-09-22 19:07:00,41.74,41.75,41.73,41.73,2998
"19668",2020-09-22 19:08:00,41.72,41.73,41.71,41.72,1789
"19669",2020-09-22 19:09:00,41.72,41.72,41.67,41.67,2960
"19670",2020-09-22 19:10:00,41.67,41.68,41.66,41.66,5188
"19671",2020-09-22 19:11:00,41.66,41.66,41.62,41.62,4604
"19672",2020-09-22 19:12:00,41.62,41.64,41.62,41.64,8708
"19673",2020-09-22 19:13:00,41.64,41.64,41.61,41.64,3010
"19674",2020-09-22 19:14:00,41.64,41.65,41.62,41.62,3479
"19675",2020-09-22 19:15:00,41.62,41.62,41.6,41.62,3418
"19676",2020-09-22 19:16:00,41.62,41.63,41.59,41.59,3271
"19677",2020-09-22 19:17:00,41.58,41.6,41.58,41.6,591
"19678",2020-09-22 19:18:00,41.6,41.61,41.56,41.56,3251
"19679",2020-09-22 19:19:00,41.56,41.59,41.56,41.59,3227
"19680",2020-09-22 19:20:00,41.59,41.6,41.58,41.58,1043
"19681",2020-09-22 19:21:00,41.58,41.59,41.56,41.56,1958
"19682",2020-09-22 19:22:00,41.56,41.58,41.56,41.58,1818
"19683",2020-09-22 19:23:00,41.59,41.6,41.57,41.58,8550
"19684",2020-09-22 19:24:00,41.57,41.57,41.57,41.57,970
"19685",2020-09-22 19:25:00,41.57,41.58,41.56,41.57,1228
"19686",2020-09-22 19:26:00,41.57,41.58,41.52,41.52,5237
"19687",2020-09-22 19:27:00,41.53,41.57,41.53,41.56,4832
"19688",2020-09-22 19:28:00,41.55,41.58,41.53,41.58,2421
"19689",2020-09-22 19:29:00,41.58,41.58,41.56,41.57,5004
"19690",2020-09-22 19:30:00,41.57,41.6,41.56,41.59,7278
"19691",2020-09-22 19:31:00,41.6,41.64,41.6,41.63,3351
"19692",2020-09-22 19:32:00,41.64,41.64,41.6,41.62,3643
"19693",2020-09-22 19:33:00,41.62,41.64,41.62,41.63,2118
"19694",2020-09-22 19:34:00,41.64,41.68,41.64,41.68,3765
"19695",2020-09-22 19:35:00,41.69,41.74,41.68,41.68,7931
"19696",2020-09-22 19:36:00,41.68,41.69,41.66,41.67,5344
"19697",2020-09-22 19:37:00,41.67,41.72,41.65,41.72,3381
"19698",2020-09-22 19:38:00,41.74,41.74,41.68,41.68,6807
"19699",2020-09-22 19:39:00,41.68,41.68,41.63,41.66,3157
"19700",2020-09-22 19:40:00,41.66,41.67,41.65,41.66,4406
"19701",2020-09-22 19:41:00,41.65,41.67,41.65,41.65,1384
"19702",2020-09-22 19:42:00,41.66,41.67,41.65,41.67,4692
"19703",2020-09-22 19:43:00,41.67,41.68,41.63,41.63,4631
"19704",2020-09-22 19:44:00,41.64,41.64,41.62,41.64,2872
"19705",2020-09-22 19:45:00,41.65,41.67,41.65,41.67,1449
"19706",2020-09-22 19:46:00,41.67,41.67,41.61,41.62,4302
"19707",2020-09-22 19:47:00,41.62,41.62,41.61,41.61,4851
"19708",2020-09-22 19:48:00,41.6,41.6,41.58,41.6,4767
"19709",2020-09-22 19:49:00,41.6,41.6,41.57,41.57,1975
"19710",2020-09-22 19:50:00,41.57,41.64,41.56,41.64,5317
"19711",2020-09-22 19:51:00,41.64,41.71,41.64,41.7,3660
"19712",2020-09-22 19:52:00,41.71,41.76,41.71,41.74,7573
"19713",2020-09-22 19:53:00,41.75,41.79,41.75,41.78,8756
"19714",2020-09-22 19:54:00,41.78,41.82,41.78,41.82,9217
"19715",2020-09-22 19:55:00,41.81,41.89,41.79,41.89,9859
"19716",2020-09-22 19:56:00,41.88,41.89,41.82,41.87,9539
"19717",2020-09-22 19:57:00,41.88,41.91,41.87,41.91,15433
"19718",2020-09-22 19:58:00,41.91,41.91,41.86,41.9,13289
"19719",2020-09-22 19:59:00,41.91,41.99,41.91,41.99,3630
"19720",2020-09-22 20:00:00,41.99,41.99,41.97,41.99,7144
"19721",2020-09-22 20:01:00,41.99,42,41.94,41.96,7620
"19722",2020-09-22 20:02:00,41.97,41.99,41.96,41.96,10864
"19723",2020-09-22 20:03:00,41.96,41.98,41.95,41.98,9637
"19724",2020-09-22 20:04:00,41.98,42.09,41.98,42.07,28387
"19725",2020-09-22 20:05:00,42.06,42.09,42.03,42.03,6973
"19726",2020-09-22 20:06:00,42.01,42.04,41.96,41.96,12550
"19727",2020-09-22 20:07:00,41.95,41.96,41.92,41.93,4346
"19728",2020-09-22 20:08:00,41.94,42.03,41.94,42.03,2569
"19729",2020-09-22 20:09:00,42.04,42.07,42.02,42.07,6052
"19730",2020-09-22 20:10:00,42.08,42.1,42.06,42.1,7061
"19731",2020-09-22 20:11:00,42.09,42.21,42.08,42.16,15315
"19732",2020-09-22 20:12:00,42.15,42.2,42.15,42.15,6216
"19733",2020-09-22 20:13:00,42.16,42.18,42.1,42.11,6247
"19734",2020-09-22 20:14:00,42.12,42.15,42.12,42.14,4281
"19735",2020-09-22 20:15:00,42.15,42.22,42.15,42.18,8509
"19736",2020-09-22 20:16:00,42.17,42.21,42.15,42.21,5036
"19737",2020-09-22 20:17:00,42.22,42.22,42.17,42.17,4761
"19738",2020-09-22 20:18:00,42.16,42.22,42.16,42.17,2846
"19739",2020-09-22 20:19:00,42.16,42.18,42.15,42.18,4417
"19740",2020-09-22 20:20:00,42.18,42.29,42.18,42.29,15933
"19741",2020-09-22 20:21:00,42.3,42.32,42.3,42.3,5338
"19742",2020-09-22 20:22:00,42.3,42.36,42.29,42.32,11993
"19743",2020-09-22 20:23:00,42.32,42.35,42.32,42.34,8558
"19744",2020-09-22 20:24:00,42.34,42.38,42.34,42.34,9882
"19745",2020-09-22 20:25:00,42.34,42.38,42.34,42.35,8862
"19746",2020-09-22 20:26:00,42.36,42.4,42.36,42.39,9359
"19747",2020-09-22 20:27:00,42.38,42.42,42.38,42.39,11269
"19748",2020-09-22 20:28:00,42.37,42.37,42.33,42.34,8787
"19749",2020-09-22 20:29:00,42.35,42.41,42.35,42.4,4016
"19750",2020-09-22 20:30:00,42.4,42.46,42.4,42.42,5379
"19751",2020-09-22 20:31:00,42.42,42.43,42.34,42.34,8477
"19752",2020-09-22 20:32:00,42.35,42.36,42.31,42.32,6689
"19753",2020-09-22 20:33:00,42.32,42.32,42.27,42.28,8174
"19754",2020-09-22 20:34:00,42.28,42.3,42.26,42.27,5473
"19755",2020-09-22 20:35:00,42.28,42.28,42.24,42.25,5030
"19756",2020-09-22 20:36:00,42.25,42.25,42.22,42.24,2857
"19757",2020-09-22 20:37:00,42.24,42.28,42.24,42.27,2841
"19758",2020-09-22 20:38:00,42.27,42.28,42.24,42.25,4207
"19759",2020-09-22 20:39:00,42.24,42.24,42.15,42.17,7778
"19760",2020-09-22 20:40:00,42.17,42.18,42.15,42.16,2004
"19761",2020-09-22 20:41:00,42.16,42.17,42.15,42.16,2527
"19762",2020-09-22 20:42:00,42.14,42.17,42.14,42.16,3234
"19763",2020-09-22 20:43:00,42.16,42.17,42.13,42.13,4297
"19764",2020-09-22 20:44:00,42.13,42.15,42.13,42.15,2445
"19765",2020-09-22 20:45:00,42.15,42.15,42.12,42.13,1843
"19766",2020-09-22 20:46:00,42.14,42.14,42.09,42.09,5920
"19767",2020-09-22 20:47:00,42.09,42.15,42.08,42.15,3789
"19768",2020-09-22 20:48:00,42.15,42.15,42.14,42.15,2103
"19769",2020-09-22 20:49:00,42.16,42.23,42.16,42.18,9957
"19770",2020-09-22 20:50:00,42.18,42.21,42.14,42.21,4936
"19771",2020-09-22 20:51:00,42.22,42.26,42.21,42.26,4981
"19772",2020-09-22 20:52:00,42.26,42.27,42.24,42.24,4214
"19773",2020-09-22 20:53:00,42.25,42.25,42.21,42.23,2628
"19774",2020-09-22 20:54:00,42.24,42.24,42.18,42.18,4153
"19775",2020-09-22 20:55:00,42.19,42.23,42.16,42.16,4775
"19776",2020-09-22 20:56:00,42.16,42.16,42.1,42.11,26801
"19777",2020-09-22 20:57:00,42.1,42.14,42.1,42.12,9331
"19778",2020-09-22 20:58:00,42.11,42.12,42.08,42.1,10630
"19779",2020-09-22 20:59:00,42.1,42.12,42.09,42.09,4447
"19780",2020-09-22 21:00:00,42.09,42.15,42.07,42.15,9839
"19781",2020-09-22 21:01:00,42.15,42.23,42.15,42.21,11966
"19782",2020-09-22 21:02:00,42.21,42.29,42.21,42.28,4562
"19783",2020-09-22 21:03:00,42.28,42.28,42.26,42.26,3436
"19784",2020-09-22 21:04:00,42.26,42.27,42.26,42.26,2198
"19785",2020-09-22 21:05:00,42.25,42.26,42.23,42.26,3636
"19786",2020-09-22 21:06:00,42.26,42.26,42.22,42.22,3168
"19787",2020-09-22 21:07:00,42.22,42.3,42.22,42.27,6542
"19788",2020-09-22 21:08:00,42.26,42.26,42.18,42.19,3902
"19789",2020-09-22 21:09:00,42.19,42.23,42.19,42.2,4232
"19790",2020-09-22 21:10:00,42.2,42.21,42.18,42.19,2666
"19791",2020-09-22 21:11:00,42.19,42.23,42.19,42.21,2702
"19792",2020-09-22 21:12:00,42.22,42.22,42.13,42.16,14572
"19793",2020-09-22 21:13:00,42.17,42.22,42.17,42.22,2097
"19794",2020-09-22 21:14:00,42.22,42.26,42.22,42.26,3688
"19795",2020-09-22 21:15:00,42.27,42.29,42.26,42.29,1814
"19796",2020-09-22 21:16:00,42.3,42.31,42.29,42.3,4135
"19797",2020-09-22 21:17:00,42.3,42.31,42.29,42.3,8491
"19798",2020-09-22 21:18:00,42.3,42.34,42.3,42.33,4389
"19799",2020-09-22 21:19:00,42.33,42.33,42.3,42.33,5499
"19800",2020-09-22 21:20:00,42.33,42.34,42.33,42.34,5259
"19801",2020-09-22 21:21:00,42.33,42.33,42.28,42.31,8749
"19802",2020-09-22 21:22:00,42.31,42.31,42.29,42.29,2424
"19803",2020-09-22 21:23:00,42.28,42.31,42.27,42.27,8203
"19804",2020-09-22 21:24:00,42.27,42.28,42.24,42.24,4700
"19805",2020-09-22 21:25:00,42.23,42.23,42.2,42.23,4438
"19806",2020-09-22 21:26:00,42.24,42.26,42.23,42.26,1918
"19807",2020-09-22 21:27:00,42.27,42.29,42.27,42.28,1605
"19808",2020-09-22 21:28:00,42.27,42.28,42.27,42.28,1865
"19809",2020-09-22 21:29:00,42.27,42.28,42.25,42.25,4863
"19810",2020-09-22 21:30:00,42.26,42.31,42.26,42.31,5220
"19811",2020-09-22 21:31:00,42.31,42.35,42.31,42.34,3076
"19812",2020-09-22 21:32:00,42.34,42.34,42.32,42.32,5424
"19813",2020-09-22 21:33:00,42.32,42.34,42.32,42.34,4798
"19814",2020-09-22 21:34:00,42.33,42.33,42.29,42.3,4591
"19815",2020-09-22 21:35:00,42.3,42.32,42.3,42.3,4158
"19816",2020-09-22 21:36:00,42.29,42.29,42.22,42.24,3314
"19817",2020-09-22 21:37:00,42.24,42.3,42.24,42.3,6075
"19818",2020-09-22 21:38:00,42.3,42.32,42.3,42.31,5739
"19819",2020-09-22 21:39:00,42.31,42.32,42.3,42.32,2281
"19820",2020-09-22 21:40:00,42.32,42.33,42.31,42.33,1768
"19821",2020-09-22 21:41:00,42.33,42.4,42.33,42.39,11667
"19822",2020-09-22 21:42:00,42.38,42.4,42.36,42.4,4248
"19823",2020-09-22 21:43:00,42.4,42.4,42.37,42.37,3788
"19824",2020-09-22 21:44:00,42.37,42.38,42.34,42.36,5071
"19825",2020-09-22 21:45:00,42.36,42.43,42.36,42.42,3461
"19826",2020-09-22 21:46:00,42.41,42.42,42.4,42.41,2647
"19827",2020-09-22 21:47:00,42.41,42.42,42.4,42.42,3863
"19828",2020-09-22 21:48:00,42.42,42.46,42.42,42.44,2587
"19829",2020-09-22 21:49:00,42.43,42.44,42.42,42.42,1368
"19830",2020-09-22 21:50:00,42.43,42.44,42.43,42.44,1509
"19831",2020-09-22 21:51:00,42.43,42.46,42.41,42.46,4225
"19832",2020-09-22 21:52:00,42.45,42.47,42.44,42.47,3005
"19833",2020-09-22 21:53:00,42.47,42.47,42.44,42.44,3683
"19834",2020-09-22 21:54:00,42.45,42.45,42.4,42.43,6537
"19835",2020-09-22 21:55:00,42.42,42.42,42.4,42.41,3290
"19836",2020-09-22 21:56:00,42.4,42.47,42.4,42.47,6202
"19837",2020-09-22 21:57:00,42.48,42.54,42.48,42.54,14399
"19838",2020-09-22 21:58:00,42.52,42.54,42.51,42.54,5861
"19839",2020-09-22 21:59:00,42.55,42.56,42.5,42.5,6084
"19840",2020-09-22 22:00:00,42.49,42.5,42.46,42.48,7195
"19841",2020-09-22 22:01:00,42.48,42.48,42.42,42.46,5355
"19842",2020-09-22 22:02:00,42.46,42.48,42.44,42.44,3401
"19843",2020-09-22 22:03:00,42.45,42.51,42.45,42.47,7549
"19844",2020-09-22 22:04:00,42.48,42.53,42.48,42.53,947
"19845",2020-09-22 22:05:00,42.52,42.54,42.51,42.51,3824
"19846",2020-09-22 22:06:00,42.53,42.55,42.51,42.55,3593
"19847",2020-09-22 22:07:00,42.56,42.56,42.53,42.55,2432
"19848",2020-09-22 22:08:00,42.56,42.57,42.55,42.56,6648
"19849",2020-09-22 22:09:00,42.56,42.56,42.53,42.54,6173
"19850",2020-09-22 22:10:00,42.54,42.54,42.54,42.54,390
"19851",2020-09-22 22:11:00,42.54,42.56,42.52,42.52,5614
"19852",2020-09-22 22:12:00,42.51,42.52,42.5,42.5,3766
"19853",2020-09-22 22:13:00,42.5,42.53,42.5,42.52,3325
"19854",2020-09-22 22:14:00,42.52,42.52,42.5,42.52,3761
"19855",2020-09-22 22:15:00,42.51,42.52,42.5,42.5,6910
"19856",2020-09-22 22:16:00,42.5,42.5,42.45,42.48,14586
"19857",2020-09-22 22:17:00,42.49,42.52,42.48,42.52,3023
"19858",2020-09-22 22:18:00,42.52,42.59,42.52,42.58,7169
"19859",2020-09-22 22:19:00,42.58,42.6,42.58,42.6,5763
"19860",2020-09-22 22:20:00,42.59,42.62,42.58,42.62,7584
"19861",2020-09-22 22:21:00,42.62,42.64,42.61,42.62,5111
"19862",2020-09-22 22:22:00,42.63,42.64,42.61,42.61,1874
"19863",2020-09-22 22:23:00,42.62,42.64,42.61,42.62,7180
"19864",2020-09-22 22:24:00,42.63,42.68,42.63,42.67,4130
"19865",2020-09-22 22:25:00,42.68,42.68,42.65,42.67,3338
"19866",2020-09-22 22:26:00,42.68,42.71,42.65,42.68,11783
"19867",2020-09-22 22:27:00,42.68,42.69,42.66,42.68,3855
"19868",2020-09-22 22:28:00,42.68,42.68,42.68,42.68,805
"19869",2020-09-22 22:29:00,42.68,42.69,42.65,42.66,3100
"19870",2020-09-22 22:30:00,42.66,42.68,42.66,42.68,6241
"19871",2020-09-22 22:31:00,42.68,42.68,42.65,42.65,6037
"19872",2020-09-22 22:32:00,42.66,42.66,42.54,42.55,14521
"19873",2020-09-22 22:33:00,42.55,42.56,42.51,42.51,11820
"19874",2020-09-22 22:34:00,42.52,42.54,42.47,42.49,16340
"19875",2020-09-22 22:35:00,42.49,42.5,42.47,42.48,7148
"19876",2020-09-22 22:36:00,42.47,42.52,42.47,42.5,13765
"19877",2020-09-22 22:37:00,42.5,42.52,42.5,42.5,6900
"19878",2020-09-22 22:38:00,42.51,42.56,42.51,42.55,14744
"19879",2020-09-22 22:39:00,42.55,42.55,42.52,42.54,4207
"19880",2020-09-22 22:40:00,42.55,42.56,42.52,42.52,5075
"19881",2020-09-22 22:41:00,42.53,42.61,42.53,42.61,8305
"19882",2020-09-22 22:42:00,42.61,42.63,42.6,42.6,3424
"19883",2020-09-22 22:43:00,42.6,42.64,42.6,42.6,3449
"19884",2020-09-22 22:44:00,42.6,42.6,42.54,42.55,3982
"19885",2020-09-22 22:45:00,42.56,42.57,42.53,42.53,14329
"19886",2020-09-22 22:46:00,42.54,42.63,42.53,42.63,10834
"19887",2020-09-22 22:47:00,42.63,42.68,42.6,42.67,10204
"19888",2020-09-22 22:48:00,42.66,42.68,42.66,42.68,7464
"19889",2020-09-22 22:49:00,42.68,42.68,42.64,42.66,7377
"19890",2020-09-22 22:50:00,42.66,42.72,42.66,42.71,18794
"19891",2020-09-22 22:51:00,42.72,42.74,42.68,42.71,19772
"19892",2020-09-22 22:52:00,42.7,42.7,42.62,42.64,22532
"19893",2020-09-22 22:53:00,42.64,42.66,42.59,42.6,27163
"19894",2020-09-22 22:54:00,42.59,42.62,42.59,42.61,8856
"19895",2020-09-22 22:55:00,42.61,42.66,42.59,42.66,15655
"19896",2020-09-22 22:56:00,42.65,42.8,42.65,42.78,28538
"19897",2020-09-22 22:57:00,42.78,42.83,42.78,42.81,19072
"19898",2020-09-22 22:58:00,42.8,42.8,42.72,42.74,21739
"19899",2020-09-22 22:59:00,42.74,42.74,42.72,42.72,16318
"19900",2020-09-22 23:00:00,42.72,42.8,42.72,42.75,34579
"19901",2020-09-22 23:01:00,42.78,42.78,42.38,42.7,38
"19902",2020-09-22 23:03:00,42.7,42.73,42.4,42.7,2743
"19903",2020-09-22 23:04:00,42.7,42.7,42.63,42.63,47
"19904",2020-09-22 23:05:00,42.63,42.63,42.63,42.63,1
"19905",2020-09-22 23:07:00,42.61,42.66,42.4,42.4,6
"19906",2020-09-22 23:08:00,42.4,42.62,42.4,42.62,122
"19907",2020-09-22 23:10:00,42.55,42.62,42.42,42.42,53
"19908",2020-09-22 23:11:00,42.64,42.66,42.64,42.66,3
"19909",2020-09-22 23:12:00,42.63,42.63,42.63,42.63,100
"19910",2020-09-22 23:14:00,42.61,42.61,42.61,42.61,3
"19911",2020-09-22 23:17:00,42.62,42.62,42.62,42.62,1
"19912",2020-09-22 23:18:00,42.62,42.62,42.62,42.62,1
"19913",2020-09-22 23:19:00,42.62,42.62,42.62,42.62,23
"19914",2020-09-22 23:20:00,42.62,42.62,42.62,42.62,10
"19915",2020-09-22 23:21:00,42.62,42.7,42.62,42.7,629
"19916",2020-09-22 23:22:00,42.7,42.73,42.7,42.73,103
"19917",2020-09-22 23:23:00,42.7,42.7,42.7,42.7,4
"19918",2020-09-22 23:24:00,42.7,42.7,42.7,42.7,9
"19919",2020-09-22 23:27:00,42.73,42.73,42.73,42.73,50
"19920",2020-09-22 23:28:00,42.73,42.73,42.72,42.72,278
"19921",2020-09-22 23:29:00,42.73,42.73,42.73,42.73,100
"19922",2020-09-22 23:30:00,42.73,42.73,42.73,42.73,15
"19923",2020-09-22 23:33:00,42.7,42.7,42.7,42.7,3
"19924",2020-09-22 23:34:00,42.7,42.7,42.7,42.7,1
"19925",2020-09-22 23:35:00,42.73,42.73,42.73,42.73,1
"19926",2020-09-22 23:36:00,42.7,42.73,42.7,42.73,3
"19927",2020-09-22 23:37:00,42.73,42.73,42.7,42.73,11
"19928",2020-09-22 23:38:00,42.7,42.7,42.7,42.7,3
"19929",2020-09-22 23:39:00,42.73,42.73,42.7,42.7,185
"19930",2020-09-22 23:40:00,42.72,42.72,42.72,42.72,5
"19931",2020-09-22 23:41:00,42.7,42.7,42.7,42.7,95
"19932",2020-09-22 23:43:00,42.7,42.7,42.7,42.7,201
"19933",2020-09-22 23:44:00,42.7,42.73,42.7,42.73,106
"19934",2020-09-22 23:45:00,42.73,42.73,42.73,42.73,2
"19935",2020-09-22 23:46:00,42.73,42.73,42.73,42.73,4
"19936",2020-09-22 23:47:00,42.73,42.73,42.7,42.7,16
"19937",2020-09-22 23:48:00,42.7,42.7,42.7,42.7,1
"19938",2020-09-22 23:49:00,42.73,42.73,42.73,42.73,342
"19939",2020-09-22 23:51:00,42.73,42.73,42.73,42.73,1
"19940",2020-09-22 23:55:00,42.7,42.7,42.7,42.7,99
"19941",2020-09-22 23:56:00,42.7,42.7,42.7,42.7,407
"19942",2020-09-22 23:57:00,42.7,42.7,42.7,42.7,500
"19943",2020-09-22 23:58:00,42.7,42.7,42.7,42.7,100
"19944",2020-09-22 23:59:00,42.72,42.72,42.72,42.72,6
"19945",2020-09-23 00:00:00,42.72,42.72,42.72,42.72,1
"19946",2020-09-23 00:01:00,42.72,42.72,42.72,42.72,1
"19947",2020-09-23 00:02:00,42.7,42.7,42.7,42.7,176
"19948",2020-09-23 00:03:00,42.72,42.72,42.72,42.72,1
"19949",2020-09-23 00:05:00,42.7,42.7,42.7,42.7,1
"19950",2020-09-23 00:06:00,42.72,42.72,42.72,42.72,13
"19951",2020-09-23 00:07:00,42.72,42.72,42.72,42.72,3
"19952",2020-09-23 00:09:00,42.72,42.72,42.72,42.72,55
"19953",2020-09-23 00:12:00,42.73,42.73,42.73,42.73,469
"19954",2020-09-23 00:13:00,42.71,42.73,42.71,42.73,5
"19955",2020-09-23 00:15:00,42.71,42.73,42.71,42.73,2
"19956",2020-09-23 00:16:00,42.73,42.73,42.71,42.71,40
"19957",2020-09-23 00:17:00,42.73,42.73,42.73,42.73,2
"19958",2020-09-23 00:18:00,42.73,42.73,42.73,42.73,2
"19959",2020-09-23 00:19:00,42.73,42.73,42.73,42.73,1
"19960",2020-09-23 00:22:00,42.71,42.71,42.71,42.71,2
"19961",2020-09-23 00:24:00,42.71,42.71,42.71,42.71,260
"19962",2020-09-23 00:26:00,42.38,42.7,42.38,42.5,327
"19963",2020-09-23 00:27:00,42.7,42.7,42.5,42.7,630
"19964",2020-09-23 00:41:00,42.7,42.7,42.7,42.7,1
"19965",2020-09-23 00:42:00,42.71,42.71,42.71,42.71,1
"19966",2020-09-23 00:43:00,42.71,42.71,42.71,42.71,150
"19967",2020-09-23 00:44:00,42.71,42.71,42.71,42.71,3
"19968",2020-09-23 00:45:00,42.7,42.71,42.7,42.71,201
"19969",2020-09-23 00:46:00,42.71,42.71,42.71,42.71,11
"19970",2020-09-23 00:49:00,42.7,42.7,42.7,42.7,10
"19971",2020-09-23 00:50:00,42.7,42.7,42.7,42.7,4
"19972",2020-09-23 00:51:00,42.71,42.72,42.71,42.72,574
"19973",2020-09-23 00:58:00,42.33,42.33,42.33,42.33,1
"19974",2020-09-23 01:04:00,42.69,42.72,42.4,42.4,14
"19975",2020-09-23 01:07:00,42.4,42.4,42.4,42.4,1
"19976",2020-09-23 01:10:00,42.73,42.73,42.73,42.73,360
"19977",2020-09-23 01:11:00,42.73,42.73,42.73,42.73,1000
"19978",2020-09-23 01:12:00,42.73,42.73,42.73,42.73,6
"19979",2020-09-23 01:13:00,42.73,42.73,42.73,42.73,251
"19980",2020-09-23 01:16:00,42.73,42.73,42.73,42.73,500
"19981",2020-09-23 01:17:00,42.73,42.73,42.73,42.73,500
"19982",2020-09-23 01:19:00,42.7,42.7,42.7,42.7,1
"19983",2020-09-23 01:24:00,42.63,42.63,42.63,42.63,1
"19984",2020-09-23 01:30:00,42.58,42.58,42.58,42.58,94
"19985",2020-09-23 10:01:00,42.64,42.65,42.64,42.65,36
"19986",2020-09-23 10:02:00,42.7,42.7,42.7,42.7,4
"19987",2020-09-23 10:03:00,42.7,42.83,42.7,42.83,3
"19988",2020-09-23 10:05:00,42.8,42.8,42.8,42.8,1
"19989",2020-09-23 10:07:00,42.82,42.82,42.82,42.82,2
"19990",2020-09-23 10:08:00,42.8,42.8,42.73,42.73,20
"19991",2020-09-23 10:09:00,42.74,42.74,42.74,42.74,2
"19992",2020-09-23 10:10:00,42.71,42.71,42.71,42.71,6
"19993",2020-09-23 10:11:00,42.72,42.72,42.72,42.72,3
"19994",2020-09-23 10:12:00,42.73,42.73,42.73,42.73,11
"19995",2020-09-23 10:13:00,42.8,43.02,42.74,42.74,840
"19996",2020-09-23 10:14:00,42.75,42.95,42.75,42.95,5
"19997",2020-09-23 10:15:00,42.75,42.76,42.75,42.76,2
"19998",2020-09-23 10:16:00,42.76,42.76,42.76,42.76,2
"19999",2020-09-23 10:17:00,42.89,42.89,42.89,42.89,2
"20000",2020-09-23 10:18:00,42.76,42.76,42.76,42.76,2
"20001",2020-09-23 10:19:00,42.76,42.76,42.76,42.76,11
"20002",2020-09-23 10:20:00,42.76,42.76,42.76,42.76,8
"20003",2020-09-23 10:22:00,42.8,42.8,42.76,42.76,10
"20004",2020-09-23 10:25:00,42.8,42.93,42.8,42.93,10
"20005",2020-09-23 10:26:00,42.76,42.9,42.76,42.8,144
"20006",2020-09-23 10:27:00,42.8,42.8,42.8,42.8,4
"20007",2020-09-23 10:31:00,42.8,42.8,42.8,42.8,6
"20008",2020-09-23 10:34:00,42.8,42.8,42.8,42.8,1
"20009",2020-09-23 10:36:00,42.84,42.84,42.8,42.8,49
"20010",2020-09-23 10:44:00,42.83,42.84,42.83,42.84,3
"20011",2020-09-23 10:45:00,42.81,42.81,42.81,42.81,19
"20012",2020-09-23 10:46:00,42.81,42.81,42.81,42.81,1
"20013",2020-09-23 10:47:00,42.81,42.81,42.81,42.81,296
"20014",2020-09-23 10:51:00,42.8,42.83,42.8,42.8,4
"20015",2020-09-23 10:57:00,42.8,42.8,42.8,42.8,2
"20016",2020-09-23 11:01:00,42.81,42.9,42.81,42.9,27
"20017",2020-09-23 11:02:00,42.92,43,42.92,42.99,33
"20018",2020-09-23 11:03:00,43,43.1,43,43.09,86
"20019",2020-09-23 11:04:00,43.04,43.04,43.04,43.04,303
"20020",2020-09-23 11:05:00,43.1,43.1,42.96,42.96,110
"20021",2020-09-23 11:08:00,43.1,43.11,43.1,43.11,31
"20022",2020-09-23 11:09:00,43.16,43.28,43.16,43.28,70
"20023",2020-09-23 11:11:00,43.2,43.2,43.2,43.2,2
"20024",2020-09-23 11:16:00,43.18,43.2,43.18,43.2,3
"20025",2020-09-23 11:18:00,43.2,43.2,43.2,43.2,2
"20026",2020-09-23 11:19:00,43.2,43.2,43.2,43.2,2
"20027",2020-09-23 11:20:00,43.19,43.19,43.19,43.19,2
"20028",2020-09-23 11:21:00,43.2,43.2,43.2,43.2,4
"20029",2020-09-23 11:22:00,43.19,43.19,43.19,43.19,2
"20030",2020-09-23 11:23:00,43.23,43.26,43.23,43.26,2
"20031",2020-09-23 11:24:00,43.23,43.26,43.23,43.26,3
"20032",2020-09-23 11:29:00,43.26,43.26,43.21,43.21,3
"20033",2020-09-23 11:32:00,43.26,43.26,43.26,43.26,2
"20034",2020-09-23 11:33:00,43.29,43.29,43.29,43.29,15
"20035",2020-09-23 11:34:00,43.26,43.26,43.26,43.26,1
"20036",2020-09-23 11:35:00,43.26,43.26,43.26,43.26,2
"20037",2020-09-23 11:36:00,43.29,43.3,43.29,43.3,87
"20038",2020-09-23 11:37:00,43.27,43.27,43.27,43.27,1
"20039",2020-09-23 11:38:00,43.34,43.34,43.34,43.34,2
"20040",2020-09-23 11:39:00,43.33,43.33,43.33,43.33,2
"20041",2020-09-23 11:40:00,43.32,43.32,43.32,43.32,4
"20042",2020-09-23 11:42:00,43.32,43.32,43.32,43.32,6
"20043",2020-09-23 11:43:00,43.34,43.34,43.34,43.34,3
"20044",2020-09-23 11:44:00,43.34,43.34,43.34,43.34,1
"20045",2020-09-23 11:45:00,43.34,43.34,43.34,43.34,19
"20046",2020-09-23 11:46:00,43.34,43.34,43.34,43.34,25
"20047",2020-09-23 11:47:00,43.32,43.34,43.27,43.34,23
"20048",2020-09-23 11:48:00,43.33,43.34,43.33,43.34,3
"20049",2020-09-23 11:49:00,43.34,43.34,43.34,43.34,4
"20050",2020-09-23 11:50:00,43.33,43.34,43.26,43.27,99
"20051",2020-09-23 11:51:00,43.26,43.26,43.26,43.26,11
"20052",2020-09-23 11:52:00,43.33,43.35,43.27,43.35,42
"20053",2020-09-23 11:53:00,43.35,43.35,43.34,43.34,2
"20054",2020-09-23 11:54:00,43.34,43.35,43.27,43.27,56
"20055",2020-09-23 11:55:00,43.26,43.35,43.26,43.35,11
"20056",2020-09-23 11:56:00,43.35,43.35,43.27,43.34,83
"20057",2020-09-23 11:57:00,43.36,43.5,43.36,43.4,443
"20058",2020-09-23 11:58:00,43.4,43.72,43.4,43.7,459
"20059",2020-09-23 11:59:00,43.67,43.67,43.67,43.67,3
"20060",2020-09-23 12:00:00,43.67,43.67,43.67,43.67,3
"20061",2020-09-23 12:01:00,43.68,43.68,43.67,43.67,75
"20062",2020-09-23 12:02:00,43.49,43.68,43.49,43.68,6
"20063",2020-09-23 12:04:00,43.68,43.68,43.68,43.68,2
"20064",2020-09-23 12:05:00,43.65,43.68,43.65,43.68,177
"20065",2020-09-23 12:09:00,43.42,43.56,43.41,43.41,53
"20066",2020-09-23 12:12:00,43.48,43.48,43.48,43.48,1
"20067",2020-09-23 12:13:00,43.55,43.55,43.55,43.55,15
"20068",2020-09-23 12:19:00,43.55,43.64,43.55,43.64,2
"20069",2020-09-23 12:21:00,43.64,43.64,43.64,43.64,1
"20070",2020-09-23 12:25:00,43.55,43.55,43.55,43.55,5
"20071",2020-09-23 12:27:00,43.55,43.55,43.55,43.55,15
"20072",2020-09-23 12:28:00,43.55,43.55,43.55,43.55,299
"20073",2020-09-23 12:30:00,43.65,43.65,43.55,43.55,7
"20074",2020-09-23 12:31:00,43.6,43.6,43.55,43.55,11
"20075",2020-09-23 12:34:00,43.58,43.58,43.58,43.58,1
"20076",2020-09-23 12:35:00,43.6,43.6,43.58,43.6,35
"20077",2020-09-23 12:40:00,43.6,43.6,43.6,43.6,2
"20078",2020-09-23 12:42:00,43.6,43.6,43.6,43.6,2
"20079",2020-09-23 12:43:00,43.65,43.65,43.65,43.65,3
"20080",2020-09-23 12:45:00,43.65,43.65,43.65,43.65,3
"20081",2020-09-23 12:51:00,43.65,43.65,43.65,43.65,30
"20082",2020-09-23 12:52:00,43.66,43.7,43.65,43.7,60
"20083",2020-09-23 12:54:00,43.7,43.7,43.7,43.7,5
"20084",2020-09-23 12:55:00,43.65,43.65,43.65,43.65,1
"20085",2020-09-23 13:00:00,43.65,43.65,43.65,43.65,5
"20086",2020-09-23 13:01:00,43.65,43.65,43.65,43.65,2
"20087",2020-09-23 13:03:00,43.69,43.69,43.69,43.69,5
"20088",2020-09-23 13:04:00,43.7,43.7,43.7,43.7,26
"20089",2020-09-23 13:06:00,43.7,43.7,43.7,43.7,2
"20090",2020-09-23 13:07:00,43.71,43.75,43.7,43.7,598
"20091",2020-09-23 13:08:00,43.7,43.7,43.7,43.7,1
"20092",2020-09-23 13:09:00,43.8,43.8,43.8,43.8,1
"20093",2020-09-23 13:11:00,43.8,43.8,43.8,43.8,1
"20094",2020-09-23 13:12:00,43.7,43.8,43.7,43.8,12
"20095",2020-09-23 13:13:00,43.7,43.7,43.7,43.7,5
"20096",2020-09-23 13:14:00,43.7,43.7,43.7,43.7,3
"20097",2020-09-23 13:15:00,43.7,43.7,43.7,43.7,20
"20098",2020-09-23 13:16:00,43.7,43.7,43.7,43.7,2
"20099",2020-09-23 13:18:00,43.7,43.7,43.7,43.7,1
"20100",2020-09-23 13:20:00,43.76,43.76,43.76,43.76,26
"20101",2020-09-23 13:24:00,43.76,43.76,43.7,43.7,114
"20102",2020-09-23 13:25:00,43.7,43.7,43.7,43.7,3
"20103",2020-09-23 13:26:00,43.7,43.7,43.7,43.7,1
"20104",2020-09-23 13:27:00,43.7,43.8,43.7,43.8,26
"20105",2020-09-23 13:28:00,43.8,43.8,43.7,43.7,5
"20106",2020-09-23 13:29:00,43.7,43.8,43.7,43.8,3
"20107",2020-09-23 13:33:00,43.71,43.71,43.7,43.7,4
"20108",2020-09-23 13:34:00,43.7,43.79,43.7,43.79,2
"20109",2020-09-23 13:39:00,43.79,43.8,43.79,43.8,5
"20110",2020-09-23 13:40:00,43.7,43.8,43.7,43.8,2
"20111",2020-09-23 13:41:00,43.7,43.7,43.7,43.7,2
"20112",2020-09-23 13:44:00,43.71,43.78,43.7,43.78,6
"20113",2020-09-23 13:48:00,43.7,43.7,43.7,43.7,1
"20114",2020-09-23 13:51:00,43.7,43.7,43.7,43.7,1
"20115",2020-09-23 13:54:00,43.7,43.7,43.7,43.7,9
"20116",2020-09-23 13:55:00,43.7,43.7,43.7,43.7,2
"20117",2020-09-23 13:58:00,43.72,43.79,43.72,43.79,12
"20118",2020-09-23 14:00:00,43.79,43.79,43.79,43.79,2
"20119",2020-09-23 14:01:00,43.76,43.76,43.7,43.7,101
"20120",2020-09-23 14:03:00,43.7,43.8,43.69,43.8,109
"20121",2020-09-23 14:04:00,43.8,43.8,43.8,43.8,1
"20122",2020-09-23 14:05:00,43.73,43.73,43.73,43.73,2
"20123",2020-09-23 14:06:00,43.77,43.77,43.77,43.77,1
"20124",2020-09-23 14:10:00,43.81,43.81,43.81,43.81,1
"20125",2020-09-23 14:12:00,43.85,43.85,43.85,43.85,2
"20126",2020-09-23 14:13:00,43.85,43.85,43.85,43.85,4
"20127",2020-09-23 14:14:00,43.79,43.79,43.79,43.79,3
"20128",2020-09-23 14:21:00,43.82,43.82,43.79,43.79,18
"20129",2020-09-23 14:25:00,43.79,43.79,43.79,43.79,5
"20130",2020-09-23 14:26:00,43.79,43.79,43.79,43.79,120
"20131",2020-09-23 14:28:00,43.79,43.79,43.79,43.79,10
"20132",2020-09-23 14:30:00,43.8,43.9,43.8,43.8,23
"20133",2020-09-23 14:31:00,43.79,43.79,43.69,43.69,1061
"20134",2020-09-23 14:32:00,43.79,43.79,43.79,43.79,304
"20135",2020-09-23 14:33:00,43.8,43.87,43.8,43.83,117
"20136",2020-09-23 14:34:00,43.85,43.89,43.85,43.89,1308
"20137",2020-09-23 14:35:00,43.89,43.89,43.85,43.85,2279
"20138",2020-09-23 14:36:00,43.85,43.85,43.85,43.85,1
"20139",2020-09-23 14:37:00,43.89,43.91,43.85,43.85,110
"20140",2020-09-23 14:41:00,43.86,43.86,43.86,43.86,151
"20141",2020-09-23 14:42:00,43.86,43.86,43.86,43.86,50
"20142",2020-09-23 14:43:00,43.8,43.8,43.8,43.8,34
"20143",2020-09-23 14:44:00,43.8,43.86,43.8,43.85,88
"20144",2020-09-23 14:45:00,43.85,43.85,43.8,43.8,392
"20145",2020-09-23 14:46:00,43.85,43.85,43.85,43.85,30
"20146",2020-09-23 14:47:00,43.86,43.86,43.85,43.85,1400
"20147",2020-09-23 14:49:00,43.88,43.88,43.86,43.86,21
"20148",2020-09-23 14:50:00,43.86,43.86,43.85,43.85,278
"20149",2020-09-23 14:51:00,43.86,43.86,43.85,43.85,1000
"20150",2020-09-23 14:52:00,43.85,43.85,43.85,43.85,800
"20151",2020-09-23 14:53:00,43.85,43.85,43.8,43.8,300
"20152",2020-09-23 14:54:00,43.85,43.85,43.8,43.8,202
"20153",2020-09-23 14:55:00,43.85,43.85,43.85,43.85,204
"20154",2020-09-23 14:56:00,43.85,43.85,43.85,43.85,4
"20155",2020-09-23 14:58:00,43.86,43.86,43.86,43.86,1
"20156",2020-09-23 15:00:00,43.86,43.89,43.85,43.85,358
"20157",2020-09-23 15:01:00,43.85,43.85,43.85,43.85,1169
"20158",2020-09-23 15:02:00,43.87,43.9,43.87,43.9,500
"20159",2020-09-23 15:03:00,43.8,43.81,43.79,43.81,5288
"20160",2020-09-23 15:04:00,43.87,43.87,43.87,43.87,120
"20161",2020-09-23 15:05:00,43.85,43.85,43.85,43.85,1858
"20162",2020-09-23 15:06:00,43.79,43.79,43.75,43.79,1853
"20163",2020-09-23 15:07:00,43.75,43.75,43.74,43.74,908
"20164",2020-09-23 15:08:00,43.78,43.78,43.78,43.78,2
"20165",2020-09-23 15:09:00,43.71,43.71,43.7,43.7,5
"20166",2020-09-23 15:11:00,43.73,43.75,43.73,43.74,430
"20167",2020-09-23 15:12:00,43.74,43.74,43.71,43.71,8
"20168",2020-09-23 15:13:00,43.7,43.78,43.7,43.78,9007
"20169",2020-09-23 15:14:00,43.78,43.78,43.74,43.78,536
"20170",2020-09-23 15:15:00,43.74,43.74,43.74,43.74,2
"20171",2020-09-23 15:16:00,43.78,43.79,43.78,43.78,103
"20172",2020-09-23 15:17:00,43.71,43.71,43.71,43.71,2
"20173",2020-09-23 15:18:00,43.71,43.8,43.71,43.76,430
"20174",2020-09-23 15:19:00,43.79,43.85,43.65,43.8,2120
"20175",2020-09-23 15:20:00,43.7,43.74,43.67,43.67,148
"20176",2020-09-23 15:21:00,43.8,43.8,43.71,43.71,102
"20177",2020-09-23 15:23:00,43.75,43.77,43.75,43.77,1398
"20178",2020-09-23 15:24:00,43.75,43.75,43.75,43.75,3
"20179",2020-09-23 15:26:00,43.75,43.75,43.75,43.75,1
"20180",2020-09-23 15:27:00,43.75,43.76,43.74,43.74,4701
"20181",2020-09-23 15:28:00,43.75,43.75,43.75,43.75,100
"20182",2020-09-23 15:29:00,43.75,43.8,43.75,43.8,745
"20183",2020-09-23 15:30:00,43.8,43.8,43.76,43.8,1003
"20184",2020-09-23 15:31:00,43.75,43.82,43.75,43.82,457
"20185",2020-09-23 15:33:00,43.76,43.76,43.75,43.75,210
"20186",2020-09-23 15:34:00,43.75,43.75,43.75,43.75,100
"20187",2020-09-23 15:35:00,43.75,43.75,43.75,43.75,36
"20188",2020-09-23 15:37:00,43.73,43.74,43.73,43.73,1019
"20189",2020-09-23 15:39:00,43.74,43.74,43.74,43.74,500
"20190",2020-09-23 15:40:00,43.77,43.77,43.77,43.77,50
"20191",2020-09-23 15:41:00,43.74,43.74,43.73,43.73,683
"20192",2020-09-23 15:43:00,43.69,43.69,43.65,43.67,3006
"20193",2020-09-23 15:44:00,43.67,43.67,43.67,43.67,13
"20194",2020-09-23 15:45:00,43.7,43.7,43.7,43.7,1
"20195",2020-09-23 15:47:00,43.65,43.67,43.65,43.67,76
"20196",2020-09-23 15:48:00,43.68,43.68,43.68,43.68,2
"20197",2020-09-23 15:49:00,43.67,43.67,43.65,43.65,51
"20198",2020-09-23 15:50:00,43.65,43.65,43.65,43.65,59
"20199",2020-09-23 15:51:00,43.68,43.68,43.61,43.61,2586
"20200",2020-09-23 15:52:00,43.66,43.66,43.61,43.61,695
"20201",2020-09-23 15:53:00,43.61,43.61,43.61,43.61,535
"20202",2020-09-23 15:54:00,43.64,43.66,43.64,43.66,15
"20203",2020-09-23 15:55:00,43.65,43.65,43.65,43.65,1
"20204",2020-09-23 15:56:00,43.66,43.66,43.65,43.65,11
"20205",2020-09-23 15:58:00,43.66,43.66,43.66,43.66,11
"20206",2020-09-23 15:59:00,43.66,43.68,43.66,43.68,202
"20207",2020-09-23 16:00:00,43.68,43.7,43.66,43.66,8
"20208",2020-09-23 16:02:00,43.65,43.65,43.65,43.65,200
"20209",2020-09-23 16:03:00,43.68,43.71,43.68,43.71,126
"20210",2020-09-23 16:04:00,43.68,43.68,43.68,43.68,1
"20211",2020-09-23 16:05:00,43.69,43.7,43.69,43.7,54
"20212",2020-09-23 16:06:00,43.66,43.77,43.65,43.65,785
"20213",2020-09-23 16:07:00,43.66,43.66,43.65,43.65,417
"20214",2020-09-23 16:10:00,43.65,43.65,43.61,43.65,1297
"20215",2020-09-23 16:11:00,43.61,43.61,43.61,43.61,45
"20216",2020-09-23 16:12:00,43.61,43.61,43.61,43.61,136
"20217",2020-09-23 16:13:00,43.61,43.62,43.61,43.61,898
"20218",2020-09-23 16:14:00,43.65,43.65,43.61,43.61,12
"20219",2020-09-23 16:15:00,43.62,43.62,43.62,43.62,1
"20220",2020-09-23 16:16:00,43.63,43.63,43.63,43.63,3
"20221",2020-09-23 16:17:00,43.61,43.61,43.61,43.61,925
"20222",2020-09-23 16:19:00,43.62,43.7,43.62,43.7,865
"20223",2020-09-23 16:20:00,43.65,43.71,43.65,43.7,122
"20224",2020-09-23 16:21:00,43.71,43.71,43.62,43.62,196
"20225",2020-09-23 16:22:00,43.65,43.65,43.65,43.65,14
"20226",2020-09-23 16:23:00,43.66,43.66,43.66,43.66,200
"20227",2020-09-23 16:24:00,43.65,43.65,43.65,43.65,212
"20228",2020-09-23 16:25:00,43.65,43.65,43.61,43.61,1917
"20229",2020-09-23 16:26:00,43.63,43.63,43.56,43.61,5906
"20230",2020-09-23 16:27:00,43.59,43.72,43.57,43.72,3188
"20231",2020-09-23 16:28:00,43.7,43.79,43.63,43.63,1131
"20232",2020-09-23 16:29:00,43.66,43.66,43.63,43.63,201
"20233",2020-09-23 16:30:00,43.69,43.95,43.54,43.95,2339
"20234",2020-09-23 16:31:00,43.88,43.95,43.7,43.87,25606
"20235",2020-09-23 16:32:00,43.87,43.94,43.82,43.91,18265
"20236",2020-09-23 16:33:00,43.88,44.65,43.85,44.65,95293
"20237",2020-09-23 16:34:00,44.64,44.71,44.42,44.49,101990
"20238",2020-09-23 16:35:00,44.47,44.59,44.25,44.42,32575
"20239",2020-09-23 16:36:00,44.45,44.54,44.3,44.31,24256
"20240",2020-09-23 16:37:00,44.31,44.52,44.28,44.47,28575
"20241",2020-09-23 16:38:00,44.48,44.64,44.47,44.59,24320
"20242",2020-09-23 16:39:00,44.6,44.99,44.6,44.98,63433
"20243",2020-09-23 16:40:00,44.97,45.14,44.96,45.04,74793
"20244",2020-09-23 16:41:00,45.03,45.12,44.93,44.94,53947
"20245",2020-09-23 16:42:00,44.94,45.08,44.78,44.79,46262
"20246",2020-09-23 16:43:00,44.79,44.94,44.79,44.86,17823
"20247",2020-09-23 16:44:00,44.86,45.22,44.85,45.22,64262
"20248",2020-09-23 16:45:00,45.23,45.61,45.22,45.56,84755
"20249",2020-09-23 16:46:00,45.56,45.75,45.55,45.67,58977
"20250",2020-09-23 16:47:00,45.67,45.67,45.39,45.42,40805
"20251",2020-09-23 16:48:00,45.41,45.5,45.23,45.24,34196
"20252",2020-09-23 16:49:00,45.24,45.24,45,45,32777
"20253",2020-09-23 16:50:00,45.01,45.12,44.94,45.1,54067
"20254",2020-09-23 16:51:00,45.1,45.26,45.1,45.23,56354
"20255",2020-09-23 16:52:00,45.23,45.43,45.18,45.4,40888
"20256",2020-09-23 16:53:00,45.4,45.48,45.4,45.46,58664
"20257",2020-09-23 16:54:00,45.47,45.64,45.46,45.63,22021
"20258",2020-09-23 16:55:00,45.62,45.75,45.55,45.66,50726
"20259",2020-09-23 16:56:00,45.65,45.89,45.5,45.53,60306
"20260",2020-09-23 16:57:00,45.51,45.62,45.28,45.3,37814
"20261",2020-09-23 16:58:00,45.29,45.29,44.99,45.13,59388
"20262",2020-09-23 16:59:00,45.11,45.23,45,45.05,36738
"20263",2020-09-23 17:00:00,45.05,45.11,44.88,44.94,27628
"20264",2020-09-23 17:01:00,44.94,45.17,44.93,45.06,33409
"20265",2020-09-23 17:02:00,45.05,45.26,45.04,45.15,33617
"20266",2020-09-23 17:03:00,45.14,45.39,45.11,45.39,23918
"20267",2020-09-23 17:04:00,45.39,45.41,45.34,45.41,12716
"20268",2020-09-23 17:05:00,45.41,45.44,45.26,45.4,16712
"20269",2020-09-23 17:06:00,45.4,45.42,45.24,45.3,23008
"20270",2020-09-23 17:07:00,45.3,45.37,45.28,45.33,12056
"20271",2020-09-23 17:08:00,45.36,45.39,45.24,45.3,12716
"20272",2020-09-23 17:09:00,45.3,45.4,45.28,45.38,17585
"20273",2020-09-23 17:10:00,45.39,45.49,45.32,45.32,27275
"20274",2020-09-23 17:11:00,45.31,45.31,45.13,45.22,33610
"20275",2020-09-23 17:12:00,45.23,45.29,45.21,45.28,13743
"20276",2020-09-23 17:13:00,45.29,45.41,45.29,45.38,16679
"20277",2020-09-23 17:14:00,45.38,45.48,45.32,45.34,20742
"20278",2020-09-23 17:15:00,45.34,45.47,45.26,45.46,23689
"20279",2020-09-23 17:16:00,45.46,45.49,45.38,45.43,13918
"20280",2020-09-23 17:17:00,45.45,45.49,45.36,45.39,15980
"20281",2020-09-23 17:18:00,45.38,45.48,45.38,45.44,11385
"20282",2020-09-23 17:19:00,45.44,45.49,45.37,45.42,14224
"20283",2020-09-23 17:20:00,45.44,45.57,45.26,45.29,39370
"20284",2020-09-23 17:21:00,45.28,45.56,45.28,45.53,22773
"20285",2020-09-23 17:22:00,45.56,45.63,45.51,45.57,26906
"20286",2020-09-23 17:23:00,45.56,45.56,45.4,45.43,18989
"20287",2020-09-23 17:24:00,45.43,45.54,45.39,45.52,15264
"20288",2020-09-23 17:25:00,45.52,45.67,45.52,45.67,17106
"20289",2020-09-23 17:26:00,45.67,45.84,45.66,45.84,37107
"20290",2020-09-23 17:27:00,45.83,45.95,45.76,45.86,45547
"20291",2020-09-23 17:28:00,45.86,45.99,45.85,45.96,23841
"20292",2020-09-23 17:29:00,45.95,46,45.86,45.87,74818
"20293",2020-09-23 17:30:00,45.87,45.98,45.84,45.94,18088
"20294",2020-09-23 17:31:00,45.93,46.1,45.92,46.04,67408
"20295",2020-09-23 17:32:00,46.04,46.04,45.87,45.9,36667
"20296",2020-09-23 17:33:00,45.91,45.95,45.85,45.93,30721
"20297",2020-09-23 17:34:00,45.93,46,45.89,45.91,18741
"20298",2020-09-23 17:35:00,45.9,45.99,45.87,45.96,11538
"20299",2020-09-23 17:36:00,45.96,45.96,45.76,45.79,26899
"20300",2020-09-23 17:37:00,45.79,45.84,45.79,45.83,19170
"20301",2020-09-23 17:38:00,45.84,45.9,45.78,45.78,24178
"20302",2020-09-23 17:39:00,45.77,45.89,45.72,45.88,13831
"20303",2020-09-23 17:40:00,45.87,45.94,45.83,45.83,17569
"20304",2020-09-23 17:41:00,45.82,46.02,45.82,46.01,18232
"20305",2020-09-23 17:42:00,46.01,46.12,45.99,46.02,41371
"20306",2020-09-23 17:43:00,46.04,46.04,45.73,45.8,25454
"20307",2020-09-23 17:44:00,45.79,45.82,45.72,45.79,13524
"20308",2020-09-23 17:45:00,45.81,45.81,45.53,45.53,45971
"20309",2020-09-23 17:46:00,45.54,45.64,45.41,45.63,43078
"20310",2020-09-23 17:47:00,45.61,45.65,45.57,45.65,18597
"20311",2020-09-23 17:48:00,45.65,45.73,45.5,45.72,13723
"20312",2020-09-23 17:49:00,45.71,45.78,45.71,45.78,16895
"20313",2020-09-23 17:50:00,45.79,45.92,45.74,45.88,27659
"20314",2020-09-23 17:51:00,45.89,45.92,45.78,45.8,12904
"20315",2020-09-23 17:52:00,45.79,45.79,45.7,45.7,12759
"20316",2020-09-23 17:53:00,45.69,45.74,45.69,45.71,12844
"20317",2020-09-23 17:54:00,45.71,45.77,45.71,45.77,7245
"20318",2020-09-23 17:55:00,45.77,45.78,45.67,45.67,15284
"20319",2020-09-23 17:56:00,45.68,45.78,45.63,45.78,19251
"20320",2020-09-23 17:57:00,45.79,45.84,45.78,45.84,8137
"20321",2020-09-23 17:58:00,45.84,45.89,45.77,45.86,23791
"20322",2020-09-23 17:59:00,45.84,45.84,45.64,45.68,33473
"20323",2020-09-23 18:00:00,45.68,45.84,45.68,45.75,18269
"20324",2020-09-23 18:01:00,45.76,45.78,45.66,45.76,21854
"20325",2020-09-23 18:02:00,45.75,45.79,45.66,45.72,15464
"20326",2020-09-23 18:03:00,45.73,45.84,45.73,45.79,15941
"20327",2020-09-23 18:04:00,45.81,45.88,45.79,45.82,16376
"20328",2020-09-23 18:05:00,45.82,45.86,45.78,45.84,13562
"20329",2020-09-23 18:06:00,45.85,45.94,45.82,45.91,8468
"20330",2020-09-23 18:07:00,45.91,45.99,45.91,45.94,14421
"20331",2020-09-23 18:08:00,45.94,45.94,45.84,45.86,15983
"20332",2020-09-23 18:09:00,45.87,46,45.86,45.98,14022
"20333",2020-09-23 18:10:00,45.98,45.98,45.97,45.98,4817
"20334",2020-09-23 18:11:00,45.97,46.16,45.97,46.13,57891
"20335",2020-09-23 18:12:00,46.12,46.13,45.99,46.07,23770
"20336",2020-09-23 18:13:00,46.08,46.1,46.03,46.03,13782
"20337",2020-09-23 18:14:00,46.03,46.15,45.96,45.96,58895
"20338",2020-09-23 18:15:00,45.95,46,45.95,45.95,13247
"20339",2020-09-23 18:16:00,45.97,45.98,45.92,45.96,13911
"20340",2020-09-23 18:17:00,45.96,46.05,45.96,46.03,11431
"20341",2020-09-23 18:18:00,46.02,46.03,45.97,46.01,7889
"20342",2020-09-23 18:19:00,46.02,46.06,45.95,45.96,5310
"20343",2020-09-23 18:20:00,45.96,45.98,45.92,45.95,8722
"20344",2020-09-23 18:21:00,45.95,45.99,45.92,45.95,5893
"20345",2020-09-23 18:22:00,45.96,45.96,45.92,45.95,9883
"20346",2020-09-23 18:23:00,45.95,45.98,45.95,45.96,4331
"20347",2020-09-23 18:24:00,45.96,45.98,45.94,45.96,14785
"20348",2020-09-23 18:25:00,45.97,46.03,45.96,46.03,9597
"20349",2020-09-23 18:26:00,46.02,46.04,46,46.04,8874
"20350",2020-09-23 18:27:00,46.04,46.05,46,46,5669
"20351",2020-09-23 18:28:00,46,46.09,45.97,46.09,26856
"20352",2020-09-23 18:29:00,46.1,46.13,46.02,46.04,18044
"20353",2020-09-23 18:30:00,46.04,46.07,45.98,46.04,11219
"20354",2020-09-23 18:31:00,46.03,46.12,46.02,46.09,10040
"20355",2020-09-23 18:32:00,46.06,46.06,46.01,46.01,8315
"20356",2020-09-23 18:33:00,46,46.02,46,46.01,9602
"20357",2020-09-23 18:34:00,46.01,46.02,46,46.02,9067
"20358",2020-09-23 18:35:00,46.02,46.02,45.98,46.02,11091
"20359",2020-09-23 18:36:00,46.02,46.04,46,46,6014
"20360",2020-09-23 18:37:00,46,46.02,45.98,45.99,22446
"20361",2020-09-23 18:38:00,45.98,46.14,45.98,46.14,15278
"20362",2020-09-23 18:39:00,46.14,46.14,46.05,46.14,16477
"20363",2020-09-23 18:40:00,46.15,46.24,46.15,46.24,37736
"20364",2020-09-23 18:41:00,46.24,46.25,46.2,46.24,8265
"20365",2020-09-23 18:42:00,46.24,46.25,46.18,46.18,29070
"20366",2020-09-23 18:43:00,46.18,46.22,46.15,46.2,9447
"20367",2020-09-23 18:44:00,46.2,46.25,46.19,46.24,14602
"20368",2020-09-23 18:45:00,46.22,46.25,46.17,46.17,22120
"20369",2020-09-23 18:46:00,46.18,46.2,46.06,46.15,17267
"20370",2020-09-23 18:47:00,46.16,46.24,46.14,46.23,15403
"20371",2020-09-23 18:48:00,46.22,46.25,46.14,46.19,11573
"20372",2020-09-23 18:49:00,46.19,46.25,46.19,46.25,12738
"20373",2020-09-23 18:50:00,46.24,46.32,46.22,46.28,23197
"20374",2020-09-23 18:51:00,46.28,46.32,46.03,46.05,34873
"20375",2020-09-23 18:52:00,46.06,46.1,45.98,45.98,24018
"20376",2020-09-23 18:53:00,45.99,46.03,45.98,46.03,32187
"20377",2020-09-23 18:54:00,46.04,46.07,45.94,45.96,32127
"20378",2020-09-23 18:55:00,45.98,46.03,45.97,46.02,12617
"20379",2020-09-23 18:56:00,46.02,46.05,46.01,46.02,7849
"20380",2020-09-23 18:57:00,46.02,46.07,46.02,46.04,7041
"20381",2020-09-23 18:58:00,46.03,46.13,46.03,46.11,8396
"20382",2020-09-23 18:59:00,46.1,46.17,46.08,46.14,20101
"20383",2020-09-23 19:00:00,46.16,46.2,46.07,46.19,19153
"20384",2020-09-23 19:01:00,46.18,46.35,46.14,46.35,26611
"20385",2020-09-23 19:02:00,46.35,46.39,46.28,46.28,14610
"20386",2020-09-23 19:03:00,46.27,46.33,46.23,46.29,18647
"20387",2020-09-23 19:04:00,46.29,46.34,46.27,46.34,9684
"20388",2020-09-23 19:05:00,46.33,46.33,46.12,46.13,21589
"20389",2020-09-23 19:06:00,46.12,46.14,46.09,46.12,9272
"20390",2020-09-23 19:07:00,46.11,46.14,46.03,46.04,18613
"20391",2020-09-23 19:08:00,46.04,46.06,45.99,46.01,33211
"20392",2020-09-23 19:09:00,46,46.02,45.95,45.98,9777
"20393",2020-09-23 19:10:00,45.98,46.12,45.98,46.1,14153
"20394",2020-09-23 19:11:00,46.11,46.17,46.08,46.13,17684
"20395",2020-09-23 19:12:00,46.13,46.13,46.07,46.08,6556
"20396",2020-09-23 19:13:00,46.07,46.07,46.02,46.02,3996
"20397",2020-09-23 19:14:00,46.01,46.04,46,46.04,11394
"20398",2020-09-23 19:15:00,46.03,46.07,46.03,46.06,4049
"20399",2020-09-23 19:16:00,46.06,46.14,46.05,46.11,9455
"20400",2020-09-23 19:17:00,46.1,46.2,46.06,46.19,13141
"20401",2020-09-23 19:18:00,46.2,46.32,46.17,46.32,41332
"20402",2020-09-23 19:19:00,46.32,46.41,46.29,46.35,44639
"20403",2020-09-23 19:20:00,46.32,46.41,46.32,46.39,39194
"20404",2020-09-23 19:21:00,46.4,46.48,46.39,46.42,27174
"20405",2020-09-23 19:22:00,46.44,46.44,46.36,46.37,19014
"20406",2020-09-23 19:23:00,46.38,46.39,46.32,46.35,10199
"20407",2020-09-23 19:24:00,46.35,46.38,46.3,46.31,10121
"20408",2020-09-23 19:25:00,46.3,46.37,46.3,46.33,5876
"20409",2020-09-23 19:26:00,46.34,46.44,46.34,46.4,15645
"20410",2020-09-23 19:27:00,46.38,46.39,46.3,46.35,9907
"20411",2020-09-23 19:28:00,46.36,46.42,46.35,46.42,8767
"20412",2020-09-23 19:29:00,46.42,46.42,46.37,46.38,4305
"20413",2020-09-23 19:30:00,46.38,46.42,46.38,46.39,5300
"20414",2020-09-23 19:31:00,46.39,46.44,46.37,46.43,10003
"20415",2020-09-23 19:32:00,46.44,46.44,46.35,46.35,9121
"20416",2020-09-23 19:33:00,46.36,46.37,46.34,46.37,3463
"20417",2020-09-23 19:34:00,46.38,46.4,46.31,46.31,5704
"20418",2020-09-23 19:35:00,46.31,46.37,46.3,46.33,3921
"20419",2020-09-23 19:36:00,46.34,46.36,46.3,46.33,7031
"20420",2020-09-23 19:37:00,46.34,46.38,46.33,46.37,3973
"20421",2020-09-23 19:38:00,46.38,46.39,46.34,46.36,3918
"20422",2020-09-23 19:39:00,46.35,46.35,46.33,46.33,2157
"20423",2020-09-23 19:40:00,46.34,46.34,46.3,46.32,4023
"20424",2020-09-23 19:41:00,46.33,46.44,46.32,46.43,13969
"20425",2020-09-23 19:42:00,46.44,46.45,46.4,46.41,6998
"20426",2020-09-23 19:43:00,46.4,46.42,46.34,46.34,9632
"20427",2020-09-23 19:44:00,46.34,46.38,46.27,46.28,10551
"20428",2020-09-23 19:45:00,46.29,46.39,46.28,46.37,4991
"20429",2020-09-23 19:46:00,46.36,46.37,46.26,46.27,5863
"20430",2020-09-23 19:47:00,46.28,46.3,46.18,46.19,12101
"20431",2020-09-23 19:48:00,46.18,46.22,46.17,46.18,7840
"20432",2020-09-23 19:49:00,46.19,46.2,46.13,46.13,11223
"20433",2020-09-23 19:50:00,46.13,46.13,46.07,46.11,7454
"20434",2020-09-23 19:51:00,46.1,46.11,46.07,46.1,7375
"20435",2020-09-23 19:52:00,46.1,46.11,46.05,46.08,5257
"20436",2020-09-23 19:53:00,46.08,46.09,46.02,46.03,7403
"20437",2020-09-23 19:54:00,46.03,46.03,45.94,46,16188
"20438",2020-09-23 19:55:00,46,46.07,45.98,46.07,22363
"20439",2020-09-23 19:56:00,46.07,46.12,46.05,46.12,13367
"20440",2020-09-23 19:57:00,46.12,46.12,46.01,46.02,6143
"20441",2020-09-23 19:58:00,46.02,46.11,46,46.09,30305
"20442",2020-09-23 19:59:00,46.1,46.23,46.1,46.22,20971
"20443",2020-09-23 20:00:00,46.24,46.28,46.23,46.23,12109
"20444",2020-09-23 20:01:00,46.22,46.27,46.2,46.2,17088
"20445",2020-09-23 20:02:00,46.2,46.2,46.16,46.17,22616
"20446",2020-09-23 20:03:00,46.16,46.27,46.16,46.26,9898
"20447",2020-09-23 20:04:00,46.26,46.33,46.25,46.26,19514
"20448",2020-09-23 20:05:00,46.25,46.26,46.21,46.21,7564
"20449",2020-09-23 20:06:00,46.21,46.28,46.21,46.27,4232
"20450",2020-09-23 20:07:00,46.29,46.35,46.29,46.35,9347
"20451",2020-09-23 20:08:00,46.34,46.36,46.31,46.31,6856
"20452",2020-09-23 20:09:00,46.3,46.39,46.3,46.39,6625
"20453",2020-09-23 20:10:00,46.39,46.45,46.39,46.44,17505
"20454",2020-09-23 20:11:00,46.44,46.45,46.38,46.38,6253
"20455",2020-09-23 20:12:00,46.39,46.39,46.33,46.39,3037
"20456",2020-09-23 20:13:00,46.39,46.43,46.38,46.41,5620
"20457",2020-09-23 20:14:00,46.42,46.46,46.41,46.43,11298
"20458",2020-09-23 20:15:00,46.42,46.46,46.36,46.43,24668
"20459",2020-09-23 20:16:00,46.44,46.46,46.42,46.45,16750
"20460",2020-09-23 20:17:00,46.45,46.47,46.43,46.47,12358
"20461",2020-09-23 20:18:00,46.47,46.58,46.46,46.53,40817
"20462",2020-09-23 20:19:00,46.52,46.52,46.47,46.51,9396
"20463",2020-09-23 20:20:00,46.51,46.57,46.5,46.56,6600
"20464",2020-09-23 20:21:00,46.55,46.68,46.5,46.64,28252
"20465",2020-09-23 20:22:00,46.64,46.74,46.64,46.72,21589
"20466",2020-09-23 20:23:00,46.73,46.8,46.73,46.78,29760
"20467",2020-09-23 20:24:00,46.77,46.81,46.72,46.72,30534
"20468",2020-09-23 20:25:00,46.72,46.72,46.61,46.65,20103
"20469",2020-09-23 20:26:00,46.63,46.63,46.58,46.63,10187
"20470",2020-09-23 20:27:00,46.62,46.7,46.59,46.64,20997
"20471",2020-09-23 20:28:00,46.64,46.64,46.53,46.54,11928
"20472",2020-09-23 20:29:00,46.53,46.57,46.52,46.53,11811
"20473",2020-09-23 20:30:00,46.52,46.52,46.37,46.41,28006
"20474",2020-09-23 20:31:00,46.41,46.42,46.34,46.34,12519
"20475",2020-09-23 20:32:00,46.36,46.36,46.3,46.33,15712
"20476",2020-09-23 20:33:00,46.34,46.38,46.31,46.37,12350
"20477",2020-09-23 20:34:00,46.36,46.47,46.36,46.45,16231
"20478",2020-09-23 20:35:00,46.44,46.44,46.36,46.38,16768
"20479",2020-09-23 20:36:00,46.38,46.4,46.36,46.4,12119
"20480",2020-09-23 20:37:00,46.41,46.41,46.39,46.4,5522
"20481",2020-09-23 20:38:00,46.4,46.42,46.33,46.34,9210
"20482",2020-09-23 20:39:00,46.36,46.37,46.34,46.36,5628
"20483",2020-09-23 20:40:00,46.36,46.36,46.18,46.22,26508
"20484",2020-09-23 20:41:00,46.21,46.29,46.21,46.25,16216
"20485",2020-09-23 20:42:00,46.25,46.25,46.14,46.22,25607
"20486",2020-09-23 20:43:00,46.21,46.25,46.2,46.22,17767
"20487",2020-09-23 20:44:00,46.22,46.26,46.21,46.25,19216
"20488",2020-09-23 20:45:00,46.24,46.25,46.19,46.22,26975
"20489",2020-09-23 20:46:00,46.21,46.26,46.17,46.18,9751
"20490",2020-09-23 20:47:00,46.17,46.22,46.16,46.22,8072
"20491",2020-09-23 20:48:00,46.23,46.23,46.18,46.19,12013
"20492",2020-09-23 20:49:00,46.19,46.23,46.18,46.22,10492
"20493",2020-09-23 20:50:00,46.21,46.24,46.21,46.22,7574
"20494",2020-09-23 20:51:00,46.22,46.23,46.21,46.22,5374
"20495",2020-09-23 20:52:00,46.22,46.22,46.2,46.2,3901
"20496",2020-09-23 20:53:00,46.21,46.24,46.18,46.24,7682
"20497",2020-09-23 20:54:00,46.23,46.25,46.07,46.11,32000
"20498",2020-09-23 20:55:00,46.11,46.13,45.94,45.96,39567
"20499",2020-09-23 20:56:00,45.96,46.06,45.96,46.04,8312
"20500",2020-09-23 20:57:00,46.05,46.13,46.05,46.11,5124
"20501",2020-09-23 20:58:00,46.1,46.12,46.04,46.06,9069
"20502",2020-09-23 20:59:00,46.06,46.07,46.05,46.05,4157
"20503",2020-09-23 21:00:00,46.03,46.06,46,46.05,2579
"20504",2020-09-23 21:01:00,46.04,46.04,45.97,45.98,5642
"20505",2020-09-23 21:02:00,45.99,46,45.91,45.96,13023
"20506",2020-09-23 21:03:00,45.95,45.98,45.95,45.95,3687
"20507",2020-09-23 21:04:00,45.95,46,45.95,45.96,14773
"20508",2020-09-23 21:05:00,45.97,45.98,45.94,45.98,6902
"20509",2020-09-23 21:06:00,46,46.1,45.97,46.1,15333
"20510",2020-09-23 21:07:00,46.1,46.17,46.1,46.11,12314
"20511",2020-09-23 21:08:00,46.12,46.12,46.05,46.06,8563
"20512",2020-09-23 21:09:00,46.06,46.11,46.04,46.1,7342
"20513",2020-09-23 21:10:00,46.09,46.12,46.02,46.02,3773
"20514",2020-09-23 21:11:00,46.02,46.02,46,46.02,3827
"20515",2020-09-23 21:12:00,46.01,46.05,45.97,45.97,10491
"20516",2020-09-23 21:13:00,45.94,46.01,45.94,45.94,14015
"20517",2020-09-23 21:14:00,45.97,45.99,45.93,45.93,14110
"20518",2020-09-23 21:15:00,45.93,46.02,45.86,46,27450
"20519",2020-09-23 21:16:00,46,46.01,45.92,45.92,40539
"20520",2020-09-23 21:17:00,45.91,45.91,45.79,45.81,34854
"20521",2020-09-23 21:18:00,45.8,45.84,45.62,45.64,51093
"20522",2020-09-23 21:19:00,45.64,45.76,45.64,45.74,14780
"20523",2020-09-23 21:20:00,45.73,45.76,45.66,45.66,33523
"20524",2020-09-23 21:21:00,45.68,45.69,45.61,45.62,26845
"20525",2020-09-23 21:22:00,45.61,45.77,45.58,45.74,27122
"20526",2020-09-23 21:23:00,45.73,45.78,45.7,45.72,16081
"20527",2020-09-23 21:24:00,45.72,45.72,45.58,45.64,29694
"20528",2020-09-23 21:25:00,45.65,45.72,45.61,45.71,33393
"20529",2020-09-23 21:26:00,45.7,45.84,45.63,45.78,39222
"20530",2020-09-23 21:27:00,45.74,45.81,45.69,45.81,20020
"20531",2020-09-23 21:28:00,45.81,45.81,45.77,45.78,10686
"20532",2020-09-23 21:29:00,45.75,45.82,45.74,45.79,9897
"20533",2020-09-23 21:30:00,45.78,45.78,45.53,45.6,36942
"20534",2020-09-23 21:31:00,45.58,45.62,45.54,45.55,20363
"20535",2020-09-23 21:32:00,45.54,45.61,45.5,45.51,21396
"20536",2020-09-23 21:33:00,45.5,45.53,45.46,45.53,21712
"20537",2020-09-23 21:34:00,45.55,45.65,45.55,45.64,19672
"20538",2020-09-23 21:35:00,45.63,45.64,45.58,45.64,14181
"20539",2020-09-23 21:36:00,45.64,45.65,45.57,45.58,14057
"20540",2020-09-23 21:37:00,45.58,45.66,45.58,45.64,13309
"20541",2020-09-23 21:38:00,45.63,45.69,45.63,45.69,9187
"20542",2020-09-23 21:39:00,45.68,45.68,45.66,45.68,3191
"20543",2020-09-23 21:40:00,45.67,45.68,45.65,45.66,5658
"20544",2020-09-23 21:41:00,45.66,45.69,45.59,45.6,10792
"20545",2020-09-23 21:42:00,45.6,45.68,45.6,45.68,9307
"20546",2020-09-23 21:43:00,45.68,45.72,45.67,45.7,9733
"20547",2020-09-23 21:44:00,45.7,45.7,45.65,45.65,8713
"20548",2020-09-23 21:45:00,45.65,45.65,45.58,45.64,10128
"20549",2020-09-23 21:46:00,45.67,45.67,45.6,45.61,10511
"20550",2020-09-23 21:47:00,45.62,45.64,45.52,45.54,18748
"20551",2020-09-23 21:48:00,45.54,45.54,45.42,45.42,18047
"20552",2020-09-23 21:49:00,45.42,45.48,45.42,45.47,17563
"20553",2020-09-23 21:50:00,45.47,45.48,45.39,45.4,20531
"20554",2020-09-23 21:51:00,45.4,45.48,45.36,45.48,31751
"20555",2020-09-23 21:52:00,45.48,45.64,45.48,45.61,28005
"20556",2020-09-23 21:53:00,45.61,45.62,45.58,45.6,21628
"20557",2020-09-23 21:54:00,45.6,45.67,45.59,45.67,26010
"20558",2020-09-23 21:55:00,45.68,45.69,45.62,45.65,30968
"20559",2020-09-23 21:56:00,45.65,45.67,45.61,45.64,43471
"20560",2020-09-23 21:57:00,45.64,45.67,45.63,45.64,7747
"20561",2020-09-23 21:58:00,45.64,45.66,45.6,45.63,15099
"20562",2020-09-23 21:59:00,45.65,45.68,45.64,45.64,9320
"20563",2020-09-23 22:00:00,45.65,45.68,45.64,45.64,6315
"20564",2020-09-23 22:01:00,45.65,45.72,45.62,45.7,10650
"20565",2020-09-23 22:02:00,45.71,45.71,45.67,45.68,5896
"20566",2020-09-23 22:03:00,45.68,45.68,45.47,45.53,17865
"20567",2020-09-23 22:04:00,45.54,45.54,45.46,45.46,7967
"20568",2020-09-23 22:05:00,45.48,45.48,45.35,45.37,11009
"20569",2020-09-23 22:06:00,45.38,45.4,45.33,45.34,19347
"20570",2020-09-23 22:07:00,45.3,45.33,45.26,45.26,28640
"20571",2020-09-23 22:08:00,45.27,45.31,45.19,45.24,38761
"20572",2020-09-23 22:09:00,45.24,45.26,45.17,45.17,25652
"20573",2020-09-23 22:10:00,45.16,45.2,45.1,45.19,51256
"20574",2020-09-23 22:11:00,45.18,45.34,45.18,45.32,35370
"20575",2020-09-23 22:12:00,45.33,45.39,45.32,45.38,12814
"20576",2020-09-23 22:13:00,45.38,45.53,45.38,45.5,29246
"20577",2020-09-23 22:14:00,45.51,45.51,45.46,45.5,12933
"20578",2020-09-23 22:15:00,45.49,45.58,45.47,45.52,32530
"20579",2020-09-23 22:16:00,45.52,45.53,45.45,45.46,11833
"20580",2020-09-23 22:17:00,45.47,45.47,45.4,45.47,18163
"20581",2020-09-23 22:18:00,45.47,45.58,45.43,45.57,15943
"20582",2020-09-23 22:19:00,45.57,45.61,45.54,45.56,23726
"20583",2020-09-23 22:20:00,45.55,45.62,45.55,45.6,9848
"20584",2020-09-23 22:21:00,45.61,45.61,45.52,45.53,13919
"20585",2020-09-23 22:22:00,45.52,45.66,45.52,45.59,18784
"20586",2020-09-23 22:23:00,45.58,45.59,45.55,45.57,9861
"20587",2020-09-23 22:24:00,45.56,45.6,45.53,45.53,18353
"20588",2020-09-23 22:25:00,45.54,45.56,45.43,45.45,23330
"20589",2020-09-23 22:26:00,45.45,45.48,45.35,45.4,20116
"20590",2020-09-23 22:27:00,45.4,45.47,45.36,45.36,15352
"20591",2020-09-23 22:28:00,45.36,45.41,45.35,45.4,8259
"20592",2020-09-23 22:29:00,45.41,45.42,45.37,45.37,12025
"20593",2020-09-23 22:30:00,45.37,45.5,45.37,45.48,18640
"20594",2020-09-23 22:31:00,45.48,45.55,45.48,45.54,19498
"20595",2020-09-23 22:32:00,45.54,45.62,45.54,45.61,14503
"20596",2020-09-23 22:33:00,45.6,45.71,45.6,45.7,29398
"20597",2020-09-23 22:34:00,45.69,45.69,45.62,45.64,17181
"20598",2020-09-23 22:35:00,45.64,45.7,45.64,45.7,12162
"20599",2020-09-23 22:36:00,45.69,45.75,45.68,45.7,23838
"20600",2020-09-23 22:37:00,45.71,45.78,45.71,45.75,27065
"20601",2020-09-23 22:38:00,45.74,45.76,45.72,45.76,11454
"20602",2020-09-23 22:39:00,45.75,45.75,45.67,45.67,16419
"20603",2020-09-23 22:40:00,45.66,45.68,45.62,45.66,19586
"20604",2020-09-23 22:41:00,45.66,45.74,45.66,45.7,12092
"20605",2020-09-23 22:42:00,45.7,45.7,45.62,45.64,8571
"20606",2020-09-23 22:43:00,45.64,45.72,45.64,45.71,7825
"20607",2020-09-23 22:44:00,45.71,45.72,45.66,45.67,10266
"20608",2020-09-23 22:45:00,45.66,45.7,45.66,45.68,8187
"20609",2020-09-23 22:46:00,45.68,45.72,45.63,45.63,30265
"20610",2020-09-23 22:47:00,45.63,45.64,45.53,45.53,14062
"20611",2020-09-23 22:48:00,45.52,45.52,45.44,45.44,20851
"20612",2020-09-23 22:49:00,45.44,45.49,45.43,45.48,21481
"20613",2020-09-23 22:50:00,45.48,45.5,45.45,45.46,14730
"20614",2020-09-23 22:51:00,45.46,45.47,45.37,45.37,25232
"20615",2020-09-23 22:52:00,45.37,45.38,45.32,45.33,16568
"20616",2020-09-23 22:53:00,45.34,45.36,45.3,45.3,22454
"20617",2020-09-23 22:54:00,45.3,45.32,45.26,45.26,21487
"20618",2020-09-23 22:55:00,45.27,45.3,45.18,45.3,28801
"20619",2020-09-23 22:56:00,45.3,45.42,45.3,45.4,37773
"20620",2020-09-23 22:57:00,45.41,45.46,45.36,45.36,32511
"20621",2020-09-23 22:58:00,45.36,45.37,45.26,45.26,29509
"20622",2020-09-23 22:59:00,45.26,45.28,45.22,45.26,25757
"20623",2020-09-23 23:00:00,45.27,45.52,45.27,45.34,85154
"20624",2020-09-23 23:01:00,45.28,45.3,45.12,45.3,152
"20625",2020-09-23 23:02:00,45.34,45.36,45.34,45.36,1059
"20626",2020-09-23 23:03:00,45.36,45.36,45.34,45.34,552
"20627",2020-09-23 23:04:00,45.34,45.36,45.33,45.34,9683
"20628",2020-09-23 23:05:00,45.34,45.34,45.34,45.34,435
"20629",2020-09-23 23:06:00,45.35,45.35,45.34,45.34,317
"20630",2020-09-23 23:07:00,45.34,45.35,45.34,45.35,13
"20631",2020-09-23 23:08:00,45.34,45.34,45.34,45.34,100
"20632",2020-09-23 23:09:00,45.34,45.34,45.34,45.34,15
"20633",2020-09-23 23:10:00,45.35,45.5,45.35,45.36,590
"20634",2020-09-23 23:11:00,45.35,45.45,45.34,45.34,26
"20635",2020-09-23 23:12:00,45.45,45.45,45.35,45.35,2
"20636",2020-09-23 23:13:00,45.34,45.34,45.34,45.34,1
"20637",2020-09-23 23:14:00,45.35,45.35,45.35,45.35,73
"20638",2020-09-23 23:15:00,45.34,45.35,45.34,45.34,40
"20639",2020-09-23 23:16:00,45.34,45.36,45.34,45.36,104
"20640",2020-09-23 23:17:00,45.34,45.34,45.3,45.3,294
"20641",2020-09-23 23:18:00,45.29,45.29,45.28,45.28,11
"20642",2020-09-23 23:19:00,45.29,45.29,45.28,45.29,44
"20643",2020-09-23 23:20:00,45.29,45.31,45.29,45.31,13
"20644",2020-09-23 23:21:00,45.35,45.35,45.35,45.35,50
"20645",2020-09-23 23:22:00,45.29,45.31,45.29,45.3,14
"20646",2020-09-23 23:23:00,45.28,45.28,45.28,45.28,61
"20647",2020-09-23 23:24:00,45.28,45.28,45.22,45.25,128
"20648",2020-09-23 23:25:00,45.25,45.25,45.25,45.25,7
"20649",2020-09-23 23:26:00,45.25,45.25,45.24,45.24,60
"20650",2020-09-23 23:27:00,45.25,45.26,45.25,45.26,22
"20651",2020-09-23 23:28:00,45.33,45.35,45.33,45.35,14
"20652",2020-09-23 23:29:00,45.26,45.33,45.26,45.33,100
"20653",2020-09-23 23:30:00,45.25,45.25,45.25,45.25,17
"20654",2020-09-23 23:31:00,45.25,45.33,45.25,45.32,26
"20655",2020-09-23 23:32:00,45.31,45.33,45.24,45.33,1386
"20656",2020-09-23 23:33:00,45.32,45.33,45.32,45.32,20
"20657",2020-09-23 23:34:00,45.33,45.33,45.33,45.33,10
"20658",2020-09-23 23:35:00,45.24,45.32,45.24,45.32,14
"20659",2020-09-23 23:36:00,45.33,45.33,45.33,45.33,100
"20660",2020-09-23 23:37:00,45.22,45.22,45.22,45.22,1
"20661",2020-09-23 23:38:00,45.35,45.35,45.22,45.22,7
"20662",2020-09-23 23:45:00,45.33,45.33,45.33,45.33,3
"20663",2020-09-23 23:49:00,45.3,45.33,45.22,45.32,416
"20664",2020-09-23 23:50:00,45.32,45.32,45.22,45.22,6
"20665",2020-09-23 23:51:00,45.25,45.31,45.04,45.31,63
"20666",2020-09-23 23:52:00,45.31,45.31,45.23,45.23,4
"20667",2020-09-23 23:53:00,45.23,45.31,45.23,45.31,48
"20668",2020-09-23 23:54:00,45.29,45.29,45.29,45.29,1
"20669",2020-09-24 00:03:00,45.23,45.31,45.23,45.27,1864
"20670",2020-09-24 00:04:00,45.27,45.27,45.21,45.21,405
"20671",2020-09-24 00:06:00,45.21,45.21,45.21,45.21,359
"20672",2020-09-24 00:08:00,45.23,45.23,45.23,45.23,10
"20673",2020-09-24 00:09:00,45.22,45.22,45.22,45.22,2
"20674",2020-09-24 00:10:00,45.2,45.2,45.2,45.2,1
"20675",2020-09-24 00:11:00,45.1,45.15,45.1,45.15,2
"20676",2020-09-24 00:12:00,45.18,45.18,45.18,45.18,3
"20677",2020-09-24 00:14:00,45.09,45.09,45.09,45.09,4
"20678",2020-09-24 00:15:00,45.09,45.09,45.09,45.09,1
"20679",2020-09-24 00:17:00,45.09,45.12,45.09,45.09,39
"20680",2020-09-24 00:18:00,45.18,45.23,45.07,45.23,16
"20681",2020-09-24 00:19:00,45.1,45.2,45.1,45.2,2
"20682",2020-09-24 00:20:00,45.11,45.2,45.01,45.01,1455
"20683",2020-09-24 00:21:00,45.05,45.15,45.01,45.15,182
"20684",2020-09-24 00:22:00,45.07,45.07,45.07,45.07,10
"20685",2020-09-24 00:24:00,45.24,45.24,45.24,45.24,1
"20686",2020-09-24 00:26:00,45.2,45.2,45.1,45.1,2
"20687",2020-09-24 00:27:00,45.2,45.2,45.2,45.2,2
"20688",2020-09-24 00:29:00,45.11,45.11,45.11,45.11,15
"20689",2020-09-24 00:30:00,45.11,45.11,45.11,45.11,3
"20690",2020-09-24 00:31:00,45.11,45.11,45.11,45.11,90
"20691",2020-09-24 00:32:00,45.11,45.11,45.11,45.11,3
"20692",2020-09-24 00:33:00,45.11,45.15,45.11,45.15,6
"20693",2020-09-24 00:34:00,45.15,45.15,45.15,45.15,199
"20694",2020-09-24 00:36:00,45.2,45.2,45.15,45.15,54
"20695",2020-09-24 00:37:00,45.2,45.2,45.2,45.2,1
"20696",2020-09-24 00:39:00,45.21,45.21,45.2,45.2,259
"20697",2020-09-24 00:40:00,45.2,45.23,45.2,45.23,42
"20698",2020-09-24 00:41:00,45.11,45.25,45.07,45.22,101
"20699",2020-09-24 00:43:00,45.27,45.27,45.15,45.19,507
"20700",2020-09-24 00:44:00,45.19,45.27,45.15,45.23,100
"20701",2020-09-24 00:45:00,45.23,45.23,45.15,45.15,16
"20702",2020-09-24 00:48:00,45.22,45.22,45.22,45.22,2
"20703",2020-09-24 00:49:00,45.19,45.19,45.19,45.19,1
"20704",2020-09-24 00:50:00,45.16,45.16,45.1,45.11,523
"20705",2020-09-24 00:52:00,45.05,45.05,45.03,45.03,324
"20706",2020-09-24 00:53:00,45.03,45.07,45.01,45.07,2306
"20707",2020-09-24 00:54:00,45.03,45.15,45.03,45.15,146
"20708",2020-09-24 00:55:00,45.03,45.07,45.03,45.07,25
"20709",2020-09-24 00:56:00,45.03,45.15,45.03,45.15,122
"20710",2020-09-24 00:57:00,45.05,45.15,45.05,45.05,3
"20711",2020-09-24 00:58:00,45.04,45.04,45.04,45.04,5
"20712",2020-09-24 00:59:00,45.15,45.15,45.15,45.15,1
"20713",2020-09-24 01:00:00,45.16,45.16,45.16,45.16,4
"20714",2020-09-24 01:04:00,45.2,45.2,45.2,45.2,1
"20715",2020-09-24 01:06:00,45.1,45.22,45.1,45.1,37
"20716",2020-09-24 01:07:00,45.2,45.2,45.2,45.2,2
"20717",2020-09-24 01:10:00,45.2,45.2,45.2,45.2,1
"20718",2020-09-24 01:12:00,45.1,45.25,45.1,45.25,555
"20719",2020-09-24 01:13:00,45.22,45.22,45.15,45.15,87
"20720",2020-09-24 01:14:00,45.1,45.1,45.08,45.08,99
"20721",2020-09-24 01:16:00,45.2,45.2,45.2,45.2,1
"20722",2020-09-24 01:20:00,45.2,45.22,45.1,45.22,107
"20723",2020-09-24 01:25:00,45.19,45.19,45.19,45.19,59
"20724",2020-09-24 01:29:00,45.15,45.15,45.15,45.15,18
"20725",2020-09-24 01:30:00,45.15,45.23,45.15,45.23,311
"20726",2020-09-24 01:33:00,45.1,45.1,45.1,45.1,4
"20727",2020-09-24 01:34:00,45.16,45.19,45.16,45.19,241
"20728",2020-09-24 01:35:00,45.1,45.1,45.1,45.1,1
"20729",2020-09-24 01:38:00,45.1,45.1,45.1,45.1,1
"20730",2020-09-24 10:01:00,44.74,45,44.27,44.32,426
"20731",2020-09-24 10:02:00,44.6,44.6,44.27,44.32,43
"20732",2020-09-24 10:03:00,43.93,44.32,43.93,44.32,107
"20733",2020-09-24 10:04:00,44.01,44.32,44.01,44.01,26
"20734",2020-09-24 10:05:00,44.01,44.49,44.01,44.02,70
"20735",2020-09-24 10:06:00,44.44,44.6,44.44,44.45,15
"20736",2020-09-24 10:07:00,44.46,44.46,44.46,44.46,1
"20737",2020-09-24 10:08:00,44.6,44.6,44.46,44.6,10
"20738",2020-09-24 10:09:00,44.6,44.6,44.42,44.42,355
"20739",2020-09-24 10:10:00,44.42,44.42,44.42,44.42,3
"20740",2020-09-24 10:11:00,44.42,44.43,44.42,44.43,6
"20741",2020-09-24 10:12:00,44.6,44.82,44.6,44.82,41
"20742",2020-09-24 10:13:00,44.43,44.43,44.43,44.43,2
"20743",2020-09-24 10:14:00,44.43,44.82,44.43,44.82,55
"20744",2020-09-24 10:17:00,44.44,44.44,44.42,44.42,3
"20745",2020-09-24 10:18:00,44.4,44.4,44.4,44.4,200
"20746",2020-09-24 10:19:00,44.42,44.42,44.42,44.42,1
"20747",2020-09-24 10:21:00,44.42,44.42,44.41,44.41,3
"20748",2020-09-24 10:22:00,44.42,44.42,44.42,44.42,2
"20749",2020-09-24 10:23:00,44.77,44.77,44.42,44.42,11
"20750",2020-09-24 10:26:00,44.42,44.42,44.39,44.39,101
"20751",2020-09-24 10:28:00,44.4,44.4,44.39,44.39,16
"20752",2020-09-24 10:30:00,44.73,44.74,44.73,44.74,6
"20753",2020-09-24 10:32:00,44.74,44.74,44.68,44.74,15
"20754",2020-09-24 10:35:00,44.43,44.43,44.43,44.43,1
"20755",2020-09-24 10:36:00,44.44,44.69,44.4,44.69,66
"20756",2020-09-24 10:38:00,44.41,44.43,44.41,44.42,22
"20757",2020-09-24 10:42:00,44.46,44.46,44.46,44.46,303
"20758",2020-09-24 10:44:00,44.46,44.46,44.46,44.46,8
"20759",2020-09-24 10:50:00,44.46,44.46,44.46,44.46,5
"20760",2020-09-24 10:51:00,44.45,44.45,44.45,44.45,25
"20761",2020-09-24 10:55:00,44.46,44.46,44.46,44.46,1
"20762",2020-09-24 10:56:00,44.46,44.46,44.45,44.45,61
"20763",2020-09-24 10:57:00,44.45,44.45,44.45,44.45,2
"20764",2020-09-24 10:59:00,44.5,44.7,44.45,44.47,218
"20765",2020-09-24 11:00:00,44.69,44.7,44.69,44.7,5
"20766",2020-09-24 11:02:00,44.48,44.5,44.48,44.5,69
"20767",2020-09-24 11:03:00,44.7,44.7,44.7,44.7,100
"20768",2020-09-24 11:04:00,44.69,44.69,44.69,44.69,1
"20769",2020-09-24 11:07:00,44.69,44.69,44.69,44.69,6
"20770",2020-09-24 11:08:00,44.69,44.69,44.69,44.69,30
"20771",2020-09-24 11:10:00,44.69,44.69,44.69,44.69,42
"20772",2020-09-24 11:11:00,44.7,44.73,44.7,44.73,234
"20773",2020-09-24 11:12:00,44.69,44.69,44.69,44.69,71
"20774",2020-09-24 11:14:00,44.63,44.73,44.63,44.73,3
"20775",2020-09-24 11:16:00,44.73,44.75,44.73,44.75,15
"20776",2020-09-24 11:19:00,44.64,44.84,44.64,44.84,18
"20777",2020-09-24 11:24:00,44.65,44.65,44.65,44.65,1
"20778",2020-09-24 11:28:00,44.78,44.78,44.78,44.78,1
"20779",2020-09-24 11:29:00,44.64,44.73,44.62,44.73,10
"20780",2020-09-24 11:30:00,44.79,44.79,44.79,44.79,2
"20781",2020-09-24 11:31:00,44.62,44.62,44.57,44.57,8
"20782",2020-09-24 11:32:00,44.59,44.59,44.59,44.59,2
"20783",2020-09-24 11:36:00,44.57,44.57,44.57,44.57,1
"20784",2020-09-24 11:38:00,44.53,44.73,44.53,44.73,5
"20785",2020-09-24 11:40:00,44.73,44.8,44.73,44.8,10
"20786",2020-09-24 11:41:00,44.79,44.8,44.79,44.8,3
"20787",2020-09-24 11:44:00,44.79,44.79,44.79,44.79,1
"20788",2020-09-24 11:45:00,44.8,44.8,44.8,44.8,10
"20789",2020-09-24 11:48:00,44.73,44.73,44.73,44.73,2
"20790",2020-09-24 11:51:00,44.73,44.73,44.73,44.73,4
"20791",2020-09-24 11:52:00,44.73,44.73,44.73,44.73,3
"20792",2020-09-24 11:54:00,44.73,44.73,44.5,44.5,30
"20793",2020-09-24 11:59:00,44.59,44.59,44.59,44.59,1
"20794",2020-09-24 12:00:00,44.62,44.62,44.62,44.62,20
"20795",2020-09-24 12:01:00,44.61,44.61,44.61,44.61,41
"20796",2020-09-24 12:08:00,44.73,44.73,44.72,44.73,289
"20797",2020-09-24 12:09:00,44.61,44.61,44.61,44.61,1
"20798",2020-09-24 12:11:00,44.6,44.6,44.6,44.6,1
"20799",2020-09-24 12:16:00,44.61,44.61,44.6,44.6,4
"20800",2020-09-24 12:17:00,44.6,44.6,44.6,44.6,8
"20801",2020-09-24 12:18:00,44.6,44.6,44.6,44.6,1
"20802",2020-09-24 12:21:00,44.65,44.65,44.65,44.65,2
"20803",2020-09-24 12:26:00,44.7,44.8,44.7,44.8,162
"20804",2020-09-24 12:30:00,44.83,44.85,44.83,44.85,2
"20805",2020-09-24 12:31:00,44.85,44.85,44.85,44.85,15
"20806",2020-09-24 12:32:00,44.83,44.83,44.83,44.83,1
"20807",2020-09-24 12:33:00,44.83,44.85,44.83,44.85,65
"20808",2020-09-24 12:36:00,44.85,44.85,44.83,44.83,18
"20809",2020-09-24 12:37:00,44.83,44.83,44.83,44.83,1
"20810",2020-09-24 12:44:00,44.83,44.83,44.83,44.83,2
"20811",2020-09-24 12:49:00,44.83,44.83,44.8,44.8,7
"20812",2020-09-24 12:58:00,44.8,44.8,44.8,44.8,1
"20813",2020-09-24 12:59:00,44.81,44.81,44.8,44.8,16
"20814",2020-09-24 13:00:00,44.72,44.72,44.72,44.72,17
"20815",2020-09-24 13:01:00,44.62,44.78,44.62,44.78,5
"20816",2020-09-24 13:04:00,44.81,44.81,44.81,44.81,118
"20817",2020-09-24 13:09:00,44.79,44.79,44.79,44.79,9
"20818",2020-09-24 13:10:00,44.8,44.8,44.8,44.8,10
"20819",2020-09-24 13:11:00,44.88,44.9,44.88,44.9,20
"20820",2020-09-24 13:14:00,44.9,44.9,44.9,44.9,1
"20821",2020-09-24 13:18:00,44.82,44.82,44.82,44.82,5
"20822",2020-09-24 13:21:00,44.81,44.81,44.81,44.81,1
"20823",2020-09-24 13:23:00,44.86,44.86,44.86,44.86,3
"20824",2020-09-24 13:24:00,44.86,44.86,44.81,44.81,70
"20825",2020-09-24 13:32:00,44.81,44.81,44.81,44.81,1
"20826",2020-09-24 13:33:00,44.86,44.86,44.86,44.86,5
"20827",2020-09-24 13:34:00,44.86,44.86,44.86,44.86,1
"20828",2020-09-24 13:36:00,44.81,44.81,44.81,44.81,1
"20829",2020-09-24 13:38:00,44.86,44.86,44.86,44.86,12
"20830",2020-09-24 13:40:00,44.92,44.94,44.92,44.94,38
"20831",2020-09-24 13:41:00,44.95,45,44.95,45,33
"20832",2020-09-24 13:42:00,45.02,45.05,45.02,45.05,2172
"20833",2020-09-24 13:43:00,45.05,45.06,45.05,45.06,82
"20834",2020-09-24 13:44:00,45.05,45.06,45.05,45.06,176
"20835",2020-09-24 13:47:00,45.05,45.05,45.05,45.05,76
"20836",2020-09-24 13:48:00,45.05,45.05,45.05,45.05,1549
"20837",2020-09-24 13:49:00,45.05,45.05,44.65,45.03,60
"20838",2020-09-24 13:51:00,45,45,44.97,44.97,4
"20839",2020-09-24 13:59:00,44.86,44.86,44.86,44.86,1
"20840",2020-09-24 14:00:00,44.86,44.86,44.86,44.86,1
"20841",2020-09-24 14:01:00,44.9,45.01,44.9,45.01,105
"20842",2020-09-24 14:02:00,45.05,45.05,44.97,44.97,15
"20843",2020-09-24 14:05:00,45.12,45.13,45.12,45.13,44
"20844",2020-09-24 14:07:00,45.06,45.06,45.06,45.06,3
"20845",2020-09-24 14:08:00,45.06,45.06,45.06,45.06,2
"20846",2020-09-24 14:13:00,45.19,45.19,45.19,45.19,2
"20847",2020-09-24 14:15:00,45.19,45.19,45.19,45.19,7
"20848",2020-09-24 14:18:00,45.07,45.07,45.07,45.07,1
"20849",2020-09-24 14:19:00,45.07,45.07,45.07,45.07,1
"20850",2020-09-24 14:20:00,45.06,45.14,45.06,45.14,2
"20851",2020-09-24 14:21:00,45.15,45.15,45.15,45.15,2
"20852",2020-09-24 14:24:00,45.15,45.15,45.07,45.07,5
"20853",2020-09-24 14:32:00,45.13,45.17,45.03,45.03,579
"20854",2020-09-24 14:33:00,45.14,45.14,45.14,45.14,5
"20855",2020-09-24 14:34:00,45.15,45.15,45.14,45.14,2
"20856",2020-09-24 14:35:00,45.15,45.16,45.15,45.16,2
"20857",2020-09-24 14:36:00,45.16,45.16,45.1,45.1,3
"20858",2020-09-24 14:37:00,45.1,45.1,45.1,45.1,1
"20859",2020-09-24 14:38:00,45.09,45.09,45.09,45.09,6
"20860",2020-09-24 14:39:00,45.13,45.13,45.1,45.1,1000
"20861",2020-09-24 14:40:00,45.1,45.17,45.1,45.17,73
"20862",2020-09-24 14:42:00,45.12,45.14,45.12,45.14,10
"20863",2020-09-24 14:43:00,45.1,45.1,45.1,45.1,2
"20864",2020-09-24 14:44:00,45.09,45.09,45.09,45.09,27
"20865",2020-09-24 14:45:00,45.11,45.12,45.06,45.06,211
"20866",2020-09-24 14:48:00,45.14,45.14,45.14,45.14,21
"20867",2020-09-24 14:49:00,45.14,45.14,45.11,45.11,117
"20868",2020-09-24 14:50:00,45.11,45.11,45.1,45.1,177
"20869",2020-09-24 14:52:00,45.05,45.05,45.05,45.05,1
"20870",2020-09-24 14:53:00,45,45,45,45,65
"20871",2020-09-24 14:56:00,44.96,44.96,44.91,44.96,114
"20872",2020-09-24 14:58:00,44.9,44.9,44.87,44.88,12
"20873",2020-09-24 14:59:00,44.9,44.9,44.9,44.9,1
"20874",2020-09-24 15:01:00,44.9,44.9,44.9,44.9,3
"20875",2020-09-24 15:04:00,44.82,44.86,44.82,44.84,647
"20876",2020-09-24 15:05:00,44.84,44.84,44.82,44.82,796
"20877",2020-09-24 15:06:00,44.82,44.99,44.82,44.95,176
"20878",2020-09-24 15:07:00,44.95,44.97,44.95,44.97,177
"20879",2020-09-24 15:08:00,44.77,44.78,44.77,44.78,648
"20880",2020-09-24 15:09:00,44.98,44.98,44.98,44.98,1
"20881",2020-09-24 15:10:00,44.78,44.89,44.6,44.89,820
"20882",2020-09-24 15:11:00,44.88,44.89,44.88,44.89,174
"20883",2020-09-24 15:12:00,44.81,44.87,44.78,44.87,410
"20884",2020-09-24 15:13:00,44.77,44.77,44.77,44.77,50
"20885",2020-09-24 15:14:00,44.79,44.79,44.77,44.77,51
"20886",2020-09-24 15:15:00,44.79,44.79,44.79,44.79,1
"20887",2020-09-24 15:16:00,44.84,44.84,44.82,44.82,8
"20888",2020-09-24 15:18:00,44.77,44.83,44.75,44.83,99
"20889",2020-09-24 15:21:00,44.72,44.72,44.72,44.72,25
"20890",2020-09-24 15:24:00,44.71,44.71,44.71,44.71,1
"20891",2020-09-24 15:25:00,44.76,44.76,44.76,44.76,2
"20892",2020-09-24 15:27:00,44.77,44.89,44.77,44.89,201
"20893",2020-09-24 15:28:00,44.87,44.87,44.86,44.86,101
"20894",2020-09-24 15:29:00,44.9,44.9,44.9,44.9,40
"20895",2020-09-24 15:31:00,44.76,44.76,44.76,44.76,1
"20896",2020-09-24 15:32:00,44.81,44.81,44.81,44.81,150
"20897",2020-09-24 15:33:00,44.86,44.86,44.65,44.78,423
"20898",2020-09-24 15:36:00,44.76,44.76,44.76,44.76,89
"20899",2020-09-24 15:37:00,44.66,44.76,44.66,44.66,123
"20900",2020-09-24 15:38:00,44.75,44.76,44.7,44.7,275
"20901",2020-09-24 15:40:00,44.65,44.7,44.65,44.7,31
"20902",2020-09-24 15:41:00,44.67,44.69,44.65,44.66,1202
"20903",2020-09-24 15:42:00,44.65,44.65,44.58,44.58,204
"20904",2020-09-24 15:43:00,44.58,44.58,44.58,44.58,2
"20905",2020-09-24 15:44:00,44.6,44.72,44.6,44.6,2250
"20906",2020-09-24 15:47:00,44.67,44.67,44.66,44.66,11
"20907",2020-09-24 15:48:00,44.67,44.71,44.67,44.71,116
"20908",2020-09-24 15:49:00,44.72,44.74,44.72,44.74,57
"20909",2020-09-24 15:50:00,44.63,44.7,44.62,44.62,175
"20910",2020-09-24 15:53:00,44.7,44.7,44.7,44.7,1
"20911",2020-09-24 15:54:00,44.62,44.62,44.61,44.61,200
"20912",2020-09-24 15:55:00,44.66,44.66,44.62,44.62,13
"20913",2020-09-24 15:56:00,44.61,44.64,44.61,44.64,1175
"20914",2020-09-24 15:57:00,44.71,44.72,44.71,44.72,99
"20915",2020-09-24 15:58:00,44.55,44.55,44.55,44.55,98
"20916",2020-09-24 15:59:00,44.59,44.71,44.5,44.52,1098
"20917",2020-09-24 16:00:00,44.57,44.57,44.52,44.52,11
"20918",2020-09-24 16:01:00,44.55,44.55,44.55,44.55,12
"20919",2020-09-24 16:02:00,44.55,44.55,44.5,44.53,251
"20920",2020-09-24 16:03:00,44.53,44.53,44.53,44.53,50
"20921",2020-09-24 16:04:00,44.53,44.54,44.53,44.54,9
"20922",2020-09-24 16:05:00,44.53,44.53,44.52,44.52,149
"20923",2020-09-24 16:06:00,44.56,44.57,44.41,44.53,603
"20924",2020-09-24 16:07:00,44.53,44.53,44.53,44.53,2
"20925",2020-09-24 16:08:00,44.51,44.51,44.44,44.45,218
"20926",2020-09-24 16:09:00,44.45,44.45,44.45,44.45,1
"20927",2020-09-24 16:10:00,44.4,44.5,44.4,44.5,47
"20928",2020-09-24 16:11:00,44.51,44.59,44.51,44.59,125
"20929",2020-09-24 16:12:00,44.59,44.59,44.53,44.53,54
"20930",2020-09-24 16:13:00,44.57,44.67,44.56,44.63,203
"20931",2020-09-24 16:14:00,44.53,44.58,44.53,44.58,71
"20932",2020-09-24 16:15:00,44.52,44.58,44.52,44.53,144
"20933",2020-09-24 16:16:00,44.57,44.73,44.57,44.67,266
"20934",2020-09-24 16:17:00,44.67,44.67,44.66,44.66,66
"20935",2020-09-24 16:18:00,44.67,44.67,44.62,44.67,46
"20936",2020-09-24 16:19:00,44.67,44.68,44.6,44.68,220
"20937",2020-09-24 16:20:00,44.6,44.68,44.51,44.68,548
"20938",2020-09-24 16:21:00,44.64,44.64,44.64,44.64,323
"20939",2020-09-24 16:22:00,44.69,44.69,44.69,44.69,6
"20940",2020-09-24 16:23:00,44.51,44.51,44.51,44.51,3
"20941",2020-09-24 16:24:00,44.51,44.69,44.51,44.69,52
"20942",2020-09-24 16:25:00,44.62,44.62,44.51,44.57,542
"20943",2020-09-24 16:26:00,44.57,44.57,44.57,44.57,1110
"20944",2020-09-24 16:28:00,44.57,44.8,44.57,44.8,369
"20945",2020-09-24 16:29:00,44.66,44.8,44.58,44.59,555
"20946",2020-09-24 16:30:00,44.59,44.79,44.55,44.74,826
"20947",2020-09-24 16:31:00,44.69,44.78,44.58,44.76,23420
"20948",2020-09-24 16:32:00,44.79,44.97,44.78,44.81,18742
"20949",2020-09-24 16:33:00,44.8,45.05,44.8,45.03,24402
"20950",2020-09-24 16:34:00,45,45.06,44.87,44.89,32161
"20951",2020-09-24 16:35:00,44.89,44.92,44.66,44.72,36181
"20952",2020-09-24 16:36:00,44.69,44.85,44.64,44.77,17091
"20953",2020-09-24 16:37:00,44.78,44.93,44.78,44.93,14324
"20954",2020-09-24 16:38:00,44.91,44.92,44.83,44.91,15058
"20955",2020-09-24 16:39:00,44.9,44.93,44.58,44.67,23931
"20956",2020-09-24 16:40:00,44.67,44.72,44.4,44.44,21162
"20957",2020-09-24 16:41:00,44.41,44.43,44.02,44.09,54253
"20958",2020-09-24 16:42:00,44.11,44.32,44.08,44.21,35890
"20959",2020-09-24 16:43:00,44.21,44.24,44.03,44.1,42229
"20960",2020-09-24 16:44:00,44.07,44.43,44.03,44.3,44218
"20961",2020-09-24 16:45:00,44.3,44.48,44.27,44.33,17355
"20962",2020-09-24 16:46:00,44.32,44.33,44.13,44.33,27430
"20963",2020-09-24 16:47:00,44.34,44.45,44.28,44.39,19075
"20964",2020-09-24 16:48:00,44.4,44.4,44.2,44.24,14127
"20965",2020-09-24 16:49:00,44.24,44.33,44.08,44.12,44486
"20966",2020-09-24 16:50:00,44.14,44.14,43.93,43.97,43074
"20967",2020-09-24 16:51:00,43.96,44.14,43.87,44.04,45386
"20968",2020-09-24 16:52:00,44.05,44.16,44.02,44.09,26780
"20969",2020-09-24 16:53:00,44.09,44.1,43.79,43.82,32881
"20970",2020-09-24 16:54:00,43.83,44.13,43.83,44.07,25764
"20971",2020-09-24 16:55:00,44.09,44.11,43.96,43.96,28989
"20972",2020-09-24 16:56:00,43.96,44,43.94,43.96,24216
"20973",2020-09-24 16:57:00,43.99,44.03,43.87,43.89,23985
"20974",2020-09-24 16:58:00,43.89,44,43.87,43.9,13718
"20975",2020-09-24 16:59:00,43.92,43.92,43.71,43.72,20820
"20976",2020-09-24 17:00:00,43.72,43.73,43.6,43.72,17185
"20977",2020-09-24 17:01:00,43.71,43.94,43.68,43.89,27548
"20978",2020-09-24 17:02:00,43.88,44.15,43.83,44.1,30082
"20979",2020-09-24 17:03:00,44.12,44.34,44.12,44.34,20697
"20980",2020-09-24 17:04:00,44.34,44.39,44.22,44.32,19439
"20981",2020-09-24 17:05:00,44.3,44.32,44.13,44.14,15249
"20982",2020-09-24 17:06:00,44.15,44.3,44.09,44.11,24019
"20983",2020-09-24 17:07:00,44.11,44.2,44.08,44.16,12969
"20984",2020-09-24 17:08:00,44.16,44.2,44.12,44.18,15626
"20985",2020-09-24 17:09:00,44.15,44.28,44.05,44.05,15424
"20986",2020-09-24 17:10:00,44.06,44.08,43.9,43.98,27331
"20987",2020-09-24 17:11:00,43.97,43.98,43.76,43.84,22550
"20988",2020-09-24 17:12:00,43.84,43.98,43.78,43.95,16142
"20989",2020-09-24 17:13:00,43.95,44.06,43.87,44.02,23611
"20990",2020-09-24 17:14:00,44,44.02,43.8,43.8,10407
"20991",2020-09-24 17:15:00,43.8,43.92,43.74,43.83,13971
"20992",2020-09-24 17:16:00,43.83,44,43.8,43.93,27813
"20993",2020-09-24 17:17:00,43.93,44.04,43.87,44.02,40067
"20994",2020-09-24 17:18:00,44.02,44.1,44,44.08,16539
"20995",2020-09-24 17:19:00,44.06,44.06,43.86,43.86,24283
"20996",2020-09-24 17:20:00,43.87,43.92,43.74,43.85,15399
"20997",2020-09-24 17:21:00,43.85,43.85,43.63,43.64,14152
"20998",2020-09-24 17:22:00,43.63,43.69,43.38,43.47,42000
"20999",2020-09-24 17:23:00,43.46,43.54,43.45,43.51,16748
"21000",2020-09-24 17:24:00,43.51,43.57,43.4,43.48,16180
"21001",2020-09-24 17:25:00,43.48,43.53,43.34,43.36,16458
"21002",2020-09-24 17:26:00,43.37,43.45,43.37,43.42,18595
"21003",2020-09-24 17:27:00,43.42,43.48,43.38,43.38,8362
"21004",2020-09-24 17:28:00,43.36,43.42,43.32,43.34,12137
"21005",2020-09-24 17:29:00,43.33,43.33,43.23,43.24,21228
"21006",2020-09-24 17:30:00,43.26,43.28,43.15,43.17,20208
"21007",2020-09-24 17:31:00,43.17,43.17,43.02,43.03,20830
"21008",2020-09-24 17:32:00,43.03,43.16,42.67,43.02,24140
"21009",2020-09-24 17:33:00,43.01,43.13,42.95,43.13,29561
"21010",2020-09-24 17:34:00,43.13,43.15,43.02,43.06,14671
"21011",2020-09-24 17:35:00,43.06,43.09,42.98,43,24179
"21012",2020-09-24 17:36:00,43.03,43.05,42.92,42.92,11021
"21013",2020-09-24 17:37:00,42.93,43.17,42.93,43.15,23417
"21014",2020-09-24 17:38:00,43.13,43.17,43.08,43.14,13519
"21015",2020-09-24 17:39:00,43.13,43.13,42.96,43.01,14839
"21016",2020-09-24 17:40:00,42.97,43.14,42.97,43.04,7687
"21017",2020-09-24 17:41:00,43.06,43.18,43.04,43.18,9836
"21018",2020-09-24 17:42:00,43.18,43.28,43.17,43.26,16150
"21019",2020-09-24 17:43:00,43.25,43.34,43.25,43.25,19132
"21020",2020-09-24 17:44:00,43.26,43.26,43.15,43.22,6437
"21021",2020-09-24 17:45:00,43.22,43.26,43.16,43.26,3981
"21022",2020-09-24 17:46:00,43.27,43.52,43.27,43.52,15335
"21023",2020-09-24 17:47:00,43.52,43.61,43.48,43.56,10977
"21024",2020-09-24 17:48:00,43.57,43.68,43.56,43.68,9246
"21025",2020-09-24 17:49:00,43.71,43.73,43.66,43.71,12583
"21026",2020-09-24 17:50:00,43.72,43.76,43.68,43.71,8447
"21027",2020-09-24 17:51:00,43.72,43.75,43.57,43.64,11960
"21028",2020-09-24 17:52:00,43.63,43.63,43.51,43.58,8205
"21029",2020-09-24 17:53:00,43.57,43.68,43.54,43.68,5111
"21030",2020-09-24 17:54:00,43.68,43.75,43.64,43.64,7832
"21031",2020-09-24 17:55:00,43.64,43.65,43.61,43.61,5093
"21032",2020-09-24 17:56:00,43.6,43.61,43.55,43.59,5349
"21033",2020-09-24 17:57:00,43.58,43.58,43.52,43.54,5948
"21034",2020-09-24 17:58:00,43.53,43.55,43.4,43.42,11802
"21035",2020-09-24 17:59:00,43.42,43.46,43.36,43.44,9919
"21036",2020-09-24 18:00:00,43.46,43.52,43.45,43.5,6120
"21037",2020-09-24 18:01:00,43.49,43.5,43.33,43.35,11525
"21038",2020-09-24 18:02:00,43.34,43.34,43.26,43.31,9166
"21039",2020-09-24 18:03:00,43.31,43.4,43.28,43.29,5829
"21040",2020-09-24 18:04:00,43.29,43.3,43.21,43.24,7210
"21041",2020-09-24 18:05:00,43.25,43.25,43.13,43.14,9325
"21042",2020-09-24 18:06:00,43.16,43.21,43.14,43.21,6863
"21043",2020-09-24 18:07:00,43.23,43.25,43.13,43.13,6656
"21044",2020-09-24 18:08:00,43.16,43.18,43.04,43.07,7924
"21045",2020-09-24 18:09:00,43.07,43.08,42.96,42.96,12970
"21046",2020-09-24 18:10:00,42.96,43.04,42.95,43.02,7544
"21047",2020-09-24 18:11:00,43.02,43.15,43.02,43.15,7371
"21048",2020-09-24 18:12:00,43.15,43.22,43.12,43.22,3961
"21049",2020-09-24 18:13:00,43.23,43.25,43.2,43.23,7786
"21050",2020-09-24 18:14:00,43.21,43.23,43.12,43.23,4754
"21051",2020-09-24 18:15:00,43.22,43.3,43.2,43.3,7125
"21052",2020-09-24 18:16:00,43.3,43.3,43.2,43.21,3406
"21053",2020-09-24 18:17:00,43.2,43.2,43.13,43.13,9372
"21054",2020-09-24 18:18:00,43.14,43.23,43.14,43.18,5026
"21055",2020-09-24 18:19:00,43.19,43.19,43.11,43.12,3340
"21056",2020-09-24 18:20:00,43.12,43.13,43.09,43.1,12443
"21057",2020-09-24 18:21:00,43.09,43.16,43.06,43.11,8165
"21058",2020-09-24 18:22:00,43.11,43.23,43.11,43.14,9769
"21059",2020-09-24 18:23:00,43.14,43.23,43.14,43.23,5217
"21060",2020-09-24 18:24:00,43.25,43.34,43.25,43.29,4307
"21061",2020-09-24 18:25:00,43.28,43.29,43.26,43.27,1404
"21062",2020-09-24 18:26:00,43.26,43.38,43.25,43.38,7632
"21063",2020-09-24 18:27:00,43.39,43.41,43.35,43.41,6124
"21064",2020-09-24 18:28:00,43.42,43.42,43.35,43.35,5011
"21065",2020-09-24 18:29:00,43.35,43.35,43.23,43.25,17575
"21066",2020-09-24 18:30:00,43.25,43.27,43.23,43.25,6453
"21067",2020-09-24 18:31:00,43.24,43.28,43.23,43.25,13227
"21068",2020-09-24 18:32:00,43.24,43.26,43.14,43.25,14661
"21069",2020-09-24 18:33:00,43.25,43.3,43.25,43.3,5301
"21070",2020-09-24 18:34:00,43.3,43.38,43.28,43.36,3376
"21071",2020-09-24 18:35:00,43.35,43.42,43.32,43.41,8831
"21072",2020-09-24 18:36:00,43.4,43.49,43.38,43.44,9022
"21073",2020-09-24 18:37:00,43.45,43.47,43.42,43.43,6560
"21074",2020-09-24 18:38:00,43.44,43.49,43.39,43.49,6671
"21075",2020-09-24 18:39:00,43.5,43.53,43.5,43.5,5655
"21076",2020-09-24 18:40:00,43.49,43.49,43.43,43.47,6824
"21077",2020-09-24 18:41:00,43.48,43.51,43.48,43.48,4004
"21078",2020-09-24 18:42:00,43.51,43.58,43.5,43.56,7235
"21079",2020-09-24 18:43:00,43.55,43.58,43.54,43.54,3755
"21080",2020-09-24 18:44:00,43.52,43.54,43.48,43.5,7995
"21081",2020-09-24 18:45:00,43.51,43.52,43.46,43.52,5386
"21082",2020-09-24 18:46:00,43.52,43.56,43.49,43.51,4676
"21083",2020-09-24 18:47:00,43.51,43.51,43.42,43.42,4334
"21084",2020-09-24 18:48:00,43.41,43.41,43.31,43.35,9683
"21085",2020-09-24 18:49:00,43.36,43.38,43.34,43.35,5960
"21086",2020-09-24 18:50:00,43.34,43.37,43.32,43.37,7678
"21087",2020-09-24 18:51:00,43.36,43.45,43.36,43.44,6065
"21088",2020-09-24 18:52:00,43.44,43.46,43.44,43.45,1381
"21089",2020-09-24 18:53:00,43.46,43.49,43.46,43.46,3943
"21090",2020-09-24 18:54:00,43.46,43.47,43.44,43.44,5686
"21091",2020-09-24 18:55:00,43.45,43.52,43.45,43.46,15704
"21092",2020-09-24 18:56:00,43.47,43.49,43.45,43.48,8219
"21093",2020-09-24 18:57:00,43.49,43.58,43.49,43.58,14334
"21094",2020-09-24 18:58:00,43.58,43.65,43.57,43.64,6413
"21095",2020-09-24 18:59:00,43.62,43.69,43.6,43.69,6805
"21096",2020-09-24 19:00:00,43.69,43.7,43.68,43.7,4466
"21097",2020-09-24 19:01:00,43.7,43.73,43.6,43.69,5408
"21098",2020-09-24 19:02:00,43.7,43.76,43.69,43.75,8624
"21099",2020-09-24 19:03:00,43.77,43.79,43.72,43.72,4096
"21100",2020-09-24 19:04:00,43.71,43.73,43.7,43.73,5245
"21101",2020-09-24 19:05:00,43.73,43.77,43.73,43.75,5379
"21102",2020-09-24 19:06:00,43.75,43.82,43.75,43.82,6253
"21103",2020-09-24 19:07:00,43.82,43.87,43.8,43.81,11563
"21104",2020-09-24 19:08:00,43.82,43.88,43.78,43.88,7212
"21105",2020-09-24 19:09:00,43.87,43.87,43.8,43.8,5055
"21106",2020-09-24 19:10:00,43.81,43.85,43.79,43.83,4308
"21107",2020-09-24 19:11:00,43.82,43.83,43.74,43.74,6533
"21108",2020-09-24 19:12:00,43.74,43.76,43.73,43.75,5096
"21109",2020-09-24 19:13:00,43.74,43.76,43.73,43.75,2784
"21110",2020-09-24 19:14:00,43.75,43.76,43.66,43.68,3673
"21111",2020-09-24 19:15:00,43.69,43.7,43.67,43.67,2953
"21112",2020-09-24 19:16:00,43.67,43.74,43.66,43.74,2957
"21113",2020-09-24 19:17:00,43.74,43.75,43.73,43.74,4936
"21114",2020-09-24 19:18:00,43.73,43.73,43.63,43.63,7866
"21115",2020-09-24 19:19:00,43.63,43.67,43.56,43.57,11137
"21116",2020-09-24 19:20:00,43.57,43.59,43.56,43.56,3229
"21117",2020-09-24 19:21:00,43.56,43.65,43.56,43.59,6213
"21118",2020-09-24 19:22:00,43.59,43.59,43.46,43.51,9057
"21119",2020-09-24 19:23:00,43.5,43.51,43.46,43.48,5834
"21120",2020-09-24 19:24:00,43.48,43.49,43.44,43.49,3922
"21121",2020-09-24 19:25:00,43.5,43.5,43.44,43.45,5295
"21122",2020-09-24 19:26:00,43.45,43.54,43.45,43.54,7462
"21123",2020-09-24 19:27:00,43.54,43.6,43.54,43.59,4575
"21124",2020-09-24 19:28:00,43.59,43.62,43.59,43.59,4127
"21125",2020-09-24 19:29:00,43.58,43.59,43.54,43.55,7268
"21126",2020-09-24 19:30:00,43.54,43.57,43.51,43.51,8324
"21127",2020-09-24 19:31:00,43.53,43.53,43.44,43.44,8814
"21128",2020-09-24 19:32:00,43.44,43.47,43.42,43.44,5476
"21129",2020-09-24 19:33:00,43.44,43.44,43.34,43.34,17501
"21130",2020-09-24 19:34:00,43.34,43.34,43.23,43.23,5815
"21131",2020-09-24 19:35:00,43.23,43.27,43.2,43.21,4999
"21132",2020-09-24 19:36:00,43.21,43.26,43.2,43.25,5449
"21133",2020-09-24 19:37:00,43.25,43.32,43.24,43.3,7026
"21134",2020-09-24 19:38:00,43.3,43.33,43.28,43.29,5692
"21135",2020-09-24 19:39:00,43.29,43.29,43.16,43.17,11264
"21136",2020-09-24 19:40:00,43.17,43.21,43.17,43.18,5108
"21137",2020-09-24 19:41:00,43.18,43.2,43.16,43.18,3826
"21138",2020-09-24 19:42:00,43.2,43.22,43.19,43.19,3119
"21139",2020-09-24 19:43:00,43.2,43.21,43.17,43.18,1388
"21140",2020-09-24 19:44:00,43.18,43.25,43.18,43.25,4868
"21141",2020-09-24 19:45:00,43.25,43.26,43.23,43.26,6691
"21142",2020-09-24 19:46:00,43.25,43.27,43.25,43.26,2574
"21143",2020-09-24 19:47:00,43.26,43.34,43.26,43.34,4430
"21144",2020-09-24 19:48:00,43.34,43.35,43.32,43.34,3943
"21145",2020-09-24 19:49:00,43.34,43.34,43.29,43.31,5183
"21146",2020-09-24 19:50:00,43.31,43.33,43.3,43.31,4631
"21147",2020-09-24 19:51:00,43.32,43.33,43.31,43.31,4093
"21148",2020-09-24 19:52:00,43.3,43.31,43.27,43.3,3119
"21149",2020-09-24 19:53:00,43.29,43.3,43.24,43.24,7029
"21150",2020-09-24 19:54:00,43.23,43.25,43.16,43.18,8240
"21151",2020-09-24 19:55:00,43.19,43.2,43.19,43.2,4105
"21152",2020-09-24 19:56:00,43.21,43.24,43.2,43.22,8671
"21153",2020-09-24 19:57:00,43.21,43.27,43.2,43.27,2477
"21154",2020-09-24 19:58:00,43.27,43.33,43.27,43.33,3109
"21155",2020-09-24 19:59:00,43.32,43.37,43.32,43.36,5334
"21156",2020-09-24 20:00:00,43.37,43.4,43.36,43.38,3790
"21157",2020-09-24 20:01:00,43.37,43.41,43.36,43.37,6480
"21158",2020-09-24 20:02:00,43.36,43.36,43.28,43.28,3305
"21159",2020-09-24 20:03:00,43.27,43.32,43.26,43.31,1971
"21160",2020-09-24 20:04:00,43.31,43.34,43.3,43.32,1884
"21161",2020-09-24 20:05:00,43.34,43.39,43.32,43.37,4549
"21162",2020-09-24 20:06:00,43.37,43.37,43.32,43.32,4294
"21163",2020-09-24 20:07:00,43.34,43.36,43.32,43.32,4486
"21164",2020-09-24 20:08:00,43.31,43.37,43.31,43.34,4380
"21165",2020-09-24 20:09:00,43.33,43.34,43.28,43.29,4660
"21166",2020-09-24 20:10:00,43.29,43.33,43.29,43.32,2516
"21167",2020-09-24 20:11:00,43.31,43.36,43.3,43.35,2174
"21168",2020-09-24 20:12:00,43.36,43.44,43.36,43.44,8613
"21169",2020-09-24 20:13:00,43.45,43.49,43.45,43.47,8752
"21170",2020-09-24 20:14:00,43.46,43.47,43.44,43.47,8075
"21171",2020-09-24 20:15:00,43.46,43.46,43.4,43.41,5050
"21172",2020-09-24 20:16:00,43.42,43.48,43.42,43.45,5267
"21173",2020-09-24 20:17:00,43.45,43.55,43.45,43.54,18474
"21174",2020-09-24 20:18:00,43.54,43.57,43.52,43.56,10615
"21175",2020-09-24 20:19:00,43.54,43.54,43.46,43.49,6524
"21176",2020-09-24 20:20:00,43.49,43.49,43.4,43.4,3800
"21177",2020-09-24 20:21:00,43.41,43.45,43.41,43.43,2546
"21178",2020-09-24 20:22:00,43.43,43.43,43.4,43.43,2557
"21179",2020-09-24 20:23:00,43.43,43.43,43.38,43.38,5882
"21180",2020-09-24 20:24:00,43.38,43.4,43.36,43.4,12183
"21181",2020-09-24 20:25:00,43.4,43.48,43.4,43.44,8058
"21182",2020-09-24 20:26:00,43.44,43.49,43.44,43.49,4155
"21183",2020-09-24 20:27:00,43.49,43.58,43.49,43.56,7232
"21184",2020-09-24 20:28:00,43.57,43.65,43.57,43.62,8151
"21185",2020-09-24 20:29:00,43.61,43.61,43.58,43.59,5979
"21186",2020-09-24 20:30:00,43.59,43.59,43.54,43.58,6831
"21187",2020-09-24 20:31:00,43.6,43.63,43.58,43.58,7300
"21188",2020-09-24 20:32:00,43.57,43.6,43.56,43.56,5279
"21189",2020-09-24 20:33:00,43.56,43.61,43.56,43.59,5138
"21190",2020-09-24 20:34:00,43.59,43.59,43.52,43.56,2200
"21191",2020-09-24 20:35:00,43.56,43.58,43.54,43.54,2047
"21192",2020-09-24 20:36:00,43.52,43.52,43.47,43.47,7346
"21193",2020-09-24 20:37:00,43.47,43.55,43.47,43.52,6696
"21194",2020-09-24 20:38:00,43.54,43.54,43.51,43.51,4400
"21195",2020-09-24 20:39:00,43.51,43.57,43.51,43.56,2130
"21196",2020-09-24 20:40:00,43.55,43.6,43.55,43.6,4036
"21197",2020-09-24 20:41:00,43.58,43.61,43.58,43.6,5348
"21198",2020-09-24 20:42:00,43.61,43.61,43.57,43.57,3961
"21199",2020-09-24 20:43:00,43.57,43.57,43.55,43.55,3866
"21200",2020-09-24 20:44:00,43.54,43.54,43.5,43.51,3726
"21201",2020-09-24 20:45:00,43.52,43.56,43.52,43.54,4986
"21202",2020-09-24 20:46:00,43.53,43.56,43.5,43.55,6692
"21203",2020-09-24 20:47:00,43.56,43.58,43.54,43.56,5046
"21204",2020-09-24 20:48:00,43.55,43.55,43.48,43.49,4247
"21205",2020-09-24 20:49:00,43.5,43.51,43.4,43.4,6425
"21206",2020-09-24 20:50:00,43.4,43.4,43.31,43.31,9469
"21207",2020-09-24 20:51:00,43.32,43.33,43.3,43.31,7286
"21208",2020-09-24 20:52:00,43.31,43.32,43.24,43.27,9646
"21209",2020-09-24 20:53:00,43.27,43.32,43.27,43.32,4344
"21210",2020-09-24 20:54:00,43.31,43.32,43.27,43.3,6225
"21211",2020-09-24 20:55:00,43.29,43.29,43.25,43.27,4549
"21212",2020-09-24 20:56:00,43.26,43.27,43.21,43.24,3505
"21213",2020-09-24 20:57:00,43.24,43.27,43.21,43.22,9498
"21214",2020-09-24 20:58:00,43.23,43.25,43.17,43.19,9538
"21215",2020-09-24 20:59:00,43.2,43.2,43.16,43.16,8863
"21216",2020-09-24 21:00:00,43.15,43.15,43.08,43.12,21267
"21217",2020-09-24 21:01:00,43.14,43.18,43.06,43.08,13729
"21218",2020-09-24 21:02:00,43.08,43.13,43.08,43.1,4775
"21219",2020-09-24 21:03:00,43.11,43.13,43.08,43.13,4259
"21220",2020-09-24 21:04:00,43.13,43.14,43.1,43.11,3113
"21221",2020-09-24 21:05:00,43.1,43.16,43.09,43.14,16817
"21222",2020-09-24 21:06:00,43.14,43.19,43.12,43.18,7812
"21223",2020-09-24 21:07:00,43.19,43.22,43.19,43.2,4026
"21224",2020-09-24 21:08:00,43.21,43.29,43.21,43.28,8809
"21225",2020-09-24 21:09:00,43.29,43.36,43.29,43.36,5850
"21226",2020-09-24 21:10:00,43.35,43.38,43.35,43.38,4842
"21227",2020-09-24 21:11:00,43.37,43.4,43.33,43.34,7888
"21228",2020-09-24 21:12:00,43.36,43.38,43.34,43.35,4782
"21229",2020-09-24 21:13:00,43.36,43.39,43.34,43.36,6173
"21230",2020-09-24 21:14:00,43.36,43.4,43.36,43.36,3296
"21231",2020-09-24 21:15:00,43.35,43.41,43.34,43.41,3474
"21232",2020-09-24 21:16:00,43.41,43.41,43.36,43.39,6480
"21233",2020-09-24 21:17:00,43.39,43.43,43.39,43.41,2151
"21234",2020-09-24 21:18:00,43.4,43.4,43.32,43.34,10673
"21235",2020-09-24 21:19:00,43.34,43.34,43.2,43.21,10091
"21236",2020-09-24 21:20:00,43.2,43.23,43.17,43.21,4250
"21237",2020-09-24 21:21:00,43.22,43.23,43.19,43.23,17560
"21238",2020-09-24 21:22:00,43.23,43.27,43.22,43.22,9589
"21239",2020-09-24 21:23:00,43.22,43.31,43.22,43.31,7749
"21240",2020-09-24 21:24:00,43.3,43.3,43.28,43.28,7187
"21241",2020-09-24 21:25:00,43.29,43.34,43.29,43.32,7645
"21242",2020-09-24 21:26:00,43.31,43.31,43.23,43.29,9139
"21243",2020-09-24 21:27:00,43.31,43.37,43.31,43.34,8712
"21244",2020-09-24 21:28:00,43.33,43.34,43.3,43.33,10225
"21245",2020-09-24 21:29:00,43.34,43.35,43.33,43.33,4625
"21246",2020-09-24 21:30:00,43.33,43.34,43.28,43.28,5894
"21247",2020-09-24 21:31:00,43.3,43.31,43.26,43.28,10382
"21248",2020-09-24 21:32:00,43.27,43.31,43.26,43.3,4131
"21249",2020-09-24 21:33:00,43.3,43.32,43.29,43.31,2619
"21250",2020-09-24 21:34:00,43.31,43.32,43.3,43.3,2065
"21251",2020-09-24 21:35:00,43.3,43.35,43.28,43.32,6488
"21252",2020-09-24 21:36:00,43.31,43.33,43.3,43.31,3128
"21253",2020-09-24 21:37:00,43.31,43.32,43.24,43.26,7428
"21254",2020-09-24 21:38:00,43.27,43.36,43.26,43.36,8824
"21255",2020-09-24 21:39:00,43.35,43.35,43.32,43.35,7008
"21256",2020-09-24 21:40:00,43.35,43.43,43.35,43.43,6110
"21257",2020-09-24 21:41:00,43.44,43.45,43.41,43.44,3968
"21258",2020-09-24 21:42:00,43.45,43.47,43.44,43.47,3038
"21259",2020-09-24 21:43:00,43.47,43.47,43.45,43.47,5867
"21260",2020-09-24 21:44:00,43.47,43.5,43.46,43.47,2301
"21261",2020-09-24 21:45:00,43.47,43.47,43.43,43.44,3041
"21262",2020-09-24 21:46:00,43.43,43.46,43.34,43.34,19576
"21263",2020-09-24 21:47:00,43.34,43.41,43.34,43.39,8892
"21264",2020-09-24 21:48:00,43.39,43.41,43.38,43.39,3338
"21265",2020-09-24 21:49:00,43.37,43.38,43.29,43.3,6127
"21266",2020-09-24 21:50:00,43.28,43.28,43.23,43.23,8182
"21267",2020-09-24 21:51:00,43.22,43.27,43.21,43.26,6028
"21268",2020-09-24 21:52:00,43.26,43.26,43.18,43.18,9137
"21269",2020-09-24 21:53:00,43.18,43.19,43.13,43.13,8701
"21270",2020-09-24 21:54:00,43.13,43.17,43.13,43.17,5136
"21271",2020-09-24 21:55:00,43.16,43.19,43.14,43.19,10335
"21272",2020-09-24 21:56:00,43.19,43.21,43.17,43.2,8114
"21273",2020-09-24 21:57:00,43.2,43.26,43.19,43.2,18311
"21274",2020-09-24 21:58:00,43.2,43.26,43.2,43.24,10082
"21275",2020-09-24 21:59:00,43.23,43.24,43.2,43.21,9309
"21276",2020-09-24 22:00:00,43.21,43.24,43.14,43.16,13061
"21277",2020-09-24 22:01:00,43.16,43.25,43.16,43.22,9060
"21278",2020-09-24 22:02:00,43.21,43.24,43.15,43.15,13726
"21279",2020-09-24 22:03:00,43.16,43.16,43.13,43.15,12547
"21280",2020-09-24 22:04:00,43.15,43.16,43.1,43.12,14038
"21281",2020-09-24 22:05:00,43.11,43.14,43.1,43.12,5171
"21282",2020-09-24 22:06:00,43.13,43.2,43.13,43.17,6008
"21283",2020-09-24 22:07:00,43.15,43.15,43.09,43.15,4559
"21284",2020-09-24 22:08:00,43.15,43.16,43.12,43.12,4760
"21285",2020-09-24 22:09:00,43.11,43.13,43.09,43.12,3821
"21286",2020-09-24 22:10:00,43.12,43.17,43.12,43.15,9026
"21287",2020-09-24 22:11:00,43.15,43.16,43.1,43.12,10429
"21288",2020-09-24 22:12:00,43.12,43.14,43.1,43.1,4039
"21289",2020-09-24 22:13:00,43.11,43.18,43.1,43.18,10223
"21290",2020-09-24 22:14:00,43.18,43.19,43.15,43.15,7993
"21291",2020-09-24 22:15:00,43.14,43.23,43.14,43.2,10230
"21292",2020-09-24 22:16:00,43.2,43.2,43.12,43.17,5458
"21293",2020-09-24 22:17:00,43.18,43.28,43.18,43.27,10369
"21294",2020-09-24 22:18:00,43.26,43.3,43.26,43.26,13897
"21295",2020-09-24 22:19:00,43.26,43.29,43.19,43.19,21547
"21296",2020-09-24 22:20:00,43.2,43.22,43.11,43.12,6985
"21297",2020-09-24 22:21:00,43.11,43.15,42.98,42.99,14086
"21298",2020-09-24 22:22:00,43.01,43.02,42.92,42.94,9503
"21299",2020-09-24 22:23:00,42.94,42.96,42.89,42.93,20530
"21300",2020-09-24 22:24:00,42.93,42.99,42.93,42.95,9472
"21301",2020-09-24 22:25:00,42.95,42.97,42.93,42.96,3381
"21302",2020-09-24 22:26:00,42.95,42.99,42.94,42.97,11288
"21303",2020-09-24 22:27:00,42.97,43,42.91,42.94,10022
"21304",2020-09-24 22:28:00,42.95,42.95,42.9,42.9,5933
"21305",2020-09-24 22:29:00,42.89,43,42.88,42.94,10488
"21306",2020-09-24 22:30:00,42.94,42.95,42.91,42.94,6908
"21307",2020-09-24 22:31:00,42.93,42.94,42.88,42.89,7174
"21308",2020-09-24 22:32:00,42.89,42.89,42.79,42.81,8608
"21309",2020-09-24 22:33:00,42.81,42.82,42.78,42.81,10628
"21310",2020-09-24 22:34:00,42.8,42.86,42.78,42.78,20768
"21311",2020-09-24 22:35:00,42.78,42.81,42.78,42.78,15608
"21312",2020-09-24 22:36:00,42.77,42.78,42.66,42.68,27340
"21313",2020-09-24 22:37:00,42.68,42.74,42.66,42.69,13189
"21314",2020-09-24 22:38:00,42.69,42.75,42.66,42.75,7248
"21315",2020-09-24 22:39:00,42.75,42.87,42.75,42.87,9476
"21316",2020-09-24 22:40:00,42.87,42.95,42.86,42.95,21486
"21317",2020-09-24 22:41:00,42.94,43.08,42.9,43.08,21736
"21318",2020-09-24 22:42:00,43.08,43.18,43.05,43.05,23434
"21319",2020-09-24 22:43:00,43.05,43.06,43.01,43.03,9526
"21320",2020-09-24 22:44:00,43.03,43.03,42.95,43.01,13470
"21321",2020-09-24 22:45:00,43.01,43.03,42.97,42.99,7854
"21322",2020-09-24 22:46:00,42.99,43.08,42.99,43.08,11345
"21323",2020-09-24 22:47:00,43.07,43.09,43.06,43.09,7668
"21324",2020-09-24 22:48:00,43.09,43.16,43.08,43.08,13131
"21325",2020-09-24 22:49:00,43.08,43.08,42.99,42.99,12329
"21326",2020-09-24 22:50:00,42.98,42.99,42.92,42.92,17025
"21327",2020-09-24 22:51:00,42.93,43,42.91,43,17379
"21328",2020-09-24 22:52:00,43,43.02,42.93,42.97,19023
"21329",2020-09-24 22:53:00,42.96,43.02,42.94,43.02,16982
"21330",2020-09-24 22:54:00,43.02,43.03,42.98,43.02,13159
"21331",2020-09-24 22:55:00,43.02,43.1,42.98,43.1,16633
"21332",2020-09-24 22:56:00,43.1,43.16,43.06,43.06,42814
"21333",2020-09-24 22:57:00,43.06,43.13,43.04,43.12,21569
"21334",2020-09-24 22:58:00,43.11,43.13,43.08,43.1,21337
"21335",2020-09-24 22:59:00,43.1,43.1,43.05,43.09,21626
"21336",2020-09-24 23:00:00,43.09,43.16,43.08,43.13,54544
"21337",2020-09-24 23:01:00,43.16,43.17,42.93,42.93,275
"21338",2020-09-24 23:02:00,43.13,43.13,43.13,43.13,3
"21339",2020-09-24 23:04:00,43.14,43.16,43.14,43.16,5478
"21340",2020-09-24 23:05:00,43.15,43.15,43.15,43.15,100
"21341",2020-09-24 23:06:00,43.15,43.15,43.15,43.15,100
"21342",2020-09-24 23:08:00,43.13,43.14,43.13,43.14,52
"21343",2020-09-24 23:09:00,43.14,43.14,43.13,43.13,300
"21344",2020-09-24 23:10:00,43.13,43.13,43.13,43.13,100
"21345",2020-09-24 23:12:00,43.13,43.13,43.13,43.13,105
"21346",2020-09-24 23:16:00,43.15,43.15,43.13,43.13,601
"21347",2020-09-24 23:17:00,43.13,43.13,43.13,43.13,300
"21348",2020-09-24 23:18:00,43.13,43.13,43.13,43.13,100
"21349",2020-09-24 23:20:00,43.13,43.13,43.13,43.13,392
"21350",2020-09-24 23:24:00,43.14,43.14,43.14,43.14,22
"21351",2020-09-24 23:27:00,43.14,43.14,43.13,43.13,31
"21352",2020-09-24 23:30:00,43.13,43.13,43.13,43.13,311
"21353",2020-09-24 23:32:00,43.14,43.14,43.14,43.14,277
"21354",2020-09-24 23:33:00,43.14,43.14,43.14,43.14,7
"21355",2020-09-24 23:34:00,43.14,43.14,43.14,43.14,8
"21356",2020-09-24 23:37:00,43.14,43.14,43.14,43.14,1
"21357",2020-09-24 23:44:00,43.15,43.15,43.15,43.15,73
"21358",2020-09-24 23:48:00,43.3,43.3,43.14,43.14,13
"21359",2020-09-24 23:50:00,43.3,43.3,43.3,43.3,1
"21360",2020-09-24 23:51:00,43.15,43.15,43.15,43.15,48
"21361",2020-09-24 23:54:00,43.14,43.14,43.14,43.14,1
"21362",2020-09-24 23:57:00,43.3,43.3,43.3,43.3,5
"21363",2020-09-24 23:59:00,43.17,43.17,43.17,43.17,5
"21364",2020-09-25 00:00:00,43.3,43.3,43.3,43.3,20
"21365",2020-09-25 00:03:00,43.17,43.17,43.17,43.17,40
"21366",2020-09-25 00:04:00,43.17,43.17,43.17,43.17,1
"21367",2020-09-25 00:05:00,43.17,43.17,43.17,43.17,14
"21368",2020-09-25 00:09:00,43.3,43.3,43.3,43.3,10
"21369",2020-09-25 00:11:00,43.2,43.2,43.2,43.2,14
"21370",2020-09-25 00:33:00,43.17,43.17,43.17,43.17,7
"21371",2020-09-25 00:59:00,43.25,43.25,43.25,43.25,2
"21372",2020-09-25 01:10:00,43.21,43.21,43.21,43.21,50
"21373",2020-09-25 01:11:00,43.29,43.29,43.29,43.29,90
"21374",2020-09-25 01:13:00,43.29,43.3,43.29,43.3,510
"21375",2020-09-25 01:18:00,43.3,43.3,43.3,43.3,100
"21376",2020-09-25 01:30:00,43.3,43.3,43.3,43.3,2
"21377",2020-09-25 01:38:00,43.3,43.3,43.3,43.3,10
"21378",2020-09-25 01:39:00,43.34,43.34,43.34,43.34,1
"21379",2020-09-25 10:01:00,43.86,43.86,43.6,43.6,252
"21380",2020-09-25 10:02:00,43.6,43.86,43.6,43.6,429
"21381",2020-09-25 10:03:00,43.86,43.86,43.85,43.85,430
"21382",2020-09-25 10:06:00,43.74,43.74,43.74,43.74,1
"21383",2020-09-25 10:07:00,43.7,43.72,43.7,43.7,4
"21384",2020-09-25 10:08:00,43.73,43.73,43.7,43.72,15
"21385",2020-09-25 10:11:00,43.7,43.7,43.54,43.54,20
"21386",2020-09-25 10:13:00,43.72,43.72,43.55,43.55,20
"21387",2020-09-25 10:16:00,43.56,43.56,43.56,43.56,2
"21388",2020-09-25 10:17:00,43.57,43.7,43.55,43.55,30
"21389",2020-09-25 10:20:00,43.7,43.7,43.57,43.57,101
"21390",2020-09-25 10:21:00,43.57,43.57,43.57,43.57,15
"21391",2020-09-25 10:26:00,43.57,43.57,43.57,43.57,1
"21392",2020-09-25 10:31:00,43.68,43.68,43.57,43.57,2
"21393",2020-09-25 10:33:00,43.68,43.68,43.68,43.68,3
"21394",2020-09-25 10:34:00,43.68,43.68,43.68,43.68,6
"21395",2020-09-25 10:37:00,43.68,43.68,43.68,43.68,2
"21396",2020-09-25 10:39:00,43.68,43.68,43.68,43.68,7
"21397",2020-09-25 10:41:00,43.68,43.68,43.68,43.68,1
"21398",2020-09-25 10:42:00,43.68,43.68,43.68,43.68,1
"21399",2020-09-25 10:45:00,43.67,43.68,43.67,43.68,3
"21400",2020-09-25 10:47:00,43.68,43.68,43.68,43.68,9
"21401",2020-09-25 10:53:00,43.68,43.68,43.68,43.68,5
"21402",2020-09-25 10:54:00,43.65,43.65,43.65,43.65,1
"21403",2020-09-25 10:56:00,43.6,43.6,43.6,43.6,14
"21404",2020-09-25 10:59:00,43.57,43.57,43.57,43.57,1
"21405",2020-09-25 11:00:00,43.57,43.57,43.57,43.57,1
"21406",2020-09-25 11:01:00,43.56,43.56,43.48,43.49,77
"21407",2020-09-25 11:08:00,43.25,43.25,43.25,43.25,2
"21408",2020-09-25 11:09:00,43.25,43.25,43.25,43.25,2
"21409",2020-09-25 11:11:00,43.24,43.24,43.24,43.24,53
"21410",2020-09-25 11:13:00,43.11,43.11,43.11,43.11,6
"21411",2020-09-25 11:16:00,43.23,43.23,43.23,43.23,1
"21412",2020-09-25 11:17:00,43.11,43.11,43.11,43.11,6
"21413",2020-09-25 11:18:00,43.11,43.11,43.11,43.11,2
"21414",2020-09-25 11:21:00,43.12,43.12,43.12,43.12,1
"21415",2020-09-25 11:22:00,43.24,43.24,43.24,43.24,1
"21416",2020-09-25 11:27:00,43.12,43.12,43.12,43.12,1
"21417",2020-09-25 11:35:00,43.23,43.23,43.23,43.23,5
"21418",2020-09-25 11:41:00,43.13,43.13,43.13,43.13,2
"21419",2020-09-25 11:42:00,43.13,43.13,43.13,43.13,32
"21420",2020-09-25 11:43:00,43.22,43.23,43.22,43.23,10
"21421",2020-09-25 11:52:00,43.14,43.14,43.14,43.14,51
"21422",2020-09-25 11:54:00,43.14,43.14,43.14,43.14,29
"21423",2020-09-25 11:57:00,43.12,43.12,43.12,43.12,1
"21424",2020-09-25 11:58:00,43.22,43.22,43.22,43.22,1
"21425",2020-09-25 11:59:00,43.13,43.22,43.13,43.22,2
"21426",2020-09-25 12:00:00,43.13,43.13,43.13,43.13,1
"21427",2020-09-25 12:19:00,43.15,43.15,43.15,43.15,2
"21428",2020-09-25 12:23:00,43.16,43.16,43.16,43.16,2
"21429",2020-09-25 12:27:00,43.15,43.15,43.15,43.15,2
"21430",2020-09-25 12:28:00,43.22,43.23,43.15,43.15,18
"21431",2020-09-25 12:29:00,43.23,43.23,43.23,43.23,4
"21432",2020-09-25 12:31:00,43.23,43.23,43.23,43.23,2
"21433",2020-09-25 12:32:00,43.17,43.17,43.17,43.17,1
"21434",2020-09-25 12:33:00,43.15,43.15,43.15,43.15,1
"21435",2020-09-25 12:44:00,43.15,43.15,43.15,43.15,17
"21436",2020-09-25 12:46:00,43.15,43.15,43.11,43.11,29
"21437",2020-09-25 12:47:00,43.2,43.21,43.2,43.21,20
"21438",2020-09-25 12:48:00,43.06,43.06,43.05,43.05,300
"21439",2020-09-25 12:51:00,43.22,43.22,43.22,43.22,3
"21440",2020-09-25 13:02:00,43.06,43.06,43.05,43.05,6
"21441",2020-09-25 13:04:00,43.13,43.13,43.13,43.13,10
"21442",2020-09-25 13:07:00,43.02,43.02,43.02,43.02,20
"21443",2020-09-25 13:08:00,43.13,43.13,43.13,43.13,1
"21444",2020-09-25 13:10:00,43.01,43.01,43.01,43.01,7
"21445",2020-09-25 13:13:00,43.12,43.12,43.12,43.12,1
"21446",2020-09-25 13:15:00,43.11,43.11,43.11,43.11,1
"21447",2020-09-25 13:26:00,43,43,43,43,11
"21448",2020-09-25 13:31:00,43.07,43.07,43.07,43.07,1
"21449",2020-09-25 13:38:00,43.01,43.01,43,43,10
"21450",2020-09-25 13:43:00,43,43,43,43,1
"21451",2020-09-25 13:45:00,43,43,43,43,1
"21452",2020-09-25 13:52:00,43.04,43.04,43.04,43.04,178
"21453",2020-09-25 13:53:00,43,43,43,43,28
"21454",2020-09-25 13:56:00,43,43,43,43,10
"21455",2020-09-25 13:59:00,43,43,43,43,13
"21456",2020-09-25 14:01:00,43,43,43,43,77
"21457",2020-09-25 14:05:00,42.96,42.96,42.96,42.96,1
"21458",2020-09-25 14:08:00,42.8,42.99,42.8,42.99,3
"21459",2020-09-25 14:13:00,42.97,43.04,42.96,43.04,22
"21460",2020-09-25 14:20:00,43.09,43.09,43.09,43.09,2
"21461",2020-09-25 14:22:00,42.99,42.99,42.99,42.99,22
"21462",2020-09-25 14:27:00,42.96,42.96,42.96,42.96,4
"21463",2020-09-25 14:32:00,42.98,42.98,42.98,42.98,9
"21464",2020-09-25 14:34:00,42.98,42.98,42.94,42.94,10
"21465",2020-09-25 14:39:00,43.09,43.09,43.09,43.09,2
"21466",2020-09-25 14:51:00,43.1,43.1,43.1,43.1,1
"21467",2020-09-25 14:59:00,43.29,43.3,43.2,43.23,107
"21468",2020-09-25 15:00:00,43.3,43.31,43.3,43.31,203
"21469",2020-09-25 15:02:00,43.16,43.34,43.16,43.31,170
"21470",2020-09-25 15:03:00,43.37,43.37,43.37,43.37,3
"21471",2020-09-25 15:06:00,43.18,43.18,43.18,43.18,1
"21472",2020-09-25 15:07:00,43.19,43.19,43.19,43.19,100
"21473",2020-09-25 15:08:00,43.19,43.19,43.19,43.19,25
"21474",2020-09-25 15:10:00,43.37,43.37,43.37,43.37,1
"21475",2020-09-25 15:11:00,43.41,43.43,43.32,43.43,104
"21476",2020-09-25 15:12:00,43.36,43.36,43.32,43.32,96
"21477",2020-09-25 15:13:00,43.34,43.34,43.32,43.32,270
"21478",2020-09-25 15:14:00,43.31,43.31,43.31,43.31,5
"21479",2020-09-25 15:16:00,43.42,43.42,43.42,43.42,5
"21480",2020-09-25 15:17:00,43.21,43.21,43.2,43.2,100
"21481",2020-09-25 15:20:00,43.21,43.21,43.2,43.2,9
"21482",2020-09-25 15:21:00,43.33,43.34,43.26,43.26,14
"21483",2020-09-25 15:22:00,43.34,43.34,43.34,43.34,20
"21484",2020-09-25 15:24:00,43.34,43.34,43.34,43.34,10
"21485",2020-09-25 15:25:00,43.26,43.26,43.26,43.26,500
"21486",2020-09-25 15:26:00,43.31,43.31,43.27,43.27,600
"21487",2020-09-25 15:27:00,43.25,43.27,43.25,43.26,484
"21488",2020-09-25 15:29:00,43.26,43.26,43.26,43.26,1
"21489",2020-09-25 15:35:00,43.26,43.26,43.25,43.26,1228
"21490",2020-09-25 15:36:00,43.26,43.26,43.18,43.18,204
"21491",2020-09-25 15:37:00,43.26,43.26,43.14,43.14,140
"21492",2020-09-25 15:40:00,43.09,43.09,43.09,43.09,28
"21493",2020-09-25 15:42:00,43.29,43.29,43.29,43.29,1
"21494",2020-09-25 15:43:00,43.16,43.29,43.16,43.29,162
"21495",2020-09-25 15:48:00,43.3,43.3,43.2,43.2,3
"21496",2020-09-25 15:49:00,43.28,43.33,43.28,43.33,62
"21497",2020-09-25 15:51:00,43.28,43.29,43.28,43.29,560
"21498",2020-09-25 15:52:00,43.21,43.21,43.21,43.21,9
"21499",2020-09-25 15:56:00,43.3,43.3,43.3,43.3,1
"21500",2020-09-25 16:01:00,43.27,43.27,43.27,43.27,236
"21501",2020-09-25 16:03:00,43.21,43.21,43.2,43.2,303
"21502",2020-09-25 16:13:00,43.37,43.37,43.37,43.37,190
"21503",2020-09-25 16:14:00,43.41,43.43,43.41,43.43,100
"21504",2020-09-25 16:18:00,43.19,43.19,43.19,43.19,39
"21505",2020-09-25 16:19:00,43.4,43.42,43.3,43.3,201
"21506",2020-09-25 16:21:00,43.42,43.42,43.42,43.42,100
"21507",2020-09-25 16:22:00,43.31,43.31,43.27,43.27,654
"21508",2020-09-25 16:23:00,43.27,43.27,43.25,43.25,88
"21509",2020-09-25 16:25:00,43.27,43.33,43.27,43.28,1851
"21510",2020-09-25 16:26:00,43.3,43.33,43.22,43.22,246
"21511",2020-09-25 16:27:00,43.33,43.33,43.33,43.33,1
"21512",2020-09-25 16:28:00,43.34,43.34,43.34,43.34,100
"21513",2020-09-25 16:29:00,43.33,43.42,43.33,43.41,132
"21514",2020-09-25 16:30:00,43.28,43.28,43.28,43.28,52
"21515",2020-09-25 16:31:00,43.2,43.24,42.8,42.98,24929
"21516",2020-09-25 16:32:00,43.02,43.14,42.9,43.14,3224
"21517",2020-09-25 16:33:00,43.08,43.19,43.01,43.17,19811
"21518",2020-09-25 16:34:00,43.2,43.29,43.09,43.23,15133
"21519",2020-09-25 16:35:00,43.22,43.32,43.18,43.32,13057
"21520",2020-09-25 16:36:00,43.32,43.33,43.24,43.26,8703
"21521",2020-09-25 16:37:00,43.27,43.31,42.91,42.92,9148
"21522",2020-09-25 16:38:00,42.93,42.98,42.83,42.87,6904
"21523",2020-09-25 16:39:00,42.86,42.93,42.77,42.78,13760
"21524",2020-09-25 16:40:00,42.8,42.9,42.71,42.87,6980
"21525",2020-09-25 16:41:00,42.89,42.9,42.8,42.86,9097
"21526",2020-09-25 16:42:00,42.86,43.05,42.84,43.01,8578
"21527",2020-09-25 16:43:00,43.02,43.03,42.9,43.03,4224
"21528",2020-09-25 16:44:00,43,43.01,42.9,42.93,4953
"21529",2020-09-25 16:45:00,42.9,42.91,42.84,42.88,8005
"21530",2020-09-25 16:46:00,42.88,42.96,42.84,42.87,6872
"21531",2020-09-25 16:47:00,42.88,42.9,42.83,42.84,6161
"21532",2020-09-25 16:48:00,42.84,42.86,42.68,42.68,8829
"21533",2020-09-25 16:49:00,42.67,42.69,42.59,42.66,9861
"21534",2020-09-25 16:50:00,42.68,42.79,42.68,42.77,9386
"21535",2020-09-25 16:51:00,42.76,42.8,42.73,42.76,16622
"21536",2020-09-25 16:52:00,42.75,42.8,42.71,42.73,6768
"21537",2020-09-25 16:53:00,42.76,42.91,42.76,42.88,11638
"21538",2020-09-25 16:54:00,42.87,43,42.86,43,7927
"21539",2020-09-25 16:55:00,42.98,43.04,42.93,42.96,8408
"21540",2020-09-25 16:56:00,42.97,43.06,42.97,43.02,10368
"21541",2020-09-25 16:57:00,43.02,43.12,42.98,43.11,18316
"21542",2020-09-25 16:58:00,43.1,43.18,43.06,43.15,10642
"21543",2020-09-25 16:59:00,43.15,43.24,43.14,43.23,10580
"21544",2020-09-25 17:00:00,43.21,43.26,43.17,43.26,7245
"21545",2020-09-25 17:01:00,43.26,43.29,43.17,43.19,11283
"21546",2020-09-25 17:02:00,43.19,43.19,43.11,43.11,7998
"21547",2020-09-25 17:03:00,43.1,43.11,43.03,43.07,12525
"21548",2020-09-25 17:04:00,43.08,43.12,42.98,42.99,21911
"21549",2020-09-25 17:05:00,42.99,43,42.95,42.96,6915
"21550",2020-09-25 17:06:00,42.97,43.03,42.96,42.97,10350
"21551",2020-09-25 17:07:00,42.96,42.96,42.89,42.95,5416
"21552",2020-09-25 17:08:00,42.95,43.01,42.95,43,2190
"21553",2020-09-25 17:09:00,43,43.03,42.95,42.95,5474
"21554",2020-09-25 17:10:00,42.95,43.01,42.91,43.01,4963
"21555",2020-09-25 17:11:00,43.02,43.06,42.96,43.05,6994
"21556",2020-09-25 17:12:00,43.05,43.09,43.02,43.02,12929
"21557",2020-09-25 17:13:00,43.03,43.08,42.9,42.9,8131
"21558",2020-09-25 17:14:00,42.91,42.93,42.86,42.9,6398
"21559",2020-09-25 17:15:00,42.91,42.95,42.85,42.91,5718
"21560",2020-09-25 17:16:00,42.9,43,42.9,42.97,13843
"21561",2020-09-25 17:17:00,42.97,43.04,42.97,43.03,8436
"21562",2020-09-25 17:18:00,43.02,43.07,42.98,43.04,6082
"21563",2020-09-25 17:19:00,43.07,43.11,43.03,43.09,6938
"21564",2020-09-25 17:20:00,43.1,43.11,43.01,43.02,2225
"21565",2020-09-25 17:21:00,43.03,43.04,42.98,43,4986
"21566",2020-09-25 17:22:00,43.01,43.05,43,43.02,4343
"21567",2020-09-25 17:23:00,43.03,43.14,43.03,43.07,7682
"21568",2020-09-25 17:24:00,43.09,43.13,43.08,43.11,4546
"21569",2020-09-25 17:25:00,43.12,43.13,43.09,43.1,2281
"21570",2020-09-25 17:26:00,43.1,43.18,43.1,43.14,12094
"21571",2020-09-25 17:27:00,43.14,43.16,43.1,43.11,3106
"21572",2020-09-25 17:28:00,43.13,43.14,43.11,43.13,3331
"21573",2020-09-25 17:29:00,43.18,43.3,43.17,43.3,26708
"21574",2020-09-25 17:30:00,43.3,43.37,43.29,43.37,12170
"21575",2020-09-25 17:31:00,43.36,43.38,43.33,43.38,12854
"21576",2020-09-25 17:32:00,43.38,43.38,43.3,43.31,6967
"21577",2020-09-25 17:33:00,43.32,43.47,43.32,43.47,8634
"21578",2020-09-25 17:34:00,43.47,43.5,43.45,43.45,9008
"21579",2020-09-25 17:35:00,43.46,43.49,43.44,43.46,6765
"21580",2020-09-25 17:36:00,43.46,43.54,43.41,43.54,9851
"21581",2020-09-25 17:37:00,43.52,43.54,43.5,43.53,3686
"21582",2020-09-25 17:38:00,43.52,43.55,43.49,43.55,5530
"21583",2020-09-25 17:39:00,43.56,43.57,43.44,43.44,5554
"21584",2020-09-25 17:40:00,43.43,43.6,43.42,43.59,9449
"21585",2020-09-25 17:41:00,43.61,43.72,43.58,43.61,20297
"21586",2020-09-25 17:42:00,43.6,43.6,43.5,43.52,4425
"21587",2020-09-25 17:43:00,43.54,43.56,43.51,43.56,4917
"21588",2020-09-25 17:44:00,43.54,43.54,43.45,43.53,7287
"21589",2020-09-25 17:45:00,43.52,43.53,43.49,43.51,5356
"21590",2020-09-25 17:46:00,43.5,43.53,43.44,43.53,7126
"21591",2020-09-25 17:47:00,43.52,43.57,43.52,43.55,5151
"21592",2020-09-25 17:48:00,43.56,43.56,43.39,43.42,6093
"21593",2020-09-25 17:49:00,43.42,43.44,43.41,43.41,4936
"21594",2020-09-25 17:50:00,43.44,43.44,43.39,43.43,3143
"21595",2020-09-25 17:51:00,43.43,43.44,43.39,43.43,1708
"21596",2020-09-25 17:52:00,43.44,43.45,43.43,43.43,5061
"21597",2020-09-25 17:53:00,43.46,43.48,43.36,43.36,2708
"21598",2020-09-25 17:54:00,43.37,43.42,43.37,43.42,1270
"21599",2020-09-25 17:55:00,43.43,43.47,43.43,43.46,3129
"21600",2020-09-25 17:56:00,43.47,43.47,43.4,43.4,4199
"21601",2020-09-25 17:57:00,43.41,43.43,43.38,43.42,2734
"21602",2020-09-25 17:58:00,43.41,43.42,43.38,43.38,3776
"21603",2020-09-25 17:59:00,43.39,43.39,43.36,43.38,3690
"21604",2020-09-25 18:00:00,43.39,43.41,43.34,43.37,5002
"21605",2020-09-25 18:01:00,43.4,43.45,43.4,43.44,6711
"21606",2020-09-25 18:02:00,43.44,43.49,43.4,43.4,3822
"21607",2020-09-25 18:03:00,43.43,43.44,43.36,43.36,4154
"21608",2020-09-25 18:04:00,43.36,43.38,43.28,43.29,1963
"21609",2020-09-25 18:05:00,43.29,43.29,43.23,43.29,5624
"21610",2020-09-25 18:06:00,43.3,43.3,43.26,43.28,13139
"21611",2020-09-25 18:07:00,43.3,43.35,43.28,43.28,2180
"21612",2020-09-25 18:08:00,43.28,43.28,43.24,43.24,3889
"21613",2020-09-25 18:09:00,43.24,43.24,43.22,43.22,3681
"21614",2020-09-25 18:10:00,43.22,43.22,43.17,43.17,3722
"21615",2020-09-25 18:11:00,43.16,43.2,43.15,43.2,3884
"21616",2020-09-25 18:12:00,43.2,43.25,43.2,43.23,1203
"21617",2020-09-25 18:13:00,43.23,43.33,43.21,43.29,5968
"21618",2020-09-25 18:14:00,43.28,43.28,43.22,43.25,6834
"21619",2020-09-25 18:15:00,43.27,43.28,43.26,43.26,1438
"21620",2020-09-25 18:16:00,43.26,43.31,43.25,43.31,1311
"21621",2020-09-25 18:17:00,43.31,43.36,43.31,43.32,5141
"21622",2020-09-25 18:18:00,43.34,43.34,43.32,43.34,3525
"21623",2020-09-25 18:19:00,43.34,43.34,43.31,43.32,3043
"21624",2020-09-25 18:20:00,43.31,43.32,43.3,43.31,3882
"21625",2020-09-25 18:21:00,43.3,43.3,43.24,43.25,1687
"21626",2020-09-25 18:22:00,43.24,43.24,43.2,43.2,1987
"21627",2020-09-25 18:23:00,43.23,43.25,43.23,43.23,2137
"21628",2020-09-25 18:24:00,43.23,43.23,43.2,43.22,2620
"21629",2020-09-25 18:25:00,43.23,43.23,43.17,43.17,7765
"21630",2020-09-25 18:26:00,43.17,43.2,43.15,43.18,12921
"21631",2020-09-25 18:27:00,43.19,43.22,43.19,43.22,2518
"21632",2020-09-25 18:28:00,43.24,43.27,43.23,43.24,4347
"21633",2020-09-25 18:29:00,43.25,43.31,43.25,43.31,3530
"21634",2020-09-25 18:30:00,43.28,43.28,43.26,43.26,972
"21635",2020-09-25 18:31:00,43.26,43.26,43.21,43.23,1832
"21636",2020-09-25 18:32:00,43.24,43.24,43.2,43.2,1107
"21637",2020-09-25 18:33:00,43.24,43.24,43.22,43.22,1372
"21638",2020-09-25 18:34:00,43.21,43.23,43.2,43.23,738
"21639",2020-09-25 18:35:00,43.22,43.28,43.22,43.28,1952
"21640",2020-09-25 18:36:00,43.28,43.29,43.27,43.27,1010
"21641",2020-09-25 18:37:00,43.28,43.28,43.26,43.26,2040
"21642",2020-09-25 18:38:00,43.27,43.28,43.24,43.28,3725
"21643",2020-09-25 18:39:00,43.3,43.3,43.28,43.29,1873
"21644",2020-09-25 18:40:00,43.27,43.31,43.27,43.31,1466
"21645",2020-09-25 18:41:00,43.33,43.35,43.33,43.34,2500
"21646",2020-09-25 18:42:00,43.36,43.37,43.35,43.36,2834
"21647",2020-09-25 18:43:00,43.35,43.35,43.3,43.3,1421
"21648",2020-09-25 18:44:00,43.31,43.31,43.2,43.21,3996
"21649",2020-09-25 18:45:00,43.22,43.22,43.18,43.2,2798
"21650",2020-09-25 18:46:00,43.2,43.2,43.18,43.18,3377
"21651",2020-09-25 18:47:00,43.19,43.23,43.18,43.18,1955
"21652",2020-09-25 18:48:00,43.18,43.19,43.16,43.17,4724
"21653",2020-09-25 18:49:00,43.16,43.18,43.16,43.17,1102
"21654",2020-09-25 18:50:00,43.16,43.16,43.07,43.08,7999
"21655",2020-09-25 18:51:00,43.09,43.11,43.07,43.09,26296
"21656",2020-09-25 18:52:00,43.09,43.14,43.08,43.11,4651
"21657",2020-09-25 18:53:00,43.1,43.12,43.05,43.05,4297
"21658",2020-09-25 18:54:00,43.05,43.05,43,43.02,7645
"21659",2020-09-25 18:55:00,43.01,43.01,42.96,42.98,7564
"21660",2020-09-25 18:56:00,42.99,43.01,42.94,42.95,4539
"21661",2020-09-25 18:57:00,42.95,42.96,42.94,42.96,1939
"21662",2020-09-25 18:58:00,42.98,42.98,42.95,42.95,4206
"21663",2020-09-25 18:59:00,42.94,42.95,42.92,42.92,2418
"21664",2020-09-25 19:00:00,42.94,42.94,42.9,42.9,3751
"21665",2020-09-25 19:01:00,42.9,42.94,42.9,42.93,3900
"21666",2020-09-25 19:02:00,42.94,42.96,42.92,42.94,2738
"21667",2020-09-25 19:03:00,42.93,42.97,42.93,42.94,1797
"21668",2020-09-25 19:04:00,42.95,42.96,42.94,42.95,1745
"21669",2020-09-25 19:05:00,42.95,42.96,42.94,42.96,906
"21670",2020-09-25 19:06:00,42.96,42.97,42.94,42.96,2293
"21671",2020-09-25 19:07:00,42.97,43.02,42.97,43.02,6108
"21672",2020-09-25 19:08:00,43.03,43.04,43,43,6480
"21673",2020-09-25 19:09:00,43,43,42.97,42.98,2738
"21674",2020-09-25 19:10:00,42.99,43,42.99,42.99,1328
"21675",2020-09-25 19:11:00,43,43.01,42.98,42.99,2586
"21676",2020-09-25 19:12:00,42.99,42.99,42.98,42.99,512
"21677",2020-09-25 19:13:00,43.01,43.01,42.97,42.97,2288
"21678",2020-09-25 19:14:00,42.96,42.97,42.94,42.97,1515
"21679",2020-09-25 19:15:00,42.97,43,42.97,43,782
"21680",2020-09-25 19:16:00,43,43.01,42.99,43,977
"21681",2020-09-25 19:17:00,42.99,43.03,42.99,43.02,1715
"21682",2020-09-25 19:18:00,43.02,43.02,42.99,43,1906
"21683",2020-09-25 19:19:00,43,43.06,43,43.02,6823
"21684",2020-09-25 19:20:00,43.01,43.02,42.96,42.96,5994
"21685",2020-09-25 19:21:00,42.97,42.97,42.94,42.94,4750
"21686",2020-09-25 19:22:00,42.93,42.95,42.93,42.93,1900
"21687",2020-09-25 19:23:00,42.93,42.95,42.9,42.95,2187
"21688",2020-09-25 19:24:00,42.95,42.95,42.9,42.93,1780
"21689",2020-09-25 19:25:00,42.94,42.95,42.92,42.94,2390
"21690",2020-09-25 19:26:00,42.94,42.94,42.91,42.91,1931
"21691",2020-09-25 19:27:00,42.91,42.91,42.87,42.88,2291
"21692",2020-09-25 19:28:00,42.88,42.88,42.86,42.88,2935
"21693",2020-09-25 19:29:00,42.88,42.94,42.88,42.94,2033
"21694",2020-09-25 19:30:00,42.94,43,42.94,42.99,1258
"21695",2020-09-25 19:31:00,43,43.02,42.96,42.96,3938
"21696",2020-09-25 19:32:00,42.95,42.96,42.92,42.95,2092
"21697",2020-09-25 19:33:00,42.94,42.95,42.9,42.91,2324
"21698",2020-09-25 19:34:00,42.9,42.92,42.89,42.91,1255
"21699",2020-09-25 19:35:00,42.92,42.92,42.91,42.92,2052
"21700",2020-09-25 19:36:00,42.9,42.94,42.9,42.92,1348
"21701",2020-09-25 19:37:00,42.92,42.92,42.89,42.9,1765
"21702",2020-09-25 19:38:00,42.9,42.9,42.88,42.9,2781
"21703",2020-09-25 19:39:00,42.9,42.91,42.89,42.91,1138
"21704",2020-09-25 19:40:00,42.91,42.97,42.91,42.97,1670
"21705",2020-09-25 19:41:00,42.99,43.01,42.99,43,2634
"21706",2020-09-25 19:42:00,43,43.01,42.98,43,7203
"21707",2020-09-25 19:43:00,43,43,42.98,43,662
"21708",2020-09-25 19:44:00,43,43.06,43,43.06,13403
"21709",2020-09-25 19:45:00,43.05,43.07,43.05,43.06,904
"21710",2020-09-25 19:46:00,43.06,43.09,43.06,43.09,2731
"21711",2020-09-25 19:47:00,43.09,43.11,43.08,43.08,2548
"21712",2020-09-25 19:48:00,43.08,43.08,43.06,43.07,3497
"21713",2020-09-25 19:49:00,43.08,43.08,43.07,43.08,1200
"21714",2020-09-25 19:50:00,43.08,43.08,43.06,43.07,4251
"21715",2020-09-25 19:51:00,43.07,43.1,43.07,43.1,3621
"21716",2020-09-25 19:52:00,43.11,43.14,43.11,43.12,2150
"21717",2020-09-25 19:53:00,43.13,43.16,43.13,43.14,2441
"21718",2020-09-25 19:54:00,43.13,43.16,43.12,43.16,1128
"21719",2020-09-25 19:55:00,43.16,43.2,43.16,43.2,3317
"21720",2020-09-25 19:56:00,43.2,43.2,43.18,43.2,2653
"21721",2020-09-25 19:57:00,43.19,43.22,43.19,43.22,2901
"21722",2020-09-25 19:58:00,43.22,43.22,43.16,43.18,4199
"21723",2020-09-25 19:59:00,43.18,43.19,43.17,43.18,1722
"21724",2020-09-25 20:00:00,43.19,43.25,43.19,43.24,6805
"21725",2020-09-25 20:01:00,43.25,43.26,43.18,43.19,7632
"21726",2020-09-25 20:02:00,43.19,43.19,43.16,43.18,4392
"21727",2020-09-25 20:03:00,43.19,43.22,43.18,43.18,7958
"21728",2020-09-25 20:04:00,43.18,43.18,43.15,43.16,2622
"21729",2020-09-25 20:05:00,43.16,43.2,43.16,43.18,3902
"21730",2020-09-25 20:06:00,43.18,43.22,43.18,43.21,2129
"21731",2020-09-25 20:07:00,43.2,43.21,43.18,43.2,3138
"21732",2020-09-25 20:08:00,43.2,43.2,43.16,43.17,4787
"21733",2020-09-25 20:09:00,43.17,43.2,43.17,43.2,1706
"21734",2020-09-25 20:10:00,43.2,43.2,43.18,43.19,2142
"21735",2020-09-25 20:11:00,43.19,43.2,43.19,43.2,2220
"21736",2020-09-25 20:12:00,43.2,43.2,43.18,43.2,1571
"21737",2020-09-25 20:13:00,43.21,43.24,43.2,43.2,5034
"21738",2020-09-25 20:14:00,43.2,43.2,43.18,43.2,4505
"21739",2020-09-25 20:15:00,43.21,43.22,43.2,43.22,2300
"21740",2020-09-25 20:16:00,43.21,43.24,43.21,43.22,1829
"21741",2020-09-25 20:17:00,43.22,43.24,43.22,43.22,3218
"21742",2020-09-25 20:18:00,43.22,43.23,43.21,43.22,3676
"21743",2020-09-25 20:19:00,43.22,43.22,43.2,43.21,2169
"21744",2020-09-25 20:20:00,43.2,43.24,43.2,43.22,1874
"21745",2020-09-25 20:21:00,43.22,43.3,43.22,43.3,7240
"21746",2020-09-25 20:22:00,43.31,43.31,43.28,43.3,7682
"21747",2020-09-25 20:23:00,43.31,43.32,43.3,43.3,2791
"21748",2020-09-25 20:24:00,43.28,43.3,43.27,43.27,2228
"21749",2020-09-25 20:25:00,43.28,43.28,43.25,43.25,4832
"21750",2020-09-25 20:26:00,43.26,43.28,43.26,43.28,2200
"21751",2020-09-25 20:27:00,43.28,43.3,43.28,43.28,1783
"21752",2020-09-25 20:28:00,43.3,43.3,43.28,43.28,2762
"21753",2020-09-25 20:29:00,43.29,43.3,43.26,43.28,3583
"21754",2020-09-25 20:30:00,43.28,43.29,43.28,43.29,526
"21755",2020-09-25 20:31:00,43.3,43.34,43.3,43.32,3546
"21756",2020-09-25 20:32:00,43.31,43.31,43.29,43.31,4606
"21757",2020-09-25 20:33:00,43.31,43.31,43.26,43.29,4011
"21758",2020-09-25 20:34:00,43.28,43.28,43.22,43.23,6419
"21759",2020-09-25 20:35:00,43.24,43.25,43.23,43.24,2999
"21760",2020-09-25 20:36:00,43.23,43.25,43.23,43.24,3276
"21761",2020-09-25 20:37:00,43.24,43.26,43.23,43.23,3014
"21762",2020-09-25 20:38:00,43.22,43.24,43.22,43.23,1964
"21763",2020-09-25 20:39:00,43.23,43.24,43.19,43.19,3264
"21764",2020-09-25 20:40:00,43.19,43.22,43.19,43.22,4021
"21765",2020-09-25 20:41:00,43.23,43.25,43.23,43.25,1040
"21766",2020-09-25 20:42:00,43.25,43.32,43.25,43.29,5409
"21767",2020-09-25 20:43:00,43.28,43.28,43.27,43.28,416
"21768",2020-09-25 20:44:00,43.28,43.31,43.28,43.31,3999
"21769",2020-09-25 20:45:00,43.3,43.32,43.3,43.31,1502
"21770",2020-09-25 20:46:00,43.32,43.33,43.31,43.31,3303
"21771",2020-09-25 20:47:00,43.3,43.3,43.27,43.3,4181
"21772",2020-09-25 20:48:00,43.3,43.3,43.3,43.3,1407
"21773",2020-09-25 20:49:00,43.29,43.3,43.29,43.29,2258
"21774",2020-09-25 20:50:00,43.29,43.29,43.28,43.29,2020
"21775",2020-09-25 20:51:00,43.3,43.3,43.27,43.27,2472
"21776",2020-09-25 20:52:00,43.28,43.28,43.27,43.27,1766
"21777",2020-09-25 20:53:00,43.3,43.31,43.3,43.3,1544
"21778",2020-09-25 20:54:00,43.3,43.3,43.3,43.3,187
"21779",2020-09-25 20:55:00,43.31,43.31,43.3,43.3,749
"21780",2020-09-25 20:56:00,43.31,43.38,43.31,43.38,4919
"21781",2020-09-25 20:57:00,43.37,43.4,43.36,43.39,5370
"21782",2020-09-25 20:58:00,43.4,43.44,43.4,43.42,6903
"21783",2020-09-25 20:59:00,43.43,43.46,43.42,43.44,5197
"21784",2020-09-25 21:00:00,43.44,43.45,43.42,43.45,1941
"21785",2020-09-25 21:01:00,43.45,43.45,43.43,43.43,1906
"21786",2020-09-25 21:02:00,43.43,43.44,43.42,43.42,684
"21787",2020-09-25 21:03:00,43.43,43.46,43.43,43.46,2054
"21788",2020-09-25 21:04:00,43.45,43.45,43.4,43.4,4154
"21789",2020-09-25 21:05:00,43.39,43.41,43.39,43.4,2894
"21790",2020-09-25 21:06:00,43.4,43.4,43.39,43.4,2373
"21791",2020-09-25 21:07:00,43.39,43.42,43.39,43.41,2738
"21792",2020-09-25 21:08:00,43.42,43.42,43.4,43.4,2177
"21793",2020-09-25 21:09:00,43.4,43.4,43.38,43.39,3668
"21794",2020-09-25 21:10:00,43.4,43.4,43.38,43.38,1981
"21795",2020-09-25 21:11:00,43.4,43.4,43.39,43.4,1010
"21796",2020-09-25 21:12:00,43.41,43.41,43.41,43.41,600
"21797",2020-09-25 21:13:00,43.39,43.4,43.37,43.39,2460
"21798",2020-09-25 21:14:00,43.39,43.4,43.37,43.38,5107
"21799",2020-09-25 21:15:00,43.38,43.39,43.36,43.38,3225
"21800",2020-09-25 21:16:00,43.39,43.4,43.36,43.37,3884
"21801",2020-09-25 21:17:00,43.39,43.44,43.39,43.44,2404
"21802",2020-09-25 21:18:00,43.44,43.45,43.42,43.44,4413
"21803",2020-09-25 21:19:00,43.45,43.47,43.44,43.47,3099
"21804",2020-09-25 21:20:00,43.47,43.52,43.47,43.52,4922
"21805",2020-09-25 21:21:00,43.53,43.53,43.48,43.49,4217
"21806",2020-09-25 21:22:00,43.49,43.5,43.49,43.5,1192
"21807",2020-09-25 21:23:00,43.5,43.52,43.49,43.52,1813
"21808",2020-09-25 21:24:00,43.52,43.52,43.5,43.51,3540
"21809",2020-09-25 21:25:00,43.5,43.5,43.5,43.5,125
"21810",2020-09-25 21:26:00,43.51,43.51,43.49,43.5,5021
"21811",2020-09-25 21:27:00,43.5,43.5,43.5,43.5,1264
"21812",2020-09-25 21:28:00,43.5,43.52,43.47,43.47,5597
"21813",2020-09-25 21:29:00,43.48,43.5,43.48,43.49,2754
"21814",2020-09-25 21:30:00,43.5,43.52,43.5,43.5,4619
"21815",2020-09-25 21:31:00,43.5,43.5,43.48,43.48,4573
"21816",2020-09-25 21:32:00,43.5,43.52,43.48,43.52,5903
"21817",2020-09-25 21:33:00,43.53,43.54,43.51,43.51,1576
"21818",2020-09-25 21:34:00,43.5,43.5,43.48,43.5,4616
"21819",2020-09-25 21:35:00,43.5,43.5,43.5,43.5,308
"21820",2020-09-25 21:36:00,43.5,43.53,43.5,43.5,3231
"21821",2020-09-25 21:37:00,43.5,43.52,43.5,43.52,2406
"21822",2020-09-25 21:38:00,43.52,43.52,43.5,43.52,1444
"21823",2020-09-25 21:39:00,43.52,43.55,43.51,43.54,2275
"21824",2020-09-25 21:40:00,43.54,43.57,43.54,43.56,1728
"21825",2020-09-25 21:41:00,43.55,43.55,43.51,43.53,3636
"21826",2020-09-25 21:42:00,43.54,43.56,43.54,43.55,1049
"21827",2020-09-25 21:43:00,43.55,43.55,43.51,43.52,3715
"21828",2020-09-25 21:44:00,43.52,43.53,43.51,43.51,2778
"21829",2020-09-25 21:45:00,43.52,43.54,43.5,43.5,6235
"21830",2020-09-25 21:46:00,43.51,43.56,43.51,43.54,2139
"21831",2020-09-25 21:47:00,43.54,43.54,43.53,43.54,2666
"21832",2020-09-25 21:48:00,43.54,43.6,43.54,43.59,9071
"21833",2020-09-25 21:49:00,43.6,43.62,43.59,43.61,8183
"21834",2020-09-25 21:50:00,43.61,43.62,43.6,43.61,4609
"21835",2020-09-25 21:51:00,43.62,43.63,43.61,43.61,7490
"21836",2020-09-25 21:52:00,43.62,43.62,43.6,43.6,5378
"21837",2020-09-25 21:53:00,43.6,43.62,43.6,43.62,4728
"21838",2020-09-25 21:54:00,43.63,43.64,43.61,43.62,1721
"21839",2020-09-25 21:55:00,43.62,43.67,43.62,43.66,5829
"21840",2020-09-25 21:56:00,43.66,43.66,43.64,43.65,1702
"21841",2020-09-25 21:57:00,43.63,43.64,43.63,43.64,1105
"21842",2020-09-25 21:58:00,43.64,43.64,43.63,43.63,2044
"21843",2020-09-25 21:59:00,43.63,43.64,43.63,43.63,3880
"21844",2020-09-25 22:00:00,43.63,43.64,43.62,43.62,1366
"21845",2020-09-25 22:01:00,43.62,43.64,43.61,43.64,2320
"21846",2020-09-25 22:02:00,43.65,43.69,43.65,43.67,3629
"21847",2020-09-25 22:03:00,43.67,43.69,43.67,43.69,2998
"21848",2020-09-25 22:04:00,43.69,43.71,43.69,43.7,3402
"21849",2020-09-25 22:05:00,43.7,43.71,43.67,43.67,4321
"21850",2020-09-25 22:06:00,43.67,43.71,43.66,43.71,3168
"21851",2020-09-25 22:07:00,43.71,43.71,43.67,43.67,2415
"21852",2020-09-25 22:08:00,43.67,43.73,43.67,43.73,8302
"21853",2020-09-25 22:09:00,43.74,43.79,43.73,43.79,6235
"21854",2020-09-25 22:10:00,43.8,43.8,43.78,43.78,1392
"21855",2020-09-25 22:11:00,43.77,43.8,43.76,43.78,3110
"21856",2020-09-25 22:12:00,43.78,43.78,43.75,43.76,4057
"21857",2020-09-25 22:13:00,43.75,43.76,43.75,43.76,7316
"21858",2020-09-25 22:14:00,43.76,43.78,43.76,43.77,1924
"21859",2020-09-25 22:15:00,43.77,43.78,43.77,43.77,2942
"21860",2020-09-25 22:16:00,43.77,43.78,43.75,43.76,4293
"21861",2020-09-25 22:17:00,43.76,43.79,43.76,43.79,1888
"21862",2020-09-25 22:18:00,43.8,43.8,43.77,43.79,3069
"21863",2020-09-25 22:19:00,43.79,43.83,43.78,43.82,3714
"21864",2020-09-25 22:20:00,43.82,43.82,43.81,43.82,3018
"21865",2020-09-25 22:21:00,43.81,43.84,43.81,43.84,2548
"21866",2020-09-25 22:22:00,43.84,43.84,43.84,43.84,2211
"21867",2020-09-25 22:23:00,43.84,43.85,43.83,43.85,1940
"21868",2020-09-25 22:24:00,43.85,43.86,43.82,43.82,1682
"21869",2020-09-25 22:25:00,43.82,43.83,43.81,43.83,2099
"21870",2020-09-25 22:26:00,43.82,43.84,43.74,43.74,7138
"21871",2020-09-25 22:27:00,43.75,43.76,43.73,43.74,6223
"21872",2020-09-25 22:28:00,43.74,43.83,43.74,43.82,4959
"21873",2020-09-25 22:29:00,43.82,43.82,43.79,43.8,4200
"21874",2020-09-25 22:30:00,43.81,43.83,43.79,43.83,4549
"21875",2020-09-25 22:31:00,43.83,43.86,43.82,43.86,4775
"21876",2020-09-25 22:32:00,43.85,43.86,43.8,43.81,8046
"21877",2020-09-25 22:33:00,43.82,43.87,43.82,43.86,4263
"21878",2020-09-25 22:34:00,43.85,43.85,43.78,43.82,5867
"21879",2020-09-25 22:35:00,43.82,43.84,43.76,43.76,7595
"21880",2020-09-25 22:36:00,43.78,43.79,43.7,43.79,26247
"21881",2020-09-25 22:37:00,43.8,43.83,43.8,43.83,5119
"21882",2020-09-25 22:38:00,43.84,43.86,43.82,43.84,5015
"21883",2020-09-25 22:39:00,43.83,43.9,43.83,43.89,7074
"21884",2020-09-25 22:40:00,43.89,43.9,43.86,43.86,7154
"21885",2020-09-25 22:41:00,43.86,43.88,43.84,43.87,11426
"21886",2020-09-25 22:42:00,43.88,43.94,43.88,43.94,5616
"21887",2020-09-25 22:43:00,43.93,43.94,43.92,43.93,7286
"21888",2020-09-25 22:44:00,43.93,43.97,43.93,43.96,5521
"21889",2020-09-25 22:45:00,43.97,43.99,43.96,43.99,7703
"21890",2020-09-25 22:46:00,43.99,43.99,43.94,43.94,8079
"21891",2020-09-25 22:47:00,43.94,43.97,43.93,43.97,4486
"21892",2020-09-25 22:48:00,43.98,43.98,43.94,43.95,4684
"21893",2020-09-25 22:49:00,43.95,43.98,43.95,43.97,6106
"21894",2020-09-25 22:50:00,43.97,43.97,43.95,43.95,3185
"21895",2020-09-25 22:51:00,43.95,43.95,43.87,43.91,16863
"21896",2020-09-25 22:52:00,43.91,43.94,43.9,43.9,9938
"21897",2020-09-25 22:53:00,43.91,43.96,43.91,43.93,10811
"21898",2020-09-25 22:54:00,43.92,43.92,43.83,43.83,8565
"21899",2020-09-25 22:55:00,43.83,43.9,43.83,43.89,10161
"21900",2020-09-25 22:56:00,43.89,43.94,43.88,43.94,12145
"21901",2020-09-25 22:57:00,43.94,43.99,43.93,43.99,12636
"21902",2020-09-25 22:58:00,43.99,43.99,43.94,43.98,10572
"21903",2020-09-25 22:59:00,43.98,43.98,43.95,43.97,17230
"21904",2020-09-25 23:00:00,43.98,44.02,43.84,43.84,53389
"21905",2020-09-25 23:01:00,43.99,43.99,43.84,43.84,903
"21906",2020-09-25 23:02:00,43.84,43.84,43.84,43.84,1730
"21907",2020-09-25 23:03:00,43.84,43.84,43.84,43.84,2273
"21908",2020-09-25 23:06:00,43.82,43.82,43.82,43.82,44
"21909",2020-09-25 23:08:00,43.8,43.81,43.8,43.81,432
"21910",2020-09-25 23:09:00,43.81,43.81,43.81,43.81,200
"21911",2020-09-25 23:15:00,43.84,43.84,43.8,43.8,2
"21912",2020-09-25 23:16:00,43.77,43.77,43.77,43.77,200
"21913",2020-09-25 23:17:00,43.7,43.7,43.7,43.7,1500
"21914",2020-09-25 23:18:00,43.69,43.7,43.69,43.7,1200
"21915",2020-09-25 23:24:00,43.73,43.73,43.73,43.73,300
"21916",2020-09-25 23:25:00,43.62,43.62,43.62,43.62,173
"21917",2020-09-25 23:26:00,43.62,43.62,43.6,43.6,1300
"21918",2020-09-25 23:30:00,43.46,43.58,43.46,43.58,57
"21919",2020-09-25 23:32:00,43.56,43.56,43.56,43.56,40
"21920",2020-09-25 23:40:00,43.56,43.56,43.56,43.56,4
"21921",2020-09-25 23:49:00,43.69,43.69,43.69,43.69,1000
"21922",2020-09-25 23:53:00,43.51,43.51,43.51,43.51,1
"21923",2020-09-26 00:04:00,43.69,43.69,43.69,43.69,17
"21924",2020-09-26 00:07:00,43.69,43.69,43.69,43.69,1
"21925",2020-09-26 00:08:00,43.69,43.69,43.69,43.69,1
"21926",2020-09-26 00:20:00,43.56,43.56,43.56,43.56,200
"21927",2020-09-26 00:21:00,43.54,43.54,43.54,43.54,55
"21928",2020-09-26 00:29:00,43.55,43.55,43.55,43.55,9
"21929",2020-09-26 00:36:00,43.57,43.57,43.57,43.57,8
"21930",2020-09-26 00:37:00,43.57,43.57,43.5,43.5,1000
"21931",2020-09-26 00:46:00,43.65,43.65,43.65,43.65,1
"21932",2020-09-26 01:01:00,43.52,43.52,43.52,43.52,90
"21933",2020-09-26 01:13:00,43.52,43.52,43.51,43.51,100
"21934",2020-09-26 01:18:00,43.51,43.51,43.51,43.51,25
"21935",2020-09-28 10:01:00,43.79,43.79,43.79,43.79,1
"21936",2020-09-28 10:02:00,43.79,43.79,43.79,43.79,9
"21937",2020-09-28 10:03:00,43.79,43.79,43.79,43.79,1
"21938",2020-09-28 10:04:00,44.07,44.07,44.07,44.07,5
"21939",2020-09-28 10:07:00,43.93,43.93,43.93,43.93,4
"21940",2020-09-28 10:09:00,43.8,43.8,43.79,43.79,5
"21941",2020-09-28 10:11:00,43.78,43.78,43.77,43.77,9
"21942",2020-09-28 10:13:00,43.81,43.81,43.81,43.81,1
"21943",2020-09-28 10:14:00,43.92,43.92,43.92,43.92,10
"21944",2020-09-28 10:15:00,43.79,43.79,43.79,43.79,1
"21945",2020-09-28 10:16:00,43.92,43.92,43.92,43.92,10
"21946",2020-09-28 10:17:00,43.92,43.92,43.92,43.92,66
"21947",2020-09-28 10:19:00,43.99,43.99,43.99,43.99,10
"21948",2020-09-28 10:20:00,43.98,43.98,43.79,43.79,44
"21949",2020-09-28 10:21:00,43.98,43.98,43.98,43.98,2
"21950",2020-09-28 10:22:00,43.98,43.98,43.98,43.98,7
"21951",2020-09-28 10:23:00,44.01,44.01,44.01,44.01,50
"21952",2020-09-28 10:24:00,44.01,44.01,44.01,44.01,9
"21953",2020-09-28 10:25:00,44.03,44.03,44.02,44.02,20
"21954",2020-09-28 10:26:00,44,44,44,44,19
"21955",2020-09-28 10:27:00,44,44,44,44,15
"21956",2020-09-28 10:28:00,43.83,43.83,43.83,43.83,2
"21957",2020-09-28 10:29:00,44,44,44,44,100
"21958",2020-09-28 10:30:00,43.84,43.84,43.84,43.84,3
"21959",2020-09-28 10:31:00,44,44,44,44,4
"21960",2020-09-28 10:32:00,44.01,44.01,44.01,44.01,2
"21961",2020-09-28 10:33:00,44,44.04,43.9,44.04,42
"21962",2020-09-28 10:37:00,44.02,44.02,44.02,44.02,1
"21963",2020-09-28 10:38:00,44.02,44.02,44.02,44.02,10
"21964",2020-09-28 10:40:00,44.02,44.02,44.02,44.02,441
"21965",2020-09-28 10:41:00,44.06,44.06,44.06,44.06,1
"21966",2020-09-28 10:45:00,44.07,44.07,44.07,44.07,2
"21967",2020-09-28 10:48:00,44.07,44.07,43.94,43.94,45
"21968",2020-09-28 10:50:00,43.8,43.8,43.8,43.8,1
"21969",2020-09-28 10:54:00,44.16,44.16,44.16,44.16,7
"21970",2020-09-28 10:56:00,44.19,44.19,44.19,44.19,20
"21971",2020-09-28 10:57:00,44.17,44.17,44.17,44.17,1
"21972",2020-09-28 10:58:00,44.16,44.16,44.16,44.16,270
"21973",2020-09-28 11:00:00,43.8,43.8,43.76,43.76,2
"21974",2020-09-28 11:04:00,43.9,43.9,43.9,43.9,52
"21975",2020-09-28 11:07:00,43.9,43.9,43.9,43.9,20
"21976",2020-09-28 11:09:00,44.09,44.09,44.09,44.09,1
"21977",2020-09-28 11:10:00,43.92,43.92,43.92,43.92,1
"21978",2020-09-28 11:12:00,44,44.29,44,44.29,100
"21979",2020-09-28 11:13:00,44.27,44.3,44.11,44.3,452
"21980",2020-09-28 11:16:00,44.14,44.14,44.14,44.14,1
"21981",2020-09-28 11:17:00,44.11,44.11,44.11,44.11,1
"21982",2020-09-28 11:19:00,44.13,44.13,44.13,44.13,100
"21983",2020-09-28 11:20:00,44.2,44.26,44.2,44.26,6
"21984",2020-09-28 11:21:00,44.11,44.11,44.1,44.1,4
"21985",2020-09-28 11:25:00,44.12,44.12,44.12,44.12,6
"21986",2020-09-28 11:26:00,44.1,44.1,44.1,44.1,1
"21987",2020-09-28 11:29:00,44.1,44.1,44.1,44.1,2
"21988",2020-09-28 11:30:00,44.1,44.1,44.1,44.1,1
"21989",2020-09-28 11:32:00,44.1,44.1,44.1,44.1,5
"21990",2020-09-28 11:39:00,44.1,44.1,44.1,44.1,4
"21991",2020-09-28 11:40:00,44.1,44.1,44.1,44.1,1
"21992",2020-09-28 11:41:00,44.18,44.18,44.18,44.18,6
"21993",2020-09-28 11:43:00,44.17,44.17,44.17,44.17,2
"21994",2020-09-28 11:45:00,44.17,44.2,44.17,44.2,51
"21995",2020-09-28 11:49:00,44.2,44.2,44.2,44.2,250
"21996",2020-09-28 11:50:00,44.18,44.18,44.18,44.18,10
"21997",2020-09-28 11:53:00,44.17,44.17,44.17,44.17,2
"21998",2020-09-28 11:55:00,44.17,44.17,44.17,44.17,18
"21999",2020-09-28 11:56:00,44.1,44.1,44.1,44.1,11
"22000",2020-09-28 11:59:00,44.1,44.12,44.1,44.12,80
"22001",2020-09-28 12:00:00,44.12,44.12,44.12,44.12,1
"22002",2020-09-28 12:05:00,44.02,44.02,44.02,44.02,2
"22003",2020-09-28 12:06:00,44.01,44.01,44.01,44.01,38
"22004",2020-09-28 12:15:00,44.04,44.04,44.04,44.04,1
"22005",2020-09-28 12:16:00,44.04,44.04,44.04,44.04,70
"22006",2020-09-28 12:20:00,44.04,44.04,44.04,44.04,1
"22007",2020-09-28 12:24:00,44.03,44.03,44.03,44.03,1
"22008",2020-09-28 12:28:00,44.14,44.15,44.14,44.15,8
"22009",2020-09-28 12:30:00,44.15,44.15,44.15,44.15,5
"22010",2020-09-28 12:31:00,44.2,44.22,44.2,44.22,3
"22011",2020-09-28 12:37:00,44.15,44.15,44.15,44.15,1
"22012",2020-09-28 12:41:00,44.2,44.2,44.2,44.2,12
"22013",2020-09-28 12:44:00,44.22,44.22,44.22,44.22,4
"22014",2020-09-28 12:51:00,44.22,44.22,44.22,44.22,10
"22015",2020-09-28 12:58:00,44.16,44.16,44.14,44.14,5
"22016",2020-09-28 12:59:00,44.15,44.15,44.15,44.15,4
"22017",2020-09-28 13:04:00,44.24,44.24,44.24,44.24,1
"22018",2020-09-28 13:08:00,44.24,44.24,44.24,44.24,1
"22019",2020-09-28 13:10:00,44.24,44.24,44.24,44.24,1
"22020",2020-09-28 13:15:00,44.26,44.29,44.26,44.29,151
"22021",2020-09-28 13:23:00,44.37,44.37,44.37,44.37,3
"22022",2020-09-28 13:27:00,44.24,44.24,44.24,44.24,1
"22023",2020-09-28 13:36:00,44.25,44.25,44.25,44.25,6
"22024",2020-09-28 13:37:00,44.22,44.22,44.22,44.22,1
"22025",2020-09-28 13:40:00,44.25,44.25,44.25,44.25,1
"22026",2020-09-28 13:47:00,44.24,44.25,44.24,44.25,35
"22027",2020-09-28 14:00:00,44.3,44.39,44.3,44.39,2
"22028",2020-09-28 14:01:00,44.3,44.3,44.3,44.3,5
"22029",2020-09-28 14:05:00,44.18,44.18,44.18,44.18,2
"22030",2020-09-28 14:10:00,44.2,44.2,44.2,44.2,5
"22031",2020-09-28 14:13:00,44.27,44.27,44.27,44.27,1
"22032",2020-09-28 14:16:00,44.27,44.27,44.27,44.27,1
"22033",2020-09-28 14:23:00,44.33,44.33,44.33,44.33,1
"22034",2020-09-28 14:37:00,44.38,44.42,44.38,44.42,1116
"22035",2020-09-28 14:38:00,44.41,44.41,44.4,44.4,216
"22036",2020-09-28 14:41:00,44.4,44.4,44.4,44.4,150
"22037",2020-09-28 14:42:00,44.4,44.4,44.4,44.4,100
"22038",2020-09-28 14:45:00,44.4,44.41,44.4,44.4,366
"22039",2020-09-28 14:46:00,44.4,44.4,44.4,44.4,126
"22040",2020-09-28 14:47:00,44.41,44.41,44.4,44.4,115
"22041",2020-09-28 14:49:00,44.41,44.41,44.41,44.41,1
"22042",2020-09-28 14:51:00,44.41,44.46,44.41,44.45,707
"22043",2020-09-28 14:52:00,44.45,44.45,44.45,44.45,1000
"22044",2020-09-28 14:53:00,44.44,44.46,44.44,44.45,328
"22045",2020-09-28 14:54:00,44.43,44.45,44.43,44.45,796
"22046",2020-09-28 14:56:00,44.45,44.47,44.45,44.47,3
"22047",2020-09-28 14:57:00,44.46,44.49,44.45,44.49,1039
"22048",2020-09-28 14:59:00,44.47,44.49,44.47,44.49,55
"22049",2020-09-28 15:04:00,44.49,44.49,44.49,44.49,50
"22050",2020-09-28 15:06:00,44.46,44.46,44.45,44.46,57
"22051",2020-09-28 15:07:00,44.47,44.47,44.45,44.47,502
"22052",2020-09-28 15:11:00,44.47,44.47,44.47,44.47,114
"22053",2020-09-28 15:13:00,44.47,44.53,44.46,44.5,2275
"22054",2020-09-28 15:15:00,44.53,44.55,44.53,44.55,4
"22055",2020-09-28 15:16:00,44.59,44.59,44.59,44.59,400
"22056",2020-09-28 15:17:00,44.59,44.59,44.59,44.59,701
"22057",2020-09-28 15:18:00,44.6,44.6,44.6,44.6,103
"22058",2020-09-28 15:19:00,44.62,44.62,44.61,44.61,101
"22059",2020-09-28 15:20:00,44.61,44.61,44.6,44.6,100
"22060",2020-09-28 15:21:00,44.6,44.65,44.6,44.65,476
"22061",2020-09-28 15:22:00,44.66,44.66,44.66,44.66,3
"22062",2020-09-28 15:24:00,44.66,44.66,44.66,44.66,2
"22063",2020-09-28 15:26:00,44.64,44.64,44.6,44.6,110
"22064",2020-09-28 15:27:00,44.6,44.6,44.6,44.6,200
"22065",2020-09-28 15:28:00,44.6,44.6,44.6,44.6,156
"22066",2020-09-28 15:33:00,44.53,44.53,44.53,44.53,12
"22067",2020-09-28 15:35:00,44.58,44.63,44.58,44.63,6
"22068",2020-09-28 15:40:00,44.57,44.57,44.57,44.57,1
"22069",2020-09-28 15:43:00,44.57,44.57,44.57,44.57,1
"22070",2020-09-28 15:44:00,44.58,44.58,44.58,44.58,74
"22071",2020-09-28 15:45:00,44.57,44.58,44.57,44.58,6
"22072",2020-09-28 15:46:00,44.56,44.56,44.56,44.56,1
"22073",2020-09-28 15:47:00,44.54,44.54,44.54,44.54,125
"22074",2020-09-28 15:48:00,44.53,44.56,44.53,44.56,104
"22075",2020-09-28 15:49:00,44.55,44.56,44.55,44.56,502
"22076",2020-09-28 15:50:00,44.58,44.58,44.5,44.56,132
"22077",2020-09-28 15:51:00,44.56,44.56,44.5,44.5,202
"22078",2020-09-28 15:52:00,44.52,44.52,44.52,44.52,60
"22079",2020-09-28 15:53:00,44.51,44.53,44.45,44.5,294
"22080",2020-09-28 15:54:00,44.53,44.53,44.51,44.51,3
"22081",2020-09-28 15:55:00,44.53,44.53,44.53,44.53,4
"22082",2020-09-28 15:58:00,44.48,44.48,44.48,44.48,2
"22083",2020-09-28 15:59:00,44.47,44.47,44.47,44.47,23
"22084",2020-09-28 16:00:00,44.49,44.49,44.49,44.49,16
"22085",2020-09-28 16:01:00,44.5,44.5,44.5,44.5,381
"22086",2020-09-28 16:02:00,44.52,44.52,44.52,44.52,6
"22087",2020-09-28 16:03:00,44.56,44.58,44.56,44.58,454
"22088",2020-09-28 16:04:00,44.57,44.57,44.48,44.48,525
"22089",2020-09-28 16:05:00,44.48,44.5,44.48,44.5,406
"22090",2020-09-28 16:06:00,44.5,44.5,44.48,44.5,153
"22091",2020-09-28 16:09:00,44.45,44.45,44.45,44.45,1
"22092",2020-09-28 16:10:00,44.46,44.46,44.46,44.46,74
"22093",2020-09-28 16:11:00,44.45,44.48,44.45,44.45,436
"22094",2020-09-28 16:12:00,44.45,44.45,44.45,44.45,109
"22095",2020-09-28 16:13:00,44.45,44.49,44.45,44.45,274
"22096",2020-09-28 16:14:00,44.45,44.45,44.45,44.45,40
"22097",2020-09-28 16:15:00,44.45,44.46,44.45,44.46,11
"22098",2020-09-28 16:16:00,44.46,44.46,44.45,44.45,1601
"22099",2020-09-28 16:17:00,44.46,44.49,44.46,44.49,5
"22100",2020-09-28 16:18:00,44.46,44.46,44.46,44.46,1
"22101",2020-09-28 16:20:00,44.46,44.46,44.45,44.45,9
"22102",2020-09-28 16:21:00,44.45,44.45,44.45,44.45,1001
"22103",2020-09-28 16:22:00,44.45,44.45,44.45,44.45,543
"22104",2020-09-28 16:23:00,44.49,44.49,44.45,44.45,232
"22105",2020-09-28 16:24:00,44.45,44.45,44.38,44.4,727
"22106",2020-09-28 16:25:00,44.4,44.43,44.4,44.4,27
"22107",2020-09-28 16:26:00,44.4,44.41,44.34,44.4,3926
"22108",2020-09-28 16:27:00,44.35,44.35,44.35,44.35,4
"22109",2020-09-28 16:28:00,44.35,44.35,44.35,44.35,1
"22110",2020-09-28 16:29:00,44.37,44.38,44.36,44.36,435
"22111",2020-09-28 16:30:00,44.36,44.43,44.3,44.42,587
"22112",2020-09-28 16:31:00,44.45,44.45,44.34,44.36,9464
"22113",2020-09-28 16:32:00,44.33,44.36,44.15,44.19,18447
"22114",2020-09-28 16:33:00,44.2,44.28,44.16,44.26,16394
"22115",2020-09-28 16:34:00,44.25,44.27,44.12,44.13,10845
"22116",2020-09-28 16:35:00,44.13,44.29,44.08,44.25,18766
"22117",2020-09-28 16:36:00,44.24,44.25,44.18,44.2,6715
"22118",2020-09-28 16:37:00,44.2,44.26,44.09,44.12,5577
"22119",2020-09-28 16:38:00,44.08,44.08,44.02,44.08,4567
"22120",2020-09-28 16:39:00,44.07,44.18,44.04,44.16,5924
"22121",2020-09-28 16:40:00,44.19,44.19,44.03,44.05,7478
"22122",2020-09-28 16:41:00,44.04,44.14,44.02,44.14,4197
"22123",2020-09-28 16:42:00,44.16,44.25,44.16,44.16,10181
"22124",2020-09-28 16:43:00,44.17,44.25,44.13,44.13,6328
"22125",2020-09-28 16:44:00,44.12,44.26,44.12,44.23,7596
"22126",2020-09-28 16:45:00,44.23,44.26,44.13,44.15,10773
"22127",2020-09-28 16:46:00,44.14,44.16,44.09,44.13,7093
"22128",2020-09-28 16:47:00,44.12,44.16,44.1,44.1,2703
"22129",2020-09-28 16:48:00,44.11,44.12,43.9,43.93,14000
"22130",2020-09-28 16:49:00,43.93,44.02,43.93,43.98,4647
"22131",2020-09-28 16:50:00,43.95,43.97,43.89,43.9,9155
"22132",2020-09-28 16:51:00,43.87,43.92,43.84,43.84,8376
"22133",2020-09-28 16:52:00,43.83,43.98,43.79,43.98,8937
"22134",2020-09-28 16:53:00,43.98,44.04,43.95,44.03,5682
"22135",2020-09-28 16:54:00,44.01,44.02,43.97,44.01,1249
"22136",2020-09-28 16:55:00,44,44.03,44,44.01,3388
"22137",2020-09-28 16:56:00,43.99,44.06,43.99,44.04,1778
"22138",2020-09-28 16:57:00,44.06,44.08,44.04,44.06,839
"22139",2020-09-28 16:58:00,44.07,44.11,44.05,44.11,3716
"22140",2020-09-28 16:59:00,44.12,44.16,44.12,44.12,2094
"22141",2020-09-28 17:00:00,44.1,44.2,44.1,44.2,1922
"22142",2020-09-28 17:01:00,44.2,44.2,44.12,44.12,12498
"22143",2020-09-28 17:02:00,44.13,44.23,44.13,44.16,6929
"22144",2020-09-28 17:03:00,44.16,44.22,44.15,44.18,6240
"22145",2020-09-28 17:04:00,44.18,44.21,44.14,44.17,9428
"22146",2020-09-28 17:05:00,44.15,44.17,44.09,44.09,2803
"22147",2020-09-28 17:06:00,44.09,44.12,44.06,44.07,4786
"22148",2020-09-28 17:07:00,44.07,44.07,43.98,43.98,6371
"22149",2020-09-28 17:08:00,43.97,43.97,43.91,43.94,2981
"22150",2020-09-28 17:09:00,43.95,44.04,43.94,44.04,3261
"22151",2020-09-28 17:10:00,44.03,44.04,44,44.04,1594
"22152",2020-09-28 17:11:00,44.05,44.1,44.02,44.06,2127
"22153",2020-09-28 17:12:00,44.07,44.12,44.03,44.03,3386
"22154",2020-09-28 17:13:00,44.06,44.08,44.02,44.02,1473
"22155",2020-09-28 17:14:00,44.03,44.04,44.01,44.02,3555
"22156",2020-09-28 17:15:00,44.01,44.02,44,44.02,3484
"22157",2020-09-28 17:16:00,44.02,44.04,44.02,44.04,4526
"22158",2020-09-28 17:17:00,44.04,44.14,44.04,44.06,8967
"22159",2020-09-28 17:18:00,44.04,44.06,44,44,5763
"22160",2020-09-28 17:19:00,44.02,44.06,44,44.06,2196
"22161",2020-09-28 17:20:00,44.07,44.16,44.07,44.14,2516
"22162",2020-09-28 17:21:00,44.13,44.13,44.02,44.05,3509
"22163",2020-09-28 17:22:00,44.04,44.13,44.01,44.12,4118
"22164",2020-09-28 17:23:00,44.13,44.16,44.1,44.1,3723
"22165",2020-09-28 17:24:00,44.09,44.15,44.09,44.15,1946
"22166",2020-09-28 17:25:00,44.14,44.14,44.06,44.07,3708
"22167",2020-09-28 17:26:00,44.07,44.1,44.04,44.08,4461
"22168",2020-09-28 17:27:00,44.06,44.06,44.02,44.02,1680
"22169",2020-09-28 17:28:00,44.02,44.02,44,44,1102
"22170",2020-09-28 17:29:00,43.99,43.99,43.95,43.95,2124
"22171",2020-09-28 17:30:00,43.95,43.98,43.94,43.96,2755
"22172",2020-09-28 17:31:00,43.95,43.96,43.91,43.96,2324
"22173",2020-09-28 17:32:00,43.98,44.1,43.96,44.09,6854
"22174",2020-09-28 17:33:00,44.08,44.13,44.07,44.07,5513
"22175",2020-09-28 17:34:00,44.03,44.09,44.01,44.09,13270
"22176",2020-09-28 17:35:00,44.09,44.15,44.09,44.14,8860
"22177",2020-09-28 17:36:00,44.14,44.18,44.11,44.13,6550
"22178",2020-09-28 17:37:00,44.13,44.13,44.09,44.1,1999
"22179",2020-09-28 17:38:00,44.1,44.15,44.06,44.12,6756
"22180",2020-09-28 17:39:00,44.1,44.1,43.94,43.96,11189
"22181",2020-09-28 17:40:00,43.95,43.98,43.95,43.98,3892
"22182",2020-09-28 17:41:00,43.97,44,43.96,43.98,2428
"22183",2020-09-28 17:42:00,43.96,43.98,43.94,43.97,1451
"22184",2020-09-28 17:43:00,43.98,44.03,43.98,44.02,2031
"22185",2020-09-28 17:44:00,44.02,44.03,44.01,44.01,1944
"22186",2020-09-28 17:45:00,44,44.02,43.98,44.02,3537
"22187",2020-09-28 17:46:00,44.01,44.05,43.97,43.98,3459
"22188",2020-09-28 17:47:00,43.96,43.96,43.91,43.95,3481
"22189",2020-09-28 17:48:00,43.95,43.99,43.94,43.98,2753
"22190",2020-09-28 17:49:00,43.99,44.03,43.97,43.97,1751
"22191",2020-09-28 17:50:00,43.97,44,43.97,43.99,849
"22192",2020-09-28 17:51:00,43.96,43.97,43.89,43.89,3624
"22193",2020-09-28 17:52:00,43.89,43.91,43.86,43.86,2295
"22194",2020-09-28 17:53:00,43.87,43.92,43.86,43.92,1938
"22195",2020-09-28 17:54:00,43.91,43.91,43.87,43.88,3238
"22196",2020-09-28 17:55:00,43.87,43.87,43.84,43.85,3050
"22197",2020-09-28 17:56:00,43.84,43.86,43.84,43.86,4062
"22198",2020-09-28 17:57:00,43.86,43.89,43.84,43.84,1194
"22199",2020-09-28 17:58:00,43.81,43.82,43.79,43.8,1829
"22200",2020-09-28 17:59:00,43.77,43.8,43.76,43.78,3785
"22201",2020-09-28 18:00:00,43.76,43.77,43.74,43.74,6193
"22202",2020-09-28 18:01:00,43.73,43.77,43.71,43.74,6372
"22203",2020-09-28 18:02:00,43.72,43.76,43.72,43.76,11332
"22204",2020-09-28 18:03:00,43.76,43.84,43.76,43.84,3180
"22205",2020-09-28 18:04:00,43.84,43.86,43.82,43.82,4614
"22206",2020-09-28 18:05:00,43.82,43.82,43.74,43.74,2539
"22207",2020-09-28 18:06:00,43.76,43.78,43.76,43.76,1883
"22208",2020-09-28 18:07:00,43.76,43.81,43.76,43.79,1553
"22209",2020-09-28 18:08:00,43.82,43.87,43.8,43.86,3350
"22210",2020-09-28 18:09:00,43.86,43.88,43.86,43.86,2752
"22211",2020-09-28 18:10:00,43.86,43.86,43.86,43.86,508
"22212",2020-09-28 18:11:00,43.86,43.87,43.84,43.87,4018
"22213",2020-09-28 18:12:00,43.87,43.92,43.87,43.9,4414
"22214",2020-09-28 18:13:00,43.93,43.96,43.91,43.91,2638
"22215",2020-09-28 18:14:00,43.91,43.92,43.89,43.91,3569
"22216",2020-09-28 18:15:00,43.93,43.93,43.92,43.93,1871
"22217",2020-09-28 18:16:00,43.94,43.94,43.92,43.92,2219
"22218",2020-09-28 18:17:00,43.91,43.91,43.88,43.88,4323
"22219",2020-09-28 18:18:00,43.88,43.89,43.85,43.86,3669
"22220",2020-09-28 18:19:00,43.86,43.86,43.83,43.83,2308
"22221",2020-09-28 18:20:00,43.82,43.82,43.8,43.82,1462
"22222",2020-09-28 18:21:00,43.82,43.82,43.74,43.74,3658
"22223",2020-09-28 18:22:00,43.76,43.77,43.76,43.77,647
"22224",2020-09-28 18:23:00,43.75,43.79,43.74,43.78,2662
"22225",2020-09-28 18:24:00,43.79,43.8,43.79,43.8,508
"22226",2020-09-28 18:25:00,43.81,43.85,43.81,43.85,2915
"22227",2020-09-28 18:26:00,43.85,43.85,43.77,43.78,4631
"22228",2020-09-28 18:27:00,43.78,43.78,43.74,43.74,2903
"22229",2020-09-28 18:28:00,43.74,43.74,43.69,43.7,1954
"22230",2020-09-28 18:29:00,43.7,43.73,43.7,43.72,2863
"22231",2020-09-28 18:30:00,43.72,43.76,43.72,43.75,1678
"22232",2020-09-28 18:31:00,43.74,43.76,43.7,43.71,1968
"22233",2020-09-28 18:32:00,43.71,43.71,43.68,43.69,2726
"22234",2020-09-28 18:33:00,43.68,43.76,43.68,43.75,1904
"22235",2020-09-28 18:34:00,43.76,43.8,43.75,43.75,11878
"22236",2020-09-28 18:35:00,43.74,43.74,43.74,43.74,101
"22237",2020-09-28 18:36:00,43.73,43.76,43.72,43.74,2521
"22238",2020-09-28 18:37:00,43.74,43.76,43.74,43.75,829
"22239",2020-09-28 18:38:00,43.76,43.78,43.76,43.78,1829
"22240",2020-09-28 18:39:00,43.78,43.8,43.78,43.8,1746
"22241",2020-09-28 18:40:00,43.79,43.82,43.78,43.82,982
"22242",2020-09-28 18:41:00,43.81,43.81,43.8,43.8,2264
"22243",2020-09-28 18:42:00,43.81,43.81,43.77,43.77,2994
"22244",2020-09-28 18:43:00,43.77,43.77,43.74,43.75,3886
"22245",2020-09-28 18:44:00,43.75,43.76,43.74,43.74,2203
"22246",2020-09-28 18:45:00,43.74,43.75,43.74,43.75,1780
"22247",2020-09-28 18:46:00,43.73,43.73,43.72,43.73,597
"22248",2020-09-28 18:47:00,43.71,43.72,43.69,43.7,3230
"22249",2020-09-28 18:48:00,43.7,43.7,43.66,43.67,4001
"22250",2020-09-28 18:49:00,43.68,43.71,43.67,43.71,2272
"22251",2020-09-28 18:50:00,43.7,43.71,43.68,43.71,1216
"22252",2020-09-28 18:51:00,43.71,43.72,43.68,43.71,1209
"22253",2020-09-28 18:52:00,43.71,43.72,43.71,43.72,1353
"22254",2020-09-28 18:53:00,43.71,43.73,43.7,43.72,1909
"22255",2020-09-28 18:54:00,43.72,43.72,43.7,43.72,1151
"22256",2020-09-28 18:55:00,43.72,43.72,43.69,43.7,1735
"22257",2020-09-28 18:56:00,43.7,43.7,43.64,43.64,3828
"22258",2020-09-28 18:57:00,43.65,43.66,43.63,43.65,3757
"22259",2020-09-28 18:58:00,43.65,43.68,43.62,43.62,3931
"22260",2020-09-28 18:59:00,43.62,43.62,43.61,43.61,1407
"22261",2020-09-28 19:00:00,43.61,43.67,43.61,43.67,1916
"22262",2020-09-28 19:01:00,43.67,43.67,43.63,43.64,3556
"22263",2020-09-28 19:02:00,43.64,43.65,43.64,43.64,1341
"22264",2020-09-28 19:03:00,43.65,43.66,43.63,43.63,2028
"22265",2020-09-28 19:04:00,43.63,43.66,43.63,43.65,1303
"22266",2020-09-28 19:05:00,43.65,43.67,43.65,43.66,1198
"22267",2020-09-28 19:06:00,43.65,43.66,43.64,43.66,2582
"22268",2020-09-28 19:07:00,43.66,43.66,43.64,43.66,1951
"22269",2020-09-28 19:08:00,43.66,43.66,43.64,43.65,2580
"22270",2020-09-28 19:09:00,43.65,43.66,43.65,43.66,102
"22271",2020-09-28 19:10:00,43.65,43.7,43.65,43.69,1770
"22272",2020-09-28 19:11:00,43.7,43.7,43.68,43.68,1624
"22273",2020-09-28 19:12:00,43.68,43.69,43.68,43.69,620
"22274",2020-09-28 19:13:00,43.68,43.69,43.68,43.69,1371
"22275",2020-09-28 19:14:00,43.68,43.68,43.68,43.68,423
"22276",2020-09-28 19:15:00,43.69,43.72,43.69,43.7,1234
"22277",2020-09-28 19:16:00,43.7,43.71,43.69,43.7,1753
"22278",2020-09-28 19:17:00,43.69,43.69,43.63,43.65,4475
"22279",2020-09-28 19:18:00,43.65,43.66,43.65,43.66,514
"22280",2020-09-28 19:19:00,43.67,43.68,43.63,43.65,2942
"22281",2020-09-28 19:20:00,43.66,43.68,43.66,43.68,1017
"22282",2020-09-28 19:21:00,43.68,43.71,43.68,43.69,1313
"22283",2020-09-28 19:22:00,43.69,43.69,43.67,43.67,821
"22284",2020-09-28 19:23:00,43.67,43.67,43.65,43.67,2257
"22285",2020-09-28 19:24:00,43.68,43.7,43.68,43.7,1764
"22286",2020-09-28 19:25:00,43.7,43.7,43.68,43.68,467
"22287",2020-09-28 19:26:00,43.68,43.73,43.68,43.72,3085
"22288",2020-09-28 19:27:00,43.72,43.73,43.72,43.72,625
"22289",2020-09-28 19:28:00,43.73,43.74,43.72,43.72,3640
"22290",2020-09-28 19:29:00,43.72,43.74,43.72,43.74,976
"22291",2020-09-28 19:30:00,43.75,43.77,43.73,43.77,1629
"22292",2020-09-28 19:31:00,43.78,43.78,43.76,43.76,853
"22293",2020-09-28 19:32:00,43.76,43.77,43.75,43.77,1049
"22294",2020-09-28 19:33:00,43.78,43.8,43.78,43.8,871
"22295",2020-09-28 19:34:00,43.8,43.82,43.8,43.82,1001
"22296",2020-09-28 19:35:00,43.83,43.84,43.82,43.83,1510
"22297",2020-09-28 19:36:00,43.83,43.83,43.82,43.83,927
"22298",2020-09-28 19:37:00,43.84,43.87,43.84,43.87,3728
"22299",2020-09-28 19:38:00,43.87,43.91,43.87,43.91,2827
"22300",2020-09-28 19:39:00,43.91,43.91,43.89,43.89,4293
"22301",2020-09-28 19:40:00,43.9,43.9,43.88,43.9,1684
"22302",2020-09-28 19:41:00,43.92,43.92,43.89,43.91,2032
"22303",2020-09-28 19:42:00,43.92,43.92,43.89,43.89,2028
"22304",2020-09-28 19:43:00,43.88,43.89,43.88,43.88,1747
"22305",2020-09-28 19:44:00,43.89,43.9,43.89,43.89,212
"22306",2020-09-28 19:45:00,43.88,43.9,43.86,43.87,983
"22307",2020-09-28 19:46:00,43.88,43.9,43.88,43.89,1648
"22308",2020-09-28 19:47:00,43.89,43.9,43.89,43.9,227
"22309",2020-09-28 19:48:00,43.9,43.9,43.89,43.89,902
"22310",2020-09-28 19:49:00,43.88,43.9,43.88,43.9,1817
"22311",2020-09-28 19:50:00,43.89,43.89,43.89,43.89,448
"22312",2020-09-28 19:51:00,43.89,43.9,43.88,43.9,1532
"22313",2020-09-28 19:52:00,43.89,43.89,43.86,43.88,3186
"22314",2020-09-28 19:53:00,43.88,43.88,43.8,43.8,3338
"22315",2020-09-28 19:54:00,43.8,43.8,43.78,43.78,1057
"22316",2020-09-28 19:55:00,43.77,43.77,43.73,43.74,4302
"22317",2020-09-28 19:56:00,43.74,43.74,43.72,43.74,2500
"22318",2020-09-28 19:57:00,43.74,43.74,43.72,43.74,2145
"22319",2020-09-28 19:58:00,43.74,43.77,43.74,43.77,2679
"22320",2020-09-28 19:59:00,43.76,43.77,43.76,43.77,616
"22321",2020-09-28 20:00:00,43.77,43.77,43.76,43.76,4083
"22322",2020-09-28 20:01:00,43.76,43.78,43.76,43.78,3734
"22323",2020-09-28 20:02:00,43.79,43.81,43.79,43.8,512
"22324",2020-09-28 20:03:00,43.81,43.83,43.8,43.83,3747
"22325",2020-09-28 20:04:00,43.84,43.84,43.82,43.82,2079
"22326",2020-09-28 20:05:00,43.81,43.82,43.8,43.8,1443
"22327",2020-09-28 20:06:00,43.8,43.81,43.79,43.81,2975
"22328",2020-09-28 20:07:00,43.81,43.81,43.81,43.81,201
"22329",2020-09-28 20:08:00,43.8,43.8,43.79,43.79,1600
"22330",2020-09-28 20:09:00,43.8,43.81,43.8,43.8,857
"22331",2020-09-28 20:10:00,43.79,43.8,43.76,43.77,1772
"22332",2020-09-28 20:11:00,43.77,43.78,43.77,43.77,541
"22333",2020-09-28 20:12:00,43.76,43.76,43.74,43.76,3867
"22334",2020-09-28 20:13:00,43.76,43.79,43.76,43.79,1678
"22335",2020-09-28 20:14:00,43.79,43.79,43.78,43.78,852
"22336",2020-09-28 20:15:00,43.78,43.82,43.78,43.82,2723
"22337",2020-09-28 20:16:00,43.83,43.84,43.83,43.84,4204
"22338",2020-09-28 20:17:00,43.85,43.87,43.85,43.85,2880
"22339",2020-09-28 20:18:00,43.84,43.84,43.82,43.82,1290
"22340",2020-09-28 20:19:00,43.82,43.83,43.82,43.83,1305
"22341",2020-09-28 20:20:00,43.84,43.85,43.83,43.83,1647
"22342",2020-09-28 20:21:00,43.84,43.86,43.83,43.83,1380
"22343",2020-09-28 20:22:00,43.83,43.86,43.83,43.86,888
"22344",2020-09-28 20:23:00,43.86,43.89,43.86,43.88,3821
"22345",2020-09-28 20:24:00,43.88,43.88,43.88,43.88,1230
"22346",2020-09-28 20:25:00,43.89,43.9,43.89,43.89,1737
"22347",2020-09-28 20:26:00,43.89,43.9,43.89,43.9,3202
"22348",2020-09-28 20:27:00,43.9,43.9,43.86,43.86,6244
"22349",2020-09-28 20:28:00,43.85,43.88,43.85,43.88,3283
"22350",2020-09-28 20:29:00,43.89,43.9,43.89,43.9,1306
"22351",2020-09-28 20:30:00,43.9,43.9,43.88,43.88,1688
"22352",2020-09-28 20:31:00,43.88,43.89,43.87,43.87,1586
"22353",2020-09-28 20:32:00,43.87,43.87,43.86,43.87,667
"22354",2020-09-28 20:33:00,43.88,43.9,43.87,43.89,3164
"22355",2020-09-28 20:34:00,43.89,43.91,43.89,43.91,1342
"22356",2020-09-28 20:35:00,43.9,43.9,43.9,43.9,1463
"22357",2020-09-28 20:36:00,43.9,43.9,43.88,43.88,1578
"22358",2020-09-28 20:37:00,43.87,43.88,43.87,43.88,2036
"22359",2020-09-28 20:38:00,43.88,43.89,43.88,43.88,1877
"22360",2020-09-28 20:39:00,43.88,43.88,43.86,43.86,2773
"22361",2020-09-28 20:40:00,43.87,43.87,43.86,43.87,1799
"22362",2020-09-28 20:41:00,43.87,43.89,43.87,43.89,2551
"22363",2020-09-28 20:42:00,43.88,43.88,43.88,43.88,805
"22364",2020-09-28 20:43:00,43.88,43.88,43.88,43.88,555
"22365",2020-09-28 20:44:00,43.88,43.92,43.88,43.91,3218
"22366",2020-09-28 20:45:00,43.91,43.93,43.9,43.93,3644
"22367",2020-09-28 20:46:00,43.94,43.95,43.93,43.94,2960
"22368",2020-09-28 20:47:00,43.94,43.94,43.93,43.94,1782
"22369",2020-09-28 20:48:00,43.94,43.94,43.94,43.94,895
"22370",2020-09-28 20:49:00,43.95,43.97,43.95,43.97,4687
"22371",2020-09-28 20:50:00,43.97,43.97,43.96,43.96,2401
"22372",2020-09-28 20:51:00,43.96,44,43.95,43.98,3177
"22373",2020-09-28 20:52:00,43.98,43.98,43.96,43.98,2264
"22374",2020-09-28 20:53:00,43.98,43.98,43.96,43.96,689
"22375",2020-09-28 20:54:00,43.97,44.01,43.97,44.01,3248
"22376",2020-09-28 20:55:00,44.01,44.04,44.01,44.04,1786
"22377",2020-09-28 20:56:00,44.05,44.08,44.04,44.04,4603
"22378",2020-09-28 20:57:00,44.05,44.06,44.05,44.05,748
"22379",2020-09-28 20:58:00,44.04,44.04,44.04,44.04,150
"22380",2020-09-28 20:59:00,44.05,44.06,44.02,44.02,2381
"22381",2020-09-28 21:00:00,44.02,44.02,44,44,1705
"22382",2020-09-28 21:01:00,44.01,44.01,43.95,43.96,5067
"22383",2020-09-28 21:02:00,43.96,43.96,43.91,43.92,6059
"22384",2020-09-28 21:03:00,43.91,43.92,43.87,43.87,4957
"22385",2020-09-28 21:04:00,43.88,43.88,43.86,43.88,2573
"22386",2020-09-28 21:05:00,43.89,43.93,43.88,43.91,4283
"22387",2020-09-28 21:06:00,43.91,43.93,43.9,43.9,3831
"22388",2020-09-28 21:07:00,43.91,43.92,43.89,43.89,2159
"22389",2020-09-28 21:08:00,43.9,43.92,43.9,43.92,1214
"22390",2020-09-28 21:09:00,43.92,43.95,43.92,43.94,2272
"22391",2020-09-28 21:10:00,43.95,43.97,43.95,43.96,795
"22392",2020-09-28 21:11:00,43.97,43.98,43.96,43.96,1380
"22393",2020-09-28 21:12:00,43.97,43.98,43.96,43.98,1256
"22394",2020-09-28 21:13:00,43.98,44,43.98,44,1798
"22395",2020-09-28 21:14:00,43.99,43.99,43.98,43.98,496
"22396",2020-09-28 21:15:00,43.98,43.98,43.96,43.97,1205
"22397",2020-09-28 21:16:00,43.97,44.01,43.97,44.01,2534
"22398",2020-09-28 21:17:00,44,44,43.99,43.99,1522
"22399",2020-09-28 21:18:00,43.98,43.98,43.97,43.98,948
"22400",2020-09-28 21:19:00,43.97,43.98,43.97,43.98,221
"22401",2020-09-28 21:20:00,43.97,43.97,43.94,43.94,1207
"22402",2020-09-28 21:21:00,43.94,43.94,43.91,43.92,2520
"22403",2020-09-28 21:22:00,43.92,43.92,43.92,43.92,1000
"22404",2020-09-28 21:23:00,43.92,43.92,43.89,43.89,1470
"22405",2020-09-28 21:24:00,43.89,43.89,43.88,43.88,2443
"22406",2020-09-28 21:25:00,43.88,43.88,43.88,43.88,725
"22407",2020-09-28 21:26:00,43.87,43.92,43.87,43.92,2241
"22408",2020-09-28 21:27:00,43.92,43.92,43.91,43.91,985
"22409",2020-09-28 21:28:00,43.92,43.93,43.92,43.92,1914
"22410",2020-09-28 21:29:00,43.92,43.92,43.92,43.92,81
"22411",2020-09-28 21:30:00,43.93,43.95,43.93,43.95,2071
"22412",2020-09-28 21:31:00,43.96,43.97,43.94,43.97,2505
"22413",2020-09-28 21:32:00,43.98,44,43.97,43.97,1778
"22414",2020-09-28 21:33:00,43.96,43.98,43.96,43.97,1432
"22415",2020-09-28 21:34:00,43.97,43.99,43.97,43.99,1991
"22416",2020-09-28 21:35:00,43.99,43.99,43.98,43.98,835
"22417",2020-09-28 21:36:00,43.99,43.99,43.95,43.95,1751
"22418",2020-09-28 21:37:00,43.96,44,43.96,43.99,2324
"22419",2020-09-28 21:38:00,43.98,43.99,43.98,43.98,1320
"22420",2020-09-28 21:39:00,43.98,44.03,43.98,44.03,1118
"22421",2020-09-28 21:40:00,44.02,44.03,44.02,44.03,1072
"22422",2020-09-28 21:41:00,44.02,44.02,43.98,43.98,2781
"22423",2020-09-28 21:42:00,43.99,44,43.99,43.99,2512
"22424",2020-09-28 21:43:00,44,44.04,44,44.04,2404
"22425",2020-09-28 21:44:00,44.04,44.05,44.03,44.04,3157
"22426",2020-09-28 21:45:00,44.05,44.06,44.03,44.04,6294
"22427",2020-09-28 21:46:00,44.04,44.05,44.04,44.05,2254
"22428",2020-09-28 21:47:00,44.05,44.05,44.03,44.05,3731
"22429",2020-09-28 21:48:00,44.06,44.08,44.06,44.07,4745
"22430",2020-09-28 21:49:00,44.06,44.07,44.03,44.03,4124
"22431",2020-09-28 21:50:00,44.03,44.03,43.98,44,6511
"22432",2020-09-28 21:51:00,44.01,44.03,44.01,44.03,2382
"22433",2020-09-28 21:52:00,44.03,44.04,44.02,44.03,2956
"22434",2020-09-28 21:53:00,44.02,44.05,44.01,44.05,3474
"22435",2020-09-28 21:54:00,44.05,44.1,44.05,44.1,2987
"22436",2020-09-28 21:55:00,44.09,44.1,44.08,44.09,1054
"22437",2020-09-28 21:56:00,44.08,44.12,44.07,44.12,2674
"22438",2020-09-28 21:57:00,44.11,44.12,44.11,44.12,3090
"22439",2020-09-28 21:58:00,44.13,44.14,44.11,44.11,2084
"22440",2020-09-28 21:59:00,44.1,44.12,44.09,44.1,2330
"22441",2020-09-28 22:00:00,44.1,44.12,44.1,44.12,1456
"22442",2020-09-28 22:01:00,44.12,44.12,44.1,44.1,1212
"22443",2020-09-28 22:02:00,44.09,44.09,44.09,44.09,202
"22444",2020-09-28 22:03:00,44.09,44.12,44.09,44.12,3270
"22445",2020-09-28 22:04:00,44.12,44.12,44.1,44.12,3544
"22446",2020-09-28 22:05:00,44.12,44.14,44.11,44.11,3397
"22447",2020-09-28 22:06:00,44.11,44.14,44.11,44.13,2395
"22448",2020-09-28 22:07:00,44.14,44.17,44.14,44.16,6922
"22449",2020-09-28 22:08:00,44.16,44.16,44.14,44.14,2801
"22450",2020-09-28 22:09:00,44.15,44.16,44.14,44.14,2557
"22451",2020-09-28 22:10:00,44.13,44.13,44.12,44.12,1136
"22452",2020-09-28 22:11:00,44.13,44.16,44.13,44.16,1588
"22453",2020-09-28 22:12:00,44.16,44.18,44.16,44.18,2906
"22454",2020-09-28 22:13:00,44.19,44.23,44.19,44.23,5827
"22455",2020-09-28 22:14:00,44.23,44.26,44.23,44.26,3246
"22456",2020-09-28 22:15:00,44.26,44.29,44.26,44.29,1900
"22457",2020-09-28 22:16:00,44.28,44.28,44.23,44.25,4410
"22458",2020-09-28 22:17:00,44.25,44.26,44.24,44.26,5142
"22459",2020-09-28 22:18:00,44.27,44.29,44.26,44.26,2446
"22460",2020-09-28 22:19:00,44.26,44.28,44.25,44.25,4829
"22461",2020-09-28 22:20:00,44.25,44.25,44.24,44.25,2832
"22462",2020-09-28 22:21:00,44.25,44.26,44.2,44.21,6701
"22463",2020-09-28 22:22:00,44.21,44.23,44.21,44.22,1963
"22464",2020-09-28 22:23:00,44.22,44.22,44.21,44.22,2571
"22465",2020-09-28 22:24:00,44.21,44.22,44.2,44.2,2485
"22466",2020-09-28 22:25:00,44.2,44.22,44.18,44.22,2946
"22467",2020-09-28 22:26:00,44.23,44.25,44.22,44.25,4777
"22468",2020-09-28 22:27:00,44.26,44.29,44.26,44.29,1530
"22469",2020-09-28 22:28:00,44.29,44.29,44.28,44.28,962
"22470",2020-09-28 22:29:00,44.28,44.32,44.28,44.3,3319
"22471",2020-09-28 22:30:00,44.3,44.3,44.28,44.28,2354
"22472",2020-09-28 22:31:00,44.29,44.29,44.23,44.27,7482
"22473",2020-09-28 22:32:00,44.27,44.27,44.19,44.2,10530
"22474",2020-09-28 22:33:00,44.2,44.21,44.14,44.16,10055
"22475",2020-09-28 22:34:00,44.15,44.16,44.11,44.14,4595
"22476",2020-09-28 22:35:00,44.14,44.2,44.14,44.2,4239
"22477",2020-09-28 22:36:00,44.2,44.2,44.16,44.17,6589
"22478",2020-09-28 22:37:00,44.18,44.18,44.14,44.14,6254
"22479",2020-09-28 22:38:00,44.14,44.16,44.12,44.13,7084
"22480",2020-09-28 22:39:00,44.13,44.14,44.13,44.14,1558
"22481",2020-09-28 22:40:00,44.14,44.15,44.11,44.11,4886
"22482",2020-09-28 22:41:00,44.1,44.12,44.09,44.1,4929
"22483",2020-09-28 22:42:00,44.09,44.1,44.08,44.1,3068
"22484",2020-09-28 22:43:00,44.1,44.12,44.1,44.12,1083
"22485",2020-09-28 22:44:00,44.12,44.16,44.12,44.15,2171
"22486",2020-09-28 22:45:00,44.15,44.16,44.14,44.14,3481
"22487",2020-09-28 22:46:00,44.14,44.14,44.1,44.12,6145
"22488",2020-09-28 22:47:00,44.13,44.16,44.13,44.15,3947
"22489",2020-09-28 22:48:00,44.16,44.2,44.16,44.19,4061
"22490",2020-09-28 22:49:00,44.18,44.18,44.15,44.15,4356
"22491",2020-09-28 22:50:00,44.14,44.17,44.11,44.12,12851
"22492",2020-09-28 22:51:00,44.11,44.16,44.11,44.16,7078
"22493",2020-09-28 22:52:00,44.16,44.16,44.14,44.16,4491
"22494",2020-09-28 22:53:00,44.16,44.16,44.12,44.16,9830
"22495",2020-09-28 22:54:00,44.17,44.18,44.16,44.18,2823
"22496",2020-09-28 22:55:00,44.18,44.22,44.18,44.22,7791
"22497",2020-09-28 22:56:00,44.22,44.22,44.15,44.19,11759
"22498",2020-09-28 22:57:00,44.2,44.21,44.17,44.2,10411
"22499",2020-09-28 22:58:00,44.2,44.2,44.13,44.15,17653
"22500",2020-09-28 22:59:00,44.14,44.14,44.1,44.14,7827
"22501",2020-09-28 23:00:00,44.14,44.2,44.08,44.19,24418
"22502",2020-09-28 23:01:00,44.19,44.19,44.03,44.03,160
"22503",2020-09-28 23:02:00,44.19,44.19,44.03,44.03,82
"22504",2020-09-28 23:04:00,44.03,44.15,44.03,44.15,2216
"22505",2020-09-28 23:05:00,44.04,44.04,44.04,44.04,1
"22506",2020-09-28 23:06:00,44.01,44.01,44.01,44.01,3
"22507",2020-09-28 23:07:00,44.05,44.05,44.05,44.05,6
"22508",2020-09-28 23:09:00,44.15,44.15,44.15,44.15,2
"22509",2020-09-28 23:11:00,44.18,44.18,44.18,44.18,150
"22510",2020-09-28 23:14:00,44.22,44.24,44.22,44.24,112
"22511",2020-09-28 23:16:00,44.05,44.05,44.05,44.05,5
"22512",2020-09-28 23:21:00,44.06,44.39,44.06,44.39,40
"22513",2020-09-28 23:30:00,44.05,44.05,44.05,44.05,4
"22514",2020-09-28 23:33:00,44.05,44.05,44.02,44.02,417
"22515",2020-09-28 23:34:00,44.02,44.02,44.02,44.02,100
"22516",2020-09-28 23:35:00,44.15,44.15,44.15,44.15,3
"22517",2020-09-28 23:38:00,44.15,44.15,44.15,44.15,40
"22518",2020-09-28 23:43:00,44.15,44.15,44.15,44.15,75
"22519",2020-09-28 23:44:00,44.24,44.24,44.24,44.24,11
"22520",2020-09-28 23:53:00,44.24,44.24,44.24,44.24,9
"22521",2020-09-28 23:54:00,44.02,44.15,44.02,44.15,261
"22522",2020-09-28 23:56:00,44.15,44.15,44.15,44.15,30
"22523",2020-09-28 23:57:00,44.15,44.15,44.15,44.15,100
"22524",2020-09-29 00:01:00,44.24,44.24,44.24,44.24,1
"22525",2020-09-29 00:05:00,44.15,44.15,44.15,44.15,2
"22526",2020-09-29 00:06:00,44.15,44.15,44.15,44.15,2
"22527",2020-09-29 00:07:00,44.15,44.15,44.15,44.15,3
"22528",2020-09-29 00:09:00,44.24,44.24,44.24,44.24,12
"22529",2020-09-29 00:12:00,44.24,44.24,44.24,44.24,36
"22530",2020-09-29 00:13:00,44.19,44.19,44.19,44.19,2
"22531",2020-09-29 00:19:00,44.4,44.4,44.4,44.4,2
"22532",2020-09-29 00:20:00,44.2,44.2,44.2,44.2,1
"22533",2020-09-29 00:24:00,44.19,44.19,44.19,44.19,1
"22534",2020-09-29 00:26:00,44.19,44.19,44.19,44.19,5
"22535",2020-09-29 00:27:00,44.2,44.2,44.2,44.2,1
"22536",2020-09-29 00:29:00,44.2,44.2,44.2,44.2,3
"22537",2020-09-29 00:31:00,44.2,44.2,44.19,44.19,3
"22538",2020-09-29 00:34:00,44.19,44.19,44.19,44.19,5
"22539",2020-09-29 00:35:00,44.2,44.2,44.2,44.2,1
"22540",2020-09-29 00:38:00,44.19,44.19,44.19,44.19,2
"22541",2020-09-29 00:42:00,44.19,44.19,44.19,44.19,12
"22542",2020-09-29 00:43:00,44.19,44.19,44.19,44.19,1
"22543",2020-09-29 00:47:00,44.19,44.19,44.19,44.19,62
"22544",2020-09-29 00:48:00,44.19,44.19,44.19,44.19,1
"22545",2020-09-29 00:49:00,44.19,44.2,44.19,44.19,7
"22546",2020-09-29 00:52:00,44.4,44.4,44.37,44.37,31
"22547",2020-09-29 00:53:00,44.22,44.42,44.19,44.42,560
"22548",2020-09-29 00:54:00,44.42,44.48,44.42,44.48,52
"22549",2020-09-29 00:55:00,44.36,44.36,44.36,44.36,2
"22550",2020-09-29 00:57:00,44.29,44.48,44.29,44.48,236
"22551",2020-09-29 00:58:00,44.5,44.5,44.45,44.45,488
"22552",2020-09-29 00:59:00,44.39,44.59,44.39,44.59,48
"22553",2020-09-29 01:05:00,44.65,44.65,44.65,44.65,124
"22554",2020-09-29 01:07:00,44.65,44.65,44.65,44.65,1
"22555",2020-09-29 01:09:00,44.5,44.5,44.5,44.5,1796
"22556",2020-09-29 01:12:00,44.5,44.5,44.5,44.5,1
"22557",2020-09-29 01:23:00,44.64,44.64,44.64,44.64,150
"22558",2020-09-29 01:35:00,44.64,44.68,44.64,44.68,23
"22559",2020-09-29 10:01:00,44.31,44.31,44.29,44.29,48
"22560",2020-09-29 10:02:00,44.29,44.29,44.26,44.26,10
"22561",2020-09-29 10:03:00,44.35,44.35,44.35,44.35,5
"22562",2020-09-29 10:08:00,44.28,44.28,44.28,44.28,46
"22563",2020-09-29 10:11:00,44.28,44.35,44.23,44.23,71
"22564",2020-09-29 10:14:00,44.3,44.3,44.3,44.3,1
"22565",2020-09-29 10:15:00,44.3,44.3,44.3,44.3,2
"22566",2020-09-29 10:16:00,44.3,44.3,44.3,44.3,1
"22567",2020-09-29 10:17:00,44.35,44.35,44.35,44.35,1
"22568",2020-09-29 10:18:00,44.35,44.35,44.35,44.35,1
"22569",2020-09-29 10:19:00,44.26,44.26,44.26,44.26,4
"22570",2020-09-29 10:21:00,44.35,44.35,44.35,44.35,2
"22571",2020-09-29 10:22:00,44.35,44.35,44.35,44.35,2
"22572",2020-09-29 10:32:00,44.35,44.35,44.35,44.35,4
"22573",2020-09-29 10:38:00,44.35,44.35,44.35,44.35,1
"22574",2020-09-29 10:42:00,44.32,44.32,44.31,44.31,7
"22575",2020-09-29 10:49:00,44.3,44.3,44.3,44.3,2
"22576",2020-09-29 10:53:00,44.28,44.28,44.26,44.26,3
"22577",2020-09-29 10:54:00,44.25,44.25,44.25,44.25,11
"22578",2020-09-29 10:55:00,44.25,44.25,44.25,44.25,2
"22579",2020-09-29 10:57:00,44.28,44.28,44.28,44.28,5
"22580",2020-09-29 11:00:00,44.18,44.18,44.17,44.17,11
"22581",2020-09-29 11:11:00,44.15,44.17,44.15,44.17,6
"22582",2020-09-29 11:12:00,44.17,44.17,44.17,44.17,4
"22583",2020-09-29 11:21:00,44.08,44.16,44.06,44.16,21
"22584",2020-09-29 11:22:00,44.16,44.16,44.16,44.16,9
"22585",2020-09-29 11:25:00,44.06,44.06,44.06,44.06,1
"22586",2020-09-29 11:34:00,44.05,44.05,44.05,44.05,2
"22587",2020-09-29 11:35:00,43.91,43.91,43.9,43.9,21
"22588",2020-09-29 11:36:00,44.06,44.06,44.06,44.06,48
"22589",2020-09-29 11:38:00,44.06,44.06,44.06,44.06,5
"22590",2020-09-29 11:46:00,44.05,44.06,44.05,44.06,11
"22591",2020-09-29 11:48:00,44.06,44.06,44.06,44.06,25
"22592",2020-09-29 11:49:00,44.03,44.03,44.03,44.03,2
"22593",2020-09-29 11:50:00,44.07,44.07,44.07,44.07,11
"22594",2020-09-29 11:57:00,44.18,44.18,44.18,44.18,2
"22595",2020-09-29 12:07:00,44.15,44.15,44.15,44.15,1
"22596",2020-09-29 12:16:00,44.15,44.15,44.15,44.15,20
"22597",2020-09-29 12:18:00,44.15,44.15,44.15,44.15,2
"22598",2020-09-29 12:19:00,44.15,44.15,44.15,44.15,2
"22599",2020-09-29 12:22:00,44.02,44.02,44.02,44.02,3
"22600",2020-09-29 12:26:00,44.03,44.03,44.03,44.03,2
"22601",2020-09-29 12:27:00,44.02,44.15,44.02,44.15,88
"22602",2020-09-29 12:28:00,44.16,44.17,44.16,44.17,7
"22603",2020-09-29 12:30:00,44.2,44.2,44.2,44.2,10
"22604",2020-09-29 12:37:00,44.16,44.16,44.16,44.16,26
"22605",2020-09-29 12:41:00,44.25,44.25,44.25,44.25,1
"22606",2020-09-29 12:43:00,44.25,44.25,44.25,44.25,1
"22607",2020-09-29 12:48:00,44.25,44.25,44.25,44.25,10
"22608",2020-09-29 12:49:00,44.12,44.12,44.12,44.12,12
"22609",2020-09-29 12:51:00,44.13,44.13,44.13,44.13,20
"22610",2020-09-29 12:58:00,44.3,44.3,44.3,44.3,3
"22611",2020-09-29 13:04:00,44.16,44.16,44.16,44.16,1
"22612",2020-09-29 13:14:00,44.22,44.22,44.22,44.22,25
"22613",2020-09-29 13:15:00,44.19,44.19,44.1,44.1,5
"22614",2020-09-29 13:22:00,44.3,44.3,44.3,44.3,50
"22615",2020-09-29 13:28:00,44.33,44.34,44.33,44.34,10
"22616",2020-09-29 13:31:00,44.3,44.3,44.3,44.3,49
"22617",2020-09-29 13:37:00,44.3,44.3,44.3,44.3,1
"22618",2020-09-29 13:44:00,44.3,44.35,44.3,44.35,3
"22619",2020-09-29 13:52:00,44.3,44.3,44.3,44.3,83
"22620",2020-09-29 13:55:00,44.35,44.35,44.35,44.35,1
"22621",2020-09-29 13:56:00,44.35,44.35,44.35,44.35,1
"22622",2020-09-29 14:10:00,44.35,44.35,44.35,44.35,70
"22623",2020-09-29 14:12:00,44.35,44.35,44.35,44.35,1
"22624",2020-09-29 14:18:00,44.35,44.35,44.35,44.35,5
"22625",2020-09-29 14:19:00,44.31,44.31,44.31,44.31,1
"22626",2020-09-29 14:20:00,44.3,44.3,44.3,44.3,210
"22627",2020-09-29 14:22:00,44.39,44.39,44.39,44.39,1
"22628",2020-09-29 14:31:00,44.39,44.39,44.39,44.39,1
"22629",2020-09-29 14:46:00,44.34,44.34,44.34,44.34,1
"22630",2020-09-29 14:48:00,44.27,44.27,44.27,44.27,2
"22631",2020-09-29 14:49:00,44.32,44.32,44.32,44.32,2
"22632",2020-09-29 14:50:00,44.32,44.33,44.32,44.33,4
"22633",2020-09-29 14:53:00,44.26,44.26,44.26,44.26,16
"22634",2020-09-29 14:56:00,44.29,44.29,44.29,44.29,2
"22635",2020-09-29 14:59:00,44.19,44.19,44.19,44.19,25
"22636",2020-09-29 15:01:00,44.24,44.24,44.24,44.24,25
"22637",2020-09-29 15:05:00,44.21,44.21,44.21,44.21,300
"22638",2020-09-29 15:09:00,44.15,44.15,44.15,44.15,1
"22639",2020-09-29 15:11:00,44.15,44.15,44.15,44.15,72
"22640",2020-09-29 15:14:00,44.16,44.16,44.16,44.16,5
"22641",2020-09-29 15:17:00,44.15,44.17,44.15,44.17,32
"22642",2020-09-29 15:21:00,44.15,44.15,44.15,44.15,3
"22643",2020-09-29 15:24:00,44.16,44.16,44.16,44.16,600
"22644",2020-09-29 15:25:00,44.16,44.16,44.16,44.16,6
"22645",2020-09-29 15:28:00,44.1,44.1,44.1,44.1,382
"22646",2020-09-29 15:31:00,44.1,44.1,44.05,44.05,102
"22647",2020-09-29 15:32:00,44.1,44.1,44.1,44.1,1
"22648",2020-09-29 15:33:00,44.04,44.1,44.04,44.1,26
"22649",2020-09-29 15:35:00,44.11,44.11,44.11,44.11,2
"22650",2020-09-29 15:40:00,44.16,44.16,44.16,44.16,81
"22651",2020-09-29 15:45:00,44.11,44.11,44.11,44.11,10
"22652",2020-09-29 15:48:00,44.2,44.2,44.19,44.19,22
"22653",2020-09-29 15:55:00,44.16,44.16,44.16,44.16,1
"22654",2020-09-29 15:57:00,44.2,44.2,44.2,44.2,3
"22655",2020-09-29 15:58:00,44.2,44.2,44.2,44.2,3
"22656",2020-09-29 15:59:00,44.2,44.21,44.16,44.21,550
"22657",2020-09-29 16:01:00,44.22,44.22,44.12,44.12,343
"22658",2020-09-29 16:03:00,44.15,44.19,44.12,44.19,525
"22659",2020-09-29 16:04:00,44.15,44.15,44.15,44.15,1
"22660",2020-09-29 16:05:00,44.11,44.11,44.11,44.11,9
"22661",2020-09-29 16:06:00,44.12,44.12,44.12,44.12,1
"22662",2020-09-29 16:15:00,44.15,44.15,44.15,44.15,4502
"22663",2020-09-29 16:18:00,44.15,44.15,44.15,44.15,309
"22664",2020-09-29 16:27:00,44.2,44.2,44.2,44.2,2
"22665",2020-09-29 16:28:00,44.2,44.2,44.2,44.2,45
"22666",2020-09-29 16:29:00,44.21,44.29,44.21,44.21,338
"22667",2020-09-29 16:30:00,44.28,44.39,44.28,44.39,2156
"22668",2020-09-29 16:31:00,44.36,44.37,44.34,44.37,740
"22669",2020-09-29 16:32:00,44.41,44.48,44.38,44.47,7078
"22670",2020-09-29 16:33:00,44.46,44.62,44.46,44.61,9896
"22671",2020-09-29 16:34:00,44.64,44.78,44.56,44.74,22529
"22672",2020-09-29 16:35:00,44.76,44.88,44.71,44.71,21245
"22673",2020-09-29 16:36:00,44.7,44.78,44.62,44.78,10959
"22674",2020-09-29 16:37:00,44.81,44.91,44.77,44.89,7130
"22675",2020-09-29 16:38:00,44.9,44.99,44.89,44.95,15871
"22676",2020-09-29 16:39:00,44.96,45.09,44.93,45.01,20793
"22677",2020-09-29 16:40:00,44.99,45.31,44.99,45.27,29611
"22678",2020-09-29 16:41:00,45.25,45.5,45.25,45.3,33693
"22679",2020-09-29 16:42:00,45.34,45.36,45.2,45.23,20886
"22680",2020-09-29 16:43:00,45.2,45.2,45.1,45.13,22155
"22681",2020-09-29 16:44:00,45.13,45.26,45.03,45.07,15751
"22682",2020-09-29 16:45:00,45.08,45.16,45.02,45.03,11815
"22683",2020-09-29 16:46:00,45.01,45.21,45.01,45.21,13301
"22684",2020-09-29 16:47:00,45.22,45.23,45.16,45.2,10284
"22685",2020-09-29 16:48:00,45.21,45.31,45.21,45.24,10682
"22686",2020-09-29 16:49:00,45.21,45.25,45.16,45.22,5316
"22687",2020-09-29 16:50:00,45.22,45.22,45.1,45.13,6992
"22688",2020-09-29 16:51:00,45.14,45.44,45.14,45.43,15059
"22689",2020-09-29 16:52:00,45.42,45.45,45.38,45.42,15023
"22690",2020-09-29 16:53:00,45.43,45.5,45.39,45.39,24544
"22691",2020-09-29 16:54:00,45.38,45.47,45.37,45.37,8446
"22692",2020-09-29 16:55:00,45.36,45.43,45.35,45.4,11645
"22693",2020-09-29 16:56:00,45.39,45.4,45.31,45.34,10261
"22694",2020-09-29 16:57:00,45.32,45.34,45.26,45.3,9144
"22695",2020-09-29 16:58:00,45.3,45.47,45.3,45.44,13069
"22696",2020-09-29 16:59:00,45.44,45.47,45.35,45.38,9543
"22697",2020-09-29 17:00:00,45.38,45.46,45.34,45.41,8848
"22698",2020-09-29 17:01:00,45.42,45.44,45.22,45.22,24411
"22699",2020-09-29 17:02:00,45.22,45.36,45.22,45.29,14833
"22700",2020-09-29 17:03:00,45.28,45.31,45.26,45.3,10084
"22701",2020-09-29 17:04:00,45.31,45.31,45.25,45.26,6207
"22702",2020-09-29 17:05:00,45.26,45.36,45.25,45.33,9742
"22703",2020-09-29 17:06:00,45.34,45.4,45.33,45.38,13218
"22704",2020-09-29 17:07:00,45.38,45.4,45.36,45.4,3697
"22705",2020-09-29 17:08:00,45.39,45.41,45.34,45.41,3976
"22706",2020-09-29 17:09:00,45.4,45.4,45.31,45.34,3136
"22707",2020-09-29 17:10:00,45.33,45.33,45.22,45.23,4024
"22708",2020-09-29 17:11:00,45.24,45.24,45.05,45.1,14662
"22709",2020-09-29 17:12:00,45.09,45.13,45.07,45.13,5909
"22710",2020-09-29 17:13:00,45.13,45.14,45.1,45.14,5272
"22711",2020-09-29 17:14:00,45.14,45.15,45.1,45.11,1622
"22712",2020-09-29 17:15:00,45.12,45.14,45.12,45.13,331
"22713",2020-09-29 17:37:00,44.49,44.5,44.48,44.48,1899
"22714",2020-09-29 17:38:00,44.49,44.57,44.48,44.49,5336
"22715",2020-09-29 17:39:00,44.52,44.52,44.45,44.47,7907
"22716",2020-09-29 17:40:00,44.47,44.6,44.47,44.59,3335
"22717",2020-09-29 17:41:00,44.58,44.58,44.54,44.57,3966
"22718",2020-09-29 17:42:00,44.58,44.6,44.57,44.6,2397
"22719",2020-09-29 17:43:00,44.59,44.67,44.59,44.65,4174
"22720",2020-09-29 17:44:00,44.65,44.73,44.65,44.72,5453
"22721",2020-09-29 17:45:00,44.73,44.74,44.68,44.71,6021
"22722",2020-09-29 17:46:00,44.7,44.7,44.62,44.62,1995
"22723",2020-09-29 17:47:00,44.62,44.66,44.6,44.66,13060
"22724",2020-09-29 17:48:00,44.67,44.68,44.66,44.67,2134
"22725",2020-09-29 17:49:00,44.69,44.69,44.66,44.68,2381
"22726",2020-09-29 17:50:00,44.65,44.7,44.65,44.69,3047
"22727",2020-09-29 17:51:00,44.69,44.73,44.69,44.72,5349
"22728",2020-09-29 17:52:00,44.72,44.73,44.64,44.65,7877
"22729",2020-09-29 17:53:00,44.66,44.68,44.63,44.63,4029
"22730",2020-09-29 17:54:00,44.63,44.64,44.56,44.58,4824
"22731",2020-09-29 17:55:00,44.62,44.65,44.56,44.6,14734
"22732",2020-09-29 17:56:00,44.6,44.62,44.6,44.61,3521
"22733",2020-09-29 17:57:00,44.61,44.62,44.6,44.61,5173
"22734",2020-09-29 17:58:00,44.62,44.62,44.6,44.6,1399
"22735",2020-09-29 17:59:00,44.6,44.6,44.54,44.57,3825
"22736",2020-09-29 18:00:00,44.56,44.56,44.5,44.52,12937
"22737",2020-09-29 18:01:00,44.51,44.53,44.46,44.46,3660
"22738",2020-09-29 18:02:00,44.44,44.49,44.43,44.48,1882
"22739",2020-09-29 18:03:00,44.5,44.53,44.5,44.5,6449
"22740",2020-09-29 18:04:00,44.5,44.5,44.4,44.42,9918
"22741",2020-09-29 18:05:00,44.44,44.44,44.42,44.42,5199
"22742",2020-09-29 18:06:00,44.42,44.43,44.42,44.42,1487
"22743",2020-09-29 18:07:00,44.41,44.42,44.4,44.41,3581
"22744",2020-09-29 18:08:00,44.4,44.4,44.33,44.34,7251
"22745",2020-09-29 18:09:00,44.35,44.39,44.35,44.39,3642
"22746",2020-09-29 18:10:00,44.38,44.39,44.37,44.38,1971
"22747",2020-09-29 18:11:00,44.38,44.44,44.37,44.42,3124
"22748",2020-09-29 18:12:00,44.41,44.49,44.41,44.46,2510
"22749",2020-09-29 18:13:00,44.47,44.51,44.47,44.5,2720
"22750",2020-09-29 18:14:00,44.49,44.49,44.41,44.43,3559
"22751",2020-09-29 18:15:00,44.43,44.43,44.37,44.38,2293
"22752",2020-09-29 18:16:00,44.38,44.48,44.38,44.48,5778
"22753",2020-09-29 18:17:00,44.47,44.48,44.47,44.48,1017
"22754",2020-09-29 18:18:00,44.48,44.48,44.43,44.43,1442
"22755",2020-09-29 18:19:00,44.43,44.43,44.38,44.38,2395
"22756",2020-09-29 18:20:00,44.38,44.41,44.38,44.41,4168
"22757",2020-09-29 18:21:00,44.4,44.43,44.37,44.43,4029
"22758",2020-09-29 18:22:00,44.44,44.49,44.44,44.49,1237
"22759",2020-09-29 18:23:00,44.49,44.49,44.47,44.47,1190
"22760",2020-09-29 18:24:00,44.47,44.5,44.47,44.5,1074
"22761",2020-09-29 18:25:00,44.5,44.52,44.5,44.5,942
"22762",2020-09-29 18:26:00,44.51,44.59,44.49,44.58,3761
"22763",2020-09-29 18:27:00,44.57,44.63,44.57,44.63,3051
"22764",2020-09-29 18:28:00,44.62,44.62,44.58,44.58,2458
"22765",2020-09-29 18:29:00,44.58,44.58,44.54,44.54,1654
"22766",2020-09-29 18:30:00,44.55,44.55,44.51,44.51,1200
"22767",2020-09-29 18:31:00,44.51,44.54,44.51,44.53,1787
"22768",2020-09-29 18:32:00,44.53,44.56,44.53,44.53,2170
"22769",2020-09-29 18:33:00,44.53,44.54,44.5,44.51,1406
"22770",2020-09-29 18:34:00,44.51,44.51,44.48,44.48,413
"22771",2020-09-29 18:35:00,44.47,44.5,44.46,44.47,1979
"22772",2020-09-29 18:36:00,44.48,44.54,44.48,44.54,1279
"22773",2020-09-29 18:37:00,44.54,44.54,44.54,44.54,300
"22774",2020-09-29 18:38:00,44.53,44.56,44.53,44.56,1491
"22775",2020-09-29 18:39:00,44.56,44.56,44.54,44.56,998
"22776",2020-09-29 18:40:00,44.57,44.61,44.57,44.61,2866
"22777",2020-09-29 18:41:00,44.61,44.64,44.61,44.62,5703
"22778",2020-09-29 18:42:00,44.61,44.61,44.59,44.59,1325
"22779",2020-09-29 18:43:00,44.58,44.58,44.5,44.5,5377
"22780",2020-09-29 18:44:00,44.5,44.5,44.46,44.48,3235
"22781",2020-09-29 18:45:00,44.48,44.49,44.44,44.44,3042
"22782",2020-09-29 18:46:00,44.45,44.48,44.43,44.48,1513
"22783",2020-09-29 18:47:00,44.48,44.51,44.48,44.48,1538
"22784",2020-09-29 18:48:00,44.48,44.48,44.43,44.43,3500
"22785",2020-09-29 18:49:00,44.4,44.42,44.34,44.35,6334
"22786",2020-09-29 18:50:00,44.36,44.37,44.29,44.3,9590
"22787",2020-09-29 18:51:00,44.3,44.34,44.3,44.34,1377
"22788",2020-09-29 18:52:00,44.34,44.39,44.34,44.39,5198
"22789",2020-09-29 18:53:00,44.39,44.39,44.38,44.38,2987
"22790",2020-09-29 18:54:00,44.38,44.41,44.37,44.39,3893
"22791",2020-09-29 18:55:00,44.4,44.4,44.39,44.39,522
"22792",2020-09-29 18:56:00,44.38,44.45,44.38,44.44,813
"22793",2020-09-29 18:57:00,44.45,44.5,44.45,44.5,4408
"22794",2020-09-29 18:58:00,44.49,44.5,44.46,44.48,1433
"22795",2020-09-29 18:59:00,44.49,44.5,44.48,44.48,1242
"22796",2020-09-29 19:00:00,44.47,44.51,44.47,44.51,2142
"22797",2020-09-29 19:01:00,44.51,44.54,44.51,44.52,2622
"22798",2020-09-29 19:02:00,44.52,44.52,44.49,44.49,1248
"22799",2020-09-29 19:03:00,44.5,44.54,44.5,44.5,2046
"22800",2020-09-29 19:04:00,44.5,44.5,44.48,44.48,2517
"22801",2020-09-29 19:05:00,44.47,44.48,44.46,44.46,1718
"22802",2020-09-29 19:06:00,44.47,44.47,44.43,44.44,988
"22803",2020-09-29 19:07:00,44.44,44.46,44.41,44.46,5955
"22804",2020-09-29 19:08:00,44.46,44.55,44.46,44.55,3907
"22805",2020-09-29 19:09:00,44.55,44.61,44.55,44.61,4491
"22806",2020-09-29 19:10:00,44.62,44.64,44.62,44.64,4004
"22807",2020-09-29 19:11:00,44.62,44.66,44.62,44.64,2503
"22808",2020-09-29 19:12:00,44.64,44.64,44.62,44.62,1218
"22809",2020-09-29 19:13:00,44.62,44.64,44.61,44.62,3957
"22810",2020-09-29 19:14:00,44.62,44.62,44.61,44.62,839
"22811",2020-09-29 19:15:00,44.63,44.65,44.63,44.65,2188
"22812",2020-09-29 19:16:00,44.65,44.66,44.65,44.66,2540
"22813",2020-09-29 19:17:00,44.67,44.68,44.67,44.67,3827
"22814",2020-09-29 19:18:00,44.68,44.73,44.68,44.73,2239
"22815",2020-09-29 19:19:00,44.73,44.74,44.72,44.74,4148
"22816",2020-09-29 19:20:00,44.75,44.76,44.74,44.75,7978
"22817",2020-09-29 19:21:00,44.76,44.78,44.75,44.78,3473
"22818",2020-09-29 19:22:00,44.77,44.77,44.75,44.76,974
"22819",2020-09-29 19:23:00,44.76,44.79,44.75,44.76,6030
"22820",2020-09-29 19:24:00,44.77,44.8,44.77,44.79,2558
"22821",2020-09-29 19:25:00,44.8,44.82,44.78,44.78,5090
"22822",2020-09-29 19:26:00,44.79,44.83,44.79,44.83,4086
"22823",2020-09-29 19:27:00,44.83,44.83,44.82,44.83,811
"22824",2020-09-29 19:28:00,44.83,44.87,44.83,44.85,1408
"22825",2020-09-29 19:29:00,44.85,44.86,44.84,44.86,3322
"22826",2020-09-29 19:30:00,44.86,44.86,44.84,44.84,1315
"22827",2020-09-29 19:31:00,44.84,44.84,44.83,44.84,531
"22828",2020-09-29 19:32:00,44.84,44.9,44.84,44.9,3927
"22829",2020-09-29 19:33:00,44.92,44.96,44.92,44.95,9531
"22830",2020-09-29 19:34:00,44.95,44.95,44.92,44.92,2217
"22831",2020-09-29 19:35:00,44.93,44.93,44.91,44.92,1703
"22832",2020-09-29 19:36:00,44.92,44.99,44.92,44.99,5157
"22833",2020-09-29 19:37:00,44.98,45.05,44.98,45.01,14227
"22834",2020-09-29 19:38:00,45.01,45.04,45.01,45.02,3152
"22835",2020-09-29 19:39:00,45.01,45.01,44.98,44.98,2200
"22836",2020-09-29 19:40:00,44.98,44.98,44.92,44.92,4153
"22837",2020-09-29 19:41:00,44.93,44.94,44.93,44.94,3478
"22838",2020-09-29 19:42:00,44.94,45,44.94,44.98,3011
"22839",2020-09-29 19:43:00,44.98,45,44.96,44.98,2811
"22840",2020-09-29 19:44:00,44.97,45.04,44.97,45.02,2456
"22841",2020-09-29 19:45:00,45.01,45.01,44.99,45,2187
"22842",2020-09-29 19:46:00,45,45,44.92,44.92,2732
"22843",2020-09-29 19:47:00,44.91,44.93,44.88,44.93,15552
"22844",2020-09-29 19:48:00,44.93,44.94,44.93,44.93,1304
"22845",2020-09-29 19:49:00,44.92,44.92,44.91,44.91,376
"22846",2020-09-29 19:50:00,44.92,44.96,44.92,44.94,1924
"22847",2020-09-29 19:51:00,44.93,44.97,44.92,44.96,1747
"22848",2020-09-29 19:52:00,44.95,44.95,44.94,44.94,140
"22849",2020-09-29 19:53:00,44.94,44.96,44.94,44.94,1520
"22850",2020-09-29 19:54:00,44.96,44.99,44.96,44.98,1476
"22851",2020-09-29 19:55:00,44.99,44.99,44.98,44.98,216
"22852",2020-09-29 19:56:00,44.98,44.99,44.96,44.98,1825
"22853",2020-09-29 19:57:00,44.99,45.02,44.99,44.99,1349
"22854",2020-09-29 19:58:00,44.99,44.99,44.95,44.97,2695
"22855",2020-09-29 19:59:00,44.97,44.97,44.96,44.96,362
"22856",2020-09-29 20:00:00,44.96,45,44.96,45,1432
"22857",2020-09-29 20:01:00,45.02,45.04,45.02,45.02,2174
"22858",2020-09-29 20:02:00,45.02,45.02,44.97,44.97,2700
"22859",2020-09-29 20:03:00,44.98,44.98,44.96,44.96,2420
"22860",2020-09-29 20:04:00,44.97,44.98,44.95,44.96,2014
"22861",2020-09-29 20:05:00,44.95,44.95,44.93,44.94,1085
"22862",2020-09-29 20:06:00,44.93,44.95,44.93,44.94,2288
"22863",2020-09-29 20:07:00,44.94,44.94,44.92,44.92,997
"22864",2020-09-29 20:08:00,44.92,44.92,44.82,44.82,4325
"22865",2020-09-29 20:09:00,44.8,44.83,44.8,44.83,2005
"22866",2020-09-29 20:10:00,44.82,44.83,44.82,44.83,2388
"22867",2020-09-29 20:11:00,44.84,44.9,44.84,44.9,4206
"22868",2020-09-29 20:12:00,44.89,44.91,44.89,44.91,1271
"22869",2020-09-29 20:13:00,44.92,44.94,44.88,44.88,2719
"22870",2020-09-29 20:14:00,44.89,44.89,44.84,44.88,4077
"22871",2020-09-29 20:15:00,44.88,44.88,44.85,44.88,2495
"22872",2020-09-29 20:16:00,44.89,44.91,44.89,44.91,5416
"22873",2020-09-29 20:17:00,44.89,44.9,44.86,44.9,2408
"22874",2020-09-29 20:18:00,44.91,44.95,44.91,44.95,5356
"22875",2020-09-29 20:19:00,44.95,44.99,44.95,44.98,4663
"22876",2020-09-29 20:20:00,44.98,45.01,44.98,44.99,4526
"22877",2020-09-29 20:21:00,44.98,45,44.98,44.99,2942
"22878",2020-09-29 20:22:00,45,45.02,44.99,44.99,1670
"22879",2020-09-29 20:23:00,45.01,45.07,45.01,45.06,3420
"22880",2020-09-29 20:24:00,45.07,45.12,45.07,45.11,16640
"22881",2020-09-29 20:25:00,45.12,45.14,45.1,45.1,2795
"22882",2020-09-29 20:26:00,45.1,45.14,45.1,45.14,2220
"22883",2020-09-29 20:27:00,45.14,45.21,45.14,45.19,9991
"22884",2020-09-29 20:28:00,45.2,45.25,45.2,45.2,4869
"22885",2020-09-29 20:29:00,45.2,45.2,45.19,45.19,1466
"22886",2020-09-29 20:30:00,45.18,45.23,45.18,45.21,3657
"22887",2020-09-29 20:31:00,45.21,45.22,45.2,45.21,5030
"22888",2020-09-29 20:32:00,45.22,45.25,45.22,45.23,3665
"22889",2020-09-29 20:33:00,45.24,45.26,45.23,45.23,4401
"22890",2020-09-29 20:34:00,45.24,45.26,45.22,45.22,2098
"22891",2020-09-29 20:35:00,45.23,45.26,45.23,45.26,1487
"22892",2020-09-29 20:36:00,45.27,45.28,45.15,45.17,5492
"22893",2020-09-29 20:37:00,45.16,45.16,45.11,45.12,7321
"22894",2020-09-29 20:38:00,45.15,45.18,45.14,45.16,1894
"22895",2020-09-29 20:39:00,45.16,45.21,45.16,45.2,3659
"22896",2020-09-29 20:40:00,45.2,45.21,45.19,45.2,3856
"22897",2020-09-29 20:41:00,45.22,45.22,45.18,45.18,1979
"22898",2020-09-29 20:42:00,45.17,45.17,45.15,45.17,2298
"22899",2020-09-29 20:43:00,45.19,45.2,45.19,45.19,411
"22900",2020-09-29 20:44:00,45.18,45.18,45.14,45.15,2815
"22901",2020-09-29 20:45:00,45.14,45.14,45.12,45.12,1661
"22902",2020-09-29 20:46:00,45.12,45.12,45.09,45.1,3261
"22903",2020-09-29 20:47:00,45.1,45.1,45.07,45.07,1461
"22904",2020-09-29 20:48:00,45.06,45.07,45.05,45.07,3319
"22905",2020-09-29 20:49:00,45.06,45.08,45.06,45.08,1989
"22906",2020-09-29 20:50:00,45.07,45.08,45.07,45.08,930
"22907",2020-09-29 20:51:00,45.08,45.15,45.08,45.15,1846
"22908",2020-09-29 20:52:00,45.16,45.16,45.12,45.12,1394
"22909",2020-09-29 20:53:00,45.12,45.13,45.11,45.11,1956
"22910",2020-09-29 20:54:00,45.11,45.16,45.11,45.14,7373
"22911",2020-09-29 20:55:00,45.12,45.12,45.11,45.11,1485
"22912",2020-09-29 20:56:00,45.11,45.11,45.09,45.1,2816
"22913",2020-09-29 20:57:00,45.09,45.09,45.08,45.09,1783
"22914",2020-09-29 20:58:00,45.1,45.1,45.08,45.08,970
"22915",2020-09-29 20:59:00,45.08,45.09,45.08,45.09,2560
"22916",2020-09-29 21:00:00,45.1,45.1,45.09,45.09,2262
"22917",2020-09-29 21:01:00,45.09,45.09,45.08,45.08,1466
"22918",2020-09-29 21:02:00,45.08,45.08,45.03,45.07,2870
"22919",2020-09-29 21:03:00,45.07,45.07,45.05,45.05,2381
"22920",2020-09-29 21:04:00,45.05,45.05,45.02,45.02,1773
"22921",2020-09-29 21:05:00,45.03,45.03,45.02,45.02,866
"22922",2020-09-29 21:06:00,45.01,45.05,45.01,45.05,3385
"22923",2020-09-29 21:07:00,45.05,45.06,45.04,45.05,2588
"22924",2020-09-29 21:08:00,45.04,45.05,45.04,45.05,200
"22925",2020-09-29 21:09:00,45.05,45.06,45.05,45.06,475
"22926",2020-09-29 21:10:00,45.07,45.09,45.07,45.07,2730
"22927",2020-09-29 21:11:00,45.07,45.08,45.05,45.06,2494
"22928",2020-09-29 21:12:00,45.04,45.05,45.04,45.05,1718
"22929",2020-09-29 21:13:00,45.04,45.04,45.02,45.02,1327
"22930",2020-09-29 21:14:00,45.02,45.02,44.97,44.97,2562
"22931",2020-09-29 21:15:00,44.98,44.98,44.96,44.97,1986
"22932",2020-09-29 21:16:00,44.98,44.98,44.96,44.96,1355
"22933",2020-09-29 21:17:00,44.95,44.96,44.94,44.96,11028
"22934",2020-09-29 21:18:00,44.96,44.96,44.9,44.9,6179
"22935",2020-09-29 21:19:00,44.9,44.95,44.9,44.94,4258
"22936",2020-09-29 21:20:00,44.96,44.98,44.95,44.97,786
"22937",2020-09-29 21:21:00,44.97,44.99,44.97,44.99,1235
"22938",2020-09-29 21:22:00,44.97,44.97,44.95,44.95,1182
"22939",2020-09-29 21:23:00,44.94,44.94,44.94,44.94,622
"22940",2020-09-29 21:24:00,44.96,44.96,44.93,44.93,5181
"22941",2020-09-29 21:25:00,44.93,44.95,44.93,44.95,520
"22942",2020-09-29 21:26:00,44.94,44.98,44.93,44.98,2855
"22943",2020-09-29 21:27:00,44.98,44.99,44.98,44.99,581
"22944",2020-09-29 21:28:00,44.97,44.97,44.96,44.96,968
"22945",2020-09-29 21:29:00,44.95,44.99,44.95,44.99,1895
"22946",2020-09-29 21:30:00,44.99,45.02,44.99,45.02,3603
"22947",2020-09-29 21:31:00,45.03,45.03,45.02,45.02,2743
"22948",2020-09-29 21:32:00,44.99,45.02,44.99,45,677
"22949",2020-09-29 21:33:00,45.02,45.04,45.02,45.04,1136
"22950",2020-09-29 21:34:00,45.05,45.05,45.04,45.05,519
"22951",2020-09-29 21:35:00,45.05,45.05,45.04,45.04,2528
"22952",2020-09-29 21:36:00,45.03,45.04,45.03,45.04,879
"22953",2020-09-29 21:37:00,45.04,45.04,45.03,45.03,1718
"22954",2020-09-29 21:38:00,45.04,45.04,45,45,734
"22955",2020-09-29 21:39:00,45.02,45.02,45.01,45.01,1724
"22956",2020-09-29 21:40:00,45.01,45.09,45.01,45.06,4572
"22957",2020-09-29 21:41:00,45.05,45.06,45.05,45.06,167
"22958",2020-09-29 21:42:00,45.06,45.07,45.05,45.06,1326
"22959",2020-09-29 21:43:00,45.06,45.07,45.04,45.04,1360
"22960",2020-09-29 21:44:00,45.05,45.06,45.01,45.02,2732
"22961",2020-09-29 21:45:00,45.02,45.03,45.02,45.02,450
"22962",2020-09-29 21:46:00,45.01,45.04,45,45.04,655
"22963",2020-09-29 21:47:00,45.04,45.06,45.04,45.04,721
"22964",2020-09-29 21:48:00,45.04,45.04,45.03,45.04,512
"22965",2020-09-29 21:49:00,45.03,45.03,45.01,45.02,829
"22966",2020-09-29 21:50:00,45.01,45.02,45.01,45.01,858
"22967",2020-09-29 21:51:00,45.02,45.07,45.02,45.06,1595
"22968",2020-09-29 21:52:00,45.06,45.08,45.06,45.08,7346
"22969",2020-09-29 21:53:00,45.09,45.11,45.09,45.11,3032
"22970",2020-09-29 21:54:00,45.1,45.11,45.1,45.11,1301
"22971",2020-09-29 21:55:00,45.1,45.1,45.01,45.03,3495
"22972",2020-09-29 21:56:00,45.04,45.06,45.04,45.04,927
"22973",2020-09-29 21:57:00,45.04,45.06,45.03,45.05,2403
"22974",2020-09-29 21:58:00,45.05,45.06,45.03,45.06,2669
"22975",2020-09-29 21:59:00,45.06,45.06,45.03,45.03,641
"22976",2020-09-29 22:00:00,45.04,45.05,45.04,45.05,1224
"22977",2020-09-29 22:01:00,45.06,45.08,45.04,45.04,3273
"22978",2020-09-29 22:02:00,45.03,45.03,45,45.02,1434
"22979",2020-09-29 22:03:00,45.02,45.05,45.02,45.05,584
"22980",2020-09-29 22:04:00,45.05,45.06,45.05,45.06,304
"22981",2020-09-29 22:05:00,45.07,45.08,45.07,45.07,1052
"22982",2020-09-29 22:06:00,45.06,45.06,45.03,45.05,3248
"22983",2020-09-29 22:07:00,45.04,45.04,45.01,45.01,1790
"22984",2020-09-29 22:08:00,45.02,45.02,45.02,45.02,319
"22985",2020-09-29 22:09:00,45.03,45.05,45.02,45.05,4184
"22986",2020-09-29 22:10:00,45.04,45.06,45.03,45.05,915
"22987",2020-09-29 22:11:00,45.05,45.06,45.04,45.06,2625
"22988",2020-09-29 22:12:00,45.05,45.07,45.04,45.07,2360
"22989",2020-09-29 22:13:00,45.07,45.08,45.05,45.08,2976
"22990",2020-09-29 22:14:00,45.07,45.07,45.06,45.06,203
"22991",2020-09-29 22:15:00,45.07,45.07,45.04,45.04,2361
"22992",2020-09-29 22:16:00,45.04,45.04,45.01,45.01,701
"22993",2020-09-29 22:17:00,45.02,45.03,45.02,45.02,1431
"22994",2020-09-29 22:18:00,45.02,45.03,45,45.01,2514
"22995",2020-09-29 22:19:00,45.01,45.06,45.01,45.03,6001
"22996",2020-09-29 22:20:00,45.03,45.06,45.03,45.06,672
"22997",2020-09-29 22:21:00,45.05,45.05,45.04,45.04,403
"22998",2020-09-29 22:22:00,45.05,45.06,44.99,45,5953
"22999",2020-09-29 22:23:00,45,45,44.9,44.93,5770
"23000",2020-09-29 22:24:00,44.93,44.94,44.92,44.94,6158
"23001",2020-09-29 22:25:00,44.94,44.94,44.89,44.92,5993
"23002",2020-09-29 22:26:00,44.91,44.92,44.89,44.92,4563
"23003",2020-09-29 22:27:00,44.91,44.92,44.9,44.9,1660
"23004",2020-09-29 22:28:00,44.9,44.9,44.86,44.87,3448
"23005",2020-09-29 22:29:00,44.88,44.88,44.86,44.87,1442
"23006",2020-09-29 22:30:00,44.88,44.89,44.88,44.88,2612
"23007",2020-09-29 22:31:00,44.88,44.88,44.85,44.88,5377
"23008",2020-09-29 22:32:00,44.88,44.88,44.85,44.85,2830
"23009",2020-09-29 22:33:00,44.86,44.87,44.85,44.86,2931
"23010",2020-09-29 22:34:00,44.86,44.86,44.84,44.85,4489
"23011",2020-09-29 22:35:00,44.84,44.86,44.84,44.84,1845
"23012",2020-09-29 22:36:00,44.85,44.85,44.82,44.83,5166
"23013",2020-09-29 22:37:00,44.82,44.83,44.8,44.8,9574
"23014",2020-09-29 22:38:00,44.79,44.79,44.75,44.77,8059
"23015",2020-09-29 22:39:00,44.78,44.78,44.76,44.76,3858
"23016",2020-09-29 22:40:00,44.76,44.78,44.74,44.76,15706
"23017",2020-09-29 22:41:00,44.77,44.81,44.76,44.81,4044
"23018",2020-09-29 22:42:00,44.81,44.82,44.81,44.81,2796
"23019",2020-09-29 22:43:00,44.8,44.82,44.8,44.82,1686
"23020",2020-09-29 22:44:00,44.82,44.84,44.82,44.84,3724
"23021",2020-09-29 22:45:00,44.84,44.87,44.84,44.85,6453
"23022",2020-09-29 22:46:00,44.85,44.89,44.84,44.88,4634
"23023",2020-09-29 22:47:00,44.88,44.93,44.88,44.93,4189
"23024",2020-09-29 22:48:00,44.92,44.95,44.92,44.94,10534
"23025",2020-09-29 22:49:00,44.94,44.94,44.94,44.94,2356
"23026",2020-09-29 22:50:00,44.94,44.97,44.94,44.95,4210
"23027",2020-09-29 22:51:00,44.95,44.96,44.92,44.94,10663
"23028",2020-09-29 22:52:00,44.94,44.96,44.93,44.93,7447
"23029",2020-09-29 22:53:00,44.92,44.93,44.9,44.9,5307
"23030",2020-09-29 22:54:00,44.89,44.91,44.88,44.91,9895
"23031",2020-09-29 22:55:00,44.9,44.98,44.9,44.98,6241
"23032",2020-09-29 22:56:00,44.98,44.98,44.92,44.93,8152
"23033",2020-09-29 22:57:00,44.92,44.96,44.91,44.92,14670
"23034",2020-09-29 22:58:00,44.92,44.92,44.88,44.88,14254
"23035",2020-09-29 22:59:00,44.88,44.95,44.88,44.92,26959
"23036",2020-09-29 23:00:00,44.92,44.98,44.76,44.76,54767
"23037",2020-09-29 23:01:00,44.74,44.74,44.73,44.73,104
"23038",2020-09-29 23:02:00,44.75,44.75,44.75,44.75,100
"23039",2020-09-29 23:03:00,44.74,44.74,44.74,44.74,5
"23040",2020-09-29 23:04:00,44.74,44.74,44.74,44.74,1205
"23041",2020-09-29 23:07:00,44.67,44.71,44.65,44.65,30
"23042",2020-09-29 23:08:00,44.65,44.75,44.65,44.75,4008
"23043",2020-09-29 23:10:00,44.75,44.75,44.75,44.75,400
"23044",2020-09-29 23:11:00,44.75,44.77,44.75,44.75,1009
"23045",2020-09-29 23:21:00,44.78,44.78,44.78,44.78,1
"23046",2020-09-29 23:31:00,44.86,44.86,44.86,44.86,1
"23047",2020-09-29 23:33:00,44.91,44.91,44.91,44.91,12
"23048",2020-09-29 23:34:00,44.89,44.89,44.89,44.89,9
"23049",2020-09-29 23:35:00,44.89,44.89,44.89,44.89,1
"23050",2020-09-29 23:39:00,44.89,44.89,44.89,44.89,46
"23051",2020-09-29 23:40:00,44.75,44.75,44.75,44.75,20
"23052",2020-09-29 23:43:00,44.89,44.89,44.87,44.87,102
"23053",2020-09-29 23:44:00,44.8,44.87,44.8,44.87,22
"23054",2020-09-29 23:46:00,44.87,44.87,44.87,44.87,8
"23055",2020-09-29 23:47:00,44.87,44.87,44.87,44.87,101
"23056",2020-09-29 23:48:00,44.87,44.87,44.87,44.87,25
"23057",2020-09-29 23:49:00,44.87,44.87,44.87,44.87,746
"23058",2020-09-29 23:52:00,44.89,44.89,44.89,44.89,30
"23059",2020-09-29 23:57:00,44.89,44.89,44.89,44.89,20
"23060",2020-09-29 23:58:00,44.89,44.89,44.89,44.89,40
"23061",2020-09-29 23:59:00,44.89,44.89,44.89,44.89,50
"23062",2020-09-30 00:00:00,44.89,44.89,44.89,44.89,41
"23063",2020-09-30 00:02:00,44.89,44.89,44.89,44.89,8
"23064",2020-09-30 00:03:00,44.89,44.89,44.89,44.89,10
"23065",2020-09-30 00:04:00,44.89,44.89,44.89,44.89,1
"23066",2020-09-30 00:07:00,44.87,44.88,44.87,44.88,20
"23067",2020-09-30 00:12:00,44.88,44.88,44.88,44.88,5
"23068",2020-09-30 00:13:00,44.75,44.75,44.75,44.75,33
"23069",2020-09-30 00:25:00,44.89,44.89,44.89,44.89,1
"23070",2020-09-30 00:27:00,44.89,44.89,44.89,44.89,20
"23071",2020-09-30 00:30:00,44.89,44.89,44.89,44.89,1
"23072",2020-09-30 00:32:00,44.89,44.89,44.89,44.89,16
"23073",2020-09-30 00:35:00,44.89,44.89,44.89,44.89,60
"23074",2020-09-30 00:38:00,44.76,44.76,44.75,44.75,2
"23075",2020-09-30 00:42:00,44.89,44.89,44.89,44.89,20
"23076",2020-09-30 00:43:00,44.89,44.89,44.89,44.89,20
"23077",2020-09-30 00:46:00,44.89,44.89,44.89,44.89,1
"23078",2020-09-30 00:48:00,44.75,44.75,44.75,44.75,200
"23079",2020-09-30 01:22:00,44.75,44.75,44.75,44.75,1
"23080",2020-09-30 10:03:00,44.65,44.65,44.65,44.65,68
"23081",2020-09-30 10:04:00,44.65,44.65,44.65,44.65,7
"23082",2020-09-30 10:05:00,44.74,44.83,44.74,44.83,5
"23083",2020-09-30 10:09:00,44.83,44.83,44.78,44.78,6
"23084",2020-09-30 10:10:00,44.78,44.78,44.78,44.78,50
"23085",2020-09-30 10:12:00,44.78,44.78,44.78,44.78,13
"23086",2020-09-30 10:13:00,44.78,44.78,44.78,44.78,1
"23087",2020-09-30 10:14:00,44.85,44.85,44.78,44.78,11
"23088",2020-09-30 10:17:00,44.78,44.78,44.78,44.78,10
"23089",2020-09-30 10:22:00,44.79,44.79,44.79,44.79,1
"23090",2020-09-30 10:27:00,44.78,44.78,44.78,44.78,11
"23091",2020-09-30 10:31:00,44.76,44.76,44.76,44.76,1
"23092",2020-09-30 10:33:00,44.75,44.75,44.75,44.75,1
"23093",2020-09-30 10:35:00,44.76,44.76,44.76,44.76,21
"23094",2020-09-30 10:37:00,44.85,44.85,44.85,44.85,4
"23095",2020-09-30 10:48:00,44.83,44.83,44.83,44.83,1
"23096",2020-09-30 10:52:00,44.81,44.82,44.62,44.62,29
"23097",2020-09-30 10:54:00,44.65,44.65,44.64,44.64,286
"23098",2020-09-30 10:56:00,44.63,44.63,44.63,44.63,8
"23099",2020-09-30 10:59:00,44.68,44.68,44.5,44.5,31
"23100",2020-09-30 11:00:00,44.5,44.5,44.5,44.5,8
"23101",2020-09-30 11:02:00,44.51,44.51,44.47,44.47,40
"23102",2020-09-30 11:03:00,44.46,44.46,44.46,44.46,16
"23103",2020-09-30 11:04:00,44.43,44.6,44.4,44.56,155
"23104",2020-09-30 11:05:00,44.84,44.84,44.84,44.84,3
"23105",2020-09-30 11:06:00,44.84,44.84,44.84,44.84,228
"23106",2020-09-30 11:07:00,44.84,44.84,44.5,44.5,50
"23107",2020-09-30 11:08:00,44.78,44.78,44.78,44.78,1
"23108",2020-09-30 11:10:00,44.54,44.54,44.54,44.54,1
"23109",2020-09-30 11:13:00,44.76,44.79,44.76,44.79,3
"23110",2020-09-30 11:24:00,44.39,44.39,44.34,44.34,7
"23111",2020-09-30 11:25:00,44.36,44.36,44.36,44.36,2
"23112",2020-09-30 11:33:00,44.44,44.44,44.44,44.44,130
"23113",2020-09-30 11:38:00,44.33,44.54,44.33,44.54,2
"23114",2020-09-30 11:44:00,44.54,44.54,44.54,44.54,2
"23115",2020-09-30 11:52:00,44.32,44.32,44.32,44.32,1
"23116",2020-09-30 11:55:00,44.3,44.3,44.3,44.3,1
"23117",2020-09-30 12:06:00,44.3,44.3,44.3,44.3,4
"23118",2020-09-30 12:19:00,44.29,44.3,44.29,44.3,31
"23119",2020-09-30 12:28:00,44.36,44.36,44.25,44.25,40
"23120",2020-09-30 12:32:00,44.37,44.37,44.37,44.37,4
"23121",2020-09-30 12:33:00,44.07,44.07,44.07,44.07,10
"23122",2020-09-30 12:35:00,44.14,44.14,44.14,44.14,21
"23123",2020-09-30 12:36:00,44.14,44.14,44.14,44.14,38
"23124",2020-09-30 12:37:00,44.14,44.14,44.14,44.14,1
"23125",2020-09-30 12:38:00,44.14,44.14,44.14,44.14,1
"23126",2020-09-30 12:43:00,44.2,44.2,44.2,44.2,1
"23127",2020-09-30 12:44:00,44.19,44.19,44.19,44.19,2
"23128",2020-09-30 12:46:00,44.07,44.2,44.07,44.2,3
"23129",2020-09-30 12:50:00,44.19,44.29,44.19,44.29,20
"23130",2020-09-30 12:57:00,44.25,44.49,44.24,44.49,314
"23131",2020-09-30 13:03:00,44.46,44.46,44.46,44.46,2
"23132",2020-09-30 13:07:00,44.45,44.45,44.4,44.4,25
"23133",2020-09-30 13:10:00,44.35,44.35,44.35,44.35,2
"23134",2020-09-30 13:22:00,44.5,44.5,44.5,44.5,11
"23135",2020-09-30 13:32:00,44.34,44.34,44.34,44.34,2
"23136",2020-09-30 13:39:00,44.28,44.28,44.28,44.28,1
"23137",2020-09-30 13:57:00,44.38,44.38,44.38,44.38,17
"23138",2020-09-30 14:01:00,44.49,44.5,44.49,44.5,11
"23139",2020-09-30 14:02:00,44.6,44.6,44.6,44.6,2
"23140",2020-09-30 14:03:00,44.81,44.81,44.81,44.81,3
"23141",2020-09-30 14:09:00,44.75,44.75,44.4,44.4,55
"23142",2020-09-30 14:10:00,44.5,44.5,44.5,44.5,11
"23143",2020-09-30 14:17:00,44.58,44.58,44.58,44.58,1
"23144",2020-09-30 14:19:00,44.5,44.5,44.5,44.5,1
"23145",2020-09-30 14:32:00,44.74,44.74,44.74,44.74,1
"23146",2020-09-30 14:35:00,44.6,44.6,44.6,44.6,1
"23147",2020-09-30 14:36:00,44.51,44.51,44.51,44.51,100
"23148",2020-09-30 14:38:00,44.6,44.6,44.6,44.6,1
"23149",2020-09-30 14:42:00,44.6,44.61,44.51,44.51,51
"23150",2020-09-30 14:54:00,44.55,44.55,44.55,44.55,3
"23151",2020-09-30 14:55:00,44.53,44.53,44.53,44.53,10
"23152",2020-09-30 14:56:00,44.53,44.53,44.53,44.53,2
"23153",2020-09-30 15:00:00,44.6,44.6,44.6,44.6,2
"23154",2020-09-30 15:03:00,44.6,44.6,44.6,44.6,40
"23155",2020-09-30 15:07:00,44.59,44.59,44.59,44.59,385
"23156",2020-09-30 15:08:00,44.59,44.59,44.59,44.59,6
"23157",2020-09-30 15:09:00,44.59,44.59,44.59,44.59,2196
"23158",2020-09-30 15:13:00,44.59,44.59,44.59,44.59,75
"23159",2020-09-30 15:16:00,44.6,44.6,44.6,44.6,70
"23160",2020-09-30 15:18:00,44.68,44.68,44.68,44.68,5
"23161",2020-09-30 15:19:00,44.74,44.74,44.74,44.74,325
"23162",2020-09-30 15:20:00,44.73,44.73,44.73,44.73,1
"23163",2020-09-30 15:24:00,44.63,44.63,44.63,44.63,5
"23164",2020-09-30 15:26:00,44.63,44.63,44.63,44.63,73
"23165",2020-09-30 15:27:00,44.73,44.73,44.63,44.63,648
"23166",2020-09-30 15:32:00,44.73,44.73,44.73,44.73,3
"23167",2020-09-30 15:40:00,44.72,44.72,44.72,44.72,27
"23168",2020-09-30 15:42:00,44.67,44.67,44.67,44.67,1
"23169",2020-09-30 15:43:00,44.76,44.76,44.76,44.76,268
"23170",2020-09-30 15:44:00,44.76,44.77,44.76,44.77,67
"23171",2020-09-30 15:46:00,44.75,44.75,44.75,44.75,1
"23172",2020-09-30 15:48:00,44.85,44.85,44.85,44.85,2
"23173",2020-09-30 15:49:00,44.85,44.85,44.85,44.85,16
"23174",2020-09-30 15:53:00,44.85,44.85,44.77,44.77,3
"23175",2020-09-30 15:56:00,44.8,44.8,44.8,44.8,1
"23176",2020-09-30 16:02:00,44.85,44.89,44.85,44.89,18
"23177",2020-09-30 16:04:00,44.84,44.88,44.84,44.88,202
"23178",2020-09-30 16:05:00,44.81,44.81,44.75,44.75,67
"23179",2020-09-30 16:06:00,44.77,44.77,44.65,44.65,867
"23180",2020-09-30 16:07:00,44.8,44.8,44.8,44.8,5
"23181",2020-09-30 16:09:00,44.67,44.67,44.65,44.65,775
"23182",2020-09-30 16:10:00,44.81,44.83,44.81,44.83,600
"23183",2020-09-30 16:11:00,44.68,44.68,44.68,44.68,2
"23184",2020-09-30 16:14:00,44.82,44.82,44.82,44.82,1
"23185",2020-09-30 16:15:00,44.8,44.8,44.8,44.8,10
"23186",2020-09-30 16:16:00,44.69,44.69,44.69,44.69,25
"23187",2020-09-30 16:17:00,44.77,44.77,44.77,44.77,1
"23188",2020-09-30 16:18:00,44.8,44.8,44.67,44.67,105
"23189",2020-09-30 16:20:00,44.77,44.77,44.77,44.77,19
"23190",2020-09-30 16:21:00,44.7,44.7,44.7,44.7,932
"23191",2020-09-30 16:24:00,44.7,44.8,44.66,44.8,256
"23192",2020-09-30 16:26:00,44.71,44.71,44.71,44.71,100
"23193",2020-09-30 16:29:00,44.66,44.7,44.66,44.7,511
"23194",2020-09-30 16:30:00,44.66,44.66,44.66,44.66,1
"23195",2020-09-30 16:31:00,44.83,44.83,44.62,44.62,280
"23196",2020-09-30 16:32:00,44.63,44.63,44.52,44.59,5501
"23197",2020-09-30 16:33:00,44.52,44.65,44.4,44.42,16569
"23198",2020-09-30 16:34:00,44.42,44.67,44.41,44.67,13265
"23199",2020-09-30 16:35:00,44.67,44.67,44.49,44.56,8984
"23200",2020-09-30 16:36:00,44.55,44.7,44.52,44.62,21060
"23201",2020-09-30 16:37:00,44.61,44.64,44.55,44.56,10046
"23202",2020-09-30 16:38:00,44.55,44.78,44.54,44.74,10196
"23203",2020-09-30 16:39:00,44.73,44.73,44.4,44.49,20085
"23204",2020-09-30 16:40:00,44.5,44.54,44.44,44.49,7911
"23205",2020-09-30 16:41:00,44.5,44.56,44.46,44.51,12714
"23206",2020-09-30 16:42:00,44.5,44.68,44.47,44.68,10854
"23207",2020-09-30 16:43:00,44.71,44.75,44.6,44.65,19015
"23208",2020-09-30 16:44:00,44.67,44.73,44.62,44.73,6449
"23209",2020-09-30 16:45:00,44.72,44.8,44.7,44.8,4512
"23210",2020-09-30 16:46:00,44.79,44.86,44.77,44.83,9133
"23211",2020-09-30 16:47:00,44.82,44.88,44.82,44.84,6488
"23212",2020-09-30 16:48:00,44.83,44.88,44.8,44.86,6609
"23213",2020-09-30 16:49:00,44.86,44.86,44.75,44.75,8751
"23214",2020-09-30 16:50:00,44.74,44.76,44.71,44.74,7023
"23215",2020-09-30 16:51:00,44.73,44.8,44.71,44.79,7643
"23216",2020-09-30 16:52:00,44.77,44.8,44.73,44.74,13980
"23217",2020-09-30 16:53:00,44.74,44.75,44.7,44.71,8182
"23218",2020-09-30 16:54:00,44.7,44.7,44.61,44.61,5269
"23219",2020-09-30 16:55:00,44.62,44.7,44.62,44.67,5435
"23220",2020-09-30 16:56:00,44.69,44.73,44.65,44.66,8440
"23221",2020-09-30 16:57:00,44.66,44.66,44.62,44.62,4478
"23222",2020-09-30 16:58:00,44.62,44.67,44.61,44.64,12219
"23223",2020-09-30 16:59:00,44.65,44.65,44.62,44.64,2882
"23224",2020-09-30 17:00:00,44.62,44.64,44.62,44.63,3385
"23225",2020-09-30 17:01:00,44.63,44.74,44.62,44.72,10262
"23226",2020-09-30 17:02:00,44.72,44.76,44.71,44.72,5369
"23227",2020-09-30 17:03:00,44.72,44.76,44.72,44.74,3767
"23228",2020-09-30 17:04:00,44.71,44.77,44.71,44.73,9617
"23229",2020-09-30 17:05:00,44.75,44.75,44.64,44.66,8326
"23230",2020-09-30 17:06:00,44.66,44.66,44.58,44.58,9289
"23231",2020-09-30 17:07:00,44.58,44.61,44.52,44.52,8773
"23232",2020-09-30 17:08:00,44.51,44.56,44.47,44.56,4897
"23233",2020-09-30 17:09:00,44.56,44.67,44.56,44.64,8457
"23234",2020-09-30 17:10:00,44.65,44.68,44.64,44.64,4127
"23235",2020-09-30 17:11:00,44.65,44.76,44.65,44.75,4487
"23236",2020-09-30 17:12:00,44.75,44.76,44.7,44.7,7572
"23237",2020-09-30 17:13:00,44.71,44.84,44.71,44.83,7259
"23238",2020-09-30 17:14:00,44.81,44.81,44.74,44.74,2255
"23239",2020-09-30 17:15:00,44.73,44.73,44.7,44.73,2632
"23240",2020-09-30 17:16:00,44.72,44.73,44.63,44.64,2841
"23241",2020-09-30 17:17:00,44.65,44.65,44.6,44.6,3327
"23242",2020-09-30 17:18:00,44.59,44.66,44.57,44.66,7178
"23243",2020-09-30 17:19:00,44.66,44.66,44.64,44.65,2137
"23244",2020-09-30 17:20:00,44.66,44.66,44.62,44.64,2493
"23245",2020-09-30 17:21:00,44.64,44.64,44.58,44.6,6420
"23246",2020-09-30 17:22:00,44.61,44.73,44.6,44.73,11629
"23247",2020-09-30 17:23:00,44.78,44.85,44.75,44.85,12103
"23248",2020-09-30 17:24:00,44.84,44.84,44.78,44.81,5149
"23249",2020-09-30 17:25:00,44.83,44.91,44.82,44.91,14650
"23250",2020-09-30 17:26:00,44.92,44.98,44.9,44.92,18859
"23251",2020-09-30 17:27:00,44.92,44.99,44.92,44.93,19204
"23252",2020-09-30 17:28:00,44.94,44.94,44.9,44.94,7228
"23253",2020-09-30 17:29:00,44.94,44.98,44.88,44.88,3665
"23254",2020-09-30 17:30:00,44.88,44.88,44.83,44.84,3548
"23255",2020-09-30 17:31:00,44.84,44.9,44.83,44.9,4657
"23256",2020-09-30 17:32:00,44.9,44.97,44.9,44.96,3249
"23257",2020-09-30 17:33:00,44.97,45.06,44.97,45.03,13427
"23258",2020-09-30 17:34:00,45.02,45.03,44.99,44.99,10068
"23259",2020-09-30 17:35:00,44.99,45.08,44.95,45.07,7011
"23260",2020-09-30 17:36:00,45.08,45.08,44.98,45,19745
"23261",2020-09-30 17:37:00,45.01,45.01,44.96,44.97,4685
"23262",2020-09-30 17:38:00,44.98,45.01,44.96,44.98,3023
"23263",2020-09-30 17:39:00,45,45,44.94,44.96,6346
"23264",2020-09-30 17:40:00,44.96,44.96,44.9,44.91,6207
"23265",2020-09-30 17:41:00,44.91,44.99,44.91,44.98,8151
"23266",2020-09-30 17:42:00,44.97,44.97,44.94,44.94,3514
"23267",2020-09-30 17:43:00,44.93,44.93,44.83,44.83,6506
"23268",2020-09-30 17:44:00,44.82,44.9,44.82,44.88,5666
"23269",2020-09-30 17:45:00,44.9,44.97,44.89,44.97,2269
"23270",2020-09-30 17:46:00,44.97,44.97,44.92,44.97,2201
"23271",2020-09-30 17:47:00,44.97,45,44.97,45,1307
"23272",2020-09-30 17:48:00,45,45,44.97,44.98,4932
"23273",2020-09-30 17:49:00,44.98,44.99,44.91,44.91,1556
"23274",2020-09-30 17:50:00,44.9,44.9,44.88,44.88,1577
"23275",2020-09-30 17:51:00,44.87,44.87,44.81,44.86,3623
"23276",2020-09-30 17:52:00,44.87,44.9,44.86,44.9,2302
"23277",2020-09-30 17:53:00,44.9,44.95,44.9,44.94,4900
"23278",2020-09-30 17:54:00,44.95,44.96,44.91,44.92,3556
"23279",2020-09-30 17:55:00,44.89,44.92,44.86,44.91,2936
"23280",2020-09-30 17:56:00,44.91,44.95,44.91,44.94,2968
"23281",2020-09-30 17:57:00,44.96,44.96,44.93,44.93,1885
"23282",2020-09-30 17:58:00,44.94,44.96,44.92,44.92,1298
"23283",2020-09-30 17:59:00,44.92,44.92,44.87,44.91,3711
"23284",2020-09-30 18:00:00,44.9,44.92,44.9,44.9,1133
"23285",2020-09-30 18:01:00,44.9,44.94,44.9,44.94,1803
"23286",2020-09-30 18:02:00,44.94,44.94,44.88,44.9,3408
"23287",2020-09-30 18:03:00,44.9,44.9,44.83,44.83,2332
"23288",2020-09-30 18:04:00,44.83,44.9,44.82,44.88,4738
"23289",2020-09-30 18:05:00,44.88,44.88,44.83,44.84,5630
"23290",2020-09-30 18:06:00,44.84,44.94,44.84,44.93,5090
"23291",2020-09-30 18:07:00,44.97,45.01,44.97,44.97,4866
"23292",2020-09-30 18:08:00,44.98,44.99,44.98,44.98,258
"23293",2020-09-30 18:09:00,44.98,44.98,44.94,44.94,4045
"23294",2020-09-30 18:10:00,44.94,44.95,44.9,44.92,3360
"23295",2020-09-30 18:11:00,44.94,44.94,44.92,44.92,1629
"23296",2020-09-30 18:12:00,44.94,44.95,44.9,44.91,3592
"23297",2020-09-30 18:13:00,44.92,44.94,44.92,44.94,823
"23298",2020-09-30 18:14:00,44.98,44.98,44.97,44.98,4418
"23299",2020-09-30 18:15:00,44.98,44.99,44.98,44.98,1031
"23300",2020-09-30 18:16:00,44.98,44.99,44.97,44.98,1547
"23301",2020-09-30 18:17:00,44.97,44.97,44.93,44.93,1853
"23302",2020-09-30 18:18:00,44.92,44.92,44.85,44.85,7203
"23303",2020-09-30 18:19:00,44.86,44.88,44.85,44.85,5270
"23304",2020-09-30 18:20:00,44.84,44.84,44.83,44.84,2764
"23305",2020-09-30 18:21:00,44.83,44.84,44.8,44.84,2931
"23306",2020-09-30 18:22:00,44.84,44.84,44.82,44.82,2762
"23307",2020-09-30 18:23:00,44.82,44.83,44.81,44.83,3268
"23308",2020-09-30 18:24:00,44.82,44.82,44.8,44.8,747
"23309",2020-09-30 18:25:00,44.81,44.81,44.79,44.8,2369
"23310",2020-09-30 18:26:00,44.8,44.85,44.8,44.84,7113
"23311",2020-09-30 18:27:00,44.83,44.88,44.81,44.86,13393
"23312",2020-09-30 18:28:00,44.83,44.86,44.82,44.85,5568
"23313",2020-09-30 18:29:00,44.85,44.86,44.81,44.81,3469
"23314",2020-09-30 18:30:00,44.81,44.87,44.81,44.87,1608
"23315",2020-09-30 18:31:00,44.86,44.86,44.83,44.83,2699
"23316",2020-09-30 18:32:00,44.85,44.85,44.84,44.85,2504
"23317",2020-09-30 18:33:00,44.84,44.84,44.82,44.82,2633
"23318",2020-09-30 18:34:00,44.82,44.82,44.8,44.81,2581
"23319",2020-09-30 18:35:00,44.81,44.81,44.78,44.78,3698
"23320",2020-09-30 18:36:00,44.78,44.84,44.76,44.83,3838
"23321",2020-09-30 18:37:00,44.83,44.84,44.8,44.81,3066
"23322",2020-09-30 18:38:00,44.82,44.85,44.82,44.85,2117
"23323",2020-09-30 18:39:00,44.84,44.85,44.83,44.84,2684
"23324",2020-09-30 18:40:00,44.86,44.86,44.81,44.83,3966
"23325",2020-09-30 18:41:00,44.82,44.82,44.8,44.8,1716
"23326",2020-09-30 18:42:00,44.79,44.81,44.78,44.8,2526
"23327",2020-09-30 18:43:00,44.82,44.82,44.79,44.81,2987
"23328",2020-09-30 18:44:00,44.81,44.83,44.81,44.82,4963
"23329",2020-09-30 18:45:00,44.82,44.88,44.82,44.88,4017
"23330",2020-09-30 18:46:00,44.88,44.89,44.84,44.84,9505
"23331",2020-09-30 18:47:00,44.85,44.85,44.84,44.84,3136
"23332",2020-09-30 18:48:00,44.84,44.85,44.84,44.84,2609
"23333",2020-09-30 18:49:00,44.85,44.85,44.82,44.85,4968
"23334",2020-09-30 18:50:00,44.86,44.87,44.84,44.85,8595
"23335",2020-09-30 18:51:00,44.86,44.87,44.83,44.85,5246
"23336",2020-09-30 18:52:00,44.84,44.85,44.83,44.83,2373
"23337",2020-09-30 18:53:00,44.82,44.82,44.81,44.82,798
"23338",2020-09-30 18:54:00,44.83,44.87,44.83,44.86,3337
"23339",2020-09-30 18:55:00,44.86,44.87,44.86,44.86,2334
"23340",2020-09-30 18:56:00,44.86,44.86,44.84,44.86,3299
"23341",2020-09-30 18:57:00,44.86,44.86,44.84,44.84,905
"23342",2020-09-30 18:58:00,44.84,44.85,44.83,44.84,1604
"23343",2020-09-30 18:59:00,44.83,44.83,44.83,44.83,1044
"23344",2020-09-30 19:00:00,44.84,44.84,44.83,44.83,2047
"23345",2020-09-30 19:01:00,44.82,44.84,44.81,44.81,4017
"23346",2020-09-30 19:02:00,44.81,44.82,44.8,44.8,3218
"23347",2020-09-30 19:03:00,44.81,44.82,44.8,44.81,2512
"23348",2020-09-30 19:04:00,44.82,44.82,44.77,44.77,2404
"23349",2020-09-30 19:05:00,44.78,44.81,44.78,44.8,2096
"23350",2020-09-30 19:06:00,44.8,44.81,44.79,44.8,4277
"23351",2020-09-30 19:07:00,44.8,44.8,44.79,44.79,692
"23352",2020-09-30 19:08:00,44.79,44.83,44.79,44.82,7476
"23353",2020-09-30 19:09:00,44.81,44.81,44.8,44.8,400
"23354",2020-09-30 19:10:00,44.81,44.81,44.8,44.8,1075
"23355",2020-09-30 19:11:00,44.81,44.82,44.79,44.8,3120
"23356",2020-09-30 19:12:00,44.8,44.81,44.8,44.81,714
"23357",2020-09-30 19:13:00,44.82,44.83,44.82,44.82,3025
"23358",2020-09-30 19:14:00,44.82,44.82,44.79,44.79,1195
"23359",2020-09-30 19:15:00,44.79,44.8,44.78,44.8,1421
"23360",2020-09-30 19:16:00,44.8,44.8,44.79,44.79,817
"23361",2020-09-30 19:17:00,44.79,44.83,44.78,44.82,2124
"23362",2020-09-30 19:18:00,44.82,44.82,44.79,44.79,1201
"23363",2020-09-30 19:19:00,44.79,44.82,44.79,44.82,714
"23364",2020-09-30 19:20:00,44.81,44.81,44.78,44.8,2853
"23365",2020-09-30 19:21:00,44.8,44.81,44.79,44.79,3064
"23366",2020-09-30 19:22:00,44.79,44.79,44.78,44.79,2269
"23367",2020-09-30 19:23:00,44.79,44.8,44.79,44.8,829
"23368",2020-09-30 19:24:00,44.8,44.81,44.8,44.81,2743
"23369",2020-09-30 19:25:00,44.8,44.81,44.8,44.81,542
"23370",2020-09-30 19:26:00,44.81,44.81,44.77,44.78,2344
"23371",2020-09-30 19:27:00,44.77,44.77,44.74,44.76,3910
"23372",2020-09-30 19:28:00,44.76,44.8,44.76,44.8,2306
"23373",2020-09-30 19:29:00,44.8,44.81,44.8,44.8,616
"23374",2020-09-30 19:30:00,44.81,44.81,44.81,44.81,1992
"23375",2020-09-30 19:31:00,44.81,44.81,44.77,44.8,3462
"23376",2020-09-30 19:32:00,44.79,44.8,44.77,44.8,4112
"23377",2020-09-30 19:33:00,44.8,44.8,44.77,44.77,1481
"23378",2020-09-30 19:34:00,44.76,44.76,44.73,44.74,3397
"23379",2020-09-30 19:35:00,44.75,44.76,44.74,44.75,2376
"23380",2020-09-30 19:36:00,44.75,44.75,44.67,44.68,9739
"23381",2020-09-30 19:37:00,44.68,44.68,44.64,44.64,2003
"23382",2020-09-30 19:38:00,44.63,44.65,44.62,44.65,1690
"23383",2020-09-30 19:39:00,44.66,44.66,44.6,44.61,3275
"23384",2020-09-30 19:40:00,44.6,44.62,44.58,44.61,7707
"23385",2020-09-30 19:41:00,44.61,44.61,44.59,44.59,1979
"23386",2020-09-30 19:42:00,44.58,44.58,44.53,44.55,18120
"23387",2020-09-30 19:43:00,44.55,44.56,44.54,44.56,4150
"23388",2020-09-30 19:44:00,44.57,44.58,44.57,44.58,618
"23389",2020-09-30 19:45:00,44.58,44.58,44.54,44.56,4247
"23390",2020-09-30 19:46:00,44.56,44.59,44.56,44.59,1663
"23391",2020-09-30 19:47:00,44.59,44.59,44.57,44.57,4942
"23392",2020-09-30 19:48:00,44.57,44.59,44.56,44.58,2614
"23393",2020-09-30 19:49:00,44.58,44.6,44.58,44.6,1362
"23394",2020-09-30 19:50:00,44.6,44.6,44.58,44.58,1589
"23395",2020-09-30 19:51:00,44.58,44.59,44.58,44.59,1031
"23396",2020-09-30 19:52:00,44.6,44.64,44.6,44.64,5025
"23397",2020-09-30 19:53:00,44.64,44.68,44.64,44.67,1106
"23398",2020-09-30 19:54:00,44.64,44.64,44.57,44.57,5821
"23399",2020-09-30 19:55:00,44.58,44.58,44.57,44.57,2085
"23400",2020-09-30 19:56:00,44.58,44.63,44.58,44.63,2184
"23401",2020-09-30 19:57:00,44.64,44.64,44.61,44.62,3097
"23402",2020-09-30 19:58:00,44.62,44.62,44.58,44.6,2369
"23403",2020-09-30 19:59:00,44.61,44.64,44.61,44.64,2289
"23404",2020-09-30 20:00:00,44.64,44.68,44.64,44.68,1608
"23405",2020-09-30 20:01:00,44.69,44.7,44.65,44.65,2902
"23406",2020-09-30 20:02:00,44.64,44.66,44.63,44.63,1637
"23407",2020-09-30 20:03:00,44.62,44.62,44.59,44.59,1958
"23408",2020-09-30 20:04:00,44.59,44.59,44.57,44.57,2563
"23409",2020-09-30 20:05:00,44.57,44.57,44.56,44.57,3316
"23410",2020-09-30 20:06:00,44.58,44.62,44.58,44.61,1524
"23411",2020-09-30 20:07:00,44.61,44.61,44.6,44.61,1817
"23412",2020-09-30 20:08:00,44.62,44.62,44.59,44.61,2341
"23413",2020-09-30 20:09:00,44.6,44.6,44.58,44.59,4193
"23414",2020-09-30 20:10:00,44.59,44.61,44.59,44.61,413
"23415",2020-09-30 20:11:00,44.61,44.62,44.6,44.61,1494
"23416",2020-09-30 20:12:00,44.62,44.62,44.58,44.6,2579
"23417",2020-09-30 20:13:00,44.61,44.62,44.59,44.61,2332
"23418",2020-09-30 20:14:00,44.61,44.64,44.61,44.63,1914
"23419",2020-09-30 20:15:00,44.64,44.64,44.59,44.59,2905
"23420",2020-09-30 20:16:00,44.6,44.62,44.59,44.6,4088
"23421",2020-09-30 20:17:00,44.61,44.63,44.61,44.63,594
"23422",2020-09-30 20:18:00,44.63,44.66,44.62,44.65,2528
"23423",2020-09-30 20:19:00,44.64,44.65,44.64,44.65,1373
"23424",2020-09-30 20:20:00,44.65,44.65,44.63,44.64,1314
"23425",2020-09-30 20:21:00,44.65,44.65,44.64,44.65,1204
"23426",2020-09-30 20:22:00,44.65,44.65,44.63,44.65,2474
"23427",2020-09-30 20:23:00,44.65,44.65,44.64,44.65,483
"23428",2020-09-30 20:24:00,44.66,44.68,44.65,44.65,1734
"23429",2020-09-30 20:25:00,44.64,44.67,44.64,44.66,2529
"23430",2020-09-30 20:26:00,44.66,44.67,44.66,44.67,484
"23431",2020-09-30 20:27:00,44.67,44.68,44.66,44.68,2305
"23432",2020-09-30 20:28:00,44.68,44.68,44.66,44.67,2068
"23433",2020-09-30 20:29:00,44.68,44.68,44.68,44.68,310
"23434",2020-09-30 20:30:00,44.68,44.68,44.68,44.68,918
"23435",2020-09-30 20:31:00,44.67,44.69,44.66,44.68,3686
"23436",2020-09-30 20:32:00,44.68,44.72,44.66,44.71,3273
"23437",2020-09-30 20:33:00,44.71,44.72,44.69,44.69,3404
"23438",2020-09-30 20:34:00,44.7,44.7,44.68,44.7,824
"23439",2020-09-30 20:35:00,44.7,44.71,44.69,44.71,4393
"23440",2020-09-30 20:36:00,44.7,44.71,44.69,44.71,627
"23441",2020-09-30 20:37:00,44.72,44.73,44.72,44.72,4281
"23442",2020-09-30 20:38:00,44.73,44.76,44.73,44.76,2322
"23443",2020-09-30 20:39:00,44.76,44.78,44.76,44.76,2566
"23444",2020-09-30 20:40:00,44.76,44.76,44.76,44.76,1926
"23445",2020-09-30 20:41:00,44.76,44.78,44.76,44.76,1511
"23446",2020-09-30 20:42:00,44.76,44.76,44.75,44.75,704
"23447",2020-09-30 20:43:00,44.76,44.77,44.76,44.76,513
"23448",2020-09-30 20:44:00,44.76,44.76,44.74,44.74,2061
"23449",2020-09-30 20:45:00,44.74,44.74,44.69,44.7,8294
"23450",2020-09-30 20:46:00,44.69,44.72,44.67,44.71,6844
"23451",2020-09-30 20:47:00,44.71,44.72,44.67,44.67,10170
"23452",2020-09-30 20:48:00,44.67,44.71,44.67,44.71,2512
"23453",2020-09-30 20:49:00,44.72,44.75,44.72,44.75,2317
"23454",2020-09-30 20:50:00,44.75,44.75,44.75,44.75,1618
"23455",2020-09-30 20:51:00,44.77,44.81,44.77,44.81,3702
"23456",2020-09-30 20:52:00,44.8,44.82,44.8,44.81,4651
"23457",2020-09-30 20:53:00,44.81,44.81,44.77,44.78,1068
"23458",2020-09-30 20:54:00,44.78,44.78,44.77,44.78,889
"23459",2020-09-30 20:55:00,44.79,44.8,44.79,44.8,1482
"23460",2020-09-30 20:56:00,44.8,44.82,44.8,44.81,2265
"23461",2020-09-30 20:57:00,44.8,44.8,44.76,44.76,2974
"23462",2020-09-30 20:58:00,44.76,44.77,44.73,44.73,7045
"23463",2020-09-30 20:59:00,44.73,44.75,44.72,44.75,5724
"23464",2020-09-30 21:00:00,44.75,44.75,44.72,44.74,2937
"23465",2020-09-30 21:01:00,44.75,44.76,44.74,44.76,1860
"23466",2020-09-30 21:02:00,44.77,44.78,44.76,44.78,2112
"23467",2020-09-30 21:03:00,44.78,44.81,44.78,44.8,1287
"23468",2020-09-30 21:04:00,44.8,44.8,44.79,44.79,4343
"23469",2020-09-30 21:05:00,44.8,44.81,44.76,44.76,1887
"23470",2020-09-30 21:06:00,44.76,44.8,44.74,44.8,1952
"23471",2020-09-30 21:07:00,44.79,44.79,44.79,44.79,3857
"23472",2020-09-30 21:08:00,44.8,44.82,44.77,44.78,6491
"23473",2020-09-30 21:09:00,44.78,44.79,44.76,44.76,2838
"23474",2020-09-30 21:10:00,44.76,44.8,44.76,44.8,4015
"23475",2020-09-30 21:11:00,44.79,44.8,44.78,44.8,2271
"23476",2020-09-30 21:12:00,44.8,44.82,44.78,44.8,4507
"23477",2020-09-30 21:13:00,44.81,44.81,44.79,44.8,2295
"23478",2020-09-30 21:14:00,44.81,44.81,44.8,44.81,2226
"23479",2020-09-30 21:15:00,44.82,44.82,44.78,44.78,1796
"23480",2020-09-30 21:16:00,44.78,44.79,44.77,44.77,1290
"23481",2020-09-30 21:17:00,44.76,44.79,44.76,44.77,2218
"23482",2020-09-30 21:18:00,44.78,44.8,44.78,44.8,3331
"23483",2020-09-30 21:19:00,44.8,44.8,44.8,44.8,1105
"23484",2020-09-30 21:20:00,44.8,44.8,44.78,44.8,1438
"23485",2020-09-30 21:21:00,44.8,44.82,44.8,44.81,11368
"23486",2020-09-30 21:22:00,44.81,44.82,44.8,44.8,2875
"23487",2020-09-30 21:23:00,44.8,44.81,44.79,44.8,4901
"23488",2020-09-30 21:24:00,44.8,44.8,44.62,44.64,28478
"23489",2020-09-30 21:25:00,44.63,44.66,44.51,44.52,21893
"23490",2020-09-30 21:26:00,44.52,44.52,44.45,44.46,13815
"23491",2020-09-30 21:27:00,44.45,44.47,44.32,44.35,32934
"23492",2020-09-30 21:28:00,44.34,44.39,44.34,44.39,8969
"23493",2020-09-30 21:29:00,44.38,44.48,44.37,44.44,12937
"23494",2020-09-30 21:30:00,44.44,44.5,44.44,44.47,8474
"23495",2020-09-30 21:31:00,44.46,44.46,44.41,44.44,8142
"23496",2020-09-30 21:32:00,44.43,44.44,44.41,44.44,8851
"23497",2020-09-30 21:33:00,44.43,44.44,44.4,44.4,11905
"23498",2020-09-30 21:34:00,44.39,44.42,44.37,44.39,11478
"23499",2020-09-30 21:35:00,44.4,44.43,44.39,44.43,3876
"23500",2020-09-30 21:36:00,44.43,44.43,44.4,44.41,5858
"23501",2020-09-30 21:37:00,44.41,44.46,44.4,44.46,5004
"23502",2020-09-30 21:38:00,44.46,44.47,44.43,44.44,5871
"23503",2020-09-30 21:39:00,44.44,44.47,44.44,44.47,4586
"23504",2020-09-30 21:40:00,44.48,44.5,44.42,44.42,6259
"23505",2020-09-30 21:41:00,44.42,44.43,44.39,44.4,7035
"23506",2020-09-30 21:42:00,44.39,44.44,44.39,44.44,4054
"23507",2020-09-30 21:43:00,44.43,44.45,44.42,44.43,3222
"23508",2020-09-30 21:44:00,44.42,44.42,44.35,44.35,5910
"23509",2020-09-30 21:45:00,44.34,44.38,44.33,44.38,5048
"23510",2020-09-30 21:46:00,44.39,44.39,44.37,44.38,2944
"23511",2020-09-30 21:47:00,44.39,44.39,44.36,44.37,4405
"23512",2020-09-30 21:48:00,44.36,44.36,44.25,44.27,10616
"23513",2020-09-30 21:49:00,44.28,44.3,44.28,44.28,3789
"23514",2020-09-30 21:50:00,44.27,44.27,44.22,44.24,2440
"23515",2020-09-30 21:51:00,44.23,44.26,44.2,44.26,8420
"23516",2020-09-30 21:52:00,44.26,44.32,44.26,44.31,6238
"23517",2020-09-30 21:53:00,44.31,44.32,44.3,44.3,1828
"23518",2020-09-30 21:54:00,44.3,44.3,44.28,44.3,4281
"23519",2020-09-30 21:55:00,44.29,44.3,44.26,44.3,3011
"23520",2020-09-30 21:56:00,44.3,44.34,44.29,44.34,4220
"23521",2020-09-30 21:57:00,44.34,44.41,44.34,44.4,5758
"23522",2020-09-30 21:58:00,44.4,44.42,44.37,44.42,5974
"23523",2020-09-30 21:59:00,44.41,44.47,44.41,44.43,11654
"23524",2020-09-30 22:00:00,44.43,44.44,44.43,44.44,2256
"23525",2020-09-30 22:01:00,44.44,44.49,44.43,44.48,6177
"23526",2020-09-30 22:02:00,44.5,44.52,44.5,44.51,3669
"23527",2020-09-30 22:03:00,44.51,44.52,44.49,44.51,3472
"23528",2020-09-30 22:04:00,44.52,44.52,44.47,44.47,5623
"23529",2020-09-30 22:05:00,44.47,44.47,44.39,44.39,8842
"23530",2020-09-30 22:06:00,44.4,44.42,44.37,44.37,7619
"23531",2020-09-30 22:07:00,44.37,44.41,44.36,44.41,5763
"23532",2020-09-30 22:08:00,44.42,44.48,44.42,44.48,4382
"23533",2020-09-30 22:09:00,44.47,44.49,44.46,44.46,6555
"23534",2020-09-30 22:10:00,44.47,44.49,44.46,44.46,6483
"23535",2020-09-30 22:11:00,44.47,44.48,44.44,44.45,3044
"23536",2020-09-30 22:12:00,44.45,44.46,44.26,44.29,21995
"23537",2020-09-30 22:13:00,44.3,44.34,44.29,44.29,5825
"23538",2020-09-30 22:14:00,44.28,44.32,44.26,44.31,7768
"23539",2020-09-30 22:15:00,44.31,44.33,44.25,44.28,6394
"23540",2020-09-30 22:16:00,44.27,44.27,44.2,44.22,13017
"23541",2020-09-30 22:17:00,44.22,44.22,44.18,44.19,7427
"23542",2020-09-30 22:18:00,44.19,44.19,44.1,44.1,10889
"23543",2020-09-30 22:19:00,44.11,44.12,44.04,44.06,11639
"23544",2020-09-30 22:20:00,44.05,44.07,44.02,44.04,8642
"23545",2020-09-30 22:21:00,44.04,44.18,43.95,44.01,22741
"23546",2020-09-30 22:22:00,44.01,44.1,43.99,44.06,8611
"23547",2020-09-30 22:23:00,44.07,44.12,44.07,44.09,8970
"23548",2020-09-30 22:24:00,44.1,44.12,44.08,44.1,16369
"23549",2020-09-30 22:25:00,44.1,44.17,44.09,44.17,9150
"23550",2020-09-30 22:26:00,44.16,44.19,44.14,44.19,6833
"23551",2020-09-30 22:27:00,44.21,44.24,44.2,44.24,5884
"23552",2020-09-30 22:28:00,44.24,44.26,44.24,44.26,8334
"23553",2020-09-30 22:29:00,44.26,44.3,44.24,44.3,8876
"23554",2020-09-30 22:30:00,44.3,44.3,44.28,44.3,3537
"23555",2020-09-30 22:31:00,44.29,44.29,44.2,44.27,10124
"23556",2020-09-30 22:32:00,44.26,44.3,44.24,44.28,10542
"23557",2020-09-30 22:33:00,44.28,44.33,44.26,44.29,10557
"23558",2020-09-30 22:34:00,44.28,44.29,44.25,44.28,5639
"23559",2020-09-30 22:35:00,44.28,44.31,44.26,44.31,5707
"23560",2020-09-30 22:36:00,44.31,44.32,44.28,44.28,9310
"23561",2020-09-30 22:37:00,44.28,44.32,44.28,44.32,8114
"23562",2020-09-30 22:38:00,44.32,44.38,44.32,44.38,6106
"23563",2020-09-30 22:39:00,44.38,44.38,44.38,44.38,1888
"23564",2020-09-30 22:40:00,44.38,44.39,44.36,44.37,7502
"23565",2020-09-30 22:41:00,44.37,44.37,44.33,44.35,6062
"23566",2020-09-30 22:42:00,44.35,44.41,44.35,44.41,4083
"23567",2020-09-30 22:43:00,44.41,44.49,44.41,44.49,11424
"23568",2020-09-30 22:44:00,44.48,44.48,44.42,44.48,12650
"23569",2020-09-30 22:45:00,44.47,44.47,44.44,44.46,6173
"23570",2020-09-30 22:46:00,44.45,44.47,44.42,44.45,8793
"23571",2020-09-30 22:47:00,44.45,44.47,44.44,44.45,5758
"23572",2020-09-30 22:48:00,44.46,44.58,44.46,44.58,16706
"23573",2020-09-30 22:49:00,44.57,44.61,44.56,44.58,17781
"23574",2020-09-30 22:50:00,44.59,44.62,44.59,44.62,13684
"23575",2020-09-30 22:51:00,44.63,44.66,44.58,44.59,15592
"23576",2020-09-30 22:52:00,44.59,44.63,44.59,44.63,4507
"23577",2020-09-30 22:53:00,44.63,44.64,44.59,44.63,8223
"23578",2020-09-30 22:54:00,44.63,44.65,44.63,44.64,7645
"23579",2020-09-30 22:55:00,44.64,44.66,44.59,44.59,9838
"23580",2020-09-30 22:56:00,44.6,44.7,44.6,44.7,20526
"23581",2020-09-30 22:57:00,44.7,44.76,44.7,44.75,26290
"23582",2020-09-30 22:58:00,44.74,44.74,44.66,44.66,17190
"23583",2020-09-30 22:59:00,44.65,44.67,44.65,44.66,11744
"23584",2020-09-30 23:00:00,44.66,44.66,44.5,44.5,31528
"23585",2020-09-30 23:01:00,44.57,44.57,43.99,43.99,54
"23586",2020-09-30 23:02:00,44.37,44.37,44.37,44.37,14
"23587",2020-09-30 23:04:00,44.5,44.5,44.5,44.5,2852
"23588",2020-09-30 23:06:00,44.4,44.4,44.4,44.4,45
"23589",2020-09-30 23:11:00,44.73,44.73,44.73,44.73,1
"23590",2020-09-30 23:12:00,44.73,44.73,44.73,44.73,1
"23591",2020-09-30 23:13:00,44.73,44.73,44.73,44.73,10
"23592",2020-09-30 23:15:00,44.4,44.4,44.4,44.4,35
"23593",2020-09-30 23:16:00,44.4,44.4,44.21,44.21,75
"23594",2020-09-30 23:17:00,44.07,44.07,44.07,44.07,39
"23595",2020-09-30 23:21:00,44.21,44.21,44.21,44.21,9
"23596",2020-09-30 23:26:00,44.21,44.21,44.21,44.21,30
"23597",2020-09-30 23:27:00,44.21,44.21,44.21,44.21,23
"23598",2020-09-30 23:40:00,44.31,44.31,44.31,44.31,1
"23599",2020-09-30 23:43:00,44.31,44.31,44.31,44.31,4
"23600",2020-09-30 23:57:00,44.32,44.32,44.32,44.32,13
"23601",2020-10-01 00:11:00,44.32,44.32,44.32,44.32,1
"23602",2020-10-01 00:12:00,44.32,44.32,44.32,44.32,38
"23603",2020-10-01 00:17:00,44.36,44.36,44.36,44.36,1
"23604",2020-10-01 00:19:00,44.36,44.36,44.36,44.36,4
"23605",2020-10-01 00:20:00,44.36,44.36,44.36,44.36,7
"23606",2020-10-01 00:21:00,44.37,44.37,44.37,44.37,7
"23607",2020-10-01 00:24:00,44.37,44.37,44.37,44.37,1
"23608",2020-10-01 00:26:00,44.21,44.35,44.21,44.35,39
"23609",2020-10-01 00:28:00,44.5,44.5,44.5,44.5,1
"23610",2020-10-01 00:29:00,44.37,44.37,44.37,44.37,1
"23611",2020-10-01 00:30:00,44.54,44.54,44.54,44.54,91
"23612",2020-10-01 00:33:00,44.37,44.37,44.35,44.35,275
"23613",2020-10-01 00:50:00,44.26,44.34,44.26,44.34,15
"23614",2020-10-01 00:54:00,44.35,44.35,44.26,44.26,206
"23615",2020-10-01 00:58:00,44.35,44.35,44.35,44.35,200
"23616",2020-10-01 01:02:00,44.35,44.35,44.35,44.35,400
"23617",2020-10-01 01:03:00,44.35,44.35,44.35,44.35,100
"23618",2020-10-01 01:21:00,44.5,44.5,44.5,44.5,100
"23619",2020-10-01 10:01:00,44.83,44.83,44.83,44.83,2
"23620",2020-10-01 10:02:00,44.8,44.8,44.8,44.8,2
"23621",2020-10-01 10:08:00,44.91,44.91,44.88,44.88,52
"23622",2020-10-01 10:09:00,44.89,44.89,44.89,44.89,60
"23623",2020-10-01 10:10:00,44.9,44.9,44.9,44.9,200
"23624",2020-10-01 10:13:00,44.79,44.79,44.79,44.79,20
"23625",2020-10-01 10:14:00,44.78,44.78,44.78,44.78,3
"23626",2020-10-01 10:15:00,44.8,44.8,44.79,44.79,10
"23627",2020-10-01 10:16:00,44.8,44.8,44.8,44.8,54
"23628",2020-10-01 10:17:00,44.81,44.81,44.81,44.81,20
"23629",2020-10-01 10:18:00,44.85,44.85,44.85,44.85,2
"23630",2020-10-01 10:20:00,45.05,45.14,45.05,45.14,17
"23631",2020-10-01 10:21:00,45.1,45.1,45.1,45.1,3
"23632",2020-10-01 10:22:00,45.1,45.1,45.1,45.1,10
"23633",2020-10-01 10:24:00,45.1,45.1,45.1,45.1,6
"23634",2020-10-01 10:27:00,45.12,45.12,45.12,45.12,50
"23635",2020-10-01 10:28:00,45.1,45.1,45.1,45.1,145
"23636",2020-10-01 10:31:00,45.05,45.05,45.05,45.05,1
"23637",2020-10-01 10:32:00,45.05,45.05,44.81,44.81,2
"23638",2020-10-01 10:33:00,44.77,44.78,44.77,44.78,58
"23639",2020-10-01 10:35:00,44.76,44.77,44.76,44.77,58
"23640",2020-10-01 10:52:00,44.99,44.99,44.99,44.99,2
"23641",2020-10-01 10:54:00,45,45,45,45,1
"23642",2020-10-01 11:06:00,44.81,44.81,44.8,44.8,3
"23643",2020-10-01 11:07:00,44.8,44.8,44.8,44.8,10
"23644",2020-10-01 11:08:00,44.8,44.8,44.8,44.8,22
"23645",2020-10-01 11:11:00,44.99,44.99,44.99,44.99,1
"23646",2020-10-01 11:15:00,44.81,44.81,44.8,44.8,2
"23647",2020-10-01 11:18:00,44.99,45,44.99,45,2
"23648",2020-10-01 11:19:00,44.81,44.81,44.81,44.81,1
"23649",2020-10-01 11:32:00,44.8,44.8,44.8,44.8,2
"23650",2020-10-01 11:40:00,44.8,44.8,44.8,44.8,6
"23651",2020-10-01 11:53:00,44.8,44.8,44.8,44.8,2
"23652",2020-10-01 12:09:00,44.8,44.8,44.77,44.79,44
"23653",2020-10-01 12:14:00,44.68,44.68,44.68,44.68,1
"23654",2020-10-01 12:15:00,44.77,44.77,44.77,44.77,2
"23655",2020-10-01 12:19:00,44.79,44.79,44.79,44.79,3
"23656",2020-10-01 12:21:00,44.79,44.79,44.79,44.79,1
"23657",2020-10-01 12:24:00,44.67,44.67,44.67,44.67,3
"23658",2020-10-01 12:48:00,44.8,44.8,44.8,44.8,1
"23659",2020-10-01 13:00:00,44.81,44.81,44.81,44.81,1
"23660",2020-10-01 13:02:00,44.8,44.8,44.8,44.8,3
"23661",2020-10-01 13:06:00,44.74,44.74,44.74,44.74,1
"23662",2020-10-01 13:18:00,44.77,44.77,44.77,44.77,1
"23663",2020-10-01 13:21:00,44.8,44.8,44.8,44.8,1
"23664",2020-10-01 13:22:00,44.77,44.77,44.77,44.77,1
"23665",2020-10-01 13:24:00,44.77,44.77,44.77,44.77,50
"23666",2020-10-01 13:27:00,44.81,44.83,44.81,44.83,9
"23667",2020-10-01 13:29:00,44.78,44.78,44.78,44.78,49
"23668",2020-10-01 13:32:00,44.59,44.59,44.59,44.59,1
"23669",2020-10-01 13:33:00,44.68,44.68,44.68,44.68,1
"23670",2020-10-01 13:34:00,44.69,44.69,44.69,44.69,30
"23671",2020-10-01 13:35:00,44.62,44.62,44.62,44.62,43
"23672",2020-10-01 13:37:00,44.58,44.58,44.58,44.58,21
"23673",2020-10-01 13:38:00,44.68,44.68,44.68,44.68,40
"23674",2020-10-01 13:50:00,44.62,44.62,44.6,44.6,2
"23675",2020-10-01 14:05:00,44.78,44.78,44.78,44.78,4
"23676",2020-10-01 14:13:00,44.8,44.8,44.8,44.8,1
"23677",2020-10-01 14:15:00,44.8,44.8,44.8,44.8,1
"23678",2020-10-01 14:22:00,44.8,44.82,44.8,44.82,8
"23679",2020-10-01 14:23:00,44.82,44.82,44.82,44.82,3
"23680",2020-10-01 14:28:00,44.76,44.8,44.76,44.8,13
"23681",2020-10-01 14:34:00,44.81,44.81,44.81,44.81,3
"23682",2020-10-01 14:54:00,44.86,44.86,44.76,44.76,10
"23683",2020-10-01 14:55:00,44.85,44.85,44.85,44.85,10
"23684",2020-10-01 15:01:00,44.92,44.92,44.92,44.92,20
"23685",2020-10-01 15:04:00,44.89,44.89,44.89,44.89,7
"23686",2020-10-01 15:07:00,44.79,44.79,44.76,44.76,5
"23687",2020-10-01 15:08:00,44.92,44.92,44.92,44.92,2
"23688",2020-10-01 15:09:00,44.91,44.91,44.91,44.91,4
"23689",2020-10-01 15:13:00,44.92,44.96,44.92,44.96,148
"23690",2020-10-01 15:16:00,44.9,44.9,44.9,44.9,13
"23691",2020-10-01 15:18:00,44.95,44.95,44.88,44.88,20
"23692",2020-10-01 15:21:00,44.9,44.9,44.9,44.9,20
"23693",2020-10-01 15:23:00,44.9,44.9,44.9,44.9,1
"23694",2020-10-01 15:30:00,44.92,44.92,44.92,44.92,1
"23695",2020-10-01 15:31:00,44.94,44.98,44.94,44.98,148
"23696",2020-10-01 15:38:00,44.91,44.91,44.91,44.91,1
"23697",2020-10-01 15:40:00,44.95,44.95,44.95,44.95,310
"23698",2020-10-01 15:44:00,44.99,44.99,44.96,44.96,400
"23699",2020-10-01 15:45:00,44.98,44.99,44.98,44.98,571
"23700",2020-10-01 15:49:00,44.97,44.97,44.97,44.97,1
"23701",2020-10-01 15:53:00,44.96,44.96,44.96,44.96,85
"23702",2020-10-01 15:58:00,44.92,44.92,44.77,44.77,94
"23703",2020-10-01 15:59:00,44.88,44.88,44.88,44.88,34
"23704",2020-10-01 16:01:00,44.88,44.88,44.88,44.88,7
"23705",2020-10-01 16:03:00,44.78,44.88,44.78,44.88,948
"23706",2020-10-01 16:09:00,44.82,44.82,44.82,44.82,11
"23707",2020-10-01 16:11:00,44.85,44.85,44.85,44.85,1
"23708",2020-10-01 16:14:00,44.88,44.88,44.88,44.88,1
"23709",2020-10-01 16:16:00,44.79,44.85,44.79,44.85,25
"23710",2020-10-01 16:18:00,44.85,44.85,44.85,44.85,980
"23711",2020-10-01 16:22:00,44.79,44.79,44.79,44.79,197
"23712",2020-10-01 16:23:00,44.79,44.79,44.76,44.76,8
"23713",2020-10-01 16:24:00,44.79,44.79,44.79,44.79,35
"23714",2020-10-01 16:29:00,44.7,44.7,44.7,44.7,1
"23715",2020-10-01 16:30:00,44.78,45.06,44.78,45.06,2304
"23716",2020-10-01 16:31:00,45.06,45.1,44.92,45.04,5950
"23717",2020-10-01 16:32:00,45.08,45.11,45,45.01,6912
"23718",2020-10-01 16:33:00,45.02,45.46,44.98,45.33,41789
"23719",2020-10-01 16:34:00,45.32,45.57,45.23,45.28,40011
"23720",2020-10-01 16:35:00,45.27,45.62,45.27,45.57,18189
"23721",2020-10-01 16:36:00,45.57,45.82,45.51,45.67,26866
"23722",2020-10-01 16:37:00,45.67,45.84,45.64,45.81,22598
"23723",2020-10-01 16:38:00,45.8,45.8,45.49,45.58,18490
"23724",2020-10-01 16:39:00,45.57,45.63,45.53,45.53,13001
"23725",2020-10-01 16:40:00,45.52,45.52,45.45,45.5,16994
"23726",2020-10-01 16:41:00,45.53,45.6,45.47,45.59,14836
"23727",2020-10-01 16:42:00,45.59,45.69,45.56,45.58,11915
"23728",2020-10-01 16:43:00,45.6,45.64,45.54,45.57,6719
"23729",2020-10-01 16:44:00,45.55,45.59,45.49,45.55,13275
"23730",2020-10-01 16:45:00,45.55,45.55,45.44,45.44,5657
"23731",2020-10-01 16:46:00,45.44,45.46,45.23,45.27,22441
"23732",2020-10-01 16:47:00,45.27,45.28,45.24,45.27,10095
"23733",2020-10-01 16:48:00,45.28,45.28,45.2,45.2,2749
"23734",2020-10-01 16:49:00,45.22,45.28,45.2,45.28,5707
"23735",2020-10-01 16:50:00,45.27,45.33,45.22,45.33,4642
"23736",2020-10-01 16:51:00,45.34,45.4,45.33,45.34,9312
"23737",2020-10-01 16:52:00,45.29,45.3,45.27,45.3,3750
"23738",2020-10-01 16:53:00,45.28,45.28,45.26,45.28,1779
"23739",2020-10-01 16:54:00,45.26,45.26,45.18,45.18,4148
"23740",2020-10-01 16:55:00,45.17,45.22,45.17,45.2,4170
"23741",2020-10-01 16:56:00,45.21,45.38,45.21,45.34,10624
"23742",2020-10-01 16:57:00,45.37,45.42,45.32,45.34,4826
"23743",2020-10-01 16:58:00,45.35,45.36,45.27,45.3,10924
"23744",2020-10-01 16:59:00,45.3,45.3,45.21,45.21,2763
"23745",2020-10-01 17:00:00,45.2,45.28,45.2,45.26,12062
"23746",2020-10-01 17:01:00,45.25,45.35,45.21,45.21,16623
"23747",2020-10-01 17:02:00,45.21,45.26,45.16,45.19,15605
"23748",2020-10-01 17:03:00,45.19,45.36,45.18,45.36,13981
"23749",2020-10-01 17:04:00,45.36,45.43,45.36,45.43,8344
"23750",2020-10-01 17:05:00,45.43,45.46,45.37,45.44,6909
"23751",2020-10-01 17:06:00,45.44,45.45,45.3,45.32,6905
"23752",2020-10-01 17:07:00,45.31,45.4,45.31,45.36,4577
"23753",2020-10-01 17:08:00,45.36,45.42,45.34,45.34,5036
"23754",2020-10-01 17:09:00,45.34,45.39,45.31,45.39,7037
"23755",2020-10-01 17:10:00,45.39,45.4,45.34,45.38,10713
"23756",2020-10-01 17:11:00,45.42,45.43,45.38,45.41,6691
"23757",2020-10-01 17:12:00,45.41,45.41,45.22,45.24,4645
"23758",2020-10-01 17:13:00,45.26,45.27,45.21,45.24,4718
"23759",2020-10-01 17:14:00,45.28,45.36,45.24,45.34,8817
"23760",2020-10-01 17:15:00,45.35,45.42,45.31,45.4,12199
"23761",2020-10-01 17:16:00,45.41,45.46,45.4,45.4,9280
"23762",2020-10-01 17:17:00,45.4,45.41,45.3,45.31,8596
"23763",2020-10-01 17:18:00,45.32,45.39,45.31,45.39,6404
"23764",2020-10-01 17:19:00,45.38,45.5,45.38,45.5,5139
"23765",2020-10-01 17:20:00,45.5,45.5,45.47,45.47,4771
"23766",2020-10-01 17:21:00,45.46,45.58,45.46,45.57,7192
"23767",2020-10-01 17:22:00,45.57,45.63,45.56,45.62,6980
"23768",2020-10-01 17:23:00,45.62,45.66,45.59,45.64,4456
"23769",2020-10-01 17:24:00,45.64,45.72,45.63,45.64,12068
"23770",2020-10-01 17:25:00,45.64,45.66,45.59,45.61,4514
"23771",2020-10-01 17:26:00,45.59,45.6,45.46,45.5,11636
"23772",2020-10-01 17:27:00,45.5,45.5,45.39,45.39,4126
"23773",2020-10-01 17:28:00,45.39,45.41,45.37,45.41,5233
"23774",2020-10-01 17:29:00,45.41,45.45,45.4,45.44,5048
"23775",2020-10-01 17:30:00,45.44,45.54,45.44,45.54,8158
"23776",2020-10-01 17:31:00,45.55,45.57,45.5,45.57,8569
"23777",2020-10-01 17:32:00,45.57,45.67,45.56,45.66,8328
"23778",2020-10-01 17:33:00,45.65,45.65,45.58,45.59,1336
"23779",2020-10-01 17:34:00,45.59,45.62,45.57,45.59,4408
"23780",2020-10-01 17:35:00,45.59,45.64,45.59,45.62,1777
"23781",2020-10-01 17:36:00,45.64,45.72,45.62,45.71,7326
"23782",2020-10-01 17:37:00,45.71,45.76,45.7,45.76,8893
"23783",2020-10-01 17:38:00,45.77,45.79,45.75,45.77,5806
"23784",2020-10-01 17:39:00,45.78,45.79,45.71,45.71,2026
"23785",2020-10-01 17:40:00,45.7,45.77,45.7,45.76,2586
"23786",2020-10-01 17:41:00,45.77,45.77,45.72,45.72,2359
"23787",2020-10-01 17:42:00,45.73,45.73,45.67,45.7,4043
"23788",2020-10-01 17:43:00,45.71,45.71,45.69,45.7,2822
"23789",2020-10-01 17:44:00,45.7,45.74,45.7,45.74,2810
"23790",2020-10-01 17:45:00,45.72,45.75,45.71,45.75,3001
"23791",2020-10-01 17:46:00,45.75,45.76,45.74,45.75,1270
"23792",2020-10-01 17:47:00,45.74,45.74,45.73,45.74,1204
"23793",2020-10-01 17:48:00,45.73,45.73,45.63,45.64,6803
"23794",2020-10-01 17:49:00,45.64,45.68,45.58,45.68,8741
"23795",2020-10-01 17:50:00,45.68,45.68,45.65,45.66,6310
"23796",2020-10-01 17:51:00,45.66,45.66,45.5,45.51,4006
"23797",2020-10-01 17:52:00,45.51,45.59,45.51,45.59,7568
"23798",2020-10-01 17:53:00,45.6,45.63,45.57,45.63,4450
"23799",2020-10-01 17:54:00,45.63,45.65,45.6,45.63,3261
"23800",2020-10-01 17:55:00,45.63,45.65,45.62,45.63,2204
"23801",2020-10-01 17:56:00,45.61,45.62,45.56,45.56,1481
"23802",2020-10-01 17:57:00,45.54,45.54,45.45,45.49,6773
"23803",2020-10-01 17:58:00,45.49,45.49,45.45,45.47,2917
"23804",2020-10-01 17:59:00,45.47,45.5,45.47,45.5,6519
"23805",2020-10-01 18:00:00,45.49,45.56,45.46,45.56,4316
"23806",2020-10-01 18:01:00,45.58,45.59,45.49,45.52,5149
"23807",2020-10-01 18:02:00,45.54,45.6,45.54,45.59,2115
"23808",2020-10-01 18:03:00,45.58,45.65,45.58,45.65,7152
"23809",2020-10-01 18:04:00,45.66,45.71,45.66,45.67,7847
"23810",2020-10-01 18:05:00,45.68,45.71,45.65,45.71,3958
"23811",2020-10-01 18:06:00,45.69,45.7,45.68,45.68,1246
"23812",2020-10-01 18:07:00,45.67,45.73,45.64,45.68,3567
"23813",2020-10-01 18:08:00,45.69,45.69,45.66,45.66,2308
"23814",2020-10-01 18:09:00,45.65,45.65,45.59,45.59,1502
"23815",2020-10-01 18:10:00,45.6,45.6,45.56,45.56,3677
"23816",2020-10-01 18:11:00,45.54,45.58,45.5,45.5,9685
"23817",2020-10-01 18:12:00,45.52,45.52,45.49,45.51,2844
"23818",2020-10-01 18:13:00,45.53,45.58,45.53,45.58,2269
"23819",2020-10-01 18:14:00,45.58,45.6,45.56,45.6,4497
"23820",2020-10-01 18:15:00,45.6,45.6,45.58,45.58,1585
"23821",2020-10-01 18:16:00,45.57,45.64,45.56,45.64,4151
"23822",2020-10-01 18:17:00,45.64,45.71,45.64,45.71,3914
"23823",2020-10-01 18:18:00,45.72,45.72,45.66,45.67,2486
"23824",2020-10-01 18:19:00,45.66,45.66,45.64,45.64,1807
"23825",2020-10-01 18:20:00,45.64,45.66,45.63,45.65,2516
"23826",2020-10-01 18:21:00,45.66,45.69,45.65,45.68,3541
"23827",2020-10-01 18:22:00,45.68,45.7,45.65,45.65,4780
"23828",2020-10-01 18:23:00,45.65,45.68,45.64,45.68,4031
"23829",2020-10-01 18:24:00,45.68,45.68,45.59,45.64,7205
"23830",2020-10-01 18:25:00,45.64,45.7,45.64,45.69,4472
"23831",2020-10-01 18:26:00,45.69,45.69,45.64,45.65,616
"23832",2020-10-01 18:27:00,45.65,45.66,45.64,45.65,1109
"23833",2020-10-01 18:28:00,45.65,45.66,45.65,45.66,2189
"23834",2020-10-01 18:29:00,45.66,45.68,45.63,45.63,3890
"23835",2020-10-01 18:30:00,45.63,45.64,45.62,45.64,4499
"23836",2020-10-01 18:31:00,45.63,45.63,45.6,45.62,3268
"23837",2020-10-01 18:32:00,45.63,45.64,45.59,45.59,3687
"23838",2020-10-01 18:33:00,45.6,45.62,45.6,45.6,1403
"23839",2020-10-01 18:34:00,45.61,45.67,45.61,45.67,4480
"23840",2020-10-01 18:35:00,45.68,45.73,45.68,45.72,4131
"23841",2020-10-01 18:36:00,45.72,45.73,45.71,45.71,4054
"23842",2020-10-01 18:37:00,45.71,45.79,45.7,45.79,12348
"23843",2020-10-01 18:38:00,45.79,45.79,45.75,45.75,3955
"23844",2020-10-01 18:39:00,45.76,45.82,45.75,45.79,10374
"23845",2020-10-01 18:40:00,45.8,45.86,45.79,45.82,11144
"23846",2020-10-01 18:41:00,45.82,45.82,45.81,45.81,6042
"23847",2020-10-01 18:42:00,45.8,45.8,45.78,45.78,4758
"23848",2020-10-01 18:43:00,45.79,45.86,45.79,45.86,4979
"23849",2020-10-01 18:44:00,45.86,45.92,45.85,45.87,11443
"23850",2020-10-01 18:45:00,45.86,45.88,45.85,45.85,3427
"23851",2020-10-01 18:46:00,45.87,45.88,45.85,45.85,1239
"23852",2020-10-01 18:47:00,45.84,45.85,45.79,45.79,5294
"23853",2020-10-01 18:48:00,45.78,45.83,45.77,45.83,2983
"23854",2020-10-01 18:49:00,45.82,45.82,45.73,45.75,1991
"23855",2020-10-01 18:50:00,45.74,45.74,45.68,45.68,4905
"23856",2020-10-01 18:51:00,45.68,45.68,45.6,45.6,3550
"23857",2020-10-01 18:52:00,45.58,45.58,45.54,45.58,7604
"23858",2020-10-01 18:53:00,45.57,45.63,45.57,45.63,4872
"23859",2020-10-01 18:54:00,45.62,45.64,45.61,45.64,2088
"23860",2020-10-01 18:55:00,45.63,45.67,45.62,45.66,4576
"23861",2020-10-01 18:56:00,45.65,45.65,45.62,45.62,2617
"23862",2020-10-01 18:57:00,45.62,45.64,45.62,45.63,2188
"23863",2020-10-01 18:58:00,45.63,45.65,45.62,45.62,2514
"23864",2020-10-01 18:59:00,45.62,45.64,45.62,45.64,3379
"23865",2020-10-01 19:00:00,45.63,45.66,45.61,45.66,2593
"23866",2020-10-01 19:01:00,45.66,45.66,45.62,45.62,2006
"23867",2020-10-01 19:02:00,45.61,45.61,45.59,45.59,3417
"23868",2020-10-01 19:03:00,45.58,45.6,45.54,45.54,3050
"23869",2020-10-01 19:04:00,45.54,45.56,45.49,45.52,5038
"23870",2020-10-01 19:05:00,45.51,45.6,45.51,45.59,7132
"23871",2020-10-01 19:06:00,45.58,45.58,45.55,45.56,4919
"23872",2020-10-01 19:07:00,45.56,45.56,45.54,45.56,1811
"23873",2020-10-01 19:08:00,45.56,45.59,45.56,45.59,1620
"23874",2020-10-01 19:09:00,45.6,45.61,45.6,45.61,3489
"23875",2020-10-01 19:10:00,45.6,45.63,45.6,45.61,4904
"23876",2020-10-01 19:11:00,45.61,45.62,45.59,45.62,2646
"23877",2020-10-01 19:12:00,45.63,45.65,45.63,45.65,2191
"23878",2020-10-01 19:13:00,45.64,45.68,45.62,45.68,3458
"23879",2020-10-01 19:14:00,45.68,45.69,45.68,45.69,1993
"23880",2020-10-01 19:15:00,45.69,45.69,45.64,45.67,3982
"23881",2020-10-01 19:16:00,45.65,45.71,45.64,45.64,6262
"23882",2020-10-01 19:17:00,45.63,45.63,45.55,45.58,4751
"23883",2020-10-01 19:18:00,45.57,45.57,45.56,45.57,2846
"23884",2020-10-01 19:19:00,45.57,45.58,45.55,45.58,3432
"23885",2020-10-01 19:20:00,45.57,45.61,45.57,45.6,3415
"23886",2020-10-01 19:21:00,45.6,45.62,45.6,45.62,3328
"23887",2020-10-01 19:22:00,45.64,45.64,45.62,45.63,2957
"23888",2020-10-01 19:23:00,45.63,45.65,45.62,45.62,962
"23889",2020-10-01 19:24:00,45.64,45.7,45.63,45.69,6755
"23890",2020-10-01 19:25:00,45.68,45.68,45.66,45.66,1060
"23891",2020-10-01 19:26:00,45.66,45.67,45.66,45.66,601
"23892",2020-10-01 19:27:00,45.66,45.66,45.65,45.65,1868
"23893",2020-10-01 19:28:00,45.65,45.68,45.65,45.68,1596
"23894",2020-10-01 19:29:00,45.68,45.7,45.66,45.66,2518
"23895",2020-10-01 19:30:00,45.67,45.68,45.67,45.67,2045
"23896",2020-10-01 19:31:00,45.68,45.68,45.67,45.68,1714
"23897",2020-10-01 19:32:00,45.67,45.72,45.67,45.72,3201
"23898",2020-10-01 19:33:00,45.72,45.75,45.72,45.74,515
"23899",2020-10-01 19:34:00,45.74,45.74,45.71,45.71,4190
"23900",2020-10-01 19:35:00,45.71,45.71,45.7,45.7,1155
"23901",2020-10-01 19:36:00,45.7,45.7,45.67,45.67,2857
"23902",2020-10-01 19:37:00,45.67,45.67,45.6,45.61,4173
"23903",2020-10-01 19:38:00,45.62,45.62,45.59,45.59,1369
"23904",2020-10-01 19:39:00,45.6,45.6,45.58,45.6,1261
"23905",2020-10-01 19:40:00,45.63,45.66,45.63,45.66,6988
"23906",2020-10-01 19:41:00,45.66,45.72,45.66,45.72,2518
"23907",2020-10-01 19:42:00,45.73,45.78,45.73,45.76,6845
"23908",2020-10-01 19:43:00,45.76,45.76,45.73,45.73,2106
"23909",2020-10-01 19:44:00,45.74,45.74,45.72,45.73,1730
"23910",2020-10-01 19:45:00,45.72,45.73,45.68,45.69,5132
"23911",2020-10-01 19:46:00,45.68,45.73,45.68,45.73,2774
"23912",2020-10-01 19:47:00,45.72,45.74,45.72,45.74,2256
"23913",2020-10-01 19:48:00,45.74,45.75,45.73,45.73,1814
"23914",2020-10-01 19:49:00,45.72,45.72,45.7,45.7,2670
"23915",2020-10-01 19:50:00,45.71,45.72,45.71,45.72,620
"23916",2020-10-01 19:51:00,45.72,45.72,45.7,45.7,1110
"23917",2020-10-01 19:52:00,45.7,45.7,45.66,45.67,7173
"23918",2020-10-01 19:53:00,45.68,45.68,45.68,45.68,254
"23919",2020-10-01 19:54:00,45.67,45.72,45.66,45.72,4304
"23920",2020-10-01 19:55:00,45.73,45.76,45.73,45.75,336
"23921",2020-10-01 19:56:00,45.75,45.82,45.74,45.81,6080
"23922",2020-10-01 19:57:00,45.8,45.82,45.8,45.82,2488
"23923",2020-10-01 19:58:00,45.82,45.84,45.81,45.84,6703
"23924",2020-10-01 19:59:00,45.84,45.84,45.79,45.8,3456
"23925",2020-10-01 20:00:00,45.8,45.88,45.8,45.88,3487
"23926",2020-10-01 20:01:00,45.88,45.96,45.88,45.94,10636
"23927",2020-10-01 20:02:00,45.94,45.98,45.94,45.98,4708
"23928",2020-10-01 20:03:00,45.97,45.97,45.92,45.94,7369
"23929",2020-10-01 20:04:00,45.94,45.99,45.94,45.95,9532
"23930",2020-10-01 20:05:00,45.94,45.95,45.91,45.95,3665
"23931",2020-10-01 20:06:00,45.95,45.96,45.95,45.96,1712
"23932",2020-10-01 20:07:00,45.96,45.99,45.96,45.99,2520
"23933",2020-10-01 20:08:00,45.98,46,45.98,46,1972
"23934",2020-10-01 20:09:00,46,46.04,46,46.01,31800
"23935",2020-10-01 20:10:00,46.02,46.08,46.02,46.05,10453
"23936",2020-10-01 20:11:00,46.05,46.06,45.99,46,8912
"23937",2020-10-01 20:12:00,46.01,46.06,46.01,46.02,4505
"23938",2020-10-01 20:13:00,46.03,46.03,46.01,46.02,4885
"23939",2020-10-01 20:14:00,46.02,46.02,46,46,3961
"23940",2020-10-01 20:15:00,46,46,46,46,3285
"23941",2020-10-01 20:16:00,46,46.03,46,46.02,9835
"23942",2020-10-01 20:17:00,46.02,46.02,45.91,45.92,4744
"23943",2020-10-01 20:18:00,45.92,45.97,45.9,45.97,4906
"23944",2020-10-01 20:19:00,45.98,46.01,45.98,46,4581
"23945",2020-10-01 20:20:00,45.99,46,45.98,46,4413
"23946",2020-10-01 20:21:00,46,46,45.99,46,8286
"23947",2020-10-01 20:22:00,46,46,45.99,46,4537
"23948",2020-10-01 20:23:00,46,46.04,45.95,46.04,4686
"23949",2020-10-01 20:24:00,46.03,46.07,46.03,46.05,14617
"23950",2020-10-01 20:25:00,46.05,46.08,46.05,46.08,4423
"23951",2020-10-01 20:26:00,46.09,46.1,46.03,46.03,7009
"23952",2020-10-01 20:27:00,46.03,46.05,46.02,46.02,3141
"23953",2020-10-01 20:28:00,46.01,46.05,46,46,4125
"23954",2020-10-01 20:29:00,46,46,45.96,46,6098
"23955",2020-10-01 20:30:00,46,46.04,45.99,46.04,4579
"23956",2020-10-01 20:31:00,46.03,46.05,46.02,46.02,5375
"23957",2020-10-01 20:32:00,46.02,46.06,46.02,46.06,3327
"23958",2020-10-01 20:33:00,46.06,46.07,46.04,46.04,1409
"23959",2020-10-01 20:34:00,46.03,46.06,46.01,46.06,4593
"23960",2020-10-01 20:35:00,46.05,46.06,46.04,46.06,2219
"23961",2020-10-01 20:36:00,46.06,46.08,46.06,46.08,812
"23962",2020-10-01 20:37:00,46.08,46.12,46.08,46.12,3203
"23963",2020-10-01 20:38:00,46.12,46.16,46.12,46.13,9258
"23964",2020-10-01 20:39:00,46.13,46.13,46.11,46.11,3322
"23965",2020-10-01 20:40:00,46.1,46.12,46.1,46.12,787
"23966",2020-10-01 20:41:00,46.11,46.11,46.08,46.08,4003
"23967",2020-10-01 20:42:00,46.09,46.09,46.08,46.08,3441
"23968",2020-10-01 20:43:00,46.08,46.08,46.05,46.06,4248
"23969",2020-10-01 20:44:00,46.07,46.08,46.05,46.06,2017
"23970",2020-10-01 20:45:00,46.05,46.07,46.05,46.06,8224
"23971",2020-10-01 20:46:00,46.06,46.12,46.06,46.12,3996
"23972",2020-10-01 20:47:00,46.12,46.13,46.08,46.08,4950
"23973",2020-10-01 20:48:00,46.07,46.07,45.99,45.99,5587
"23974",2020-10-01 20:49:00,45.99,46.06,45.99,46.05,5364
"23975",2020-10-01 20:50:00,46.06,46.08,46.05,46.08,4092
"23976",2020-10-01 20:51:00,46.08,46.08,46.04,46.04,4518
"23977",2020-10-01 20:52:00,46.04,46.04,46.02,46.03,3127
"23978",2020-10-01 20:53:00,46.04,46.04,46.03,46.03,1027
"23979",2020-10-01 20:54:00,46.04,46.05,46.03,46.05,3825
"23980",2020-10-01 20:55:00,46.05,46.11,46.05,46.1,8047
"23981",2020-10-01 20:56:00,46.11,46.11,46.1,46.1,3061
"23982",2020-10-01 20:57:00,46.1,46.1,46.08,46.09,2245
"23983",2020-10-01 20:58:00,46.09,46.11,46.08,46.1,5547
"23984",2020-10-01 20:59:00,46.11,46.11,46.07,46.08,4969
"23985",2020-10-01 21:00:00,46.08,46.14,45.92,45.96,35495
"23986",2020-10-01 21:01:00,45.94,46.07,45.93,45.99,30597
"23987",2020-10-01 21:02:00,45.98,45.98,45.9,45.91,14648
"23988",2020-10-01 21:03:00,45.91,45.96,45.9,45.96,15566
"23989",2020-10-01 21:04:00,45.96,45.98,45.91,45.98,6419
"23990",2020-10-01 21:05:00,45.98,46.05,45.97,46.05,3120
"23991",2020-10-01 21:06:00,46.05,46.06,46,46.01,7225
"23992",2020-10-01 21:07:00,46.01,46.01,45.9,45.91,11896
"23993",2020-10-01 21:08:00,45.91,45.98,45.9,45.93,12289
"23994",2020-10-01 21:09:00,45.94,45.96,45.85,45.89,13628
"23995",2020-10-01 21:10:00,45.89,45.94,45.86,45.91,5926
"23996",2020-10-01 21:11:00,45.91,45.97,45.91,45.94,5544
"23997",2020-10-01 21:12:00,45.94,45.96,45.93,45.96,4824
"23998",2020-10-01 21:13:00,45.98,45.98,45.93,45.95,4590
"23999",2020-10-01 21:14:00,45.94,45.98,45.94,45.97,4602
"24000",2020-10-01 21:15:00,45.99,46,45.99,46,6707
"24001",2020-10-01 21:16:00,45.99,46,45.9,45.91,5687
"24002",2020-10-01 21:17:00,45.9,45.92,45.89,45.92,6975
"24003",2020-10-01 21:18:00,45.93,45.94,45.86,45.86,6264
"24004",2020-10-01 21:19:00,45.85,45.86,45.81,45.81,9594
"24005",2020-10-01 21:20:00,45.81,45.85,45.8,45.84,8664
"24006",2020-10-01 21:21:00,45.83,45.85,45.83,45.85,4151
"24007",2020-10-01 21:22:00,45.85,45.88,45.85,45.88,2437
"24008",2020-10-01 21:23:00,45.87,45.87,45.82,45.85,3251
"24009",2020-10-01 21:24:00,45.86,45.87,45.83,45.83,6073
"24010",2020-10-01 21:25:00,45.83,45.84,45.81,45.82,5197
"24011",2020-10-01 21:26:00,45.82,45.82,45.81,45.82,2836
"24012",2020-10-01 21:27:00,45.82,45.9,45.82,45.89,4620
"24013",2020-10-01 21:28:00,45.89,45.91,45.89,45.91,2807
"24014",2020-10-01 21:29:00,45.9,45.98,45.9,45.98,5025
"24015",2020-10-01 21:30:00,45.98,45.98,45.96,45.97,4244
"24016",2020-10-01 21:31:00,45.96,46.04,45.96,46.03,18925
"24017",2020-10-01 21:32:00,46.03,46.04,46.02,46.02,3038
"24018",2020-10-01 21:33:00,46.03,46.05,46.02,46.05,2094
"24019",2020-10-01 21:34:00,46.05,46.07,46.04,46.06,5965
"24020",2020-10-01 21:35:00,46.06,46.1,46.06,46.1,3712
"24021",2020-10-01 21:36:00,46.09,46.09,46.08,46.09,1354
"24022",2020-10-01 21:37:00,46.1,46.1,46.09,46.1,4852
"24023",2020-10-01 21:38:00,46.09,46.1,46.08,46.1,4612
"24024",2020-10-01 21:39:00,46.09,46.13,46.09,46.13,2897
"24025",2020-10-01 21:40:00,46.14,46.15,46.13,46.15,3142
"24026",2020-10-01 21:41:00,46.15,46.16,46.15,46.16,2481
"24027",2020-10-01 21:42:00,46.16,46.17,46.14,46.14,10552
"24028",2020-10-01 21:43:00,46.14,46.17,46.14,46.17,1966
"24029",2020-10-01 21:44:00,46.17,46.17,46.16,46.16,3653
"24030",2020-10-01 21:45:00,46.17,46.21,46.16,46.2,8779
"24031",2020-10-01 21:46:00,46.2,46.24,46.2,46.24,17017
"24032",2020-10-01 21:47:00,46.24,46.28,46.24,46.28,18308
"24033",2020-10-01 21:48:00,46.28,46.28,46.28,46.28,8547
"24034",2020-10-01 21:49:00,46.28,46.36,46.28,46.34,15448
"24035",2020-10-01 21:50:00,46.34,46.34,46.3,46.32,7100
"24036",2020-10-01 21:51:00,46.31,46.4,46.3,46.4,6352
"24037",2020-10-01 21:52:00,46.39,46.4,46.34,46.38,12290
"24038",2020-10-01 21:53:00,46.37,46.37,46.36,46.37,4159
"24039",2020-10-01 21:54:00,46.38,46.42,46.38,46.4,7650
"24040",2020-10-01 21:55:00,46.4,46.42,46.4,46.41,8535
"24041",2020-10-01 21:56:00,46.41,46.46,46.4,46.46,9064
"24042",2020-10-01 21:57:00,46.46,46.46,46.39,46.39,5686
"24043",2020-10-01 21:58:00,46.38,46.42,46.36,46.42,3916
"24044",2020-10-01 21:59:00,46.42,46.44,46.4,46.4,5013
"24045",2020-10-01 22:00:00,46.4,46.42,46.4,46.42,1598
"24046",2020-10-01 22:01:00,46.43,46.45,46.42,46.45,5322
"24047",2020-10-01 22:02:00,46.46,46.46,46.44,46.44,2007
"24048",2020-10-01 22:03:00,46.45,46.5,46.45,46.48,26589
"24049",2020-10-01 22:04:00,46.49,46.49,46.47,46.48,7677
"24050",2020-10-01 22:05:00,46.48,46.56,46.48,46.51,18813
"24051",2020-10-01 22:06:00,46.5,46.52,46.46,46.47,5171
"24052",2020-10-01 22:07:00,46.47,46.47,46.42,46.42,9291
"24053",2020-10-01 22:08:00,46.42,46.43,46.38,46.38,13309
"24054",2020-10-01 22:09:00,46.38,46.43,46.38,46.42,4645
"24055",2020-10-01 22:10:00,46.42,46.42,46.4,46.41,4870
"24056",2020-10-01 22:11:00,46.42,46.42,46.4,46.41,2066
"24057",2020-10-01 22:12:00,46.41,46.44,46.41,46.43,3465
"24058",2020-10-01 22:13:00,46.42,46.44,46.4,46.44,7092
"24059",2020-10-01 22:14:00,46.44,46.45,46.4,46.41,6503
"24060",2020-10-01 22:15:00,46.4,46.4,46.32,46.32,7211
"24061",2020-10-01 22:16:00,46.32,46.35,46.3,46.32,13395
"24062",2020-10-01 22:17:00,46.33,46.36,46.33,46.36,6321
"24063",2020-10-01 22:18:00,46.35,46.39,46.35,46.38,5441
"24064",2020-10-01 22:19:00,46.38,46.39,46.36,46.36,5777
"24065",2020-10-01 22:20:00,46.37,46.39,46.34,46.34,6897
"24066",2020-10-01 22:21:00,46.33,46.36,46.32,46.36,3149
"24067",2020-10-01 22:22:00,46.36,46.36,46.36,46.36,3234
"24068",2020-10-01 22:23:00,46.35,46.35,46.31,46.32,13722
"24069",2020-10-01 22:24:00,46.32,46.35,46.32,46.35,3664
"24070",2020-10-01 22:25:00,46.36,46.37,46.34,46.34,5765
"24071",2020-10-01 22:26:00,46.34,46.35,46.3,46.3,6069
"24072",2020-10-01 22:27:00,46.31,46.34,46.31,46.34,10907
"24073",2020-10-01 22:28:00,46.34,46.37,46.34,46.37,5078
"24074",2020-10-01 22:29:00,46.38,46.43,46.38,46.41,10860
"24075",2020-10-01 22:30:00,46.4,46.4,46.37,46.39,7391
"24076",2020-10-01 22:31:00,46.38,46.42,46.38,46.41,5493
"24077",2020-10-01 22:32:00,46.4,46.4,46.38,46.4,6426
"24078",2020-10-01 22:33:00,46.39,46.39,46.33,46.33,6152
"24079",2020-10-01 22:34:00,46.33,46.38,46.33,46.38,6671
"24080",2020-10-01 22:35:00,46.38,46.38,46.34,46.34,11108
"24081",2020-10-01 22:36:00,46.34,46.36,46.31,46.36,13982
"24082",2020-10-01 22:37:00,46.36,46.41,46.34,46.41,8800
"24083",2020-10-01 22:38:00,46.41,46.48,46.41,46.48,6991
"24084",2020-10-01 22:39:00,46.48,46.48,46.4,46.4,14290
"24085",2020-10-01 22:40:00,46.41,46.44,46.39,46.44,18013
"24086",2020-10-01 22:41:00,46.44,46.49,46.44,46.44,11985
"24087",2020-10-01 22:42:00,46.43,46.48,46.43,46.48,3835
"24088",2020-10-01 22:43:00,46.47,46.49,46.44,46.46,9617
"24089",2020-10-01 22:44:00,46.44,46.5,46.44,46.49,3465
"24090",2020-10-01 22:45:00,46.49,46.5,46.48,46.5,6152
"24091",2020-10-01 22:46:00,46.49,46.51,46.47,46.49,11572
"24092",2020-10-01 22:47:00,46.49,46.49,46.48,46.49,6560
"24093",2020-10-01 22:48:00,46.49,46.53,46.49,46.51,11024
"24094",2020-10-01 22:49:00,46.52,46.54,46.5,46.54,5077
"24095",2020-10-01 22:50:00,46.54,46.55,46.51,46.52,19982
"24096",2020-10-01 22:51:00,46.53,46.56,46.53,46.55,17187
"24097",2020-10-01 22:52:00,46.54,46.58,46.54,46.58,14103
"24098",2020-10-01 22:53:00,46.58,46.58,46.56,46.56,11154
"24099",2020-10-01 22:54:00,46.56,46.6,46.56,46.6,18937
"24100",2020-10-01 22:55:00,46.6,46.6,46.59,46.59,12629
"24101",2020-10-01 22:56:00,46.58,46.58,46.54,46.58,14384
"24102",2020-10-01 22:57:00,46.58,46.64,46.57,46.64,11514
"24103",2020-10-01 22:58:00,46.64,46.67,46.62,46.66,21973
"24104",2020-10-01 22:59:00,46.65,46.66,46.6,46.66,28078
"24105",2020-10-01 23:00:00,46.66,46.72,46.64,46.7,27097
"24106",2020-10-01 23:02:00,46.68,46.68,46.6,46.62,5
"24107",2020-10-01 23:03:00,46.7,46.7,46.7,46.7,3643
"24108",2020-10-01 23:04:00,46.62,46.62,46.62,46.62,10
"24109",2020-10-01 23:05:00,46.62,46.62,46.62,46.62,22
"24110",2020-10-01 23:07:00,46.62,46.62,46.62,46.62,7
"24111",2020-10-01 23:08:00,46.62,46.7,46.62,46.62,316
"24112",2020-10-01 23:09:00,46.62,46.7,46.62,46.63,4
"24113",2020-10-01 23:10:00,46.62,46.62,46.62,46.62,37
"24114",2020-10-01 23:20:00,46.62,46.62,46.62,46.62,15
"24115",2020-10-01 23:24:00,46.61,46.62,46.61,46.62,3
"24116",2020-10-01 23:25:00,46.61,46.61,46.5,46.5,3
"24117",2020-10-01 23:26:00,46.5,46.5,46.5,46.5,1
"24118",2020-10-01 23:27:00,46.7,46.7,46.7,46.7,37
"24119",2020-10-01 23:28:00,46.71,46.71,46.71,46.71,2
"24120",2020-10-01 23:31:00,46.62,46.62,46.62,46.62,3
"24121",2020-10-01 23:32:00,46.7,46.7,46.7,46.7,1
"24122",2020-10-01 23:34:00,46.74,46.74,46.7,46.7,5
"24123",2020-10-01 23:35:00,46.69,46.69,46.69,46.69,1
"24124",2020-10-01 23:37:00,46.75,46.75,46.75,46.75,5
"24125",2020-10-01 23:39:00,46.76,46.76,46.74,46.74,102
"24126",2020-10-01 23:40:00,46.69,46.7,46.69,46.7,6
"24127",2020-10-01 23:42:00,46.75,46.78,46.75,46.78,163
"24128",2020-10-01 23:45:00,46.78,46.78,46.78,46.78,2
"24129",2020-10-01 23:46:00,46.78,46.78,46.78,46.78,3
"24130",2020-10-01 23:47:00,46.75,46.8,46.66,46.66,21
"24131",2020-10-01 23:48:00,46.66,46.66,46.66,46.66,1
"24132",2020-10-01 23:49:00,46.76,46.76,46.61,46.61,19
"24133",2020-10-01 23:50:00,46.66,46.66,46.65,46.65,661
"24134",2020-10-01 23:51:00,46.65,46.65,46.65,46.65,1
"24135",2020-10-01 23:52:00,46.62,46.62,46.62,46.62,3
"24136",2020-10-01 23:53:00,46.75,46.75,46.75,46.75,1
"24137",2020-10-01 23:54:00,46.66,46.66,46.66,46.66,87
"24138",2020-10-01 23:56:00,46.63,46.63,46.63,46.63,17
"24139",2020-10-01 23:59:00,46.63,46.63,46.63,46.63,2
"24140",2020-10-02 00:00:00,46.63,46.63,46.62,46.62,31
"24141",2020-10-02 00:01:00,46.62,46.62,46.62,46.62,5
"24142",2020-10-02 00:02:00,46.62,46.63,46.62,46.63,4
"24143",2020-10-02 00:04:00,46.62,46.62,46.62,46.62,156
"24144",2020-10-02 00:05:00,46.62,46.62,46.62,46.62,15
"24145",2020-10-02 00:07:00,46.62,46.62,46.62,46.62,2
"24146",2020-10-02 00:08:00,46.62,46.62,46.62,46.62,4
"24147",2020-10-02 00:09:00,46.62,46.62,46.62,46.62,9
"24148",2020-10-02 00:10:00,46.62,46.62,46.62,46.62,2
"24149",2020-10-02 00:11:00,46.62,46.62,46.62,46.62,4
"24150",2020-10-02 00:12:00,46.62,46.62,46.62,46.62,2
"24151",2020-10-02 00:13:00,46.62,46.62,46.62,46.62,3
"24152",2020-10-02 00:14:00,46.62,46.62,46.62,46.62,1
"24153",2020-10-02 00:18:00,46.63,46.63,46.63,46.63,1
"24154",2020-10-02 00:25:00,46.63,46.63,46.63,46.63,10
"24155",2020-10-02 00:27:00,46.63,46.63,46.63,46.63,37
"24156",2020-10-02 00:31:00,46.66,46.68,46.66,46.68,7
"24157",2020-10-02 00:32:00,46.68,46.68,46.68,46.68,2
"24158",2020-10-02 00:33:00,46.68,46.68,46.67,46.67,50
"24159",2020-10-02 00:34:00,46.68,46.68,46.68,46.68,8
"24160",2020-10-02 00:36:00,46.68,46.68,46.68,46.68,2
"24161",2020-10-02 00:37:00,46.68,46.74,46.68,46.74,17
"24162",2020-10-02 00:38:00,46.74,46.74,46.74,46.74,1
"24163",2020-10-02 00:41:00,46.68,46.68,46.68,46.68,173
"24164",2020-10-02 00:49:00,46.73,46.73,46.73,46.73,3
"24165",2020-10-02 00:50:00,46.73,46.74,46.73,46.74,101
"24166",2020-10-02 00:51:00,46.75,46.75,46.73,46.73,11
"24167",2020-10-02 00:52:00,46.73,46.73,46.73,46.73,2
"24168",2020-10-02 00:53:00,46.73,46.73,46.73,46.73,24
"24169",2020-10-02 00:58:00,46.75,46.75,46.75,46.75,1
"24170",2020-10-02 00:59:00,46.75,46.76,46.75,46.76,3
"24171",2020-10-02 01:02:00,46.76,46.76,46.76,46.76,2
"24172",2020-10-02 01:03:00,46.76,46.76,46.76,46.76,60
"24173",2020-10-02 01:05:00,46.79,46.79,46.75,46.75,406
"24174",2020-10-02 01:08:00,46.73,46.73,46.73,46.73,45
"24175",2020-10-02 01:11:00,46.73,46.73,46.73,46.73,24
"24176",2020-10-02 01:14:00,46.71,46.71,46.71,46.71,5
"24177",2020-10-02 01:16:00,46.71,46.71,46.71,46.71,60
"24178",2020-10-02 01:21:00,46.78,46.78,46.78,46.78,1
"24179",2020-10-02 01:38:00,46.8,46.8,46.8,46.8,75
"24180",2020-10-02 10:01:00,45.95,45.95,45.95,45.95,42
"24181",2020-10-02 10:02:00,45.56,45.7,45.56,45.56,392
"24182",2020-10-02 10:03:00,45.56,45.9,45.55,45.55,10
"24183",2020-10-02 10:04:00,45.66,45.75,45.66,45.75,6
"24184",2020-10-02 10:08:00,45.76,45.8,45.76,45.8,2
"24185",2020-10-02 10:09:00,45.8,45.94,45.8,45.84,6
"24186",2020-10-02 10:10:00,45.76,45.85,45.76,45.85,6
"24187",2020-10-02 10:11:00,45.84,45.84,45.84,45.84,20
"24188",2020-10-02 10:12:00,45.75,45.75,45.67,45.67,80
"24189",2020-10-02 10:15:00,45.84,45.85,45.67,45.75,13
"24190",2020-10-02 10:16:00,45.83,45.84,45.75,45.84,11
"24191",2020-10-02 10:17:00,45.83,45.83,45.83,45.83,6
"24192",2020-10-02 10:19:00,45.8,45.81,45.8,45.81,3
"24193",2020-10-02 10:20:00,45.8,45.8,45.8,45.8,2
"24194",2020-10-02 10:21:00,45.8,45.8,45.8,45.8,1
"24195",2020-10-02 10:23:00,46,46,46,46,3
"24196",2020-10-02 10:25:00,46,46,46,46,77
"24197",2020-10-02 10:26:00,46,46,46,46,10
"24198",2020-10-02 10:28:00,46,46.11,46,46.11,11
"24199",2020-10-02 10:30:00,46.1,46.1,46.1,46.1,5
"24200",2020-10-02 10:33:00,46.1,46.1,46.1,46.1,23
"24201",2020-10-02 10:34:00,46.12,46.12,46.1,46.1,7
"24202",2020-10-02 10:36:00,46.13,46.13,46.13,46.13,2
"24203",2020-10-02 10:37:00,46.13,46.13,46.1,46.1,12
"24204",2020-10-02 10:38:00,46.1,46.1,46.1,46.1,71
"24205",2020-10-02 10:42:00,46.01,46.01,46,46,13
"24206",2020-10-02 10:44:00,45.87,45.87,45.84,45.84,5
"24207",2020-10-02 10:46:00,45.85,46,45.85,46,446
"24208",2020-10-02 10:47:00,46.06,46.1,46.06,46.1,8
"24209",2020-10-02 10:48:00,46.1,46.1,46.1,46.1,1
"24210",2020-10-02 10:50:00,46.1,46.1,46.1,46.1,8
"24211",2020-10-02 10:51:00,46.14,46.14,46.14,46.14,25
"24212",2020-10-02 10:53:00,46.17,46.17,46.17,46.17,2
"24213",2020-10-02 10:58:00,46.1,46.27,46.1,46.27,4
"24214",2020-10-02 11:02:00,46,46,45.6,45.72,540
"24215",2020-10-02 11:03:00,45.6,45.6,45.6,45.6,17
"24216",2020-10-02 11:04:00,45.6,45.78,45.6,45.78,171
"24217",2020-10-02 11:08:00,45.63,45.63,45.62,45.62,6
"24218",2020-10-02 11:09:00,45.66,45.66,45.66,45.66,10
"24219",2020-10-02 11:10:00,45.91,46.1,45.91,46.1,35
"24220",2020-10-02 11:11:00,46.09,46.09,46.09,46.09,10
"24221",2020-10-02 11:12:00,45.9,45.9,45.9,45.9,4
"24222",2020-10-02 11:13:00,45.78,45.78,45.78,45.78,1
"24223",2020-10-02 11:16:00,45.8,45.8,45.8,45.8,11
"24224",2020-10-02 11:18:00,45.8,45.8,45.8,45.8,8
"24225",2020-10-02 11:23:00,45.8,45.8,45.8,45.8,7
"24226",2020-10-02 11:24:00,45.86,45.86,45.86,45.86,3
"24227",2020-10-02 11:34:00,45.91,45.91,45.91,45.91,1
"24228",2020-10-02 11:37:00,45.91,45.91,45.91,45.91,1
"24229",2020-10-02 11:38:00,45.9,45.91,45.9,45.91,102
"24230",2020-10-02 11:40:00,45.95,45.95,45.95,45.95,55
"24231",2020-10-02 11:45:00,46,46.1,46,46.1,11
"24232",2020-10-02 11:46:00,45.96,45.96,45.96,45.96,1
"24233",2020-10-02 11:47:00,45.96,46,45.95,46,4
"24234",2020-10-02 11:48:00,46,46,46,46,2
"24235",2020-10-02 11:58:00,45.97,45.97,45.95,45.95,5
"24236",2020-10-02 11:59:00,45.95,45.95,45.95,45.95,1
"24237",2020-10-02 12:00:00,45.96,45.96,45.96,45.96,1
"24238",2020-10-02 12:01:00,45.96,45.96,45.85,45.85,161
"24239",2020-10-02 12:04:00,45.81,45.81,45.8,45.8,3
"24240",2020-10-02 12:05:00,45.8,45.8,45.8,45.8,2
"24241",2020-10-02 12:06:00,45.79,45.79,45.79,45.79,20
"24242",2020-10-02 12:11:00,45.84,45.84,45.84,45.84,1
"24243",2020-10-02 12:17:00,45.83,45.83,45.83,45.83,3
"24244",2020-10-02 12:19:00,45.99,45.99,45.99,45.99,1
"24245",2020-10-02 12:22:00,45.8,45.8,45.8,45.8,6
"24246",2020-10-02 12:30:00,45.81,45.81,45.81,45.81,1
"24247",2020-10-02 12:31:00,45.82,45.82,45.82,45.82,25
"24248",2020-10-02 12:33:00,45.8,45.8,45.65,45.65,24
"24249",2020-10-02 12:35:00,45.82,45.82,45.82,45.82,10
"24250",2020-10-02 12:36:00,45.98,45.99,45.98,45.99,5
"24251",2020-10-02 12:44:00,45.67,45.67,45.67,45.67,220
"24252",2020-10-02 12:45:00,45.67,45.67,45.67,45.67,15
"24253",2020-10-02 12:46:00,45.65,45.65,45.65,45.65,25
"24254",2020-10-02 12:48:00,45.61,45.61,45.61,45.61,1
"24255",2020-10-02 12:49:00,45.64,45.67,45.64,45.67,76
"24256",2020-10-02 12:57:00,45.61,45.61,45.61,45.61,1
"24257",2020-10-02 12:59:00,45.61,45.61,45.61,45.61,1
"24258",2020-10-02 13:00:00,45.6,45.6,45.6,45.6,13
"24259",2020-10-02 13:01:00,45.6,45.6,45.6,45.6,1
"24260",2020-10-02 13:02:00,45.6,45.6,45.6,45.6,2
"24261",2020-10-02 13:03:00,45.7,45.7,45.7,45.7,3
"24262",2020-10-02 13:05:00,45.7,45.7,45.61,45.61,4
"24263",2020-10-02 13:07:00,45.6,45.6,45.6,45.6,15
"24264",2020-10-02 13:10:00,45.68,45.68,45.68,45.68,13
"24265",2020-10-02 13:15:00,45.6,45.6,45.6,45.6,30
"24266",2020-10-02 13:16:00,45.6,45.6,45.6,45.6,52
"24267",2020-10-02 13:17:00,45.68,45.68,45.68,45.68,5
"24268",2020-10-02 13:21:00,45.6,45.6,45.6,45.6,200
"24269",2020-10-02 13:22:00,45.6,45.6,45.6,45.6,238
"24270",2020-10-02 13:23:00,45.6,45.6,45.6,45.6,3
"24271",2020-10-02 13:26:00,45.61,45.61,45.6,45.6,10
"24272",2020-10-02 13:28:00,45.62,45.62,45.62,45.62,8
"24273",2020-10-02 13:33:00,45.62,45.62,45.62,45.62,26
"24274",2020-10-02 13:34:00,45.62,45.62,45.62,45.62,25
"24275",2020-10-02 13:35:00,45.62,45.62,45.62,45.62,25
"24276",2020-10-02 13:37:00,45.68,45.75,45.68,45.75,62
"24277",2020-10-02 13:41:00,45.71,45.71,45.71,45.71,1
"24278",2020-10-02 13:50:00,45.56,45.56,45.52,45.52,50
"24279",2020-10-02 13:53:00,45.52,45.52,45.52,45.52,39
"24280",2020-10-02 13:54:00,45.53,45.53,45.53,45.53,13
"24281",2020-10-02 14:01:00,45.69,45.69,45.69,45.69,4
"24282",2020-10-02 14:02:00,45.81,45.81,45.81,45.81,2
"24283",2020-10-02 14:03:00,45.82,45.82,45.8,45.8,21
"24284",2020-10-02 14:19:00,45.78,45.78,45.78,45.78,30
"24285",2020-10-02 14:20:00,45.86,45.86,45.86,45.86,1
"24286",2020-10-02 14:25:00,45.72,45.72,45.72,45.72,3
"24287",2020-10-02 14:29:00,45.99,45.99,45.99,45.99,1
"24288",2020-10-02 14:30:00,45.94,45.94,45.94,45.94,1
"24289",2020-10-02 14:33:00,45.76,45.76,45.76,45.76,1
"24290",2020-10-02 14:36:00,45.72,45.72,45.71,45.71,5
"24291",2020-10-02 14:37:00,45.69,45.69,45.69,45.69,10
"24292",2020-10-02 14:38:00,45.69,45.7,45.69,45.7,201
"24293",2020-10-02 14:39:00,45.68,45.68,45.68,45.68,2
"24294",2020-10-02 14:40:00,45.68,45.68,45.68,45.68,104
"24295",2020-10-02 14:42:00,45.68,45.68,45.68,45.68,1
"24296",2020-10-02 14:47:00,45.6,45.6,45.6,45.6,3
"24297",2020-10-02 14:48:00,45.62,45.62,45.62,45.62,2
"24298",2020-10-02 14:55:00,45.62,45.62,45.62,45.62,83
"24299",2020-10-02 15:00:00,45.58,45.58,45.58,45.58,2
"24300",2020-10-02 15:01:00,45.55,45.55,45.48,45.5,612
"24301",2020-10-02 15:02:00,45.5,45.5,45.5,45.5,3
"24302",2020-10-02 15:04:00,45.55,45.55,45.55,45.55,54
"24303",2020-10-02 15:05:00,45.55,45.6,45.52,45.52,148
"24304",2020-10-02 15:07:00,45.53,45.53,45.52,45.52,5
"24305",2020-10-02 15:08:00,45.63,45.7,45.63,45.7,179
"24306",2020-10-02 15:09:00,45.74,45.74,45.74,45.74,2
"24307",2020-10-02 15:11:00,45.74,45.79,45.74,45.79,3
"24308",2020-10-02 15:12:00,45.7,45.7,45.66,45.66,105
"24309",2020-10-02 15:14:00,45.71,45.71,45.66,45.66,232
"24310",2020-10-02 15:15:00,45.7,45.7,45.66,45.66,155
"24311",2020-10-02 15:16:00,45.66,45.66,45.66,45.66,148
"24312",2020-10-02 15:17:00,45.79,45.8,45.79,45.8,36
"24313",2020-10-02 15:18:00,45.81,45.81,45.81,45.81,11
"24314",2020-10-02 15:22:00,45.85,45.85,45.85,45.85,5
"24315",2020-10-02 15:25:00,45.9,45.9,45.9,45.9,1
"24316",2020-10-02 15:28:00,45.89,45.93,45.89,45.93,9
"24317",2020-10-02 15:31:00,45.89,45.89,45.89,45.89,5
"24318",2020-10-02 15:33:00,45.82,45.82,45.8,45.81,185
"24319",2020-10-02 15:34:00,45.87,45.87,45.87,45.87,1
"24320",2020-10-02 15:35:00,45.8,45.8,45.8,45.8,100
"24321",2020-10-02 15:36:00,45.74,45.74,45.73,45.74,5
"24322",2020-10-02 15:37:00,45.66,45.66,45.66,45.66,575
"24323",2020-10-02 15:38:00,45.72,45.75,45.72,45.75,300
"24324",2020-10-02 15:39:00,45.74,45.75,45.74,45.75,166
"24325",2020-10-02 15:40:00,45.75,45.9,45.75,45.9,385
"24326",2020-10-02 15:42:00,45.73,45.74,45.73,45.74,3
"24327",2020-10-02 15:44:00,45.83,45.83,45.79,45.79,91
"24328",2020-10-02 15:46:00,45.6,45.6,45.59,45.59,125
"24329",2020-10-02 15:47:00,45.59,45.6,45.59,45.6,324
"24330",2020-10-02 15:48:00,45.6,45.6,45.59,45.59,2853
"24331",2020-10-02 15:51:00,45.65,45.65,45.65,45.65,10
"24332",2020-10-02 15:54:00,45.6,45.6,45.6,45.6,8
"24333",2020-10-02 15:57:00,45.63,45.63,45.63,45.63,1
"24334",2020-10-02 15:58:00,45.7,45.7,45.63,45.7,20
"24335",2020-10-02 16:04:00,45.7,45.7,45.7,45.7,5
"24336",2020-10-02 16:08:00,45.65,45.65,45.65,45.65,123
"24337",2020-10-02 16:09:00,45.7,45.7,45.63,45.63,10
"24338",2020-10-02 16:10:00,45.55,45.55,45.55,45.55,1
"24339",2020-10-02 16:11:00,45.51,45.51,45.51,45.51,7
"24340",2020-10-02 16:12:00,45.54,45.54,45.54,45.54,5
"24341",2020-10-02 16:14:00,45.53,45.53,45.53,45.53,2
"24342",2020-10-02 16:15:00,45.55,45.55,45.55,45.55,5
"24343",2020-10-02 16:16:00,45.57,45.57,45.57,45.57,6
"24344",2020-10-02 16:17:00,45.57,45.58,45.57,45.58,103
"24345",2020-10-02 16:19:00,45.55,45.55,45.55,45.55,50
"24346",2020-10-02 16:20:00,45.56,45.56,45.56,45.56,40
"24347",2020-10-02 16:24:00,45.52,45.52,45.52,45.52,1
"24348",2020-10-02 16:25:00,45.52,45.52,45.52,45.52,6
"24349",2020-10-02 16:27:00,45.6,45.6,45.6,45.6,247
"24350",2020-10-02 16:28:00,45.68,45.68,45.68,45.68,104
"24351",2020-10-02 16:29:00,45.66,45.67,45.66,45.67,100
"24352",2020-10-02 16:30:00,45.6,45.63,45.54,45.55,718
"24353",2020-10-02 16:31:00,45.68,45.75,45.43,45.73,16338
"24354",2020-10-02 16:32:00,45.73,46.05,45.73,45.98,5904
"24355",2020-10-02 16:33:00,45.99,46.06,45.9,45.93,6780
"24356",2020-10-02 16:34:00,45.97,46.03,45.87,45.93,14182
"24357",2020-10-02 16:35:00,45.94,46.11,45.91,46.11,9089
"24358",2020-10-02 16:36:00,46.06,46.12,45.99,46.06,9249
"24359",2020-10-02 16:37:00,46.06,46.06,45.97,46.04,7939
"24360",2020-10-02 16:38:00,46.04,46.19,46.01,46.15,12701
"24361",2020-10-02 16:39:00,46.11,46.23,46.06,46.18,14397
"24362",2020-10-02 16:40:00,46.2,46.34,46.16,46.29,9125
"24363",2020-10-02 16:41:00,46.27,46.28,46.14,46.16,7796
"24364",2020-10-02 16:42:00,46.16,46.18,46.1,46.16,5716
"24365",2020-10-02 16:43:00,46.16,46.2,46.1,46.13,11287
"24366",2020-10-02 16:44:00,46.15,46.23,46.15,46.19,3520
"24367",2020-10-02 16:45:00,46.2,46.27,46.2,46.21,3773
"24368",2020-10-02 16:46:00,46.22,46.3,46.17,46.3,13395
"24369",2020-10-02 16:47:00,46.32,46.37,46.3,46.33,11030
"24370",2020-10-02 16:48:00,46.33,46.46,46.33,46.45,20972
"24371",2020-10-02 16:49:00,46.45,46.46,46.28,46.28,9123
"24372",2020-10-02 16:50:00,46.28,46.3,46.16,46.21,13354
"24373",2020-10-02 16:51:00,46.22,46.25,46.07,46.08,10535
"24374",2020-10-02 16:52:00,46.09,46.1,45.96,46.01,10076
"24375",2020-10-02 16:53:00,46.04,46.07,45.87,45.9,22561
"24376",2020-10-02 16:54:00,45.9,45.95,45.83,45.95,10118
"24377",2020-10-02 16:55:00,45.93,46.04,45.93,46.02,15417
"24378",2020-10-02 16:56:00,46.01,46.02,45.88,45.96,6401
"24379",2020-10-02 16:57:00,45.97,46.03,45.92,45.99,6480
"24380",2020-10-02 16:58:00,45.98,46,45.96,46,4617
"24381",2020-10-02 16:59:00,46,46.06,46,46.03,6296
"24382",2020-10-02 17:00:00,45.99,46.1,45.97,46.04,6176
"24383",2020-10-02 17:01:00,46.05,46.21,46.01,46.21,6193
"24384",2020-10-02 17:02:00,46.2,46.27,46.17,46.24,6464
"24385",2020-10-02 17:03:00,46.2,46.24,46.14,46.22,4463
"24386",2020-10-02 17:04:00,46.21,46.22,46.17,46.18,3928
"24387",2020-10-02 17:05:00,46.14,46.16,46.09,46.12,6850
"24388",2020-10-02 17:06:00,46.13,46.19,46.11,46.15,3678
"24389",2020-10-02 17:07:00,46.13,46.24,46.12,46.23,4740
"24390",2020-10-02 17:08:00,46.24,46.33,46.24,46.27,7008
"24391",2020-10-02 17:09:00,46.27,46.41,46.27,46.41,4885
"24392",2020-10-02 17:10:00,46.41,46.48,46.37,46.46,9283
"24393",2020-10-02 17:11:00,46.46,46.52,46.46,46.48,9137
"24394",2020-10-02 17:12:00,46.47,46.5,46.37,46.43,5346
"24395",2020-10-02 17:13:00,46.42,46.46,46.4,46.45,10231
"24396",2020-10-02 17:14:00,46.46,46.47,46.4,46.4,5077
"24397",2020-10-02 17:15:00,46.41,46.45,46.41,46.43,2978
"24398",2020-10-02 17:16:00,46.46,46.57,46.46,46.53,12743
"24399",2020-10-02 17:17:00,46.54,46.57,46.5,46.5,6590
"24400",2020-10-02 17:18:00,46.48,46.48,46.38,46.39,6887
"24401",2020-10-02 17:19:00,46.4,46.48,46.39,46.47,4110
"24402",2020-10-02 17:20:00,46.46,46.46,46.4,46.41,3710
"24403",2020-10-02 17:21:00,46.42,46.42,46.37,46.37,2321
"24404",2020-10-02 17:22:00,46.39,46.44,46.39,46.44,3006
"24405",2020-10-02 17:23:00,46.43,46.43,46.36,46.36,9257
"24406",2020-10-02 17:24:00,46.35,46.39,46.35,46.35,4254
"24407",2020-10-02 17:25:00,46.36,46.36,46.25,46.33,7330
"24408",2020-10-02 17:26:00,46.33,46.36,46.29,46.3,9126
"24409",2020-10-02 17:27:00,46.31,46.35,46.28,46.29,3971
"24410",2020-10-02 17:28:00,46.29,46.34,46.26,46.34,5160
"24411",2020-10-02 17:29:00,46.35,46.46,46.35,46.46,4808
"24412",2020-10-02 17:30:00,46.47,46.47,46.36,46.36,8369
"24413",2020-10-02 17:31:00,46.35,46.36,46.32,46.36,5538
"24414",2020-10-02 17:32:00,46.36,46.42,46.34,46.4,3656
"24415",2020-10-02 17:33:00,46.43,46.44,46.37,46.37,3801
"24416",2020-10-02 17:34:00,46.38,46.54,46.36,46.54,12562
"24417",2020-10-02 17:35:00,46.55,46.7,46.54,46.69,27070
"24418",2020-10-02 17:36:00,46.69,46.77,46.68,46.77,22623
"24419",2020-10-02 17:37:00,46.76,46.8,46.75,46.77,15537
"24420",2020-10-02 17:38:00,46.79,46.88,46.78,46.86,20048
"24421",2020-10-02 17:39:00,46.86,46.87,46.69,46.69,13053
"24422",2020-10-02 17:40:00,46.69,46.7,46.52,46.53,6077
"24423",2020-10-02 17:41:00,46.52,46.62,46.52,46.54,6725
"24424",2020-10-02 17:42:00,46.55,46.55,46.49,46.5,1689
"24425",2020-10-02 17:43:00,46.5,46.5,46.4,46.4,2123
"24426",2020-10-02 17:44:00,46.4,46.46,46.38,46.46,4789
"24427",2020-10-02 17:45:00,46.44,46.49,46.35,46.38,4739
"24428",2020-10-02 17:46:00,46.4,46.42,46.36,46.39,3037
"24429",2020-10-02 17:47:00,46.38,46.45,46.38,46.42,3152
"24430",2020-10-02 17:48:00,46.43,46.48,46.43,46.48,2793
"24431",2020-10-02 17:49:00,46.5,46.56,46.5,46.56,7706
"24432",2020-10-02 17:50:00,46.54,46.54,46.5,46.52,633
"24433",2020-10-02 17:51:00,46.49,46.55,46.49,46.52,2418
"24434",2020-10-02 17:52:00,46.49,46.56,46.48,46.55,1134
"24435",2020-10-02 17:53:00,46.56,46.62,46.56,46.62,2844
"24436",2020-10-02 17:54:00,46.59,46.61,46.55,46.55,3298
"24437",2020-10-02 17:55:00,46.55,46.55,46.46,46.49,3259
"24438",2020-10-02 17:56:00,46.49,46.6,46.49,46.59,3603
"24439",2020-10-02 17:57:00,46.59,46.63,46.58,46.6,2190
"24440",2020-10-02 17:58:00,46.6,46.64,46.59,46.64,3143
"24441",2020-10-02 17:59:00,46.63,46.64,46.62,46.63,1232
"24442",2020-10-02 18:00:00,46.63,46.63,46.59,46.6,3730
"24443",2020-10-02 18:01:00,46.58,46.62,46.5,46.53,3019
"24444",2020-10-02 18:02:00,46.54,46.56,46.54,46.56,1517
"24445",2020-10-02 18:03:00,46.56,46.68,46.56,46.68,4852
"24446",2020-10-02 18:04:00,46.69,46.71,46.66,46.67,1286
"24447",2020-10-02 18:05:00,46.66,46.67,46.6,46.6,2988
"24448",2020-10-02 18:06:00,46.61,46.61,46.55,46.56,2806
"24449",2020-10-02 18:07:00,46.57,46.64,46.57,46.61,4088
"24450",2020-10-02 18:08:00,46.62,46.64,46.62,46.63,1013
"24451",2020-10-02 18:09:00,46.63,46.66,46.59,46.61,6272
"24452",2020-10-02 18:10:00,46.61,46.66,46.57,46.58,2290
"24453",2020-10-02 18:11:00,46.59,46.62,46.59,46.62,669
"24454",2020-10-02 18:12:00,46.6,46.62,46.6,46.62,1324
"24455",2020-10-02 18:13:00,46.62,46.64,46.62,46.62,1381
"24456",2020-10-02 18:14:00,46.61,46.61,46.55,46.56,1840
"24457",2020-10-02 18:15:00,46.56,46.56,46.49,46.49,4179
"24458",2020-10-02 18:16:00,46.5,46.52,46.38,46.39,6874
"24459",2020-10-02 18:17:00,46.39,46.44,46.39,46.44,5644
"24460",2020-10-02 18:18:00,46.45,46.51,46.45,46.5,4572
"24461",2020-10-02 18:19:00,46.49,46.49,46.44,46.47,2884
"24462",2020-10-02 18:20:00,46.47,46.54,46.47,46.48,3362
"24463",2020-10-02 18:21:00,46.45,46.45,46.37,46.39,11769
"24464",2020-10-02 18:22:00,46.38,46.41,46.38,46.41,3713
"24465",2020-10-02 18:23:00,46.4,46.4,46.38,46.4,2639
"24466",2020-10-02 18:24:00,46.39,46.4,46.38,46.4,1520
"24467",2020-10-02 18:25:00,46.4,46.4,46.38,46.39,1767
"24468",2020-10-02 18:26:00,46.4,46.41,46.39,46.4,1840
"24469",2020-10-02 18:27:00,46.41,46.41,46.35,46.36,5543
"24470",2020-10-02 18:28:00,46.36,46.38,46.35,46.36,2568
"24471",2020-10-02 18:29:00,46.38,46.41,46.37,46.41,1648
"24472",2020-10-02 18:30:00,46.39,46.39,46.37,46.37,588
"24473",2020-10-02 18:31:00,46.38,46.38,46.37,46.37,145
"24474",2020-10-02 18:32:00,46.37,46.38,46.28,46.29,6689
"24475",2020-10-02 18:33:00,46.26,46.32,46.24,46.32,8201
"24476",2020-10-02 18:34:00,46.32,46.34,46.3,46.3,2421
"24477",2020-10-02 18:35:00,46.31,46.32,46.28,46.3,2912
"24478",2020-10-02 18:36:00,46.3,46.35,46.25,46.35,4035
"24479",2020-10-02 18:37:00,46.35,46.35,46.3,46.33,4267
"24480",2020-10-02 18:38:00,46.33,46.35,46.27,46.27,4427
"24481",2020-10-02 18:39:00,46.26,46.26,46.21,46.21,2450
"24482",2020-10-02 18:40:00,46.2,46.22,46.2,46.22,4195
"24483",2020-10-02 18:41:00,46.22,46.22,46.16,46.16,2880
"24484",2020-10-02 18:42:00,46.15,46.15,46.05,46.05,5346
"24485",2020-10-02 18:43:00,46.06,46.13,46.06,46.12,3144
"24486",2020-10-02 18:44:00,46.1,46.12,46.05,46.05,6984
"24487",2020-10-02 18:45:00,46.06,46.08,46.05,46.08,6131
"24488",2020-10-02 18:46:00,46.05,46.1,46.04,46.1,6561
"24489",2020-10-02 18:47:00,46.09,46.11,46.08,46.1,5025
"24490",2020-10-02 18:48:00,46.1,46.14,46.1,46.14,4602
"24491",2020-10-02 18:49:00,46.14,46.14,46.12,46.13,1239
"24492",2020-10-02 18:50:00,46.12,46.16,46.12,46.16,2521
"24493",2020-10-02 18:51:00,46.14,46.15,46.13,46.14,996
"24494",2020-10-02 18:52:00,46.13,46.15,46.13,46.15,1518
"24495",2020-10-02 18:53:00,46.16,46.16,46.13,46.13,2656
"24496",2020-10-02 18:54:00,46.13,46.13,46.02,46.03,2727
"24497",2020-10-02 18:55:00,46.03,46.04,45.99,46.01,4635
"24498",2020-10-02 18:56:00,46.02,46.02,45.96,45.97,3524
"24499",2020-10-02 18:57:00,45.97,46,45.93,45.94,5411
"24500",2020-10-02 18:58:00,45.95,45.97,45.93,45.93,4492
"24501",2020-10-02 18:59:00,45.94,45.95,45.93,45.93,2814
"24502",2020-10-02 19:00:00,45.94,45.94,45.84,45.85,5307
"24503",2020-10-02 19:01:00,45.83,45.83,45.79,45.81,4188
"24504",2020-10-02 19:02:00,45.82,45.83,45.77,45.78,5293
"24505",2020-10-02 19:03:00,45.77,45.83,45.77,45.82,2119
"24506",2020-10-02 19:04:00,45.82,45.83,45.8,45.82,1882
"24507",2020-10-02 19:05:00,45.79,45.81,45.76,45.79,7516
"24508",2020-10-02 19:06:00,45.78,45.78,45.7,45.73,6381
"24509",2020-10-02 19:07:00,45.74,45.78,45.73,45.76,13469
"24510",2020-10-02 19:08:00,45.75,45.87,45.75,45.87,9550
"24511",2020-10-02 19:09:00,45.87,45.91,45.82,45.84,10956
"24512",2020-10-02 19:10:00,45.85,45.98,45.85,45.95,5240
"24513",2020-10-02 19:11:00,45.96,46.03,45.96,46.03,4365
"24514",2020-10-02 19:12:00,46.03,46.05,46.01,46.04,2504
"24515",2020-10-02 19:13:00,46.05,46.13,46.02,46.11,5400
"24516",2020-10-02 19:14:00,46.1,46.23,46.09,46.2,7990
"24517",2020-10-02 19:15:00,46.25,46.31,46.2,46.22,15809
"24518",2020-10-02 19:16:00,46.22,46.25,46.16,46.21,7660
"24519",2020-10-02 19:17:00,46.22,46.26,46.2,46.22,2981
"24520",2020-10-02 19:18:00,46.22,46.26,46.21,46.23,2001
"24521",2020-10-02 19:19:00,46.22,46.27,46.22,46.23,1432
"24522",2020-10-02 19:20:00,46.23,46.29,46.23,46.29,3388
"24523",2020-10-02 19:21:00,46.3,46.38,46.3,46.37,5675
"24524",2020-10-02 19:22:00,46.36,46.41,46.35,46.4,7220
"24525",2020-10-02 19:23:00,46.38,46.39,46.3,46.32,7917
"24526",2020-10-02 19:24:00,46.32,46.33,46.26,46.28,2104
"24527",2020-10-02 19:25:00,46.29,46.34,46.29,46.29,2204
"24528",2020-10-02 19:26:00,46.31,46.33,46.31,46.33,1646
"24529",2020-10-02 19:27:00,46.33,46.36,46.29,46.3,4981
"24530",2020-10-02 19:28:00,46.29,46.32,46.29,46.3,1668
"24531",2020-10-02 19:29:00,46.31,46.31,46.26,46.28,1097
"24532",2020-10-02 19:30:00,46.26,46.26,46.23,46.24,2902
"24533",2020-10-02 19:31:00,46.25,46.3,46.25,46.25,5225
"24534",2020-10-02 19:32:00,46.25,46.26,46.18,46.19,1781
"24535",2020-10-02 19:33:00,46.2,46.22,46.17,46.17,1313
"24536",2020-10-02 19:34:00,46.17,46.2,46.17,46.18,1673
"24537",2020-10-02 19:35:00,46.18,46.23,46.18,46.18,3412
"24538",2020-10-02 19:36:00,46.18,46.24,46.15,46.22,3304
"24539",2020-10-02 19:37:00,46.24,46.24,46.2,46.21,2925
"24540",2020-10-02 19:38:00,46.21,46.28,46.21,46.28,2204
"24541",2020-10-02 19:39:00,46.28,46.32,46.28,46.32,2358
"24542",2020-10-02 19:40:00,46.32,46.36,46.29,46.36,4350
"24543",2020-10-02 19:41:00,46.35,46.39,46.35,46.38,2454
"24544",2020-10-02 19:42:00,46.39,46.41,46.36,46.36,1434
"24545",2020-10-02 19:43:00,46.36,46.38,46.3,46.3,1443
"24546",2020-10-02 19:44:00,46.31,46.35,46.31,46.34,1671
"24547",2020-10-02 19:45:00,46.34,46.34,46.32,46.34,1360
"24548",2020-10-02 19:46:00,46.34,46.34,46.3,46.31,2518
"24549",2020-10-02 19:47:00,46.32,46.33,46.28,46.29,2461
"24550",2020-10-02 19:48:00,46.29,46.3,46.27,46.27,977
"24551",2020-10-02 19:49:00,46.27,46.29,46.27,46.27,1451
"24552",2020-10-02 19:50:00,46.28,46.31,46.28,46.28,2208
"24553",2020-10-02 19:51:00,46.29,46.3,46.22,46.24,2484
"24554",2020-10-02 19:52:00,46.25,46.27,46.23,46.23,1460
"24555",2020-10-02 19:53:00,46.23,46.27,46.23,46.26,2479
"24556",2020-10-02 19:54:00,46.26,46.26,46.2,46.23,4335
"24557",2020-10-02 19:55:00,46.24,46.28,46.24,46.26,2258
"24558",2020-10-02 19:56:00,46.25,46.27,46.25,46.27,2245
"24559",2020-10-02 19:57:00,46.27,46.31,46.26,46.31,2082
"24560",2020-10-02 19:58:00,46.31,46.31,46.26,46.27,1102
"24561",2020-10-02 19:59:00,46.27,46.27,46.2,46.2,1956
"24562",2020-10-02 20:00:00,46.2,46.2,46.16,46.16,1777
"24563",2020-10-02 20:01:00,46.15,46.17,46.14,46.17,2746
"24564",2020-10-02 20:02:00,46.17,46.17,46.07,46.08,4360
"24565",2020-10-02 20:03:00,46.07,46.12,46.07,46.11,3138
"24566",2020-10-02 20:04:00,46.13,46.14,46.09,46.11,1218
"24567",2020-10-02 20:05:00,46.13,46.14,46.09,46.09,748
"24568",2020-10-02 20:06:00,46.09,46.1,46.05,46.06,2924
"24569",2020-10-02 20:07:00,46.06,46.06,46.04,46.04,8015
"24570",2020-10-02 20:08:00,46.05,46.08,46.05,46.06,3983
"24571",2020-10-02 20:09:00,46.06,46.08,46.06,46.07,1352
"24572",2020-10-02 20:10:00,46.07,46.07,46.05,46.05,336
"24573",2020-10-02 20:11:00,46.06,46.14,46.06,46.14,3228
"24574",2020-10-02 20:12:00,46.14,46.15,46.1,46.14,3019
"24575",2020-10-02 20:13:00,46.14,46.14,46.07,46.08,2692
"24576",2020-10-02 20:14:00,46.07,46.09,45.99,46.03,21087
"24577",2020-10-02 20:15:00,46.03,46.09,46.03,46.07,2601
"24578",2020-10-02 20:16:00,46.09,46.11,46.06,46.07,3368
"24579",2020-10-02 20:17:00,46.06,46.08,46.06,46.08,2157
"24580",2020-10-02 20:18:00,46.08,46.09,46.06,46.06,1105
"24581",2020-10-02 20:19:00,46.04,46.04,46.02,46.04,1245
"24582",2020-10-02 20:20:00,46.05,46.12,46.05,46.09,2142
"24583",2020-10-02 20:21:00,46.09,46.12,46.08,46.12,1205
"24584",2020-10-02 20:22:00,46.12,46.13,46.12,46.13,450
"24585",2020-10-02 20:23:00,46.13,46.13,46.08,46.1,2080
"24586",2020-10-02 20:24:00,46.1,46.13,46.1,46.13,2176
"24587",2020-10-02 20:25:00,46.14,46.16,46.14,46.16,1165
"24588",2020-10-02 20:26:00,46.14,46.14,46.09,46.11,1228
"24589",2020-10-02 20:27:00,46.11,46.13,46.11,46.12,917
"24590",2020-10-02 20:28:00,46.12,46.12,46.09,46.09,1694
"24591",2020-10-02 20:29:00,46.08,46.08,46.03,46.03,1786
"24592",2020-10-02 20:30:00,46.04,46.06,46.03,46.03,1748
"24593",2020-10-02 20:31:00,46.03,46.04,46,46.01,1998
"24594",2020-10-02 20:32:00,46.01,46.02,45.99,45.99,1405
"24595",2020-10-02 20:33:00,46,46,45.96,45.99,1699
"24596",2020-10-02 20:34:00,46,46,45.96,45.99,1990
"24597",2020-10-02 20:35:00,45.99,45.99,45.97,45.97,3280
"24598",2020-10-02 20:36:00,45.99,46.05,45.98,46.02,2869
"24599",2020-10-02 20:37:00,46.01,46.02,46.01,46.02,3059
"24600",2020-10-02 20:38:00,46.02,46.07,46.02,46.04,3585
"24601",2020-10-02 20:39:00,46.04,46.07,46.02,46.06,2096
"24602",2020-10-02 20:40:00,46.06,46.06,46.06,46.06,234
"24603",2020-10-02 20:41:00,46.08,46.08,45.89,45.9,9266
"24604",2020-10-02 20:42:00,45.89,45.91,45.86,45.88,7304
"24605",2020-10-02 20:43:00,45.89,45.93,45.89,45.91,2068
"24606",2020-10-02 20:44:00,45.91,45.92,45.89,45.9,2141
"24607",2020-10-02 20:45:00,45.9,45.92,45.89,45.91,2098
"24608",2020-10-02 20:46:00,45.9,45.93,45.88,45.91,2363
"24609",2020-10-02 20:47:00,45.9,45.92,45.9,45.92,2311
"24610",2020-10-02 20:48:00,45.92,45.98,45.92,45.95,2805
"24611",2020-10-02 20:49:00,45.94,45.96,45.94,45.96,1706
"24612",2020-10-02 20:50:00,45.96,45.97,45.92,45.97,2427
"24613",2020-10-02 20:51:00,45.97,45.98,45.9,45.96,6316
"24614",2020-10-02 20:52:00,45.97,46.02,45.97,46.02,2072
"24615",2020-10-02 20:53:00,46.02,46.02,46,46,2368
"24616",2020-10-02 20:54:00,46.01,46.04,46.01,46.04,1411
"24617",2020-10-02 20:55:00,46.04,46.06,46.03,46.03,1583
"24618",2020-10-02 20:56:00,46.06,46.06,46.03,46.03,1734
"24619",2020-10-02 20:57:00,46.04,46.06,46.04,46.06,4642
"24620",2020-10-02 20:58:00,46.06,46.07,46.06,46.06,1456
"24621",2020-10-02 20:59:00,46.06,46.09,46.05,46.08,2863
"24622",2020-10-02 21:00:00,46.07,46.07,46.05,46.05,689
"24623",2020-10-02 21:01:00,46.05,46.14,46.05,46.14,2681
"24624",2020-10-02 21:02:00,46.13,46.17,46.13,46.17,1902
"24625",2020-10-02 21:03:00,46.16,46.18,46.15,46.16,2535
"24626",2020-10-02 21:04:00,46.16,46.21,46.16,46.21,2823
"24627",2020-10-02 21:05:00,46.21,46.21,46.18,46.21,804
"24628",2020-10-02 21:06:00,46.22,46.23,46.22,46.23,1201
"24629",2020-10-02 21:07:00,46.23,46.31,46.23,46.3,2278
"24630",2020-10-02 21:08:00,46.3,46.3,46.26,46.26,2025
"24631",2020-10-02 21:09:00,46.29,46.29,46.28,46.29,642
"24632",2020-10-02 21:10:00,46.3,46.31,46.29,46.29,465
"24633",2020-10-02 21:11:00,46.3,46.3,46.27,46.27,827
"24634",2020-10-02 21:12:00,46.28,46.3,46.28,46.29,1102
"24635",2020-10-02 21:13:00,46.3,46.31,46.3,46.3,703
"24636",2020-10-02 21:14:00,46.3,46.3,46.25,46.29,1999
"24637",2020-10-02 21:15:00,46.29,46.29,46.27,46.28,1118
"24638",2020-10-02 21:16:00,46.29,46.3,46.29,46.3,1316
"24639",2020-10-02 21:17:00,46.3,46.32,46.3,46.3,1526
"24640",2020-10-02 21:18:00,46.3,46.3,46.27,46.28,1359
"24641",2020-10-02 21:19:00,46.29,46.3,46.29,46.29,1252
"24642",2020-10-02 21:20:00,46.3,46.3,46.28,46.28,1211
"24643",2020-10-02 21:21:00,46.29,46.3,46.25,46.26,3354
"24644",2020-10-02 21:22:00,46.27,46.29,46.27,46.29,1370
"24645",2020-10-02 21:23:00,46.29,46.29,46.24,46.27,1399
"24646",2020-10-02 21:24:00,46.27,46.28,46.26,46.27,2255
"24647",2020-10-02 21:25:00,46.27,46.3,46.27,46.28,802
"24648",2020-10-02 21:26:00,46.27,46.28,46.24,46.26,4319
"24649",2020-10-02 21:27:00,46.26,46.26,46.24,46.24,1298
"24650",2020-10-02 21:28:00,46.24,46.25,46.24,46.24,1279
"24651",2020-10-02 21:29:00,46.25,46.26,46.25,46.25,1990
"24652",2020-10-02 21:30:00,46.25,46.26,46.24,46.25,612
"24653",2020-10-02 21:31:00,46.26,46.27,46.26,46.26,2524
"24654",2020-10-02 21:32:00,46.25,46.25,46.17,46.19,5226
"24655",2020-10-02 21:33:00,46.2,46.2,46.19,46.2,1359
"24656",2020-10-02 21:34:00,46.2,46.2,46.18,46.19,1538
"24657",2020-10-02 21:35:00,46.19,46.24,46.19,46.23,4053
"24658",2020-10-02 21:36:00,46.23,46.23,46.19,46.2,1605
"24659",2020-10-02 21:37:00,46.19,46.24,46.19,46.22,3678
"24660",2020-10-02 21:38:00,46.21,46.25,46.2,46.22,2417
"24661",2020-10-02 21:39:00,46.23,46.23,46.21,46.21,714
"24662",2020-10-02 21:40:00,46.21,46.21,46.17,46.18,1257
"24663",2020-10-02 21:41:00,46.18,46.19,46.16,46.16,1806
"24664",2020-10-02 21:42:00,46.15,46.19,46.13,46.18,4881
"24665",2020-10-02 21:43:00,46.18,46.25,46.18,46.24,1529
"24666",2020-10-02 21:44:00,46.24,46.24,46.21,46.21,973
"24667",2020-10-02 21:45:00,46.2,46.25,46.2,46.24,2226
"24668",2020-10-02 21:46:00,46.23,46.23,46.18,46.19,2197
"24669",2020-10-02 21:47:00,46.2,46.29,46.2,46.27,3235
"24670",2020-10-02 21:48:00,46.26,46.26,46.22,46.22,1695
"24671",2020-10-02 21:49:00,46.2,46.2,46.17,46.2,2728
"24672",2020-10-02 21:50:00,46.21,46.23,46.21,46.21,1931
"24673",2020-10-02 21:51:00,46.21,46.21,46.13,46.16,3333
"24674",2020-10-02 21:52:00,46.16,46.18,46.16,46.16,2110
"24675",2020-10-02 21:53:00,46.16,46.17,46.12,46.12,3426
"24676",2020-10-02 21:54:00,46.13,46.14,46.12,46.14,3588
"24677",2020-10-02 21:55:00,46.13,46.14,46.13,46.14,2211
"24678",2020-10-02 21:56:00,46.14,46.28,46.14,46.24,9669
"24679",2020-10-02 21:57:00,46.24,46.25,46.19,46.19,5085
"24680",2020-10-02 21:58:00,46.18,46.18,46.1,46.12,6594
"24681",2020-10-02 21:59:00,46.11,46.11,46.06,46.1,5354
"24682",2020-10-02 22:00:00,46.1,46.13,46.1,46.1,2876
"24683",2020-10-02 22:01:00,46.1,46.12,46.07,46.07,6221
"24684",2020-10-02 22:02:00,46.06,46.08,46.04,46.06,4782
"24685",2020-10-02 22:03:00,46.06,46.08,46.03,46.08,2629
"24686",2020-10-02 22:04:00,46.08,46.12,46.08,46.12,3690
"24687",2020-10-02 22:05:00,46.1,46.15,46.09,46.15,2011
"24688",2020-10-02 22:06:00,46.14,46.14,46.08,46.08,1602
"24689",2020-10-02 22:07:00,46.08,46.11,46.07,46.11,2047
"24690",2020-10-02 22:08:00,46.11,46.12,46.09,46.1,1324
"24691",2020-10-02 22:09:00,46.1,46.11,46.08,46.09,2633
"24692",2020-10-02 22:10:00,46.09,46.11,46.08,46.11,5449
"24693",2020-10-02 22:11:00,46.11,46.2,46.11,46.18,3066
"24694",2020-10-02 22:12:00,46.18,46.25,46.15,46.15,6001
"24695",2020-10-02 22:13:00,46.17,46.2,46.05,46.09,9829
"24696",2020-10-02 22:14:00,46.09,46.13,46.09,46.12,5264
"24697",2020-10-02 22:15:00,46.13,46.15,46.1,46.1,1477
"24698",2020-10-02 22:16:00,46.1,46.12,46.09,46.11,1613
"24699",2020-10-02 22:17:00,46.11,46.18,46.11,46.17,2192
"24700",2020-10-02 22:18:00,46.16,46.23,46.15,46.21,5743
"24701",2020-10-02 22:19:00,46.19,46.25,46.18,46.24,3332
"24702",2020-10-02 22:20:00,46.23,46.26,46.23,46.24,3206
"24703",2020-10-02 22:21:00,46.23,46.3,46.23,46.3,4336
"24704",2020-10-02 22:22:00,46.3,46.32,46.29,46.32,1900
"24705",2020-10-02 22:23:00,46.31,46.31,46.25,46.29,3894
"24706",2020-10-02 22:24:00,46.28,46.28,46.24,46.27,2099
"24707",2020-10-02 22:25:00,46.26,46.28,46.24,46.28,3129
"24708",2020-10-02 22:26:00,46.28,46.28,46.26,46.26,707
"24709",2020-10-02 22:27:00,46.27,46.29,46.26,46.28,2424
"24710",2020-10-02 22:28:00,46.28,46.3,46.27,46.29,1361
"24711",2020-10-02 22:29:00,46.29,46.3,46.27,46.27,1801
"24712",2020-10-02 22:30:00,46.29,46.32,46.29,46.31,3151
"24713",2020-10-02 22:31:00,46.32,46.36,46.31,46.36,6299
"24714",2020-10-02 22:32:00,46.36,46.4,46.36,46.38,4659
"24715",2020-10-02 22:33:00,46.37,46.4,46.36,46.4,4756
"24716",2020-10-02 22:34:00,46.4,46.44,46.4,46.42,5019
"24717",2020-10-02 22:35:00,46.41,46.43,46.41,46.43,2397
"24718",2020-10-02 22:36:00,46.42,46.48,46.42,46.48,10161
"24719",2020-10-02 22:37:00,46.48,46.51,46.48,46.49,18583
"24720",2020-10-02 22:38:00,46.5,46.54,46.5,46.52,3568
"24721",2020-10-02 22:39:00,46.53,46.55,46.5,46.51,3583
"24722",2020-10-02 22:40:00,46.52,46.54,46.52,46.54,4458
"24723",2020-10-02 22:41:00,46.54,46.59,46.54,46.57,5618
"24724",2020-10-02 22:42:00,46.57,46.57,46.42,46.42,6840
"24725",2020-10-02 22:43:00,46.41,46.46,46.41,46.43,6319
"24726",2020-10-02 22:44:00,46.43,46.47,46.43,46.46,3183
"24727",2020-10-02 22:45:00,46.46,46.46,46.44,46.44,1184
"24728",2020-10-02 22:46:00,46.43,46.43,46.35,46.35,5572
"24729",2020-10-02 22:47:00,46.36,46.36,46.34,46.34,1776
"24730",2020-10-02 22:48:00,46.32,46.35,46.32,46.34,8086
"24731",2020-10-02 22:49:00,46.33,46.33,46.3,46.3,3616
"24732",2020-10-02 22:50:00,46.3,46.35,46.3,46.34,10280
"24733",2020-10-02 22:51:00,46.34,46.36,46.25,46.25,13763
"24734",2020-10-02 22:52:00,46.24,46.29,46.22,46.29,11671
"24735",2020-10-02 22:53:00,46.29,46.29,46.26,46.29,6474
"24736",2020-10-02 22:54:00,46.29,46.32,46.29,46.3,12231
"24737",2020-10-02 22:55:00,46.3,46.3,46.26,46.27,11717
"24738",2020-10-02 22:56:00,46.27,46.28,46.24,46.25,7382
"24739",2020-10-02 22:57:00,46.26,46.32,46.26,46.29,11844
"24740",2020-10-02 22:58:00,46.27,46.32,46.27,46.32,8402
"24741",2020-10-02 22:59:00,46.31,46.32,46.24,46.25,19428
"24742",2020-10-02 23:00:00,46.24,46.26,46.1,46.1,24943
"24743",2020-10-02 23:01:00,46.43,46.43,46.1,46.1,37
"24744",2020-10-02 23:02:00,46.13,46.13,46.13,46.13,1601
"24745",2020-10-02 23:03:00,46.13,46.13,46.12,46.12,1283
"24746",2020-10-02 23:04:00,46.09,46.09,46.09,46.09,3
"24747",2020-10-02 23:05:00,46.13,46.13,46.04,46.04,173
"24748",2020-10-02 23:06:00,46.13,46.13,46.12,46.12,78
"24749",2020-10-02 23:08:00,46.13,46.13,46.13,46.13,1351
"24750",2020-10-02 23:09:00,46.12,46.12,46.12,46.12,100
"24751",2020-10-02 23:15:00,46.13,46.13,46.13,46.13,100
"24752",2020-10-02 23:18:00,46.13,46.13,46.13,46.13,9
"24753",2020-10-02 23:19:00,46.09,46.09,46.09,46.09,1
"24754",2020-10-02 23:20:00,46.09,46.09,46.09,46.09,19
"24755",2020-10-02 23:21:00,46.09,46.09,46.09,46.09,4
"24756",2020-10-02 23:22:00,46.13,46.13,46.13,46.13,2
"24757",2020-10-02 23:23:00,46.13,46.13,46.09,46.09,30
"24758",2020-10-02 23:24:00,46.13,46.13,46.13,46.13,10
"24759",2020-10-02 23:30:00,46.09,46.09,46.08,46.08,100
"24760",2020-10-02 23:33:00,46.13,46.13,46.13,46.13,25
"24761",2020-10-02 23:37:00,46.08,46.08,46.08,46.08,9
"24762",2020-10-02 23:39:00,46.12,46.12,46.12,46.12,8
"24763",2020-10-02 23:43:00,46.1,46.1,46.1,46.1,200
"24764",2020-10-02 23:48:00,46.13,46.13,46.13,46.13,1
"24765",2020-10-02 23:52:00,46.14,46.14,46.14,46.14,1
"24766",2020-10-02 23:54:00,46.17,46.17,46.17,46.17,1
"24767",2020-10-02 23:58:00,46.17,46.19,46.17,46.19,6
"24768",2020-10-03 00:14:00,46.24,46.24,46.24,46.24,1
"24769",2020-10-03 00:16:00,46.3,46.3,46.3,46.3,4
"24770",2020-10-03 00:18:00,46.27,46.29,46.27,46.29,72
"24771",2020-10-03 00:19:00,46.19,46.19,46.04,46.04,15
"24772",2020-10-03 00:22:00,46.03,46.09,46.03,46.09,66
"24773",2020-10-03 00:33:00,46.09,46.09,46,46,917
"24774",2020-10-03 00:34:00,46,46,46,46,31
"24775",2020-10-03 00:37:00,46,46.02,45.91,45.91,166
"24776",2020-10-03 00:40:00,45.91,45.91,45.91,45.91,11
"24777",2020-10-03 00:43:00,45.91,45.91,45.91,45.91,1
"24778",2020-10-03 00:44:00,45.91,45.91,45.91,45.91,22
"24779",2020-10-03 00:47:00,45.95,45.95,45.82,45.82,1417
"24780",2020-10-03 00:48:00,45.82,45.82,45.8,45.82,1012
"24781",2020-10-03 00:51:00,45.94,45.94,45.94,45.94,1
"24782",2020-10-03 00:52:00,45.99,45.99,45.99,45.99,1
"24783",2020-10-03 00:53:00,46.07,46.07,46.07,46.07,15
"24784",2020-10-03 00:55:00,45.9,45.9,45.9,45.9,305
"24785",2020-10-03 00:56:00,45.9,45.9,45.9,45.9,1
"24786",2020-10-03 00:58:00,45.9,45.9,45.9,45.9,1
"24787",2020-10-03 00:59:00,45.9,45.9,45.9,45.9,22
"24788",2020-10-03 01:12:00,46.04,46.04,46.04,46.04,1
"24789",2020-10-03 01:20:00,46.05,46.05,46.05,46.05,1
"24790",2020-10-03 01:22:00,45.94,45.94,45.9,45.9,192
"24791",2020-10-03 01:23:00,45.9,45.9,45.9,45.9,480
"24792",2020-10-03 01:32:00,45.89,45.89,45.84,45.84,2
"24793",2020-10-05 10:01:00,46.45,46.45,46.45,46.45,1
"24794",2020-10-05 10:02:00,46.21,46.49,46.21,46.49,5
"24795",2020-10-05 10:04:00,46.48,46.48,46.41,46.41,60
"24796",2020-10-05 10:05:00,46.4,46.4,46.4,46.4,1
"24797",2020-10-05 10:08:00,46.17,46.17,46.14,46.14,15
"24798",2020-10-05 10:10:00,46.35,46.35,46.35,46.35,56
"24799",2020-10-05 10:11:00,46.33,46.33,46.33,46.33,1
"24800",2020-10-05 10:14:00,46.04,46.05,46.04,46.05,4
"24801",2020-10-05 10:16:00,46.29,46.29,46.29,46.29,2
"24802",2020-10-05 10:17:00,46.32,46.32,46.32,46.32,2
"24803",2020-10-05 10:19:00,46.34,46.34,46.32,46.32,3
"24804",2020-10-05 10:21:00,46.3,46.3,46.3,46.3,1
"24805",2020-10-05 10:25:00,46.3,46.3,46.3,46.3,5
"24806",2020-10-05 10:26:00,46.3,46.3,46.27,46.27,20
"24807",2020-10-05 10:30:00,46.11,46.11,46.11,46.11,1
"24808",2020-10-05 10:31:00,46.11,46.29,46.06,46.29,31
"24809",2020-10-05 10:32:00,46.29,46.29,46.29,46.29,1
"24810",2020-10-05 10:34:00,46.02,46.02,46.02,46.02,5
"24811",2020-10-05 10:39:00,46.27,46.3,46.11,46.3,17
"24812",2020-10-05 10:40:00,46.29,46.29,46.29,46.29,3
"24813",2020-10-05 10:42:00,46.26,46.37,46.26,46.37,12
"24814",2020-10-05 11:00:00,46.25,46.25,46.25,46.25,1
"24815",2020-10-05 11:01:00,46.2,46.2,46.2,46.2,5
"24816",2020-10-05 11:04:00,46.25,46.25,46.25,46.25,1
"24817",2020-10-05 11:06:00,46.21,46.21,46.21,46.21,1
"24818",2020-10-05 11:09:00,46.25,46.41,46.25,46.41,11
"24819",2020-10-05 11:13:00,46.5,46.5,46.5,46.5,3
"24820",2020-10-05 11:14:00,46.5,46.5,46.5,46.5,1
"24821",2020-10-05 11:15:00,46.63,46.63,46.63,46.63,1
"24822",2020-10-05 11:16:00,46.5,46.5,46.5,46.5,1
"24823",2020-10-05 11:26:00,46.55,46.55,46.55,46.55,1
"24824",2020-10-05 11:27:00,46.5,46.5,46.5,46.5,6
"24825",2020-10-05 11:31:00,46.55,46.55,46.55,46.55,1
"24826",2020-10-05 11:33:00,46.51,46.51,46.51,46.51,1
"24827",2020-10-05 11:39:00,46.55,46.55,46.55,46.55,1
"24828",2020-10-05 11:45:00,46.5,46.52,46.5,46.52,225
"24829",2020-10-05 11:48:00,46.51,46.51,46.51,46.51,1
"24830",2020-10-05 11:49:00,46.52,46.65,46.52,46.65,159
"24831",2020-10-05 11:55:00,46.52,46.52,46.52,46.52,2
"24832",2020-10-05 11:57:00,46.51,46.65,46.51,46.65,8
"24833",2020-10-05 12:02:00,46.64,46.64,46.64,46.64,4
"24834",2020-10-05 12:03:00,46.7,46.7,46.7,46.7,46
"24835",2020-10-05 12:04:00,46.7,46.7,46.7,46.7,4
"24836",2020-10-05 12:05:00,46.52,46.52,46.52,46.52,2
"24837",2020-10-05 12:07:00,46.64,46.65,46.64,46.65,5
"24838",2020-10-05 12:08:00,46.7,46.7,46.7,46.7,20
"24839",2020-10-05 12:14:00,46.52,46.52,46.51,46.51,24
"24840",2020-10-05 12:20:00,46.59,46.59,46.59,46.59,1
"24841",2020-10-05 12:33:00,46.5,46.5,46.5,46.5,12
"24842",2020-10-05 12:46:00,46.5,46.5,46.5,46.5,1
"24843",2020-10-05 12:54:00,46.57,46.57,46.57,46.57,1
"24844",2020-10-05 13:06:00,46.55,46.55,46.55,46.55,2
"24845",2020-10-05 13:17:00,46.52,46.52,46.52,46.52,2
"24846",2020-10-05 13:20:00,46.53,46.53,46.53,46.53,1
"24847",2020-10-05 13:41:00,46.53,46.53,46.53,46.53,4
"24848",2020-10-05 13:43:00,46.52,46.52,46.52,46.52,1
"24849",2020-10-05 13:46:00,46.42,46.42,46.42,46.42,2
"24850",2020-10-05 13:48:00,46.42,46.42,46.42,46.42,1
"24851",2020-10-05 13:51:00,46.42,46.42,46.42,46.42,1
"24852",2020-10-05 13:52:00,46.42,46.42,46.42,46.42,2
"24853",2020-10-05 13:58:00,46.42,46.42,46.42,46.42,3
"24854",2020-10-05 14:01:00,46.42,46.42,46.42,46.42,34
"24855",2020-10-05 14:02:00,46.43,46.43,46.43,46.43,1
"24856",2020-10-05 14:05:00,46.53,46.53,46.53,46.53,7
"24857",2020-10-05 14:09:00,46.6,46.6,46.6,46.6,2
"24858",2020-10-05 14:17:00,46.66,46.66,46.66,46.66,2
"24859",2020-10-05 14:18:00,46.55,46.55,46.55,46.55,1
"24860",2020-10-05 14:19:00,46.62,46.62,46.62,46.62,10
"24861",2020-10-05 14:31:00,46.56,46.56,46.55,46.55,50
"24862",2020-10-05 14:35:00,46.6,46.61,46.6,46.61,8
"24863",2020-10-05 14:37:00,46.55,46.55,46.55,46.55,4
"24864",2020-10-05 14:40:00,46.6,46.6,46.6,46.6,2
"24865",2020-10-05 14:41:00,46.6,46.6,46.56,46.56,41
"24866",2020-10-05 14:43:00,46.56,46.56,46.54,46.54,972
"24867",2020-10-05 14:45:00,46.55,46.55,46.55,46.55,1
"24868",2020-10-05 14:47:00,46.55,46.55,46.55,46.55,1
"24869",2020-10-05 14:55:00,46.6,46.6,46.6,46.6,100
"24870",2020-10-05 14:57:00,46.63,46.63,46.54,46.54,301
"24871",2020-10-05 14:58:00,46.57,46.57,46.57,46.57,1
"24872",2020-10-05 15:06:00,46.57,46.57,46.57,46.57,1
"24873",2020-10-05 15:07:00,46.54,46.54,46.53,46.53,51
"24874",2020-10-05 15:09:00,46.53,46.53,46.53,46.53,102
"24875",2020-10-05 15:11:00,46.53,46.53,46.53,46.53,50
"24876",2020-10-05 15:12:00,46.53,46.53,46.53,46.53,1
"24877",2020-10-05 15:15:00,46.5,46.53,46.5,46.5,502
"24878",2020-10-05 15:17:00,46.5,46.5,46.5,46.5,200
"24879",2020-10-05 15:19:00,46.51,46.53,46.51,46.53,144
"24880",2020-10-05 15:20:00,46.5,46.53,46.49,46.53,367
"24881",2020-10-05 15:23:00,46.53,46.53,46.53,46.53,1
"24882",2020-10-05 15:29:00,46.52,46.53,46.52,46.53,3
"24883",2020-10-05 15:33:00,46.53,46.53,46.53,46.53,40
"24884",2020-10-05 15:34:00,46.5,46.5,46.5,46.5,3
"24885",2020-10-05 15:41:00,46.44,46.44,46.44,46.44,2
"24886",2020-10-05 15:42:00,46.5,46.5,46.44,46.44,202
"24887",2020-10-05 15:43:00,46.49,46.5,46.49,46.5,3
"24888",2020-10-05 15:48:00,46.41,46.41,46.41,46.41,100
"24889",2020-10-05 15:58:00,46.53,46.53,46.46,46.46,5
"24890",2020-10-05 16:01:00,46.49,46.49,46.49,46.49,1
"24891",2020-10-05 16:07:00,46.46,46.46,46.46,46.46,50
"24892",2020-10-05 16:08:00,46.46,46.46,46.46,46.46,10
"24893",2020-10-05 16:09:00,46.46,46.46,46.45,46.45,90
"24894",2020-10-05 16:10:00,46.49,46.49,46.49,46.49,1
"24895",2020-10-05 16:14:00,46.51,46.51,46.51,46.51,20
"24896",2020-10-05 16:17:00,46.53,46.53,46.42,46.53,46
"24897",2020-10-05 16:18:00,46.52,46.53,46.52,46.53,70
"24898",2020-10-05 16:19:00,46.49,46.49,46.42,46.42,105
"24899",2020-10-05 16:20:00,46.42,46.42,46.42,46.42,2
"24900",2020-10-05 16:21:00,46.42,46.51,46.41,46.51,151
"24901",2020-10-05 16:22:00,46.52,46.52,46.43,46.43,7
"24902",2020-10-05 16:24:00,46.52,46.52,46.52,46.52,64
"24903",2020-10-05 16:26:00,46.49,46.52,46.47,46.51,210
"24904",2020-10-05 16:27:00,46.51,46.54,46.51,46.54,4
"24905",2020-10-05 16:28:00,46.58,46.65,46.58,46.65,412
"24906",2020-10-05 16:29:00,46.65,46.65,46.47,46.47,428
"24907",2020-10-05 16:30:00,46.47,46.56,46.47,46.56,206
"24908",2020-10-05 16:31:00,46.58,46.58,46.45,46.55,4034
"24909",2020-10-05 16:32:00,46.54,46.72,46.54,46.72,9344
"24910",2020-10-05 16:33:00,46.72,47,46.69,46.93,38338
"24911",2020-10-05 16:34:00,46.92,47,46.86,46.98,18916
"24912",2020-10-05 16:35:00,46.99,46.99,46.74,46.78,6499
"24913",2020-10-05 16:36:00,46.73,46.74,46.53,46.56,18623
"24914",2020-10-05 16:37:00,46.56,46.57,46.37,46.37,17160
"24915",2020-10-05 16:38:00,46.39,46.42,46.21,46.25,7997
"24916",2020-10-05 16:39:00,46.27,46.53,46.25,46.51,5571
"24917",2020-10-05 16:40:00,46.52,46.59,46.49,46.52,4702
"24918",2020-10-05 16:41:00,46.53,46.55,46.47,46.55,4840
"24919",2020-10-05 16:42:00,46.51,46.55,46.36,46.37,6206
"24920",2020-10-05 16:43:00,46.38,46.45,46.36,46.39,6510
"24921",2020-10-05 16:44:00,46.39,46.46,46.37,46.37,3463
"24922",2020-10-05 16:45:00,46.38,46.4,46.23,46.23,3504
"24923",2020-10-05 16:46:00,46.24,46.38,46.24,46.38,5629
"24924",2020-10-05 16:47:00,46.38,46.44,46.37,46.38,8103
"24925",2020-10-05 16:48:00,46.38,46.45,46.38,46.44,3088
"24926",2020-10-05 16:49:00,46.43,46.48,46.35,46.36,4513
"24927",2020-10-05 16:50:00,46.37,46.39,46.33,46.34,3368
"24928",2020-10-05 16:51:00,46.36,46.41,46.35,46.36,4872
"24929",2020-10-05 16:52:00,46.33,46.38,46.29,46.29,3444
"24930",2020-10-05 16:53:00,46.29,46.35,46.28,46.32,1861
"24931",2020-10-05 16:54:00,46.32,46.37,46.3,46.33,3091
"24932",2020-10-05 16:55:00,46.37,46.37,46.32,46.32,1100
"24933",2020-10-05 16:56:00,46.31,46.31,46.18,46.18,6942
"24934",2020-10-05 16:57:00,46.18,46.29,46.18,46.28,4474
"24935",2020-10-05 16:58:00,46.28,46.31,46.21,46.21,3905
"24936",2020-10-05 16:59:00,46.21,46.29,46.21,46.28,2420
"24937",2020-10-05 17:00:00,46.28,46.31,46.28,46.31,3510
"24938",2020-10-05 17:01:00,46.33,46.43,46.33,46.42,4181
"24939",2020-10-05 17:02:00,46.42,46.42,46.37,46.4,4025
"24940",2020-10-05 17:03:00,46.4,46.42,46.3,46.31,5015
"24941",2020-10-05 17:04:00,46.32,46.37,46.29,46.29,1932
"24942",2020-10-05 17:05:00,46.28,46.31,46.25,46.25,4316
"24943",2020-10-05 17:06:00,46.25,46.34,46.25,46.27,2802
"24944",2020-10-05 17:07:00,46.28,46.3,46.25,46.25,2446
"24945",2020-10-05 17:08:00,46.25,46.26,46.22,46.23,4217
"24946",2020-10-05 17:09:00,46.23,46.23,46.16,46.17,3803
"24947",2020-10-05 17:10:00,46.17,46.18,46.12,46.18,5523
"24948",2020-10-05 17:11:00,46.21,46.26,46.21,46.26,3399
"24949",2020-10-05 17:12:00,46.27,46.3,46.19,46.19,5760
"24950",2020-10-05 17:13:00,46.19,46.23,46.16,46.18,3146
"24951",2020-10-05 17:14:00,46.19,46.26,46.17,46.24,4050
"24952",2020-10-05 17:15:00,46.25,46.3,46.24,46.29,1610
"24953",2020-10-05 17:16:00,46.3,46.32,46.24,46.28,4053
"24954",2020-10-05 17:17:00,46.28,46.33,46.26,46.3,5830
"24955",2020-10-05 17:18:00,46.29,46.3,46.26,46.26,960
"24956",2020-10-05 17:19:00,46.24,46.27,46.22,46.26,4451
"24957",2020-10-05 17:20:00,46.29,46.31,46.25,46.27,3408
"24958",2020-10-05 17:21:00,46.31,46.34,46.3,46.31,5189
"24959",2020-10-05 17:22:00,46.31,46.38,46.3,46.38,2802
"24960",2020-10-05 17:23:00,46.38,46.4,46.34,46.39,3674
"24961",2020-10-05 17:24:00,46.39,46.39,46.31,46.31,3610
"24962",2020-10-05 17:25:00,46.31,46.31,46.24,46.27,6176
"24963",2020-10-05 17:26:00,46.3,46.31,46.28,46.3,1125
"24964",2020-10-05 17:27:00,46.31,46.31,46.28,46.3,7320
"24965",2020-10-05 17:28:00,46.3,46.31,46.26,46.31,5647
"24966",2020-10-05 17:29:00,46.31,46.33,46.24,46.26,9534
"24967",2020-10-05 17:30:00,46.25,46.35,46.24,46.34,2887
"24968",2020-10-05 17:31:00,46.34,46.4,46.34,46.38,3318
"24969",2020-10-05 17:32:00,46.38,46.39,46.35,46.35,3018
"24970",2020-10-05 17:33:00,46.38,46.44,46.38,46.44,3126
"24971",2020-10-05 17:34:00,46.44,46.46,46.4,46.44,5926
"24972",2020-10-05 17:35:00,46.45,46.49,46.45,46.46,3599
"24973",2020-10-05 17:36:00,46.47,46.52,46.46,46.52,3702
"24974",2020-10-05 17:37:00,46.53,46.61,46.53,46.57,4257
"24975",2020-10-05 17:38:00,46.56,46.56,46.55,46.56,1305
"24976",2020-10-05 17:39:00,46.54,46.54,46.51,46.53,925
"24977",2020-10-05 17:40:00,46.56,46.56,46.48,46.51,3183
"24978",2020-10-05 17:41:00,46.51,46.59,46.51,46.59,2237
"24979",2020-10-05 17:42:00,46.59,46.59,46.57,46.57,1200
"24980",2020-10-05 17:43:00,46.55,46.55,46.51,46.51,316
"24981",2020-10-05 17:44:00,46.5,46.59,46.5,46.58,2133
"24982",2020-10-05 17:45:00,46.58,46.59,46.56,46.59,4567
"24983",2020-10-05 17:46:00,46.59,46.64,46.59,46.59,4126
"24984",2020-10-05 17:47:00,46.59,46.6,46.57,46.58,1827
"24985",2020-10-05 17:48:00,46.59,46.61,46.59,46.61,3212
"24986",2020-10-05 17:49:00,46.62,46.64,46.62,46.64,978
"24987",2020-10-05 17:50:00,46.65,46.67,46.65,46.66,2303
"24988",2020-10-05 17:51:00,46.66,46.72,46.66,46.68,3216
"24989",2020-10-05 17:52:00,46.68,46.71,46.68,46.71,1672
"24990",2020-10-05 17:53:00,46.72,46.76,46.72,46.72,6267
"24991",2020-10-05 17:54:00,46.72,46.74,46.71,46.72,1955
"24992",2020-10-05 17:55:00,46.71,46.71,46.71,46.71,410
"24993",2020-10-05 17:56:00,46.71,46.73,46.71,46.73,2690
"24994",2020-10-05 17:57:00,46.74,46.74,46.66,46.67,3130
"24995",2020-10-05 17:58:00,46.68,46.72,46.68,46.69,2969
"24996",2020-10-05 17:59:00,46.71,46.71,46.66,46.67,1203
"24997",2020-10-05 18:00:00,46.66,46.66,46.63,46.65,2827
"24998",2020-10-05 18:01:00,46.65,46.65,46.6,46.6,1922
"24999",2020-10-05 18:02:00,46.59,46.59,46.54,46.54,8034
"25000",2020-10-05 18:03:00,46.58,46.61,46.56,46.61,2603
"25001",2020-10-05 18:04:00,46.62,46.66,46.62,46.66,2861
"25002",2020-10-05 18:05:00,46.66,46.71,46.66,46.71,1464
"25003",2020-10-05 18:06:00,46.7,46.7,46.69,46.69,1295
"25004",2020-10-05 18:07:00,46.68,46.69,46.66,46.67,592
"25005",2020-10-05 18:08:00,46.67,46.67,46.64,46.64,1060
"25006",2020-10-05 18:09:00,46.66,46.72,46.66,46.72,1188
"25007",2020-10-05 18:10:00,46.74,46.76,46.74,46.75,1300
"25008",2020-10-05 18:11:00,46.77,46.81,46.76,46.79,6434
"25009",2020-10-05 18:12:00,46.78,46.79,46.78,46.79,2399
"25010",2020-10-05 18:13:00,46.81,46.82,46.8,46.8,1612
"25011",2020-10-05 18:14:00,46.8,46.83,46.8,46.82,1512
"25012",2020-10-05 18:15:00,46.83,46.85,46.79,46.79,4396
"25013",2020-10-05 18:16:00,46.8,46.84,46.79,46.84,1194
"25014",2020-10-05 18:17:00,46.85,46.89,46.85,46.88,4464
"25015",2020-10-05 18:18:00,46.88,46.88,46.87,46.87,2502
"25016",2020-10-05 18:19:00,46.88,46.89,46.88,46.89,875
"25017",2020-10-05 18:20:00,46.9,46.92,46.9,46.91,2359
"25018",2020-10-05 18:21:00,46.92,46.92,46.91,46.91,1165
"25019",2020-10-05 18:22:00,46.91,46.93,46.9,46.91,2847
"25020",2020-10-05 18:23:00,46.9,46.9,46.87,46.88,2120
"25021",2020-10-05 18:24:00,46.88,46.89,46.88,46.89,1690
"25022",2020-10-05 18:25:00,46.9,46.91,46.87,46.87,3521
"25023",2020-10-05 18:26:00,46.9,46.92,46.9,46.91,685
"25024",2020-10-05 18:27:00,46.93,46.93,46.91,46.91,1394
"25025",2020-10-05 18:28:00,46.92,46.92,46.82,46.83,8077
"25026",2020-10-05 18:29:00,46.85,46.88,46.85,46.87,3216
"25027",2020-10-05 18:30:00,46.87,46.89,46.86,46.86,1649
"25028",2020-10-05 18:31:00,46.87,46.89,46.85,46.89,1854
"25029",2020-10-05 18:32:00,46.88,46.88,46.84,46.84,4005
"25030",2020-10-05 18:33:00,46.83,46.84,46.79,46.83,3996
"25031",2020-10-05 18:34:00,46.83,46.83,46.76,46.76,2282
"25032",2020-10-05 18:35:00,46.76,46.76,46.71,46.73,1595
"25033",2020-10-05 18:36:00,46.74,46.75,46.73,46.73,4363
"25034",2020-10-05 18:37:00,46.72,46.74,46.71,46.74,2121
"25035",2020-10-05 18:38:00,46.76,46.76,46.72,46.72,5262
"25036",2020-10-05 18:39:00,46.72,46.74,46.7,46.71,4529
"25037",2020-10-05 18:40:00,46.72,46.72,46.67,46.68,3320
"25038",2020-10-05 18:41:00,46.67,46.67,46.62,46.62,3950
"25039",2020-10-05 18:42:00,46.62,46.65,46.61,46.61,4830
"25040",2020-10-05 18:43:00,46.61,46.64,46.61,46.63,2100
"25041",2020-10-05 18:44:00,46.62,46.67,46.61,46.67,6284
"25042",2020-10-05 18:45:00,46.68,46.71,46.66,46.71,3279
"25043",2020-10-05 18:46:00,46.71,46.73,46.7,46.73,3451
"25044",2020-10-05 18:47:00,46.73,46.77,46.73,46.75,3080
"25045",2020-10-05 18:48:00,46.74,46.74,46.72,46.72,2108
"25046",2020-10-05 18:49:00,46.72,46.72,46.71,46.71,1100
"25047",2020-10-05 18:50:00,46.71,46.72,46.66,46.66,3522
"25048",2020-10-05 18:51:00,46.66,46.66,46.64,46.66,2096
"25049",2020-10-05 18:52:00,46.66,46.69,46.66,46.67,2735
"25050",2020-10-05 18:53:00,46.67,46.69,46.67,46.69,662
"25051",2020-10-05 18:54:00,46.69,46.71,46.69,46.7,1901
"25052",2020-10-05 18:55:00,46.69,46.7,46.69,46.7,900
"25053",2020-10-05 18:56:00,46.67,46.7,46.67,46.7,1010
"25054",2020-10-05 18:57:00,46.69,46.71,46.68,46.7,2686
"25055",2020-10-05 18:58:00,46.7,46.73,46.7,46.73,900
"25056",2020-10-05 18:59:00,46.73,46.75,46.72,46.75,2513
"25057",2020-10-05 19:00:00,46.76,46.79,46.76,46.79,525
"25058",2020-10-05 19:01:00,46.79,46.79,46.78,46.78,1386
"25059",2020-10-05 19:02:00,46.77,46.77,46.75,46.76,1300
"25060",2020-10-05 19:03:00,46.76,46.76,46.74,46.75,1112
"25061",2020-10-05 19:04:00,46.74,46.76,46.74,46.76,961
"25062",2020-10-05 19:05:00,46.77,46.84,46.77,46.82,4475
"25063",2020-10-05 19:06:00,46.82,46.86,46.82,46.85,3259
"25064",2020-10-05 19:07:00,46.85,46.86,46.84,46.85,3383
"25065",2020-10-05 19:08:00,46.85,46.89,46.84,46.85,14219
"25066",2020-10-05 19:09:00,46.85,46.86,46.85,46.85,4722
"25067",2020-10-05 19:10:00,46.84,46.85,46.84,46.84,43
"25068",2020-10-05 19:11:00,46.84,46.87,46.84,46.85,6174
"25069",2020-10-05 19:12:00,46.84,46.86,46.84,46.85,5046
"25070",2020-10-05 19:13:00,46.84,46.84,46.83,46.83,802
"25071",2020-10-05 19:14:00,46.82,46.82,46.79,46.8,1474
"25072",2020-10-05 19:15:00,46.81,46.83,46.81,46.83,1187
"25073",2020-10-05 19:16:00,46.85,46.86,46.84,46.84,2118
"25074",2020-10-05 19:17:00,46.85,46.85,46.84,46.84,465
"25075",2020-10-05 19:18:00,46.84,46.88,46.84,46.87,10452
"25076",2020-10-05 19:19:00,46.89,46.98,46.89,46.95,10559
"25077",2020-10-05 19:20:00,46.95,46.97,46.95,46.95,1622
"25078",2020-10-05 19:21:00,46.93,46.93,46.9,46.91,3583
"25079",2020-10-05 19:22:00,46.9,46.92,46.88,46.92,2072
"25080",2020-10-05 19:23:00,46.93,46.94,46.91,46.92,1135
"25081",2020-10-05 19:24:00,46.92,46.92,46.9,46.9,431
"25082",2020-10-05 19:25:00,46.9,46.91,46.9,46.91,1290
"25083",2020-10-05 19:26:00,46.91,46.91,46.9,46.91,1067
"25084",2020-10-05 19:27:00,46.91,46.92,46.9,46.91,1024
"25085",2020-10-05 19:28:00,46.91,46.95,46.91,46.95,903
"25086",2020-10-05 19:29:00,46.95,46.95,46.94,46.95,825
"25087",2020-10-05 19:30:00,46.95,46.98,46.94,46.97,1370
"25088",2020-10-05 19:31:00,46.96,46.99,46.96,46.99,1056
"25089",2020-10-05 19:32:00,46.99,46.99,46.99,46.99,554
"25090",2020-10-05 19:33:00,46.98,46.98,46.95,46.96,2497
"25091",2020-10-05 19:34:00,46.96,46.98,46.92,46.98,9553
"25092",2020-10-05 19:35:00,46.97,46.98,46.97,46.98,470
"25093",2020-10-05 19:36:00,46.98,46.98,46.97,46.97,1391
"25094",2020-10-05 19:37:00,46.97,46.97,46.95,46.95,800
"25095",2020-10-05 19:38:00,46.94,46.95,46.94,46.94,1897
"25096",2020-10-05 19:39:00,46.92,46.92,46.85,46.86,9711
"25097",2020-10-05 19:40:00,46.86,46.88,46.86,46.88,1165
"25098",2020-10-05 19:41:00,46.89,46.91,46.89,46.91,700
"25099",2020-10-05 19:42:00,46.93,46.94,46.93,46.93,1001
"25100",2020-10-05 19:43:00,46.92,46.92,46.91,46.91,724
"25101",2020-10-05 19:44:00,46.92,46.92,46.92,46.92,321
"25102",2020-10-05 19:45:00,46.93,46.96,46.93,46.96,1091
"25103",2020-10-05 19:46:00,46.96,46.96,46.96,46.96,4
"25104",2020-10-05 19:47:00,46.96,46.96,46.95,46.95,548
"25105",2020-10-05 19:48:00,46.94,46.94,46.93,46.94,1601
"25106",2020-10-05 19:49:00,46.96,46.97,46.95,46.95,1805
"25107",2020-10-05 19:50:00,46.94,46.94,46.92,46.94,1357
"25108",2020-10-05 19:51:00,46.94,46.94,46.94,46.94,300
"25109",2020-10-05 19:52:00,46.93,46.95,46.93,46.95,1832
"25110",2020-10-05 19:53:00,46.96,46.99,46.96,46.99,230
"25111",2020-10-05 19:54:00,46.99,46.99,46.99,46.99,1901
"25112",2020-10-05 19:55:00,47,47,46.99,46.99,137
"25113",2020-10-05 19:56:00,46.98,47,46.98,47,1816
"25114",2020-10-05 19:57:00,46.99,46.99,46.97,46.97,2979
"25115",2020-10-05 19:58:00,46.99,46.99,46.99,46.99,2650
"25116",2020-10-05 19:59:00,46.99,46.99,46.99,46.99,400
"25117",2020-10-05 20:00:00,46.99,47.09,46.99,47.07,9380
"25118",2020-10-05 20:01:00,47.07,47.07,47.06,47.07,1443
"25119",2020-10-05 20:02:00,47.06,47.08,47.06,47.08,949
"25120",2020-10-05 20:03:00,47.07,47.07,47.05,47.05,1371
"25121",2020-10-05 20:04:00,47.05,47.06,47.03,47.05,1458
"25122",2020-10-05 20:05:00,47.06,47.09,47.06,47.08,2675
"25123",2020-10-05 20:06:00,47.08,47.08,47.05,47.05,704
"25124",2020-10-05 20:07:00,47.05,47.05,47.03,47.03,1122
"25125",2020-10-05 20:08:00,47.03,47.04,47.03,47.04,403
"25126",2020-10-05 20:09:00,47.03,47.04,46.98,46.98,4521
"25127",2020-10-05 20:10:00,46.97,46.99,46.95,46.96,2830
"25128",2020-10-05 20:11:00,46.97,46.97,46.96,46.96,1522
"25129",2020-10-05 20:12:00,46.97,47,46.97,47,535
"25130",2020-10-05 20:13:00,47.01,47.01,47,47,511
"25131",2020-10-05 20:14:00,46.99,46.99,46.98,46.99,613
"25132",2020-10-05 20:15:00,46.99,46.99,46.98,46.98,302
"25133",2020-10-05 20:16:00,46.97,46.99,46.96,46.96,2366
"25134",2020-10-05 20:17:00,46.95,46.95,46.91,46.92,3273
"25135",2020-10-05 20:18:00,46.93,46.93,46.9,46.91,964
"25136",2020-10-05 20:19:00,46.92,46.94,46.92,46.93,1655
"25137",2020-10-05 20:20:00,46.94,46.94,46.92,46.92,700
"25138",2020-10-05 20:21:00,46.91,46.91,46.87,46.87,1738
"25139",2020-10-05 20:22:00,46.86,46.89,46.86,46.87,637
"25140",2020-10-05 20:23:00,46.88,46.89,46.88,46.89,1145
"25141",2020-10-05 20:24:00,46.89,46.89,46.89,46.89,277
"25142",2020-10-05 20:25:00,46.9,46.92,46.9,46.92,1806
"25143",2020-10-05 20:26:00,46.92,46.92,46.92,46.92,886
"25144",2020-10-05 20:27:00,46.92,46.96,46.92,46.96,2262
"25145",2020-10-05 20:28:00,46.96,46.97,46.96,46.97,653
"25146",2020-10-05 20:29:00,46.96,46.96,46.96,46.96,448
"25147",2020-10-05 20:30:00,46.97,46.99,46.97,46.98,1693
"25148",2020-10-05 20:31:00,46.98,46.98,46.94,46.94,1926
"25149",2020-10-05 20:32:00,46.94,46.94,46.91,46.91,3508
"25150",2020-10-05 20:33:00,46.9,46.9,46.85,46.85,2877
"25151",2020-10-05 20:34:00,46.85,46.86,46.84,46.85,2598
"25152",2020-10-05 20:35:00,46.86,46.87,46.86,46.87,2300
"25153",2020-10-05 20:36:00,46.86,46.88,46.86,46.87,1384
"25154",2020-10-05 20:37:00,46.87,46.88,46.87,46.88,1100
"25155",2020-10-05 20:38:00,46.88,46.9,46.88,46.9,1738
"25156",2020-10-05 20:39:00,46.91,46.92,46.91,46.92,782
"25157",2020-10-05 20:40:00,46.92,46.97,46.92,46.97,2552
"25158",2020-10-05 20:41:00,46.98,46.98,46.98,46.98,652
"25159",2020-10-05 20:42:00,46.98,46.98,46.96,46.96,1239
"25160",2020-10-05 20:43:00,46.97,46.97,46.96,46.96,800
"25161",2020-10-05 20:44:00,46.96,46.96,46.96,46.96,566
"25162",2020-10-05 20:45:00,46.96,46.97,46.96,46.96,2470
"25163",2020-10-05 20:46:00,46.96,46.97,46.96,46.97,1320
"25164",2020-10-05 20:47:00,46.98,46.99,46.97,46.99,2040
"25165",2020-10-05 20:48:00,46.98,46.98,46.91,46.91,4782
"25166",2020-10-05 20:49:00,46.93,46.93,46.88,46.88,3073
"25167",2020-10-05 20:50:00,46.87,46.88,46.87,46.88,500
"25168",2020-10-05 20:51:00,46.89,46.89,46.86,46.87,999
"25169",2020-10-05 20:52:00,46.88,46.89,46.85,46.87,4000
"25170",2020-10-05 20:53:00,46.86,46.87,46.84,46.85,1181
"25171",2020-10-05 20:54:00,46.86,46.86,46.86,46.86,300
"25172",2020-10-05 20:55:00,46.87,46.88,46.86,46.88,1351
"25173",2020-10-05 20:56:00,46.88,46.89,46.88,46.89,329
"25174",2020-10-05 20:57:00,46.88,46.88,46.84,46.85,1705
"25175",2020-10-05 20:58:00,46.85,46.88,46.85,46.88,1901
"25176",2020-10-05 20:59:00,46.88,46.88,46.88,46.88,700
"25177",2020-10-05 21:00:00,46.88,46.9,46.88,46.9,2519
"25178",2020-10-05 21:01:00,46.9,46.92,46.9,46.91,1940
"25179",2020-10-05 21:02:00,46.91,46.92,46.87,46.87,2011
"25180",2020-10-05 21:03:00,46.87,46.88,46.86,46.86,1173
"25181",2020-10-05 21:04:00,46.85,46.85,46.83,46.83,2566
"25182",2020-10-05 21:05:00,46.82,46.82,46.79,46.79,4668
"25183",2020-10-05 21:06:00,46.79,46.81,46.79,46.79,1285
"25184",2020-10-05 21:07:00,46.8,46.81,46.79,46.8,1047
"25185",2020-10-05 21:08:00,46.81,46.82,46.79,46.8,2391
"25186",2020-10-05 21:09:00,46.8,46.81,46.79,46.8,5128
"25187",2020-10-05 21:10:00,46.82,46.84,46.82,46.84,3001
"25188",2020-10-05 21:11:00,46.84,46.85,46.84,46.85,1581
"25189",2020-10-05 21:12:00,46.84,46.84,46.84,46.84,1400
"25190",2020-10-05 21:13:00,46.84,46.84,46.83,46.83,1800
"25191",2020-10-05 21:14:00,46.84,46.86,46.84,46.85,821
"25192",2020-10-05 21:15:00,46.85,46.85,46.85,46.85,300
"25193",2020-10-05 21:16:00,46.85,46.85,46.83,46.83,1715
"25194",2020-10-05 21:17:00,46.83,46.85,46.83,46.85,770
"25195",2020-10-05 21:18:00,46.84,46.84,46.82,46.82,981
"25196",2020-10-05 21:19:00,46.83,46.83,46.83,46.83,100
"25197",2020-10-05 21:20:00,46.84,46.84,46.81,46.82,2075
"25198",2020-10-05 21:21:00,46.82,46.83,46.82,46.82,440
"25199",2020-10-05 21:22:00,46.84,46.88,46.84,46.88,1188
"25200",2020-10-05 21:23:00,46.87,46.91,46.87,46.91,1326
"25201",2020-10-05 21:24:00,46.91,46.92,46.9,46.9,1740
"25202",2020-10-05 21:25:00,46.91,46.91,46.91,46.91,3
"25203",2020-10-05 21:26:00,46.91,46.92,46.91,46.92,866
"25204",2020-10-05 21:27:00,46.92,46.92,46.89,46.89,1555
"25205",2020-10-05 21:28:00,46.88,46.88,46.85,46.85,900
"25206",2020-10-05 21:29:00,46.84,46.87,46.84,46.87,1473
"25207",2020-10-05 21:30:00,46.88,46.89,46.88,46.88,368
"25208",2020-10-05 21:31:00,46.89,46.92,46.88,46.92,1982
"25209",2020-10-05 21:32:00,46.91,46.92,46.91,46.92,1255
"25210",2020-10-05 21:33:00,46.92,46.92,46.91,46.91,500
"25211",2020-10-05 21:34:00,46.91,46.92,46.91,46.91,2216
"25212",2020-10-05 21:35:00,46.91,46.92,46.91,46.92,835
"25213",2020-10-05 21:36:00,46.93,46.94,46.93,46.94,1405
"25214",2020-10-05 21:37:00,46.94,46.99,46.94,46.98,6220
"25215",2020-10-05 21:38:00,46.97,47,46.96,47,4812
"25216",2020-10-05 21:39:00,46.98,46.98,46.98,46.98,700
"25217",2020-10-05 21:40:00,46.98,47.01,46.98,47.01,1745
"25218",2020-10-05 21:41:00,47.02,47.05,47.02,47.05,2812
"25219",2020-10-05 21:42:00,47.04,47.04,47.02,47.03,3073
"25220",2020-10-05 21:43:00,47.03,47.05,47.02,47.03,3462
"25221",2020-10-05 21:44:00,47.02,47.03,47.02,47.03,4
"25222",2020-10-05 21:45:00,47.03,47.04,47.02,47.03,3112
"25223",2020-10-05 21:46:00,47.03,47.03,47.03,47.03,210
"25224",2020-10-05 21:47:00,47.03,47.03,47.03,47.03,1
"25225",2020-10-05 21:48:00,47.02,47.02,47,47,2254
"25226",2020-10-05 21:49:00,46.99,47,46.99,47,1028
"25227",2020-10-05 21:50:00,47.01,47.01,47.01,47.01,92
"25228",2020-10-05 21:51:00,47.01,47.06,47.01,47.06,1625
"25229",2020-10-05 21:52:00,47.06,47.06,47.04,47.04,1242
"25230",2020-10-05 21:53:00,47.04,47.04,47.02,47.03,1098
"25231",2020-10-05 21:54:00,47.03,47.06,47.03,47.06,1966
"25232",2020-10-05 21:55:00,47.07,47.08,47.07,47.08,1087
"25233",2020-10-05 21:56:00,47.08,47.08,47.07,47.07,1448
"25234",2020-10-05 21:57:00,47.06,47.08,47.06,47.07,2519
"25235",2020-10-05 21:58:00,47.07,47.07,47.06,47.07,1501
"25236",2020-10-05 21:59:00,47.08,47.14,47.08,47.13,7216
"25237",2020-10-05 22:00:00,47.14,47.2,47.14,47.19,7887
"25238",2020-10-05 22:01:00,47.19,47.19,47.13,47.14,4057
"25239",2020-10-05 22:02:00,47.13,47.16,47.13,47.14,1015
"25240",2020-10-05 22:03:00,47.16,47.16,47.16,47.16,895
"25241",2020-10-05 22:04:00,47.16,47.16,47.16,47.16,101
"25242",2020-10-05 22:05:00,47.16,47.16,47.14,47.15,2747
"25243",2020-10-05 22:06:00,47.15,47.15,47.12,47.13,3997
"25244",2020-10-05 22:07:00,47.13,47.13,47.12,47.13,4377
"25245",2020-10-05 22:08:00,47.14,47.16,47.14,47.15,4207
"25246",2020-10-05 22:09:00,47.15,47.16,47.15,47.16,345
"25247",2020-10-05 22:10:00,47.16,47.17,47.15,47.15,4194
"25248",2020-10-05 22:11:00,47.14,47.14,47.13,47.14,1339
"25249",2020-10-05 22:12:00,47.14,47.16,47.14,47.16,4436
"25250",2020-10-05 22:13:00,47.17,47.17,47.15,47.16,2801
"25251",2020-10-05 22:14:00,47.15,47.16,47.14,47.14,1547
"25252",2020-10-05 22:15:00,47.15,47.18,47.14,47.16,2752
"25253",2020-10-05 22:16:00,47.16,47.19,47.16,47.18,3777
"25254",2020-10-05 22:17:00,47.18,47.2,47.18,47.2,1118
"25255",2020-10-05 22:18:00,47.19,47.19,47.18,47.19,2871
"25256",2020-10-05 22:19:00,47.18,47.18,47.16,47.18,2061
"25257",2020-10-05 22:20:00,47.18,47.19,47.17,47.19,1708
"25258",2020-10-05 22:21:00,47.2,47.22,47.2,47.2,4685
"25259",2020-10-05 22:22:00,47.22,47.22,47.2,47.22,3643
"25260",2020-10-05 22:23:00,47.23,47.26,47.23,47.26,7219
"25261",2020-10-05 22:24:00,47.26,47.28,47.24,47.28,6010
"25262",2020-10-05 22:25:00,47.28,47.32,47.27,47.29,5657
"25263",2020-10-05 22:26:00,47.29,47.3,47.29,47.29,1990
"25264",2020-10-05 22:27:00,47.3,47.33,47.3,47.31,1813
"25265",2020-10-05 22:28:00,47.31,47.33,47.31,47.33,502
"25266",2020-10-05 22:29:00,47.33,47.34,47.33,47.33,2950
"25267",2020-10-05 22:30:00,47.33,47.33,47.3,47.32,12295
"25268",2020-10-05 22:31:00,47.32,47.32,47.3,47.31,3752
"25269",2020-10-05 22:32:00,47.32,47.37,47.32,47.37,4087
"25270",2020-10-05 22:33:00,47.38,47.42,47.38,47.42,9122
"25271",2020-10-05 22:34:00,47.42,47.42,47.38,47.39,3389
"25272",2020-10-05 22:35:00,47.38,47.39,47.36,47.37,4838
"25273",2020-10-05 22:36:00,47.38,47.39,47.36,47.38,3853
"25274",2020-10-05 22:37:00,47.38,47.41,47.37,47.41,2877
"25275",2020-10-05 22:38:00,47.42,47.45,47.41,47.45,1804
"25276",2020-10-05 22:39:00,47.45,47.49,47.45,47.46,7385
"25277",2020-10-05 22:40:00,47.46,47.48,47.43,47.45,7126
"25278",2020-10-05 22:41:00,47.47,47.49,47.46,47.46,3564
"25279",2020-10-05 22:42:00,47.46,47.46,47.43,47.43,5170
"25280",2020-10-05 22:43:00,47.43,47.43,47.41,47.41,7484
"25281",2020-10-05 22:44:00,47.42,47.42,47.39,47.39,5340
"25282",2020-10-05 22:45:00,47.39,47.4,47.38,47.4,3122
"25283",2020-10-05 22:46:00,47.41,47.41,47.4,47.4,3902
"25284",2020-10-05 22:47:00,47.4,47.42,47.4,47.42,842
"25285",2020-10-05 22:48:00,47.41,47.43,47.41,47.42,4604
"25286",2020-10-05 22:49:00,47.42,47.42,47.38,47.38,5633
"25287",2020-10-05 22:50:00,47.38,47.39,47.36,47.39,2817
"25288",2020-10-05 22:51:00,47.39,47.43,47.39,47.42,12888
"25289",2020-10-05 22:52:00,47.41,47.41,47.4,47.41,11868
"25290",2020-10-05 22:53:00,47.4,47.41,47.39,47.39,6419
"25291",2020-10-05 22:54:00,47.39,47.39,47.34,47.39,10458
"25292",2020-10-05 22:55:00,47.39,47.39,47.34,47.38,20910
"25293",2020-10-05 22:56:00,47.38,47.39,47.36,47.36,4624
"25294",2020-10-05 22:57:00,47.36,47.36,47.3,47.31,8579
"25295",2020-10-05 22:58:00,47.3,47.39,47.3,47.38,13233
"25296",2020-10-05 22:59:00,47.38,47.4,47.37,47.38,5361
"25297",2020-10-05 23:00:00,47.38,47.38,47.26,47.31,32635
"25298",2020-10-05 23:01:00,47.28,47.29,47.28,47.29,45
"25299",2020-10-05 23:02:00,47.4,47.4,47.29,47.29,5
"25300",2020-10-05 23:03:00,47.31,47.31,47.31,47.31,1920
"25301",2020-10-05 23:04:00,47.25,47.25,47.25,47.25,13
"25302",2020-10-05 23:05:00,47.25,47.26,47.25,47.26,14
"25303",2020-10-05 23:06:00,47.08,47.08,47.08,47.08,10
"25304",2020-10-05 23:17:00,47.06,47.06,47.06,47.06,7
"25305",2020-10-05 23:25:00,47.16,47.16,47.16,47.16,2
"25306",2020-10-05 23:30:00,47.16,47.16,47.16,47.16,1
"25307",2020-10-05 23:33:00,47.31,47.31,47.31,47.31,1
"25308",2020-10-05 23:38:00,47.25,47.25,47.25,47.25,1
"25309",2020-10-05 23:50:00,47.21,47.21,47.21,47.21,500
"25310",2020-10-05 23:51:00,47.15,47.15,47.15,47.15,11
"25311",2020-10-06 00:00:00,47.21,47.21,47.21,47.21,6
"25312",2020-10-06 00:06:00,47.2,47.2,47.2,47.2,1
"25313",2020-10-06 00:07:00,47.2,47.2,47.2,47.2,2
"25314",2020-10-06 00:08:00,47.2,47.2,47.2,47.2,4
"25315",2020-10-06 00:09:00,47.2,47.2,47.2,47.2,1
"25316",2020-10-06 00:10:00,47.2,47.2,47.2,47.2,10
"25317",2020-10-06 00:11:00,47.2,47.2,47.2,47.2,1
"25318",2020-10-06 00:12:00,47.2,47.2,47.2,47.2,22
"25319",2020-10-06 00:17:00,47.28,47.28,47.28,47.28,1
"25320",2020-10-06 00:18:00,47.3,47.3,47.3,47.3,1
"25321",2020-10-06 00:20:00,47.22,47.22,47.22,47.22,1
"25322",2020-10-06 00:33:00,47.22,47.22,47.22,47.22,1
"25323",2020-10-06 00:34:00,47.31,47.31,47.31,47.31,1
"25324",2020-10-06 00:43:00,47.31,47.31,47.31,47.31,11
"25325",2020-10-06 00:51:00,47.31,47.39,47.31,47.39,2
"25326",2020-10-06 00:53:00,47.35,47.35,47.35,47.35,400
"25327",2020-10-06 00:58:00,47.35,47.35,47.35,47.35,1
"25328",2020-10-06 01:06:00,47.25,47.25,47.25,47.25,4
"25329",2020-10-06 01:07:00,47.39,47.39,47.39,47.39,1
"25330",2020-10-06 01:08:00,47.24,47.24,47.23,47.23,6
"25331",2020-10-06 01:09:00,47.22,47.24,47.22,47.24,21
"25332",2020-10-06 01:33:00,47.22,47.22,47.22,47.22,2
"25333",2020-10-06 01:36:00,47.22,47.22,47.22,47.22,4
"25334",2020-10-06 10:02:00,47.36,47.36,47.36,47.36,1
"25335",2020-10-06 10:03:00,47.5,47.5,47.5,47.5,1
"25336",2020-10-06 10:04:00,47.39,47.39,47.39,47.39,1
"25337",2020-10-06 10:05:00,47.19,47.39,47.19,47.39,3
"25338",2020-10-06 10:06:00,47.4,47.4,47.4,47.4,1
"25339",2020-10-06 10:08:00,47.4,47.4,47.4,47.4,1
"25340",2020-10-06 10:12:00,47.35,47.35,47.35,47.35,46
"25341",2020-10-06 10:13:00,47.32,47.32,47.32,47.32,5
"25342",2020-10-06 10:15:00,47.21,47.21,47.21,47.21,1
"25343",2020-10-06 10:17:00,47.25,47.27,47.25,47.27,2
"25344",2020-10-06 10:19:00,47.27,47.27,47.27,47.27,2
"25345",2020-10-06 10:21:00,47.29,47.29,47.29,47.29,5
"25346",2020-10-06 10:22:00,47.21,47.21,47.21,47.21,2
"25347",2020-10-06 10:24:00,47.2,47.2,47.2,47.2,2
"25348",2020-10-06 10:25:00,47.2,47.2,47.2,47.2,5
"25349",2020-10-06 10:26:00,47.2,47.2,47.2,47.2,1
"25350",2020-10-06 10:27:00,47.2,47.21,47.2,47.21,3
"25351",2020-10-06 10:30:00,47.21,47.21,47.21,47.21,11
"25352",2020-10-06 10:31:00,47.12,47.12,47.12,47.12,1
"25353",2020-10-06 10:34:00,47.17,47.17,47.17,47.17,1
"25354",2020-10-06 10:37:00,47.17,47.17,47.17,47.17,1
"25355",2020-10-06 10:38:00,47.17,47.17,47.17,47.17,2
"25356",2020-10-06 10:40:00,47.17,47.17,47.16,47.16,22
"25357",2020-10-06 10:45:00,47.16,47.16,47.16,47.16,20
"25358",2020-10-06 10:46:00,47.16,47.16,47.16,47.16,10
"25359",2020-10-06 10:48:00,47.11,47.11,47.11,47.11,10
"25360",2020-10-06 10:49:00,47.11,47.11,47.11,47.11,30
"25361",2020-10-06 10:50:00,47.12,47.12,47.12,47.12,10
"25362",2020-10-06 10:52:00,47.11,47.29,47.09,47.09,320
"25363",2020-10-06 10:53:00,47.09,47.09,47.09,47.09,15
"25364",2020-10-06 10:54:00,47.09,47.09,47.09,47.09,10
"25365",2020-10-06 10:55:00,47.28,47.29,47.28,47.29,30
"25366",2020-10-06 11:02:00,47.12,47.12,47.12,47.12,10
"25367",2020-10-06 11:03:00,47.12,47.12,47.12,47.12,2
"25368",2020-10-06 11:05:00,47.26,47.26,47.26,47.26,5
"25369",2020-10-06 11:06:00,47.26,47.26,47.26,47.26,6
"25370",2020-10-06 11:07:00,47.26,47.26,47.26,47.26,200
"25371",2020-10-06 11:08:00,47.26,47.26,47.26,47.26,62
"25372",2020-10-06 11:11:00,47.22,47.22,47.15,47.15,101
"25373",2020-10-06 11:13:00,47.13,47.13,47.13,47.13,3
"25374",2020-10-06 11:18:00,47.16,47.16,47.16,47.16,2
"25375",2020-10-06 11:20:00,47.16,47.16,47.16,47.16,1
"25376",2020-10-06 11:31:00,47.16,47.16,47.15,47.15,2
"25377",2020-10-06 11:32:00,47.15,47.15,47.15,47.15,1
"25378",2020-10-06 11:33:00,47.16,47.16,47.16,47.16,1
"25379",2020-10-06 11:37:00,47.26,47.26,47.26,47.26,5
"25380",2020-10-06 11:44:00,47.15,47.15,47.15,47.15,16
"25381",2020-10-06 11:45:00,47.2,47.2,47.2,47.2,1
"25382",2020-10-06 11:55:00,47.27,47.27,47.27,47.27,30
"25383",2020-10-06 12:01:00,47.2,47.2,47.2,47.2,37
"25384",2020-10-06 12:02:00,47.27,47.27,47.27,47.27,1
"25385",2020-10-06 12:03:00,47.27,47.27,47.27,47.27,1
"25386",2020-10-06 12:45:00,47.26,47.26,47.26,47.26,38
"25387",2020-10-06 12:49:00,47.25,47.25,47.25,47.25,10
"25388",2020-10-06 12:53:00,47.27,47.27,47.27,47.27,1
"25389",2020-10-06 12:54:00,47.27,47.27,47.27,47.27,5
"25390",2020-10-06 13:08:00,47.26,47.26,47.26,47.26,1
"25391",2020-10-06 13:20:00,47.24,47.24,47.24,47.24,2
"25392",2020-10-06 13:28:00,47.18,47.18,47.16,47.16,105
"25393",2020-10-06 13:39:00,47.12,47.12,47.12,47.12,5
"25394",2020-10-06 13:40:00,47.12,47.12,47.12,47.12,5
"25395",2020-10-06 13:42:00,47.1,47.1,47.1,47.1,1
"25396",2020-10-06 13:43:00,47.1,47.1,47.05,47.1,16
"25397",2020-10-06 13:49:00,47.1,47.1,47.1,47.1,2
"25398",2020-10-06 13:59:00,47.05,47.05,47.05,47.05,1
"25399",2020-10-06 14:01:00,47.1,47.27,47.1,47.27,58
"25400",2020-10-06 14:02:00,47.26,47.27,47.26,47.27,20
"25401",2020-10-06 14:03:00,47.26,47.27,47.26,47.27,8
"25402",2020-10-06 14:04:00,47.27,47.27,47.27,47.27,11
"25403",2020-10-06 14:05:00,47.31,47.31,47.31,47.31,1
"25404",2020-10-06 14:06:00,47.3,47.31,47.3,47.31,11
"25405",2020-10-06 14:07:00,47.21,47.21,47.21,47.21,11
"25406",2020-10-06 14:08:00,47.25,47.31,47.25,47.31,62
"25407",2020-10-06 14:09:00,47.17,47.17,47.17,47.17,1
"25408",2020-10-06 14:10:00,47.31,47.31,47.31,47.31,22
"25409",2020-10-06 14:11:00,47.3,47.3,47.3,47.3,10
"25410",2020-10-06 14:16:00,47.31,47.31,47.31,47.31,2
"25411",2020-10-06 14:17:00,47.2,47.2,47.2,47.2,2
"25412",2020-10-06 14:25:00,47.19,47.19,47.19,47.19,1
"25413",2020-10-06 14:27:00,47.3,47.32,47.2,47.2,12
"25414",2020-10-06 14:28:00,47.19,47.3,47.17,47.3,25
"25415",2020-10-06 14:33:00,47.17,47.17,47.17,47.17,3
"25416",2020-10-06 14:40:00,47.2,47.2,47.17,47.17,3
"25417",2020-10-06 14:43:00,47.2,47.2,47.2,47.2,5
"25418",2020-10-06 14:44:00,47.2,47.35,47.2,47.35,234
"25419",2020-10-06 14:45:00,47.32,47.35,47.32,47.35,3
"25420",2020-10-06 14:47:00,47.29,47.29,47.22,47.22,11
"25421",2020-10-06 14:48:00,47.39,47.39,47.3,47.3,2
"25422",2020-10-06 14:49:00,47.23,47.23,47.23,47.23,5
"25423",2020-10-06 14:51:00,47.25,47.25,47.25,47.25,1
"25424",2020-10-06 14:57:00,47.31,47.31,47.31,47.31,27
"25425",2020-10-06 15:01:00,47.36,47.36,47.21,47.36,3
"25426",2020-10-06 15:03:00,47.36,47.36,47.36,47.36,1
"25427",2020-10-06 15:04:00,47.36,47.36,47.31,47.31,39
"25428",2020-10-06 15:05:00,47.21,47.21,47.21,47.21,1
"25429",2020-10-06 15:06:00,47.25,47.31,47.25,47.31,14
"25430",2020-10-06 15:09:00,47.23,47.23,47.23,47.23,1
"25431",2020-10-06 15:13:00,47.23,47.23,47.22,47.22,2
"25432",2020-10-06 15:14:00,47.22,47.22,47.22,47.22,2
"25433",2020-10-06 15:17:00,47.22,47.22,47.22,47.22,1
"25434",2020-10-06 15:18:00,47.2,47.3,47.2,47.3,29
"25435",2020-10-06 15:23:00,47.33,47.33,47.33,47.33,1
"25436",2020-10-06 15:26:00,47.32,47.33,47.32,47.33,30
"25437",2020-10-06 15:27:00,47.33,47.33,47.33,47.33,2
"25438",2020-10-06 15:29:00,47.2,47.2,47.2,47.2,1
"25439",2020-10-06 15:36:00,47.3,47.3,47.3,47.3,2
"25440",2020-10-06 15:39:00,47.3,47.3,47.3,47.3,14
"25441",2020-10-06 15:46:00,47.23,47.23,47.23,47.23,1
"25442",2020-10-06 15:50:00,47.23,47.23,47.22,47.22,2
"25443",2020-10-06 15:51:00,47.23,47.23,47.19,47.19,101
"25444",2020-10-06 15:52:00,47.25,47.25,47.25,47.25,770
"25445",2020-10-06 15:53:00,47.25,47.25,47.25,47.25,2
"25446",2020-10-06 15:54:00,47.25,47.25,47.25,47.25,123
"25447",2020-10-06 15:55:00,47.25,47.25,47.22,47.22,34
"25448",2020-10-06 15:58:00,47.25,47.3,47.25,47.3,300
"25449",2020-10-06 15:59:00,47.29,47.29,47.24,47.24,19
"25450",2020-10-06 16:01:00,47.25,47.25,47.25,47.25,4
"25451",2020-10-06 16:02:00,47.25,47.25,47.25,47.25,3
"25452",2020-10-06 16:04:00,47.28,47.28,47.28,47.28,1
"25453",2020-10-06 16:07:00,47.28,47.28,47.28,47.28,5
"25454",2020-10-06 16:09:00,47.22,47.28,47.22,47.28,11
"25455",2020-10-06 16:10:00,47.28,47.28,47.28,47.28,1
"25456",2020-10-06 16:14:00,47.25,47.25,47.25,47.25,1
"25457",2020-10-06 16:15:00,47.23,47.23,47.23,47.23,3
"25458",2020-10-06 16:20:00,47.22,47.22,47.22,47.22,10
"25459",2020-10-06 16:24:00,47.24,47.24,47.2,47.2,14
"25460",2020-10-06 16:26:00,47.24,47.24,47.24,47.24,52
"25461",2020-10-06 16:27:00,47.24,47.24,47.22,47.22,3
"25462",2020-10-06 16:28:00,47.21,47.22,47.21,47.22,601
"25463",2020-10-06 16:29:00,47.2,47.21,47.15,47.21,51
"25464",2020-10-06 16:30:00,47.15,47.33,47.15,47.33,4386
"25465",2020-10-06 16:31:00,47.21,47.27,47.21,47.26,1163
"25466",2020-10-06 16:32:00,47.27,47.3,47.27,47.27,1379
"25467",2020-10-06 16:33:00,47.27,47.3,47.22,47.22,1698
"25468",2020-10-06 16:34:00,47.23,47.23,47.03,47.17,10855
"25469",2020-10-06 16:35:00,47.16,47.27,47.14,47.21,8044
"25470",2020-10-06 16:36:00,47.25,47.3,47.23,47.25,4153
"25471",2020-10-06 16:37:00,47.23,47.27,47.1,47.1,7400
"25472",2020-10-06 16:38:00,47.11,47.15,47.06,47.14,2750
"25473",2020-10-06 16:39:00,47.12,47.16,47.12,47.16,3260
"25474",2020-10-06 16:40:00,47.15,47.15,47.03,47.1,5699
"25475",2020-10-06 16:41:00,47.09,47.09,47,47.01,9153
"25476",2020-10-06 16:42:00,47.02,47.07,46.91,46.99,4610
"25477",2020-10-06 16:43:00,46.99,47,46.93,46.97,4171
"25478",2020-10-06 16:44:00,46.96,47.15,46.93,47.15,5503
"25479",2020-10-06 16:45:00,47.15,47.28,47.15,47.24,15415
"25480",2020-10-06 16:46:00,47.26,47.29,47.23,47.27,9881
"25481",2020-10-06 16:47:00,47.27,47.27,47.16,47.25,4179
"25482",2020-10-06 16:48:00,47.27,47.31,47.19,47.21,11762
"25483",2020-10-06 16:49:00,47.18,47.24,47.17,47.23,3429
"25484",2020-10-06 16:50:00,47.23,47.3,47.2,47.28,3616
"25485",2020-10-06 16:51:00,47.27,47.28,47.23,47.23,2768
"25486",2020-10-06 16:52:00,47.28,47.3,47.24,47.3,2609
"25487",2020-10-06 16:53:00,47.28,47.3,47.28,47.28,2478
"25488",2020-10-06 16:54:00,47.29,47.35,47.26,47.26,6084
"25489",2020-10-06 16:55:00,47.27,47.31,47.27,47.28,2057
"25490",2020-10-06 16:56:00,47.31,47.35,47.3,47.35,3416
"25491",2020-10-06 16:57:00,47.36,47.46,47.36,47.46,5441
"25492",2020-10-06 16:58:00,47.47,47.48,47.46,47.47,5821
"25493",2020-10-06 16:59:00,47.46,47.57,47.46,47.57,8918
"25494",2020-10-06 17:00:00,47.56,47.61,47.55,47.6,5783
"25495",2020-10-06 17:01:00,47.6,47.66,47.59,47.65,4054
"25496",2020-10-06 17:02:00,47.66,47.75,47.66,47.75,5900
"25497",2020-10-06 17:03:00,47.75,47.76,47.74,47.76,2242
"25498",2020-10-06 17:04:00,47.77,47.82,47.76,47.8,6422
"25499",2020-10-06 17:05:00,47.8,47.87,47.79,47.82,3176
"25500",2020-10-06 17:06:00,47.85,47.85,47.73,47.73,3831
"25501",2020-10-06 17:07:00,47.73,47.75,47.72,47.72,1736
"25502",2020-10-06 17:08:00,47.71,47.71,47.66,47.71,4176
"25503",2020-10-06 17:09:00,47.72,47.72,47.63,47.68,8845
"25504",2020-10-06 17:10:00,47.67,47.67,47.64,47.66,2209
"25505",2020-10-06 17:11:00,47.65,47.68,47.6,47.68,2764
"25506",2020-10-06 17:12:00,47.68,47.7,47.66,47.68,755
"25507",2020-10-06 17:13:00,47.7,47.72,47.64,47.65,1995
"25508",2020-10-06 17:14:00,47.64,47.64,47.59,47.6,2206
"25509",2020-10-06 17:15:00,47.63,47.64,47.62,47.62,2489
"25510",2020-10-06 17:16:00,47.6,47.6,47.54,47.56,2083
"25511",2020-10-06 17:17:00,47.55,47.55,47.54,47.55,687
"25512",2020-10-06 17:18:00,47.55,47.57,47.55,47.57,2543
"25513",2020-10-06 17:19:00,47.58,47.6,47.56,47.59,2601
"25514",2020-10-06 17:20:00,47.58,47.66,47.58,47.66,4215
"25515",2020-10-06 17:21:00,47.67,47.67,47.58,47.58,9737
"25516",2020-10-06 17:22:00,47.59,47.59,47.53,47.53,680
"25517",2020-10-06 17:23:00,47.52,47.52,47.43,47.45,4389
"25518",2020-10-06 17:24:00,47.45,47.46,47.35,47.42,10081
"25519",2020-10-06 17:25:00,47.42,47.42,47.33,47.38,4180
"25520",2020-10-06 17:26:00,47.38,47.39,47.34,47.38,3583
"25521",2020-10-06 17:27:00,47.39,47.46,47.38,47.44,2558
"25522",2020-10-06 17:28:00,47.45,47.45,47.44,47.44,2004
"25523",2020-10-06 17:29:00,47.43,47.47,47.43,47.47,1670
"25524",2020-10-06 17:30:00,47.47,47.58,47.47,47.53,7650
"25525",2020-10-06 17:31:00,47.53,47.53,47.48,47.48,3318
"25526",2020-10-06 17:32:00,47.5,47.5,47.46,47.47,1529
"25527",2020-10-06 17:33:00,47.45,47.45,47.38,47.38,1455
"25528",2020-10-06 17:34:00,47.41,47.44,47.41,47.42,1577
"25529",2020-10-06 17:35:00,47.42,47.5,47.42,47.5,1609
"25530",2020-10-06 17:36:00,47.5,47.54,47.5,47.54,2702
"25531",2020-10-06 17:37:00,47.56,47.56,47.5,47.5,1747
"25532",2020-10-06 17:38:00,47.49,47.51,47.47,47.5,2169
"25533",2020-10-06 17:39:00,47.52,47.52,47.49,47.5,974
"25534",2020-10-06 17:40:00,47.49,47.49,47.45,47.45,689
"25535",2020-10-06 17:41:00,47.44,47.5,47.44,47.46,3992
"25536",2020-10-06 17:42:00,47.46,47.47,47.46,47.47,1405
"25537",2020-10-06 17:43:00,47.47,47.48,47.45,47.45,1653
"25538",2020-10-06 17:44:00,47.46,47.46,47.3,47.35,4582
"25539",2020-10-06 17:45:00,47.35,47.36,47.27,47.34,3641
"25540",2020-10-06 17:46:00,47.36,47.37,47.32,47.35,4689
"25541",2020-10-06 17:47:00,47.37,47.37,47.34,47.35,2263
"25542",2020-10-06 17:48:00,47.34,47.4,47.34,47.4,1457
"25543",2020-10-06 17:49:00,47.4,47.41,47.38,47.41,2066
"25544",2020-10-06 17:50:00,47.42,47.42,47.39,47.41,2208
"25545",2020-10-06 17:51:00,47.42,47.51,47.42,47.5,4804
"25546",2020-10-06 17:52:00,47.51,47.54,47.51,47.52,1826
"25547",2020-10-06 17:53:00,47.52,47.52,47.49,47.51,2057
"25548",2020-10-06 17:54:00,47.5,47.53,47.48,47.51,1717
"25549",2020-10-06 17:55:00,47.51,47.51,47.45,47.45,1706
"25550",2020-10-06 17:56:00,47.44,47.45,47.43,47.44,1152
"25551",2020-10-06 17:57:00,47.44,47.44,47.42,47.43,4386
"25552",2020-10-06 17:58:00,47.42,47.42,47.4,47.4,1702
"25553",2020-10-06 17:59:00,47.4,47.42,47.38,47.38,4165
"25554",2020-10-06 18:00:00,47.4,47.41,47.37,47.37,2289
"25555",2020-10-06 18:01:00,47.38,47.4,47.35,47.37,3114
"25556",2020-10-06 18:02:00,47.38,47.41,47.38,47.39,3444
"25557",2020-10-06 18:03:00,47.38,47.38,47.35,47.35,927
"25558",2020-10-06 18:04:00,47.36,47.37,47.35,47.35,1010
"25559",2020-10-06 18:05:00,47.34,47.34,47.21,47.26,7042
"25560",2020-10-06 18:06:00,47.25,47.26,47.17,47.2,3704
"25561",2020-10-06 18:07:00,47.2,47.22,47.2,47.21,1652
"25562",2020-10-06 18:08:00,47.21,47.21,47.13,47.14,3022
"25563",2020-10-06 18:09:00,47.14,47.16,47.13,47.14,823
"25564",2020-10-06 18:10:00,47.13,47.14,47.11,47.11,956
"25565",2020-10-06 18:11:00,47.11,47.11,47.04,47.08,2838
"25566",2020-10-06 18:12:00,47.07,47.11,47.04,47.1,3202
"25567",2020-10-06 18:13:00,47.1,47.14,47.1,47.12,1901
"25568",2020-10-06 18:14:00,47.12,47.15,47.08,47.08,2699
"25569",2020-10-06 18:15:00,47.09,47.11,47.07,47.09,1541
"25570",2020-10-06 18:16:00,47.09,47.09,47.06,47.07,737
"25571",2020-10-06 18:17:00,47.07,47.08,47.04,47.05,6012
"25572",2020-10-06 18:18:00,47.04,47.04,46.98,46.99,6162
"25573",2020-10-06 18:19:00,46.98,46.98,46.92,46.96,4289
"25574",2020-10-06 18:20:00,46.94,46.96,46.91,46.91,2275
"25575",2020-10-06 18:21:00,46.9,46.9,46.81,46.89,14060
"25576",2020-10-06 18:22:00,46.86,46.89,46.84,46.86,3818
"25577",2020-10-06 18:23:00,46.86,46.87,46.8,46.8,944
"25578",2020-10-06 18:24:00,46.8,46.82,46.79,46.81,5668
"25579",2020-10-06 18:25:00,46.78,46.8,46.72,46.73,6570
"25580",2020-10-06 18:26:00,46.72,46.73,46.64,46.65,8901
"25581",2020-10-06 18:27:00,46.66,46.69,46.63,46.69,12014
"25582",2020-10-06 18:28:00,46.7,46.7,46.62,46.62,7700
"25583",2020-10-06 18:29:00,46.62,46.7,46.61,46.68,8547
"25584",2020-10-06 18:30:00,46.69,46.74,46.68,46.72,4317
"25585",2020-10-06 18:31:00,46.71,46.71,46.66,46.69,4118
"25586",2020-10-06 18:32:00,46.68,46.69,46.65,46.68,3519
"25587",2020-10-06 18:33:00,46.69,46.72,46.69,46.7,3523
"25588",2020-10-06 18:34:00,46.68,46.69,46.56,46.57,11208
"25589",2020-10-06 18:35:00,46.57,46.62,46.57,46.6,11556
"25590",2020-10-06 18:36:00,46.6,46.67,46.59,46.65,7906
"25591",2020-10-06 18:37:00,46.64,46.64,46.55,46.56,4862
"25592",2020-10-06 18:38:00,46.55,46.61,46.54,46.6,6692
"25593",2020-10-06 18:39:00,46.6,46.65,46.58,46.64,3789
"25594",2020-10-06 18:40:00,46.65,46.68,46.65,46.66,3593
"25595",2020-10-06 18:41:00,46.66,46.72,46.66,46.72,7943
"25596",2020-10-06 18:42:00,46.71,46.71,46.68,46.68,2827
"25597",2020-10-06 18:43:00,46.65,46.66,46.62,46.62,2948
"25598",2020-10-06 18:44:00,46.62,46.69,46.62,46.68,6672
"25599",2020-10-06 18:45:00,46.69,46.71,46.68,46.71,3322
"25600",2020-10-06 18:46:00,46.71,46.72,46.66,46.68,2645
"25601",2020-10-06 18:47:00,46.67,46.67,46.58,46.59,9554
"25602",2020-10-06 18:48:00,46.59,46.59,46.53,46.53,7855
"25603",2020-10-06 18:49:00,46.51,46.54,46.49,46.54,7401
"25604",2020-10-06 18:50:00,46.53,46.54,46.5,46.5,4629
"25605",2020-10-06 18:51:00,46.49,46.49,46.42,46.43,9144
"25606",2020-10-06 18:52:00,46.44,46.44,46.4,46.4,3393
"25607",2020-10-06 18:53:00,46.4,46.4,46.37,46.4,7925
"25608",2020-10-06 18:54:00,46.41,46.45,46.41,46.44,7706
"25609",2020-10-06 18:55:00,46.45,46.48,46.43,46.44,5504
"25610",2020-10-06 18:56:00,46.44,46.44,46.4,46.44,3215
"25611",2020-10-06 18:57:00,46.45,46.46,46.42,46.42,4708
"25612",2020-10-06 18:58:00,46.42,46.44,46.4,46.44,6729
"25613",2020-10-06 18:59:00,46.44,46.46,46.44,46.46,1504
"25614",2020-10-06 19:00:00,46.45,46.46,46.38,46.38,3533
"25615",2020-10-06 19:01:00,46.37,46.42,46.36,46.41,7842
"25616",2020-10-06 19:02:00,46.42,46.51,46.42,46.51,10372
"25617",2020-10-06 19:03:00,46.5,46.5,46.44,46.44,3676
"25618",2020-10-06 19:04:00,46.43,46.51,46.43,46.51,10017
"25619",2020-10-06 19:05:00,46.5,46.5,46.45,46.46,3542
"25620",2020-10-06 19:06:00,46.45,46.45,46.42,46.43,6575
"25621",2020-10-06 19:07:00,46.44,46.52,46.44,46.52,8548
"25622",2020-10-06 19:08:00,46.53,46.59,46.51,46.56,12376
"25623",2020-10-06 19:09:00,46.56,46.57,46.52,46.53,2320
"25624",2020-10-06 19:10:00,46.54,46.54,46.52,46.54,4300
"25625",2020-10-06 19:11:00,46.54,46.54,46.49,46.49,6730
"25626",2020-10-06 19:12:00,46.49,46.49,46.4,46.4,8208
"25627",2020-10-06 19:13:00,46.4,46.4,46.27,46.29,25701
"25628",2020-10-06 19:14:00,46.3,46.34,46.3,46.3,13540
"25629",2020-10-06 19:15:00,46.29,46.3,46.26,46.3,8863
"25630",2020-10-06 19:16:00,46.29,46.31,46.26,46.29,6721
"25631",2020-10-06 19:17:00,46.3,46.32,46.29,46.32,7596
"25632",2020-10-06 19:18:00,46.32,46.37,46.31,46.35,6557
"25633",2020-10-06 19:19:00,46.36,46.43,46.36,46.43,6714
"25634",2020-10-06 19:20:00,46.45,46.53,46.45,46.53,5458
"25635",2020-10-06 19:21:00,46.53,46.57,46.52,46.57,5419
"25636",2020-10-06 19:22:00,46.56,46.56,46.52,46.55,2384
"25637",2020-10-06 19:23:00,46.56,46.58,46.55,46.57,5110
"25638",2020-10-06 19:24:00,46.58,46.6,46.58,46.58,6430
"25639",2020-10-06 19:25:00,46.57,46.57,46.5,46.51,2479
"25640",2020-10-06 19:26:00,46.52,46.52,46.48,46.5,7609
"25641",2020-10-06 19:27:00,46.49,46.49,46.43,46.44,4520
"25642",2020-10-06 19:28:00,46.44,46.48,46.44,46.48,3125
"25643",2020-10-06 19:29:00,46.48,46.54,46.48,46.53,7334
"25644",2020-10-06 19:30:00,46.53,46.54,46.49,46.5,1734
"25645",2020-10-06 19:31:00,46.5,46.5,46.46,46.48,2917
"25646",2020-10-06 19:32:00,46.45,46.45,46.36,46.37,5515
"25647",2020-10-06 19:33:00,46.38,46.38,46.34,46.37,5658
"25648",2020-10-06 19:34:00,46.36,46.38,46.34,46.34,2325
"25649",2020-10-06 19:35:00,46.34,46.34,46.33,46.34,2753
"25650",2020-10-06 19:36:00,46.35,46.38,46.35,46.38,4719
"25651",2020-10-06 19:37:00,46.38,46.39,46.37,46.38,4207
"25652",2020-10-06 19:38:00,46.38,46.4,46.38,46.39,7424
"25653",2020-10-06 19:39:00,46.38,46.42,46.38,46.41,3087
"25654",2020-10-06 19:40:00,46.4,46.4,46.33,46.34,6544
"25655",2020-10-06 19:41:00,46.34,46.34,46.3,46.3,2346
"25656",2020-10-06 19:42:00,46.3,46.32,46.26,46.32,11785
"25657",2020-10-06 19:43:00,46.32,46.38,46.32,46.38,5559
"25658",2020-10-06 19:44:00,46.38,46.38,46.36,46.36,900
"25659",2020-10-06 19:45:00,46.36,46.36,46.33,46.34,3111
"25660",2020-10-06 19:46:00,46.34,46.38,46.34,46.35,8021
"25661",2020-10-06 19:47:00,46.35,46.37,46.32,46.32,3039
"25662",2020-10-06 19:48:00,46.32,46.32,46.31,46.31,2484
"25663",2020-10-06 19:49:00,46.32,46.36,46.32,46.34,6969
"25664",2020-10-06 19:50:00,46.35,46.36,46.34,46.34,1948
"25665",2020-10-06 19:51:00,46.35,46.38,46.35,46.38,6040
"25666",2020-10-06 19:52:00,46.38,46.38,46.31,46.31,5320
"25667",2020-10-06 19:53:00,46.31,46.32,46.3,46.3,2929
"25668",2020-10-06 19:54:00,46.3,46.36,46.3,46.32,11095
"25669",2020-10-06 19:55:00,46.32,46.32,46.3,46.3,2743
"25670",2020-10-06 19:56:00,46.3,46.3,46.26,46.27,4180
"25671",2020-10-06 19:57:00,46.27,46.27,46.23,46.24,10754
"25672",2020-10-06 19:58:00,46.23,46.24,46.2,46.22,12787
"25673",2020-10-06 19:59:00,46.22,46.22,46.19,46.2,2603
"25674",2020-10-06 20:00:00,46.2,46.22,46.2,46.22,3993
"25675",2020-10-06 20:01:00,46.22,46.32,46.22,46.32,9602
"25676",2020-10-06 20:02:00,46.32,46.32,46.3,46.31,1977
"25677",2020-10-06 20:03:00,46.32,46.43,46.32,46.42,9574
"25678",2020-10-06 20:04:00,46.42,46.48,46.42,46.48,5313
"25679",2020-10-06 20:05:00,46.48,46.5,46.4,46.42,8485
"25680",2020-10-06 20:06:00,46.43,46.44,46.43,46.44,1861
"25681",2020-10-06 20:07:00,46.45,46.47,46.45,46.47,2021
"25682",2020-10-06 20:08:00,46.46,46.47,46.46,46.46,1740
"25683",2020-10-06 20:09:00,46.45,46.48,46.41,46.46,13019
"25684",2020-10-06 20:10:00,46.47,46.5,46.46,46.5,3617
"25685",2020-10-06 20:11:00,46.53,46.54,46.51,46.52,3539
"25686",2020-10-06 20:12:00,46.52,46.53,46.51,46.53,1102
"25687",2020-10-06 20:13:00,46.52,46.52,46.46,46.48,8200
"25688",2020-10-06 20:14:00,46.48,46.48,46.45,46.45,3216
"25689",2020-10-06 20:15:00,46.44,46.44,46.37,46.38,5085
"25690",2020-10-06 20:16:00,46.38,46.42,46.36,46.37,17191
"25691",2020-10-06 20:17:00,46.38,46.45,46.38,46.42,6648
"25692",2020-10-06 20:18:00,46.4,46.4,46.38,46.39,4052
"25693",2020-10-06 20:19:00,46.39,46.45,46.39,46.44,5684
"25694",2020-10-06 20:20:00,46.43,46.43,46.34,46.34,2318
"25695",2020-10-06 20:21:00,46.33,46.34,46.32,46.34,4855
"25696",2020-10-06 20:22:00,46.34,46.36,46.33,46.33,7623
"25697",2020-10-06 20:23:00,46.34,46.38,46.34,46.38,7957
"25698",2020-10-06 20:24:00,46.36,46.39,46.36,46.38,819
"25699",2020-10-06 20:25:00,46.38,46.38,46.29,46.29,2211
"25700",2020-10-06 20:26:00,46.28,46.3,46.28,46.3,5047
"25701",2020-10-06 20:27:00,46.3,46.34,46.3,46.31,9289
"25702",2020-10-06 20:28:00,46.31,46.32,46.29,46.3,2522
"25703",2020-10-06 20:29:00,46.3,46.3,46.27,46.3,5869
"25704",2020-10-06 20:30:00,46.3,46.33,46.3,46.32,2577
"25705",2020-10-06 20:31:00,46.32,46.33,46.32,46.32,6118
"25706",2020-10-06 20:32:00,46.32,46.33,46.29,46.3,2279
"25707",2020-10-06 20:33:00,46.31,46.31,46.28,46.3,3162
"25708",2020-10-06 20:34:00,46.29,46.32,46.29,46.32,4394
"25709",2020-10-06 20:35:00,46.32,46.32,46.31,46.31,2240
"25710",2020-10-06 20:36:00,46.31,46.31,46.29,46.29,2112
"25711",2020-10-06 20:37:00,46.28,46.28,46.24,46.25,2939
"25712",2020-10-06 20:38:00,46.24,46.24,46.23,46.23,3176
"25713",2020-10-06 20:39:00,46.24,46.29,46.24,46.29,8394
"25714",2020-10-06 20:40:00,46.29,46.32,46.29,46.32,4183
"25715",2020-10-06 20:41:00,46.33,46.34,46.33,46.33,2435
"25716",2020-10-06 20:42:00,46.34,46.39,46.34,46.38,4305
"25717",2020-10-06 20:43:00,46.37,46.37,46.31,46.37,7168
"25718",2020-10-06 20:44:00,46.36,46.36,46.28,46.28,3690
"25719",2020-10-06 20:45:00,46.29,46.29,46.25,46.25,10919
"25720",2020-10-06 20:46:00,46.25,46.25,46.21,46.24,5486
"25721",2020-10-06 20:47:00,46.25,46.26,46.23,46.25,6922
"25722",2020-10-06 20:48:00,46.26,46.28,46.23,46.25,9697
"25723",2020-10-06 20:49:00,46.25,46.27,46.23,46.23,3645
"25724",2020-10-06 20:50:00,46.23,46.24,46.23,46.23,3476
"25725",2020-10-06 20:51:00,46.23,46.24,46.13,46.14,5875
"25726",2020-10-06 20:52:00,46.15,46.17,46.12,46.17,15765
"25727",2020-10-06 20:53:00,46.17,46.25,46.17,46.23,5305
"25728",2020-10-06 20:54:00,46.23,46.24,46.21,46.21,1300
"25729",2020-10-06 20:55:00,46.21,46.23,46.2,46.23,5254
"25730",2020-10-06 20:56:00,46.23,46.23,46.2,46.21,2835
"25731",2020-10-06 20:57:00,46.2,46.2,46.14,46.15,3827
"25732",2020-10-06 20:58:00,46.15,46.16,46.13,46.14,8012
"25733",2020-10-06 20:59:00,46.15,46.16,46.15,46.15,4184
"25734",2020-10-06 21:00:00,46.15,46.16,46.14,46.15,3208
"25735",2020-10-06 21:01:00,46.16,46.18,46.16,46.16,5776
"25736",2020-10-06 21:02:00,46.17,46.17,46.09,46.15,11904
"25737",2020-10-06 21:03:00,46.15,46.22,46.15,46.18,8192
"25738",2020-10-06 21:04:00,46.18,46.22,46.1,46.1,9035
"25739",2020-10-06 21:05:00,46.1,46.12,46.1,46.12,5691
"25740",2020-10-06 21:06:00,46.12,46.13,46.12,46.13,3406
"25741",2020-10-06 21:07:00,46.13,46.18,46.13,46.16,7754
"25742",2020-10-06 21:08:00,46.16,46.2,46.16,46.2,3452
"25743",2020-10-06 21:09:00,46.2,46.21,46.18,46.19,4125
"25744",2020-10-06 21:10:00,46.18,46.19,46.16,46.16,4560
"25745",2020-10-06 21:11:00,46.17,46.18,46.16,46.17,2699
"25746",2020-10-06 21:12:00,46.17,46.18,46.15,46.16,4972
"25747",2020-10-06 21:13:00,46.16,46.17,46.13,46.14,6176
"25748",2020-10-06 21:14:00,46.14,46.16,46.14,46.16,2032
"25749",2020-10-06 21:15:00,46.16,46.18,46.15,46.17,5772
"25750",2020-10-06 21:16:00,46.17,46.18,46.16,46.17,1297
"25751",2020-10-06 21:17:00,46.17,46.19,46.17,46.18,3058
"25752",2020-10-06 21:18:00,46.18,46.18,46.16,46.18,3658
"25753",2020-10-06 21:19:00,46.18,46.18,46.18,46.18,972
"25754",2020-10-06 21:20:00,46.17,46.18,46.16,46.18,1700
"25755",2020-10-06 21:21:00,46.18,46.19,46.14,46.16,7877
"25756",2020-10-06 21:22:00,46.17,46.19,46.17,46.18,2731
"25757",2020-10-06 21:23:00,46.18,46.2,46.18,46.2,2450
"25758",2020-10-06 21:24:00,46.2,46.2,46.2,46.2,446
"25759",2020-10-06 21:25:00,46.2,46.3,46.2,46.3,5499
"25760",2020-10-06 21:26:00,46.29,46.38,46.29,46.38,10554
"25761",2020-10-06 21:27:00,46.37,46.38,46.35,46.38,4252
"25762",2020-10-06 21:28:00,46.37,46.37,46.35,46.36,2240
"25763",2020-10-06 21:29:00,46.36,46.36,46.32,46.35,4032
"25764",2020-10-06 21:30:00,46.34,46.36,46.34,46.36,1306
"25765",2020-10-06 21:31:00,46.37,46.37,46.36,46.36,3565
"25766",2020-10-06 21:32:00,46.36,46.41,46.36,46.39,3966
"25767",2020-10-06 21:33:00,46.4,46.43,46.4,46.42,2718
"25768",2020-10-06 21:34:00,46.43,46.46,46.42,46.43,5889
"25769",2020-10-06 21:35:00,46.43,46.43,46.39,46.39,2343
"25770",2020-10-06 21:36:00,46.4,46.4,46.35,46.37,3933
"25771",2020-10-06 21:37:00,46.36,46.37,46.33,46.33,1896
"25772",2020-10-06 21:38:00,46.32,46.33,46.29,46.3,7238
"25773",2020-10-06 21:39:00,46.3,46.31,46.3,46.31,6447
"25774",2020-10-06 21:40:00,46.3,46.3,46.29,46.29,1698
"25775",2020-10-06 21:41:00,46.28,46.3,46.27,46.27,3490
"25776",2020-10-06 21:42:00,46.27,46.27,46.25,46.25,2530
"25777",2020-10-06 21:43:00,46.25,46.33,46.25,46.33,7047
"25778",2020-10-06 21:44:00,46.33,46.36,46.33,46.36,3058
"25779",2020-10-06 21:45:00,46.37,46.39,46.33,46.33,3134
"25780",2020-10-06 21:46:00,46.33,46.33,46.31,46.33,3805
"25781",2020-10-06 21:47:00,46.33,46.34,46.32,46.32,3342
"25782",2020-10-06 21:48:00,46.33,46.34,46.29,46.29,4278
"25783",2020-10-06 21:49:00,46.29,46.32,46.18,46.2,9935
"25784",2020-10-06 21:50:00,46.21,46.25,46.02,46.04,24530
"25785",2020-10-06 21:51:00,46.05,46.05,45.92,45.93,29274
"25786",2020-10-06 21:52:00,45.93,45.95,45.84,45.84,13074
"25787",2020-10-06 21:53:00,45.86,45.88,45.76,45.85,16987
"25788",2020-10-06 21:54:00,45.87,45.91,45.83,45.86,13648
"25789",2020-10-06 21:55:00,45.84,45.85,45.63,45.66,11012
"25790",2020-10-06 21:56:00,45.65,45.7,45.53,45.63,15642
"25791",2020-10-06 21:57:00,45.62,45.62,45.48,45.54,11700
"25792",2020-10-06 21:58:00,45.54,45.66,45.52,45.66,9848
"25793",2020-10-06 21:59:00,45.62,45.76,45.6,45.68,17272
"25794",2020-10-06 22:00:00,45.68,45.71,45.6,45.64,15745
"25795",2020-10-06 22:01:00,45.61,45.61,45.49,45.51,24083
"25796",2020-10-06 22:02:00,45.5,45.56,45.38,45.4,16775
"25797",2020-10-06 22:03:00,45.4,45.47,45.36,45.44,9332
"25798",2020-10-06 22:04:00,45.38,45.46,45.36,45.39,6391
"25799",2020-10-06 22:05:00,45.37,45.43,45.35,45.36,8532
"25800",2020-10-06 22:06:00,45.35,45.38,45.28,45.28,10056
"25801",2020-10-06 22:07:00,45.29,45.32,45.17,45.2,13002
"25802",2020-10-06 22:08:00,45.2,45.23,45.04,45.08,25165
"25803",2020-10-06 22:09:00,45.07,45.16,45.07,45.13,11593
"25804",2020-10-06 22:10:00,45.14,45.29,45.14,45.29,9248
"25805",2020-10-06 22:11:00,45.29,45.39,45.22,45.39,10941
"25806",2020-10-06 22:12:00,45.38,45.44,45.33,45.43,9065
"25807",2020-10-06 22:13:00,45.41,45.52,45.38,45.51,8091
"25808",2020-10-06 22:14:00,45.51,45.56,45.44,45.55,10592
"25809",2020-10-06 22:15:00,45.56,45.59,45.53,45.56,8100
"25810",2020-10-06 22:16:00,45.54,45.67,45.5,45.66,13858
"25811",2020-10-06 22:17:00,45.66,45.66,45.57,45.61,5063
"25812",2020-10-06 22:18:00,45.6,45.68,45.59,45.63,6356
"25813",2020-10-06 22:19:00,45.64,45.65,45.59,45.63,6605
"25814",2020-10-06 22:20:00,45.64,45.64,45.54,45.57,8210
"25815",2020-10-06 22:21:00,45.58,45.63,45.55,45.56,7403
"25816",2020-10-06 22:22:00,45.56,45.63,45.49,45.59,17706
"25817",2020-10-06 22:23:00,45.58,45.61,45.52,45.54,5607
"25818",2020-10-06 22:24:00,45.54,45.61,45.51,45.59,5676
"25819",2020-10-06 22:25:00,45.59,45.6,45.54,45.55,6303
"25820",2020-10-06 22:26:00,45.55,45.68,45.54,45.58,16125
"25821",2020-10-06 22:27:00,45.58,45.65,45.57,45.62,8891
"25822",2020-10-06 22:28:00,45.62,45.73,45.62,45.73,11688
"25823",2020-10-06 22:29:00,45.72,45.75,45.68,45.72,9217
"25824",2020-10-06 22:30:00,45.72,45.8,45.71,45.8,9087
"25825",2020-10-06 22:31:00,45.78,45.79,45.72,45.76,9094
"25826",2020-10-06 22:32:00,45.75,45.79,45.73,45.78,6184
"25827",2020-10-06 22:33:00,45.78,45.78,45.74,45.74,9944
"25828",2020-10-06 22:34:00,45.74,45.81,45.74,45.81,5256
"25829",2020-10-06 22:35:00,45.8,45.86,45.8,45.86,5586
"25830",2020-10-06 22:36:00,45.84,45.84,45.79,45.84,11922
"25831",2020-10-06 22:37:00,45.84,45.84,45.74,45.76,10322
"25832",2020-10-06 22:38:00,45.74,45.76,45.7,45.7,9046
"25833",2020-10-06 22:39:00,45.7,45.73,45.66,45.69,5253
"25834",2020-10-06 22:40:00,45.7,45.71,45.67,45.67,3616
"25835",2020-10-06 22:41:00,45.67,45.68,45.61,45.62,8106
"25836",2020-10-06 22:42:00,45.59,45.63,45.58,45.63,5668
"25837",2020-10-06 22:43:00,45.62,45.64,45.56,45.64,6545
"25838",2020-10-06 22:44:00,45.63,45.69,45.63,45.67,5475
"25839",2020-10-06 22:45:00,45.66,45.69,45.64,45.66,5963
"25840",2020-10-06 22:46:00,45.66,45.68,45.56,45.56,13340
"25841",2020-10-06 22:47:00,45.56,45.59,45.47,45.51,19622
"25842",2020-10-06 22:48:00,45.51,45.61,45.49,45.49,14370
"25843",2020-10-06 22:49:00,45.49,45.54,45.45,45.46,7542
"25844",2020-10-06 22:50:00,45.46,45.48,45.43,45.47,12303
"25845",2020-10-06 22:51:00,45.47,45.48,45.39,45.41,17218
"25846",2020-10-06 22:52:00,45.42,45.49,45.42,45.48,10664
"25847",2020-10-06 22:53:00,45.48,45.54,45.47,45.48,14070
"25848",2020-10-06 22:54:00,45.48,45.56,45.47,45.49,11949
"25849",2020-10-06 22:55:00,45.5,45.58,45.47,45.58,12301
"25850",2020-10-06 22:56:00,45.59,45.64,45.58,45.62,16543
"25851",2020-10-06 22:57:00,45.62,45.65,45.59,45.65,12383
"25852",2020-10-06 22:58:00,45.66,45.72,45.64,45.7,12504
"25853",2020-10-06 22:59:00,45.71,45.71,45.65,45.71,15525
"25854",2020-10-06 23:00:00,45.71,45.71,45.58,45.58,22445
"25855",2020-10-06 23:01:00,45.6,45.6,45.39,45.39,55
"25856",2020-10-06 23:02:00,45.44,45.59,45.01,45.01,113
"25857",2020-10-06 23:03:00,45.2,45.6,45.1,45.59,3895
"25858",2020-10-06 23:04:00,45.47,45.49,45.45,45.49,57
"25859",2020-10-06 23:06:00,45.57,45.59,45.57,45.59,200
"25860",2020-10-06 23:07:00,45.49,45.49,45.49,45.49,1
"25861",2020-10-06 23:08:00,45.56,45.56,45.56,45.56,1
"25862",2020-10-06 23:09:00,45.56,45.56,45.45,45.45,9
"25863",2020-10-06 23:10:00,45.57,45.57,45.57,45.57,1
"25864",2020-10-06 23:11:00,45.59,45.59,45.47,45.47,56
"25865",2020-10-06 23:13:00,45.57,45.57,45.57,45.57,1
"25866",2020-10-06 23:14:00,45.59,45.59,45.59,45.59,72
"25867",2020-10-06 23:15:00,45.47,45.59,45.4,45.47,75
"25868",2020-10-06 23:16:00,45.59,45.59,45.34,45.34,14
"25869",2020-10-06 23:17:00,45.5,45.5,45.4,45.4,6
"25870",2020-10-06 23:21:00,45.3,45.3,45.3,45.3,1
"25871",2020-10-06 23:22:00,45.32,45.32,45.32,45.32,24
"25872",2020-10-06 23:24:00,45.32,45.32,45.32,45.32,30
"25873",2020-10-06 23:25:00,45.32,45.32,45.32,45.32,5
"25874",2020-10-06 23:26:00,45.32,45.32,45.32,45.32,10
"25875",2020-10-06 23:29:00,45.57,45.59,45.5,45.5,220
"25876",2020-10-06 23:30:00,45.5,45.55,45.5,45.55,10
"25877",2020-10-06 23:31:00,45.58,45.58,45.58,45.58,11
"25878",2020-10-06 23:34:00,45.53,45.53,45.53,45.53,2
"25879",2020-10-06 23:35:00,45.48,45.48,45.47,45.47,4
"25880",2020-10-06 23:36:00,45.32,45.32,45.32,45.32,3
"25881",2020-10-06 23:42:00,45.47,45.47,45.47,45.47,1
"25882",2020-10-06 23:45:00,45.47,45.47,45.47,45.47,17
"25883",2020-10-06 23:46:00,45.47,45.47,45.47,45.47,1
"25884",2020-10-06 23:47:00,45.47,45.47,45.47,45.47,52
"25885",2020-10-06 23:50:00,45.32,45.32,45.32,45.32,1
"25886",2020-10-06 23:53:00,45.35,45.35,45.35,45.35,1
"25887",2020-10-06 23:54:00,45.32,45.32,45.3,45.3,401
"25888",2020-10-06 23:55:00,45.29,45.29,45.29,45.29,1
"25889",2020-10-06 23:56:00,45.3,45.3,45.3,45.3,1
"25890",2020-10-06 23:57:00,45.25,45.25,45.24,45.24,6
"25891",2020-10-06 23:59:00,45.19,45.19,45.14,45.14,2
"25892",2020-10-07 00:00:00,45.3,45.3,45.17,45.17,3
"25893",2020-10-07 00:01:00,45.2,45.42,45.2,45.42,107
"25894",2020-10-07 00:02:00,45.37,45.48,45.32,45.32,6
"25895",2020-10-07 00:03:00,45.23,45.23,45.22,45.22,4
"25896",2020-10-07 00:04:00,45.22,45.22,45.22,45.22,1
"25897",2020-10-07 00:06:00,45.3,45.3,45.3,45.3,1
"25898",2020-10-07 00:07:00,45.32,45.42,45.32,45.42,3
"25899",2020-10-07 00:08:00,45.32,45.32,45.32,45.32,1
"25900",2020-10-07 00:09:00,45.42,45.42,45.42,45.42,1
"25901",2020-10-07 00:10:00,45.21,45.42,45.21,45.32,4
"25902",2020-10-07 00:14:00,45.42,45.42,45.42,45.42,1
"25903",2020-10-07 00:15:00,45.32,45.32,45.32,45.32,1
"25904",2020-10-07 00:16:00,45.42,45.42,45.42,45.42,1
"25905",2020-10-07 00:17:00,45.32,45.32,45.32,45.32,1
"25906",2020-10-07 00:18:00,45.42,45.42,45.42,45.42,1
"25907",2020-10-07 00:19:00,45.32,45.32,45.32,45.32,1
"25908",2020-10-07 00:20:00,45.42,45.42,45.42,45.42,1
"25909",2020-10-07 00:21:00,45.32,45.32,45.32,45.32,1
"25910",2020-10-07 00:22:00,45.42,45.45,45.42,45.45,2
"25911",2020-10-07 00:23:00,45.45,45.45,45.45,45.45,2
"25912",2020-10-07 00:25:00,45.32,45.32,45.32,45.32,1
"25913",2020-10-07 00:29:00,45.23,45.23,45.23,45.23,1
"25914",2020-10-07 00:30:00,45.4,45.4,45.4,45.4,1
"25915",2020-10-07 00:31:00,45.4,45.4,45.4,45.4,1
"25916",2020-10-07 00:39:00,45.3,45.3,45.28,45.28,305
"25917",2020-10-07 00:40:00,45.28,45.28,45.28,45.28,2
"25918",2020-10-07 00:46:00,45.37,45.37,45.28,45.28,9
"25919",2020-10-07 00:47:00,45.33,45.35,45.33,45.35,500
"25920",2020-10-07 01:05:00,45.3,45.3,45.3,45.3,600
"25921",2020-10-07 01:06:00,45.4,45.4,45.4,45.4,105
"25922",2020-10-07 01:12:00,45.4,45.4,45.4,45.4,1
"25923",2020-10-07 01:30:00,45.4,45.4,45.4,45.4,1
"25924",2020-10-07 01:33:00,45.4,45.42,45.35,45.42,157
"25925",2020-10-07 01:35:00,45.42,45.43,45.42,45.43,201
"25926",2020-10-07 01:37:00,45.3,45.3,45.3,45.3,2
"25927",2020-10-07 01:41:00,45.34,45.34,45.34,45.34,1
"25928",2020-10-07 10:02:00,45.97,45.97,45.95,45.95,85
"25929",2020-10-07 10:03:00,45.97,45.97,45.97,45.97,10
"25930",2020-10-07 10:04:00,45.9,45.9,45.85,45.86,47
"25931",2020-10-07 10:08:00,45.85,45.85,45.85,45.85,7
"25932",2020-10-07 10:09:00,45.85,45.85,45.85,45.85,3
"25933",2020-10-07 10:10:00,45.85,45.85,45.85,45.85,7
"25934",2020-10-07 10:11:00,45.8,45.8,45.78,45.78,19
"25935",2020-10-07 10:12:00,45.77,45.77,45.75,45.75,21
"25936",2020-10-07 10:13:00,45.72,45.72,45.71,45.71,19
"25937",2020-10-07 10:15:00,45.79,45.79,45.79,45.79,3
"25938",2020-10-07 10:16:00,45.78,45.78,45.77,45.77,10
"25939",2020-10-07 10:17:00,45.85,45.85,45.85,45.85,1
"25940",2020-10-07 10:18:00,45.8,45.81,45.8,45.81,10
"25941",2020-10-07 10:19:00,45.85,45.85,45.85,45.85,3
"25942",2020-10-07 10:20:00,45.85,45.85,45.85,45.85,15
"25943",2020-10-07 10:21:00,45.84,45.85,45.84,45.85,6
"25944",2020-10-07 10:22:00,45.9,45.9,45.9,45.9,1
"25945",2020-10-07 10:25:00,45.9,45.94,45.9,45.94,5
"25946",2020-10-07 10:27:00,45.95,45.95,45.95,45.95,3
"25947",2020-10-07 10:28:00,45.97,45.97,45.97,45.97,1
"25948",2020-10-07 10:32:00,45.98,45.99,45.98,45.99,40
"25949",2020-10-07 10:33:00,45.98,45.98,45.98,45.98,11
"25950",2020-10-07 10:34:00,45.88,45.88,45.88,45.88,2
"25951",2020-10-07 10:35:00,45.88,45.88,45.88,45.88,1
"25952",2020-10-07 10:55:00,45.93,45.93,45.93,45.93,1
"25953",2020-10-07 10:56:00,45.97,45.97,45.97,45.97,1
"25954",2020-10-07 10:57:00,45.96,45.96,45.96,45.96,57
"25955",2020-10-07 10:58:00,45.99,46,45.99,46,4
"25956",2020-10-07 10:59:00,46.01,46.01,46.01,46.01,1
"25957",2020-10-07 11:00:00,46.01,46.01,46.01,46.01,2
"25958",2020-10-07 11:02:00,46,46,46,46,20
"25959",2020-10-07 11:06:00,46.01,46.01,46.01,46.01,1
"25960",2020-10-07 11:08:00,46,46,45.92,45.92,128
"25961",2020-10-07 11:09:00,45.91,45.92,45.91,45.92,7
"25962",2020-10-07 11:15:00,46.01,46.01,46.01,46.01,1
"25963",2020-10-07 11:21:00,45.93,46.01,45.91,46.01,13
"25964",2020-10-07 11:22:00,46.01,46.01,46.01,46.01,4
"25965",2020-10-07 11:25:00,46,46,45.92,45.92,3
"25966",2020-10-07 11:29:00,45.91,45.91,45.91,45.91,8
"25967",2020-10-07 11:31:00,45.97,45.97,45.97,45.97,1
"25968",2020-10-07 11:33:00,45.91,45.91,45.9,45.9,2
"25969",2020-10-07 11:37:00,45.9,45.91,45.9,45.91,21
"25970",2020-10-07 11:47:00,45.9,45.9,45.9,45.9,2
"25971",2020-10-07 11:50:00,45.91,45.91,45.91,45.91,1
"25972",2020-10-07 11:53:00,45.91,45.91,45.91,45.91,1
"25973",2020-10-07 11:56:00,45.91,45.91,45.91,45.91,1
"25974",2020-10-07 11:57:00,45.9,45.9,45.9,45.9,1
"25975",2020-10-07 12:03:00,45.9,45.9,45.9,45.9,1
"25976",2020-10-07 12:05:00,45.91,45.91,45.91,45.91,4
"25977",2020-10-07 12:09:00,45.91,45.91,45.91,45.91,2
"25978",2020-10-07 12:16:00,45.9,45.9,45.9,45.9,1
"25979",2020-10-07 12:19:00,45.9,45.9,45.9,45.9,1
"25980",2020-10-07 12:25:00,45.9,45.9,45.9,45.9,1
"25981",2020-10-07 12:40:00,45.9,45.9,45.9,45.9,5
"25982",2020-10-07 12:44:00,45.91,45.91,45.91,45.91,1
"25983",2020-10-07 12:52:00,45.91,45.91,45.91,45.91,1
"25984",2020-10-07 12:54:00,45.91,45.91,45.91,45.91,3
"25985",2020-10-07 12:57:00,45.91,45.91,45.91,45.91,4
"25986",2020-10-07 13:01:00,45.9,45.9,45.9,45.9,222
"25987",2020-10-07 13:06:00,45.9,45.9,45.9,45.9,1
"25988",2020-10-07 13:08:00,45.85,45.85,45.85,45.85,161
"25989",2020-10-07 13:09:00,45.9,45.9,45.9,45.9,1
"25990",2020-10-07 13:11:00,45.86,45.86,45.85,45.85,69
"25991",2020-10-07 13:13:00,45.83,45.83,45.83,45.83,1
"25992",2020-10-07 13:14:00,45.9,45.9,45.9,45.9,1
"25993",2020-10-07 13:29:00,45.89,45.9,45.89,45.9,2
"25994",2020-10-07 13:41:00,45.9,45.9,45.9,45.9,3
"25995",2020-10-07 13:47:00,45.86,45.86,45.86,45.86,242
"25996",2020-10-07 13:51:00,45.88,45.88,45.88,45.88,13
"25997",2020-10-07 13:52:00,45.9,45.9,45.9,45.9,3
"25998",2020-10-07 14:00:00,45.81,45.81,45.8,45.8,3
"25999",2020-10-07 14:01:00,45.8,45.8,45.8,45.8,3
"26000",2020-10-07 14:02:00,45.89,45.89,45.82,45.82,2
"26001",2020-10-07 14:05:00,45.9,45.91,45.9,45.91,94
"26002",2020-10-07 14:06:00,45.97,45.97,45.97,45.97,1
"26003",2020-10-07 14:08:00,45.98,45.98,45.98,45.98,2
"26004",2020-10-07 14:18:00,45.99,45.99,45.99,45.99,3
"26005",2020-10-07 14:22:00,46,46,46,46,1
"26006",2020-10-07 14:24:00,45.91,45.91,45.91,45.91,2
"26007",2020-10-07 14:34:00,45.9,45.9,45.9,45.9,1
"26008",2020-10-07 14:41:00,45.9,45.9,45.9,45.9,5
"26009",2020-10-07 14:42:00,45.91,45.91,45.91,45.91,23
"26010",2020-10-07 14:50:00,46,46,46,46,85
"26011",2020-10-07 14:51:00,46,46.05,46,46.05,231
"26012",2020-10-07 14:53:00,46.07,46.07,46.07,46.07,14
"26013",2020-10-07 14:56:00,46,46,46,46,3
"26014",2020-10-07 14:58:00,45.92,45.92,45.92,45.92,1
"26015",2020-10-07 15:00:00,45.92,45.92,45.92,45.92,1
"26016",2020-10-07 15:01:00,46,46,45.9,46,41
"26017",2020-10-07 15:03:00,45.99,46,45.99,46,4
"26018",2020-10-07 15:04:00,46.02,46.05,46.02,46.05,2
"26019",2020-10-07 15:06:00,46.05,46.05,46.05,46.05,300
"26020",2020-10-07 15:07:00,46.05,46.05,46,46,109
"26021",2020-10-07 15:11:00,46.05,46.05,46.05,46.05,1
"26022",2020-10-07 15:13:00,46.07,46.07,46.07,46.07,5
"26023",2020-10-07 15:14:00,46.07,46.07,46.07,46.07,1
"26024",2020-10-07 15:18:00,46.07,46.07,46.07,46.07,1
"26025",2020-10-07 15:21:00,46.05,46.05,46.05,46.05,4
"26026",2020-10-07 15:29:00,46.03,46.04,46.03,46.04,2
"26027",2020-10-07 15:31:00,46.07,46.07,46.07,46.07,1
"26028",2020-10-07 15:32:00,46.08,46.08,46.08,46.08,2
"26029",2020-10-07 15:35:00,46.07,46.07,46.07,46.07,200
"26030",2020-10-07 15:42:00,46.09,46.09,46.09,46.09,1
"26031",2020-10-07 15:43:00,46.1,46.13,46.1,46.1,15
"26032",2020-10-07 15:48:00,46.09,46.09,46.08,46.08,3
"26033",2020-10-07 15:49:00,46.09,46.1,46.09,46.1,4
"26034",2020-10-07 15:50:00,46.1,46.12,46.1,46.11,36
"26035",2020-10-07 15:52:00,46.12,46.14,46.12,46.14,7
"26036",2020-10-07 15:53:00,46.15,46.18,46.15,46.18,479
"26037",2020-10-07 15:54:00,46.11,46.2,46.11,46.2,1096
"26038",2020-10-07 15:56:00,46.12,46.12,46.11,46.11,10
"26039",2020-10-07 15:58:00,46.11,46.11,46.11,46.11,57
"26040",2020-10-07 15:59:00,46.11,46.11,46.04,46.04,10
"26041",2020-10-07 16:00:00,46.12,46.12,46.12,46.12,1
"26042",2020-10-07 16:01:00,46.1,46.1,46,46.06,494
"26043",2020-10-07 16:02:00,46.06,46.06,46,46,100
"26044",2020-10-07 16:03:00,45.99,46.01,45.93,45.93,31
"26045",2020-10-07 16:04:00,46,46,46,46,2
"26046",2020-10-07 16:06:00,46,46,46,46,1
"26047",2020-10-07 16:10:00,46.03,46.05,46.03,46.05,3
"26048",2020-10-07 16:11:00,46.06,46.07,46.06,46.07,9
"26049",2020-10-07 16:12:00,46.09,46.09,46.05,46.05,350
"26050",2020-10-07 16:13:00,46.02,46.1,46,46.1,4
"26051",2020-10-07 16:14:00,46.05,46.05,46.03,46.03,96
"26052",2020-10-07 16:15:00,46.03,46.03,46.03,46.03,51
"26053",2020-10-07 16:16:00,46.02,46.02,46.02,46.02,1
"26054",2020-10-07 16:17:00,46,46.05,46,46,32
"26055",2020-10-07 16:18:00,46,46.01,46,46.01,76
"26056",2020-10-07 16:19:00,46,46.01,46,46.01,302
"26057",2020-10-07 16:20:00,46.01,46.03,46.01,46.03,242
"26058",2020-10-07 16:21:00,46.03,46.03,46.02,46.03,202
"26059",2020-10-07 16:22:00,46.03,46.03,46.02,46.03,61
"26060",2020-10-07 16:23:00,46.05,46.05,46.03,46.03,69
"26061",2020-10-07 16:24:00,46.03,46.03,46.03,46.03,1
"26062",2020-10-07 16:25:00,46.03,46.03,46.03,46.03,6
"26063",2020-10-07 16:26:00,46.03,46.03,46.03,46.03,122
"26064",2020-10-07 16:27:00,46.02,46.03,46.02,46.02,558
"26065",2020-10-07 16:28:00,46.01,46.03,46,46.02,811
"26066",2020-10-07 16:29:00,46,46,45.97,45.99,429
"26067",2020-10-07 16:30:00,45.97,46.1,45.95,46.1,1581
"26068",2020-10-07 16:31:00,46.02,46.22,46.01,46.2,7631
"26069",2020-10-07 16:32:00,46.2,46.2,46.03,46.03,7407
"26070",2020-10-07 16:33:00,46.06,46.06,45.92,46.03,9806
"26071",2020-10-07 16:34:00,46.01,46.21,46.01,46.16,6300
"26072",2020-10-07 16:35:00,46.16,46.29,46.16,46.27,10008
"26073",2020-10-07 16:36:00,46.3,46.4,46.18,46.18,19486
"26074",2020-10-07 16:37:00,46.13,46.13,46.07,46.12,5449
"26075",2020-10-07 16:38:00,46.12,46.16,45.98,46,5114
"26076",2020-10-07 16:39:00,45.97,46,45.93,45.95,1574
"26077",2020-10-07 16:40:00,45.92,46,45.91,45.96,6094
"26078",2020-10-07 16:41:00,45.98,46.08,45.97,46.06,7405
"26079",2020-10-07 16:42:00,46.07,46.19,46.07,46.16,8865
"26080",2020-10-07 16:43:00,46.14,46.21,46.12,46.15,3560
"26081",2020-10-07 16:44:00,46.14,46.17,46.1,46.14,5833
"26082",2020-10-07 16:45:00,46.14,46.24,46.14,46.18,6334
"26083",2020-10-07 16:46:00,46.19,46.19,46.09,46.09,5317
"26084",2020-10-07 16:47:00,46.07,46.07,45.96,45.96,2499
"26085",2020-10-07 16:48:00,45.98,46.07,45.97,45.99,6366
"26086",2020-10-07 16:49:00,45.99,46.05,45.98,46.01,4924
"26087",2020-10-07 16:50:00,46,46.06,46,46.04,7635
"26088",2020-10-07 16:51:00,46.03,46.05,46.01,46.04,4360
"26089",2020-10-07 16:52:00,46.06,46.1,46.05,46.05,4757
"26090",2020-10-07 16:53:00,46.05,46.06,45.95,45.96,2322
"26091",2020-10-07 16:54:00,45.97,46,45.92,45.92,6646
"26092",2020-10-07 16:55:00,45.94,46.1,45.93,46.1,4873
"26093",2020-10-07 16:56:00,46.13,46.14,46.04,46.04,3254
"26094",2020-10-07 16:57:00,46.03,46.04,45.96,45.96,2999
"26095",2020-10-07 16:58:00,45.97,45.98,45.94,45.97,2660
"26096",2020-10-07 16:59:00,45.97,46.01,45.89,45.89,3976
"26097",2020-10-07 17:00:00,45.89,45.96,45.88,45.93,3393
"26098",2020-10-07 17:01:00,45.94,46,45.93,45.93,3912
"26099",2020-10-07 17:02:00,45.94,45.94,45.89,45.91,1927
"26100",2020-10-07 17:03:00,45.93,45.95,45.89,45.9,4477
"26101",2020-10-07 17:04:00,45.88,45.9,45.82,45.84,5204
"26102",2020-10-07 17:05:00,45.84,45.89,45.83,45.88,1695
"26103",2020-10-07 17:06:00,45.87,45.9,45.86,45.88,1693
"26104",2020-10-07 17:07:00,45.9,45.91,45.84,45.86,5063
"26105",2020-10-07 17:08:00,45.86,45.91,45.78,45.91,6485
"26106",2020-10-07 17:09:00,45.91,45.97,45.91,45.95,6788
"26107",2020-10-07 17:10:00,45.96,46,45.96,45.98,2205
"26108",2020-10-07 17:11:00,45.97,45.98,45.87,45.88,2463
"26109",2020-10-07 17:12:00,45.88,45.9,45.84,45.9,5539
"26110",2020-10-07 17:13:00,45.9,45.97,45.89,45.95,2743
"26111",2020-10-07 17:14:00,45.94,45.95,45.91,45.95,2323
"26112",2020-10-07 17:15:00,45.96,45.98,45.96,45.98,2604
"26113",2020-10-07 17:16:00,45.99,46.01,45.96,45.96,1441
"26114",2020-10-07 17:17:00,45.95,45.96,45.93,45.94,2566
"26115",2020-10-07 17:18:00,45.95,45.97,45.88,45.9,5173
"26116",2020-10-07 17:19:00,45.9,45.9,45.87,45.89,1558
"26117",2020-10-07 17:20:00,45.89,45.94,45.88,45.94,2254
"26118",2020-10-07 17:21:00,45.96,45.96,45.93,45.96,2029
"26119",2020-10-07 17:22:00,45.98,46.02,45.97,45.98,2380
"26120",2020-10-07 17:23:00,45.96,45.98,45.96,45.97,1537
"26121",2020-10-07 17:24:00,45.97,45.98,45.91,45.91,3676
"26122",2020-10-07 17:25:00,45.9,45.95,45.88,45.94,1876
"26123",2020-10-07 17:26:00,45.93,45.98,45.92,45.98,4298
"26124",2020-10-07 17:27:00,45.99,45.99,45.95,45.98,2143
"26125",2020-10-07 17:28:00,45.98,45.99,45.91,45.91,3168
"26126",2020-10-07 17:29:00,45.92,45.99,45.92,45.99,2377
"26127",2020-10-07 17:30:00,45.99,46,45.95,45.95,1674
"26128",2020-10-07 17:31:00,45.96,46.06,45.91,46.06,9379
"26129",2020-10-07 17:32:00,46.07,46.07,46.02,46.02,5174
"26130",2020-10-07 17:33:00,46.02,46.04,46.02,46.04,4475
"26131",2020-10-07 17:34:00,46.04,46.05,46.01,46.03,1907
"26132",2020-10-07 17:35:00,46.02,46.02,45.98,45.98,3994
"26133",2020-10-07 17:36:00,45.98,46,45.97,45.99,2569
"26134",2020-10-07 17:37:00,45.98,46,45.93,45.93,1526
"26135",2020-10-07 17:38:00,45.93,45.93,45.9,45.9,3932
"26136",2020-10-07 17:39:00,45.9,45.93,45.87,45.87,5884
"26137",2020-10-07 17:40:00,45.87,45.9,45.84,45.84,4270
"26138",2020-10-07 17:41:00,45.86,45.87,45.84,45.87,4500
"26139",2020-10-07 17:42:00,45.88,45.9,45.88,45.9,2739
"26140",2020-10-07 17:43:00,45.9,45.94,45.9,45.94,2423
"26141",2020-10-07 17:44:00,45.94,45.94,45.88,45.9,5116
"26142",2020-10-07 17:45:00,45.91,45.94,45.9,45.94,1797
"26143",2020-10-07 17:46:00,45.94,45.98,45.93,45.96,2440
"26144",2020-10-07 17:47:00,45.97,45.98,45.94,45.94,1456
"26145",2020-10-07 17:48:00,45.94,45.94,45.86,45.89,5031
"26146",2020-10-07 17:49:00,45.9,45.92,45.9,45.9,3373
"26147",2020-10-07 17:50:00,45.9,45.92,45.9,45.9,2995
"26148",2020-10-07 17:51:00,45.91,45.93,45.91,45.93,2888
"26149",2020-10-07 17:52:00,45.93,45.96,45.93,45.95,1758
"26150",2020-10-07 17:53:00,45.96,45.97,45.9,45.9,2707
"26151",2020-10-07 17:54:00,45.88,45.88,45.87,45.88,2672
"26152",2020-10-07 17:55:00,45.89,45.91,45.87,45.87,2284
"26153",2020-10-07 17:56:00,45.87,45.87,45.84,45.85,3242
"26154",2020-10-07 17:57:00,45.85,45.86,45.85,45.85,1547
"26155",2020-10-07 17:58:00,45.84,45.84,45.79,45.81,3943
"26156",2020-10-07 17:59:00,45.81,45.84,45.81,45.84,2123
"26157",2020-10-07 18:00:00,45.84,45.88,45.83,45.83,2776
"26158",2020-10-07 18:01:00,45.84,45.86,45.84,45.85,4932
"26159",2020-10-07 18:02:00,45.85,45.87,45.85,45.86,2728
"26160",2020-10-07 18:03:00,45.87,45.87,45.86,45.87,2377
"26161",2020-10-07 18:04:00,45.86,45.87,45.86,45.87,3564
"26162",2020-10-07 18:05:00,45.87,45.87,45.86,45.86,4176
"26163",2020-10-07 18:06:00,45.88,45.92,45.88,45.92,2122
"26164",2020-10-07 18:07:00,45.92,45.99,45.92,45.96,2381
"26165",2020-10-07 18:08:00,45.97,45.98,45.95,45.96,2452
"26166",2020-10-07 18:09:00,45.97,45.98,45.93,45.94,3237
"26167",2020-10-07 18:10:00,45.94,45.95,45.88,45.88,3264
"26168",2020-10-07 18:11:00,45.88,45.92,45.88,45.92,3817
"26169",2020-10-07 18:12:00,45.91,45.94,45.91,45.91,2343
"26170",2020-10-07 18:13:00,45.92,45.95,45.91,45.95,1298
"26171",2020-10-07 18:14:00,45.95,45.98,45.94,45.94,3552
"26172",2020-10-07 18:15:00,45.95,45.98,45.93,45.98,2746
"26173",2020-10-07 18:16:00,45.98,45.99,45.94,45.94,2217
"26174",2020-10-07 18:17:00,45.94,45.95,45.93,45.94,1409
"26175",2020-10-07 18:18:00,45.94,45.95,45.94,45.95,752
"26176",2020-10-07 18:19:00,45.96,45.96,45.9,45.9,2802
"26177",2020-10-07 18:20:00,45.9,45.92,45.9,45.9,810
"26178",2020-10-07 18:21:00,45.9,45.91,45.89,45.89,1870
"26179",2020-10-07 18:22:00,45.89,45.89,45.87,45.87,1421
"26180",2020-10-07 18:23:00,45.86,45.89,45.85,45.89,1481
"26181",2020-10-07 18:24:00,45.89,45.91,45.89,45.91,1367
"26182",2020-10-07 18:25:00,45.92,45.99,45.92,45.99,4753
"26183",2020-10-07 18:26:00,45.99,46,45.98,45.98,2663
"26184",2020-10-07 18:27:00,45.98,45.98,45.95,45.95,1770
"26185",2020-10-07 18:28:00,45.95,45.98,45.95,45.98,1139
"26186",2020-10-07 18:29:00,45.98,45.98,45.96,45.98,1420
"26187",2020-10-07 18:30:00,45.98,46,45.98,45.98,2012
"26188",2020-10-07 18:31:00,45.99,45.99,45.98,45.99,995
"26189",2020-10-07 18:32:00,45.99,46.07,45.99,46.05,9196
"26190",2020-10-07 18:33:00,46.05,46.05,46.03,46.03,3375
"26191",2020-10-07 18:34:00,46.03,46.03,45.98,45.98,3107
"26192",2020-10-07 18:35:00,45.99,46,45.98,45.98,5145
"26193",2020-10-07 18:36:00,45.99,45.99,45.98,45.99,661
"26194",2020-10-07 18:37:00,45.99,45.99,45.96,45.99,2590
"26195",2020-10-07 18:38:00,45.99,46,45.98,45.98,1510
"26196",2020-10-07 18:39:00,45.98,46.01,45.97,45.98,4141
"26197",2020-10-07 18:40:00,45.98,45.98,45.96,45.97,505
"26198",2020-10-07 18:41:00,45.98,46,45.98,46,1201
"26199",2020-10-07 18:42:00,45.99,46,45.99,46,559
"26200",2020-10-07 18:43:00,45.99,46.03,45.99,46.02,4547
"26201",2020-10-07 18:44:00,46.03,46.07,46.03,46.07,2599
"26202",2020-10-07 18:45:00,46.08,46.08,46.06,46.06,3718
"26203",2020-10-07 18:46:00,46.07,46.07,46.04,46.04,4715
"26204",2020-10-07 18:47:00,46.03,46.05,46.03,46.04,2782
"26205",2020-10-07 18:48:00,46.04,46.04,46.04,46.04,901
"26206",2020-10-07 18:49:00,46.03,46.05,46.03,46.05,1673
"26207",2020-10-07 18:50:00,46.05,46.07,46.04,46.04,3570
"26208",2020-10-07 18:51:00,46.04,46.04,46.02,46.02,1264
"26209",2020-10-07 18:52:00,46.02,46.02,45.99,45.99,2871
"26210",2020-10-07 18:53:00,45.98,45.98,45.98,45.98,2360
"26211",2020-10-07 18:54:00,45.98,45.99,45.97,45.97,3706
"26212",2020-10-07 18:55:00,45.96,45.97,45.96,45.97,1103
"26213",2020-10-07 18:56:00,45.98,45.99,45.98,45.99,1370
"26214",2020-10-07 18:57:00,45.99,45.99,45.99,45.99,3126
"26215",2020-10-07 18:58:00,45.98,45.98,45.94,45.96,3828
"26216",2020-10-07 18:59:00,45.96,45.96,45.94,45.94,1008
"26217",2020-10-07 19:00:00,45.95,45.96,45.95,45.95,1229
"26218",2020-10-07 19:01:00,45.95,45.97,45.95,45.97,2000
"26219",2020-10-07 19:02:00,45.97,46.04,45.97,46.03,1737
"26220",2020-10-07 19:03:00,46.03,46.04,46,46.02,3125
"26221",2020-10-07 19:04:00,46.01,46.01,45.99,45.99,1002
"26222",2020-10-07 19:05:00,45.98,45.98,45.97,45.97,1630
"26223",2020-10-07 19:06:00,45.97,45.98,45.97,45.98,1307
"26224",2020-10-07 19:07:00,45.98,46.03,45.98,46.03,1181
"26225",2020-10-07 19:08:00,46.03,46.03,46.02,46.02,1021
"26226",2020-10-07 19:09:00,46.01,46.01,46.01,46.01,4402
"26227",2020-10-07 19:10:00,46.01,46.04,46.01,46.03,3069
"26228",2020-10-07 19:11:00,46.05,46.06,46.05,46.05,1831
"26229",2020-10-07 19:12:00,46.04,46.04,46.04,46.04,1632
"26230",2020-10-07 19:13:00,46.04,46.06,46.04,46.06,2254
"26231",2020-10-07 19:14:00,46.07,46.08,46.07,46.07,1190
"26232",2020-10-07 19:15:00,46.08,46.08,46.06,46.06,471
"26233",2020-10-07 19:16:00,46.06,46.08,46.05,46.05,2434
"26234",2020-10-07 19:17:00,46.04,46.04,46.02,46.03,2057
"26235",2020-10-07 19:18:00,46.03,46.03,46.01,46.01,2041
"26236",2020-10-07 19:19:00,46,46,45.98,45.98,951
"26237",2020-10-07 19:20:00,45.97,46,45.97,45.99,1943
"26238",2020-10-07 19:21:00,46,46,45.98,45.99,2055
"26239",2020-10-07 19:22:00,45.99,45.99,45.99,45.99,348
"26240",2020-10-07 19:23:00,45.99,45.99,45.99,45.99,1514
"26241",2020-10-07 19:24:00,45.99,45.99,45.98,45.99,1413
"26242",2020-10-07 19:25:00,45.99,45.99,45.99,45.99,628
"26243",2020-10-07 19:26:00,45.99,45.99,45.99,45.99,301
"26244",2020-10-07 19:27:00,45.99,46.02,45.94,45.94,14999
"26245",2020-10-07 19:28:00,45.93,45.93,45.75,45.85,11062
"26246",2020-10-07 19:29:00,45.86,45.87,45.79,45.79,4997
"26247",2020-10-07 19:30:00,45.8,45.87,45.77,45.83,1733
"26248",2020-10-07 19:31:00,45.87,45.88,45.87,45.88,704
"26249",2020-10-07 19:32:00,45.89,45.93,45.89,45.93,1811
"26250",2020-10-07 19:33:00,45.93,45.94,45.92,45.92,538
"26251",2020-10-07 19:34:00,45.94,45.97,45.94,45.95,1422
"26252",2020-10-07 19:35:00,45.94,45.96,45.94,45.95,733
"26253",2020-10-07 19:36:00,45.96,45.96,45.96,45.96,1013
"26254",2020-10-07 19:37:00,45.96,45.96,45.94,45.95,703
"26255",2020-10-07 19:38:00,45.96,45.96,45.96,45.96,116
"26256",2020-10-07 19:39:00,45.98,45.98,45.98,45.98,204
"26257",2020-10-07 19:40:00,45.99,46.02,45.99,46.01,1714
"26258",2020-10-07 19:41:00,46.01,46.01,45.98,45.98,523
"26259",2020-10-07 19:42:00,45.98,45.98,45.98,45.98,1
"26260",2020-10-07 19:43:00,45.99,45.99,45.98,45.98,514
"26261",2020-10-07 19:44:00,45.99,45.99,45.98,45.98,200
"26262",2020-10-07 19:45:00,45.99,45.99,45.97,45.98,780
"26263",2020-10-07 19:46:00,45.99,46,45.99,45.99,800
"26264",2020-10-07 19:47:00,46,46,45.99,45.99,790
"26265",2020-10-07 19:48:00,46,46.01,46,46.01,2302
"26266",2020-10-07 19:49:00,46.01,46.05,46,46.04,3641
"26267",2020-10-07 19:50:00,46.04,46.04,46.04,46.04,1
"26268",2020-10-07 19:51:00,46.05,46.05,46.05,46.05,854
"26269",2020-10-07 19:52:00,46.04,46.05,46.02,46.05,2935
"26270",2020-10-07 19:53:00,46.06,46.07,46.04,46.05,1546
"26271",2020-10-07 19:54:00,46.04,46.04,46.03,46.03,1579
"26272",2020-10-07 19:55:00,46.02,46.02,46,46,814
"26273",2020-10-07 19:56:00,45.99,46,45.99,46,806
"26274",2020-10-07 19:57:00,46,46,46,46,597
"26275",2020-10-07 19:58:00,46,46,45.99,45.99,1021
"26276",2020-10-07 19:59:00,46,46,46,46,7
"26277",2020-10-07 20:00:00,45.99,46.02,45.98,46.02,2524
"26278",2020-10-07 20:01:00,46.02,46.04,46.01,46.04,2554
"26279",2020-10-07 20:02:00,46.04,46.04,46.04,46.04,510
"26280",2020-10-07 20:03:00,46.04,46.04,46.03,46.03,1432
"26281",2020-10-07 20:04:00,46.03,46.06,46.02,46.06,1602
"26282",2020-10-07 20:05:00,46.07,46.07,46.06,46.07,222
"26283",2020-10-07 20:06:00,46.06,46.07,46.06,46.06,814
"26284",2020-10-07 20:07:00,46.07,46.08,46.04,46.04,2480
"26285",2020-10-07 20:08:00,46.04,46.04,46.02,46.03,1932
"26286",2020-10-07 20:09:00,46.03,46.03,46.03,46.03,601
"26287",2020-10-07 20:10:00,46.03,46.03,46.03,46.03,775
"26288",2020-10-07 20:11:00,46.04,46.05,46.04,46.05,1755
"26289",2020-10-07 20:12:00,46.04,46.04,46,46,1538
"26290",2020-10-07 20:13:00,46,46.01,46,46.01,1508
"26291",2020-10-07 20:14:00,46.01,46.01,46.01,46.01,303
"26292",2020-10-07 20:15:00,46,46.01,45.98,46.01,2144
"26293",2020-10-07 20:16:00,46.02,46.03,46.02,46.03,1060
"26294",2020-10-07 20:17:00,46.02,46.04,46.02,46.04,1035
"26295",2020-10-07 20:18:00,46.02,46.02,45.98,45.98,1387
"26296",2020-10-07 20:19:00,45.98,45.99,45.98,45.99,707
"26297",2020-10-07 20:20:00,45.99,46.01,45.99,46.01,2242
"26298",2020-10-07 20:21:00,46,46.01,46,46.01,641
"26299",2020-10-07 20:22:00,46.01,46.01,46.01,46.01,409
"26300",2020-10-07 20:23:00,46.03,46.03,46.02,46.02,708
"26301",2020-10-07 20:24:00,46.02,46.02,46.01,46.01,900
"26302",2020-10-07 20:25:00,46,46.02,46,46.01,1309
"26303",2020-10-07 20:26:00,46.01,46.01,45.98,45.99,1867
"26304",2020-10-07 20:27:00,45.99,45.99,45.98,45.98,778
"26305",2020-10-07 20:29:00,45.99,46,45.99,45.99,1656
"26306",2020-10-07 20:30:00,45.99,46,45.99,45.99,1405
"26307",2020-10-07 20:31:00,46,46.02,46,46,5540
"26308",2020-10-07 20:32:00,45.99,45.99,45.97,45.97,1031
"26309",2020-10-07 20:33:00,45.98,45.98,45.97,45.97,819
"26310",2020-10-07 20:34:00,45.96,45.97,45.96,45.97,601
"26311",2020-10-07 20:35:00,45.96,45.96,45.94,45.95,3866
"26312",2020-10-07 20:36:00,45.94,45.97,45.94,45.97,815
"26313",2020-10-07 20:38:00,45.97,46.01,45.96,46,1753
"26314",2020-10-07 20:39:00,46,46,46,46,555
"26315",2020-10-07 20:40:00,45.99,45.99,45.97,45.98,1127
"26316",2020-10-07 20:42:00,45.99,45.99,45.98,45.98,1989
"26317",2020-10-07 20:43:00,45.98,45.99,45.98,45.99,201
"26318",2020-10-07 20:44:00,46,46,46,46,1906
"26319",2020-10-07 20:45:00,46,46.06,46,46.04,9423
"26320",2020-10-07 20:46:00,46.04,46.04,46.01,46.01,4025
"26321",2020-10-07 20:47:00,46.02,46.03,46,46,3304
"26322",2020-10-07 20:48:00,46,46,45.98,45.98,2181
"26323",2020-10-07 20:49:00,45.98,45.98,45.98,45.98,2303
"26324",2020-10-07 20:50:00,45.97,45.97,45.97,45.97,1190
"26325",2020-10-07 20:51:00,45.97,45.97,45.95,45.95,1741
"26326",2020-10-07 20:52:00,45.95,45.95,45.94,45.95,1473
"26327",2020-10-07 20:53:00,45.98,45.98,45.96,45.97,508
"26328",2020-10-07 20:54:00,45.97,45.99,45.97,45.99,89
"26329",2020-10-07 20:55:00,45.98,46,45.98,45.99,1969
"26330",2020-10-07 20:56:00,45.98,46,45.98,46,1217
"26331",2020-10-07 20:57:00,45.99,45.99,45.98,45.98,1391
"26332",2020-10-07 20:58:00,45.98,45.98,45.98,45.98,100
"26333",2020-10-07 20:59:00,45.98,45.98,45.98,45.98,1134
"26334",2020-10-07 21:00:00,45.97,45.97,45.92,45.93,4175
"26335",2020-10-07 21:01:00,45.93,45.96,45.93,45.96,691
"26336",2020-10-07 21:02:00,45.97,45.98,45.96,45.96,2246
"26337",2020-10-07 21:03:00,45.96,45.96,45.93,45.93,1449
"26338",2020-10-07 21:04:00,45.95,45.97,45.95,45.95,1691
"26339",2020-10-07 21:05:00,45.95,45.97,45.94,45.97,1569
"26340",2020-10-07 21:06:00,45.97,45.98,45.97,45.98,1019
"26341",2020-10-07 21:07:00,45.99,46.02,45.99,46.01,2103
"26342",2020-10-07 21:08:00,46,46,45.96,45.98,1586
"26343",2020-10-07 21:09:00,45.97,45.97,45.96,45.96,2122
"26344",2020-10-07 21:10:00,45.97,45.99,45.97,45.98,733
"26345",2020-10-07 21:11:00,45.98,45.99,45.96,45.97,2797
"26346",2020-10-07 21:12:00,45.98,45.98,45.96,45.97,1334
"26347",2020-10-07 21:13:00,45.99,45.99,45.99,45.99,1801
"26348",2020-10-07 21:14:00,45.98,45.98,45.97,45.97,515
"26349",2020-10-07 21:15:00,45.98,45.98,45.97,45.97,577
"26350",2020-10-07 21:16:00,45.98,45.99,45.97,45.97,3447
"26351",2020-10-07 21:17:00,45.98,45.98,45.98,45.98,211
"26352",2020-10-07 21:18:00,45.99,45.99,45.99,45.99,789
"26353",2020-10-07 21:19:00,45.99,45.99,45.98,45.99,550
"26354",2020-10-07 21:20:00,45.99,46.02,45.99,46.02,3713
"26355",2020-10-07 21:21:00,46.02,46.02,46.01,46.01,2009
"26356",2020-10-07 21:22:00,46,46.01,45.99,45.99,1625
"26357",2020-10-07 21:23:00,46,46.02,46,46.02,2054
"26358",2020-10-07 21:24:00,46.02,46.07,46.02,46.05,3860
"26359",2020-10-07 21:25:00,46.04,46.05,46.04,46.05,1401
"26360",2020-10-07 21:26:00,46.05,46.05,46.02,46.02,1310
"26361",2020-10-07 21:27:00,46.02,46.02,45.98,45.98,1531
"26362",2020-10-07 21:28:00,45.98,46.01,45.98,46,4315
"26363",2020-10-07 21:29:00,46,46,45.99,45.99,1111
"26364",2020-10-07 21:30:00,45.98,45.98,45.95,45.96,4185
"26365",2020-10-07 21:31:00,45.96,45.96,45.95,45.96,2001
"26366",2020-10-07 21:32:00,45.95,45.96,45.95,45.96,3552
"26367",2020-10-07 21:33:00,45.96,45.96,45.95,45.95,1209
"26368",2020-10-07 21:34:00,45.96,45.96,45.96,45.96,100
"26369",2020-10-07 21:35:00,45.95,45.95,45.95,45.95,936
"26370",2020-10-07 21:36:00,45.95,45.95,45.95,45.95,815
"26371",2020-10-07 21:37:00,45.95,45.96,45.95,45.96,4047
"26372",2020-10-07 21:38:00,45.96,45.96,45.95,45.95,2410
"26373",2020-10-07 21:39:00,45.94,45.94,45.94,45.94,1408
"26374",2020-10-07 21:40:00,45.95,45.96,45.95,45.96,626
"26375",2020-10-07 21:41:00,45.96,45.96,45.93,45.93,1382
"26376",2020-10-07 21:42:00,45.93,45.93,45.88,45.89,8149
"26377",2020-10-07 21:43:00,45.9,45.92,45.9,45.92,701
"26378",2020-10-07 21:44:00,45.92,45.92,45.9,45.91,789
"26379",2020-10-07 21:45:00,45.91,45.92,45.91,45.91,1072
"26380",2020-10-07 21:46:00,45.93,45.95,45.92,45.95,1034
"26381",2020-10-07 21:47:00,45.95,45.95,45.94,45.94,1597
"26382",2020-10-07 21:48:00,45.94,45.96,45.94,45.96,1264
"26383",2020-10-07 21:49:00,45.96,45.96,45.96,45.96,2279
"26384",2020-10-07 21:50:00,45.96,45.96,45.96,45.96,857
"26385",2020-10-07 21:51:00,45.95,45.96,45.95,45.96,2586
"26386",2020-10-07 21:52:00,45.96,45.96,45.96,45.96,2786
"26387",2020-10-07 21:53:00,45.96,45.99,45.96,45.99,1566
"26388",2020-10-07 21:54:00,45.99,46,45.96,45.96,3719
"26389",2020-10-07 21:55:00,45.98,45.98,45.97,45.97,1355
"26390",2020-10-07 21:56:00,45.97,46,45.97,46,1028
"26391",2020-10-07 21:57:00,46,46,45.99,45.99,2652
"26392",2020-10-07 21:58:00,45.99,46,45.99,45.99,2216
"26393",2020-10-07 21:59:00,45.99,45.99,45.98,45.98,1428
"26394",2020-10-07 22:00:00,45.99,45.99,45.98,45.98,1108
"26395",2020-10-07 22:01:00,45.98,45.99,45.98,45.99,1414
"26396",2020-10-07 22:02:00,46,46,45.99,46,2220
"26397",2020-10-07 22:03:00,46,46.01,45.99,45.99,1978
"26398",2020-10-07 22:04:00,46,46.01,45.98,45.99,3149
"26399",2020-10-07 22:05:00,45.98,45.99,45.97,45.99,1472
"26400",2020-10-07 22:06:00,46,46.04,46,46.02,3465
"26401",2020-10-07 22:07:00,46.01,46.06,46.01,46.05,2511
"26402",2020-10-07 22:08:00,46.04,46.04,46.04,46.04,301
"26403",2020-10-07 22:09:00,46.03,46.04,46.03,46.04,1300
"26404",2020-10-07 22:10:00,46.05,46.06,46.05,46.06,373
"26405",2020-10-07 22:11:00,46.06,46.08,46.06,46.08,2162
"26406",2020-10-07 22:12:00,46.08,46.08,46.04,46.05,2937
"26407",2020-10-07 22:13:00,46.04,46.04,46.04,46.04,821
"26408",2020-10-07 22:14:00,46.04,46.05,46.02,46.02,2436
"26409",2020-10-07 22:15:00,46.03,46.03,46.02,46.02,1397
"26410",2020-10-07 22:16:00,46.04,46.04,46,46.01,3444
"26411",2020-10-07 22:17:00,46.01,46.02,46,46.02,1573
"26412",2020-10-07 22:18:00,46.02,46.02,46.02,46.02,2284
"26413",2020-10-07 22:19:00,46.02,46.02,46.02,46.02,653
"26414",2020-10-07 22:20:00,46.02,46.02,46.02,46.02,101
"26415",2020-10-07 22:21:00,46.02,46.03,46.02,46.03,714
"26416",2020-10-07 22:22:00,46.02,46.02,46,46,1823
"26417",2020-10-07 22:23:00,46,46,46,46,320
"26418",2020-10-07 22:24:00,46,46.01,46,46,739
"26419",2020-10-07 22:25:00,46.01,46.01,45.99,46,4639
"26420",2020-10-07 22:26:00,46,46,46,46,1338
"26421",2020-10-07 22:27:00,46,46,46,46,1449
"26422",2020-10-07 22:28:00,45.99,45.99,45.96,45.98,10167
"26423",2020-10-07 22:29:00,45.97,45.97,45.97,45.97,871
"26424",2020-10-07 22:30:00,45.98,45.98,45.98,45.98,900
"26425",2020-10-07 22:31:00,45.99,46,45.98,45.99,4624
"26426",2020-10-07 22:32:00,45.99,46,45.98,46,1657
"26427",2020-10-07 22:33:00,46,46,45.96,45.96,3555
"26428",2020-10-07 22:34:00,45.96,45.98,45.94,45.95,4226
"26429",2020-10-07 22:35:00,45.94,45.94,45.94,45.94,1631
"26430",2020-10-07 22:36:00,45.94,45.94,45.93,45.93,1944
"26431",2020-10-07 22:37:00,45.92,45.92,45.9,45.9,2196
"26432",2020-10-07 22:38:00,45.9,45.92,45.9,45.9,4598
"26433",2020-10-07 22:39:00,45.92,45.94,45.92,45.92,2606
"26434",2020-10-07 22:40:00,45.91,45.91,45.91,45.91,1839
"26435",2020-10-07 22:41:00,45.92,45.93,45.92,45.93,797
"26436",2020-10-07 22:42:00,45.93,45.93,45.92,45.92,1011
"26437",2020-10-07 22:43:00,45.93,45.94,45.91,45.92,4289
"26438",2020-10-07 22:44:00,45.92,45.92,45.92,45.92,1038
"26439",2020-10-07 22:45:00,45.92,45.93,45.92,45.93,1965
"26440",2020-10-07 22:46:00,45.94,45.95,45.94,45.94,3807
"26441",2020-10-07 22:47:00,45.94,45.96,45.94,45.96,954
"26442",2020-10-07 22:48:00,45.95,45.96,45.94,45.96,7655
"26443",2020-10-07 22:49:00,45.96,45.96,45.92,45.92,4808
"26444",2020-10-07 22:50:00,45.92,45.94,45.92,45.94,4281
"26445",2020-10-07 22:51:00,45.95,45.97,45.91,45.91,6539
"26446",2020-10-07 22:52:00,45.91,45.92,45.91,45.91,2658
"26447",2020-10-07 22:53:00,45.9,45.9,45.88,45.9,4633
"26448",2020-10-07 22:54:00,45.9,45.9,45.82,45.83,13821
"26449",2020-10-07 22:55:00,45.82,45.87,45.82,45.86,7046
"26450",2020-10-07 22:56:00,45.87,45.87,45.8,45.8,12075
"26451",2020-10-07 22:57:00,45.8,45.8,45.78,45.78,2937
"26452",2020-10-07 22:58:00,45.79,45.83,45.79,45.82,12404
"26453",2020-10-07 22:59:00,45.83,45.84,45.81,45.82,14657
"26454",2020-10-07 23:00:00,45.82,45.89,45.8,45.87,31293
"26455",2020-10-07 23:01:00,45.91,45.91,45.87,45.87,3
"26456",2020-10-07 23:03:00,45.86,45.87,45.86,45.87,1932
"26457",2020-10-07 23:04:00,45.78,45.78,45.78,45.78,180
"26458",2020-10-07 23:05:00,45.79,45.79,45.79,45.79,17
"26459",2020-10-07 23:07:00,45.87,45.87,45.87,45.87,5
"26460",2020-10-07 23:09:00,45.81,45.81,45.81,45.81,9
"26461",2020-10-07 23:11:00,45.76,45.76,45.76,45.76,1
"26462",2020-10-07 23:13:00,45.76,45.76,45.76,45.76,1
"26463",2020-10-07 23:14:00,45.76,45.76,45.76,45.76,22
"26464",2020-10-07 23:15:00,45.76,45.76,45.76,45.76,3
"26465",2020-10-07 23:16:00,45.9,45.95,45.9,45.95,23
"26466",2020-10-07 23:19:00,45.79,45.79,45.79,45.79,1
"26467",2020-10-07 23:27:00,45.8,45.8,45.8,45.8,100
"26468",2020-10-07 23:31:00,45.79,45.79,45.79,45.79,50
"26469",2020-10-07 23:40:00,45.95,45.95,45.95,45.95,10
"26470",2020-10-07 23:51:00,45.95,45.95,45.95,45.95,20
"26471",2020-10-08 00:22:00,45.95,45.95,45.95,45.95,1
"26472",2020-10-08 10:01:00,46.03,46.15,46.03,46.03,5
"26473",2020-10-08 10:04:00,46.15,46.15,46.15,46.15,18
"26474",2020-10-08 10:05:00,46.15,46.15,46.15,46.15,7
"26475",2020-10-08 10:06:00,46.15,46.15,46.14,46.14,4
"26476",2020-10-08 10:09:00,46.25,46.25,46.25,46.25,50
"26477",2020-10-08 10:12:00,46.2,46.25,46.2,46.25,6
"26478",2020-10-08 10:13:00,46.2,46.25,46.2,46.25,51
"26479",2020-10-08 10:14:00,46.2,46.2,46.13,46.13,46
"26480",2020-10-08 10:15:00,46.11,46.11,46.11,46.11,3
"26481",2020-10-08 10:16:00,46.11,46.11,46.11,46.11,2
"26482",2020-10-08 10:17:00,46.02,46.12,46.02,46.12,6
"26483",2020-10-08 10:18:00,46.13,46.13,46.13,46.13,3
"26484",2020-10-08 10:22:00,46.11,46.13,46.11,46.13,8
"26485",2020-10-08 10:23:00,46.14,46.14,46.14,46.14,17
"26486",2020-10-08 10:25:00,46.12,46.12,46.12,46.12,1
"26487",2020-10-08 10:26:00,46.13,46.13,46.13,46.13,1
"26488",2020-10-08 10:31:00,46.03,46.03,46.03,46.03,2
"26489",2020-10-08 10:35:00,46.1,46.11,46.1,46.11,10
"26490",2020-10-08 10:41:00,46.1,46.1,46.1,46.1,1
"26491",2020-10-08 10:42:00,46.02,46.02,45.89,45.89,17
"26492",2020-10-08 10:46:00,45.91,45.91,45.91,45.91,1
"26493",2020-10-08 10:47:00,46.04,46.04,46.04,46.04,1
"26494",2020-10-08 10:49:00,45.93,45.93,45.92,45.92,2
"26495",2020-10-08 10:56:00,46.03,46.08,46.03,46.08,3
"26496",2020-10-08 11:03:00,45.96,45.96,45.96,45.96,1
"26497",2020-10-08 11:04:00,45.96,45.96,45.96,45.96,9
"26498",2020-10-08 11:06:00,45.96,45.96,45.96,45.96,8
"26499",2020-10-08 11:08:00,45.96,45.96,45.96,45.96,124
"26500",2020-10-08 11:12:00,46.05,46.05,46.05,46.05,1
"26501",2020-10-08 11:15:00,46,46,46,46,45
"26502",2020-10-08 11:18:00,46.06,46.06,46.06,46.06,2
"26503",2020-10-08 11:25:00,46.11,46.11,46.11,46.11,1
"26504",2020-10-08 11:28:00,46.11,46.11,46.11,46.11,2
"26505",2020-10-08 11:30:00,46.11,46.11,46.11,46.11,1
"26506",2020-10-08 11:34:00,46.11,46.11,46.11,46.11,1
"26507",2020-10-08 11:37:00,46.2,46.2,46.2,46.2,5
"26508",2020-10-08 11:49:00,46.12,46.12,46.11,46.11,5
"26509",2020-10-08 11:53:00,46.19,46.19,46.19,46.19,1
"26510",2020-10-08 11:57:00,46.19,46.19,46.19,46.19,1
"26511",2020-10-08 12:02:00,46.18,46.18,46.18,46.18,1
"26512",2020-10-08 12:03:00,46.12,46.12,46.11,46.11,5
"26513",2020-10-08 12:05:00,46.1,46.1,46.09,46.09,5
"26514",2020-10-08 12:07:00,46.11,46.11,46.11,46.11,3
"26515",2020-10-08 12:09:00,46.11,46.11,46.11,46.11,1
"26516",2020-10-08 12:13:00,46.11,46.11,46.09,46.11,5
"26517",2020-10-08 12:17:00,46.1,46.1,46.1,46.1,1
"26518",2020-10-08 12:18:00,46.14,46.14,46.14,46.14,1
"26519",2020-10-08 12:20:00,46.1,46.1,46.1,46.1,1
"26520",2020-10-08 12:21:00,46.1,46.1,46.1,46.1,1
"26521",2020-10-08 12:23:00,46.11,46.15,46.11,46.15,21
"26522",2020-10-08 12:27:00,46.14,46.14,46.14,46.14,13
"26523",2020-10-08 12:28:00,46.1,46.1,46.1,46.1,10
"26524",2020-10-08 12:33:00,46.11,46.11,46.11,46.11,100
"26525",2020-10-08 12:36:00,46.19,46.21,46.19,46.21,53
"26526",2020-10-08 12:48:00,46.28,46.28,46.28,46.28,6
"26527",2020-10-08 12:51:00,46.27,46.27,46.27,46.27,1
"26528",2020-10-08 12:59:00,46.27,46.27,46.27,46.27,1
"26529",2020-10-08 13:00:00,46.27,46.27,46.27,46.27,6
"26530",2020-10-08 13:02:00,46.21,46.21,46.21,46.21,3
"26531",2020-10-08 13:09:00,46.15,46.15,46.15,46.15,2
"26532",2020-10-08 13:16:00,46.15,46.15,46.15,46.15,6
"26533",2020-10-08 13:35:00,46.15,46.15,46.15,46.15,9
"26534",2020-10-08 13:40:00,46.13,46.13,46.13,46.13,1
"26535",2020-10-08 13:48:00,46.24,46.24,46.11,46.11,35
"26536",2020-10-08 13:49:00,46.17,46.17,46.17,46.17,2
"26537",2020-10-08 13:51:00,46.18,46.18,46.18,46.18,1
"26538",2020-10-08 13:57:00,46.2,46.2,46.2,46.2,2
"26539",2020-10-08 14:01:00,46.1,46.1,46.1,46.1,8
"26540",2020-10-08 14:11:00,46.05,46.05,46.05,46.05,15
"26541",2020-10-08 14:12:00,46.15,46.15,46.15,46.15,9
"26542",2020-10-08 14:17:00,46.1,46.1,46.1,46.1,2
"26543",2020-10-08 14:18:00,46.1,46.1,46.1,46.1,1
"26544",2020-10-08 14:25:00,46.1,46.1,46.1,46.1,22
"26545",2020-10-08 14:31:00,46.1,46.1,46.1,46.1,1
"26546",2020-10-08 14:42:00,46.12,46.14,46.12,46.14,100
"26547",2020-10-08 14:49:00,46.1,46.1,46.1,46.1,5
"26548",2020-10-08 14:53:00,46.17,46.17,46.17,46.17,20
"26549",2020-10-08 14:55:00,46.11,46.11,46.11,46.11,1
"26550",2020-10-08 14:56:00,46.11,46.11,46.11,46.11,1
"26551",2020-10-08 15:01:00,46.15,46.17,46.15,46.17,8
"26552",2020-10-08 15:11:00,46.17,46.17,46.17,46.17,2
"26553",2020-10-08 15:13:00,46.18,46.18,46.18,46.18,4
"26554",2020-10-08 15:17:00,46.2,46.22,46.19,46.19,14
"26555",2020-10-08 15:18:00,46.26,46.26,46.26,46.26,2
"26556",2020-10-08 15:22:00,46.27,46.32,46.27,46.32,32
"26557",2020-10-08 15:25:00,46.29,46.29,46.29,46.29,1
"26558",2020-10-08 15:26:00,46.3,46.34,46.3,46.34,53
"26559",2020-10-08 15:30:00,46.33,46.33,46.33,46.33,454
"26560",2020-10-08 15:31:00,46.31,46.31,46.31,46.31,36
"26561",2020-10-08 15:34:00,46.32,46.32,46.32,46.32,1
"26562",2020-10-08 15:37:00,46.35,46.35,46.35,46.35,2
"26563",2020-10-08 15:42:00,46.39,46.4,46.39,46.4,59
"26564",2020-10-08 15:43:00,46.4,46.4,46.36,46.4,46
"26565",2020-10-08 15:44:00,46.41,46.41,46.41,46.41,229
"26566",2020-10-08 15:45:00,46.41,46.44,46.41,46.44,200
"26567",2020-10-08 15:49:00,46.39,46.39,46.39,46.39,109
"26568",2020-10-08 15:50:00,46.36,46.39,46.36,46.39,14
"26569",2020-10-08 15:56:00,46.36,46.36,46.33,46.33,321
"26570",2020-10-08 15:57:00,46.34,46.34,46.34,46.34,105
"26571",2020-10-08 15:58:00,46.34,46.34,46.34,46.34,2
"26572",2020-10-08 15:59:00,46.37,46.37,46.35,46.35,11205
"26573",2020-10-08 16:04:00,46.33,46.33,46.33,46.33,10
"26574",2020-10-08 16:05:00,46.35,46.35,46.35,46.35,24
"26575",2020-10-08 16:06:00,46.33,46.33,46.33,46.33,3
"26576",2020-10-08 16:07:00,46.33,46.33,46.33,46.33,1
"26577",2020-10-08 16:08:00,46.33,46.33,46.33,46.33,736
"26578",2020-10-08 16:09:00,46.32,46.32,46.32,46.32,1
"26579",2020-10-08 16:12:00,46.33,46.33,46.33,46.33,301
"26580",2020-10-08 16:13:00,46.33,46.33,46.33,46.33,100
"26581",2020-10-08 16:14:00,46.34,46.34,46.34,46.34,10
"26582",2020-10-08 16:17:00,46.31,46.34,46.22,46.22,107
"26583",2020-10-08 16:18:00,46.29,46.29,46.2,46.2,266
"26584",2020-10-08 16:20:00,46.2,46.2,46.2,46.2,4
"26585",2020-10-08 16:21:00,46.2,46.2,46.2,46.2,456
"26586",2020-10-08 16:22:00,46.2,46.3,46.2,46.3,834
"26587",2020-10-08 16:24:00,46.2,46.2,46.2,46.2,2
"26588",2020-10-08 16:26:00,46.19,46.19,46.19,46.19,5
"26589",2020-10-08 16:28:00,46.21,46.21,46.21,46.21,3
"26590",2020-10-08 16:29:00,46.23,46.3,46.22,46.25,994
"26591",2020-10-08 16:30:00,46.25,46.6,46.18,46.6,1605
"26592",2020-10-08 16:31:00,46.59,46.62,46.32,46.32,6222
"26593",2020-10-08 16:32:00,46.32,46.4,46.32,46.4,1901
"26594",2020-10-08 16:33:00,46.4,46.43,46.3,46.42,10839
"26595",2020-10-08 16:34:00,46.44,46.46,46.28,46.28,4427
"26596",2020-10-08 16:35:00,46.27,46.29,46.2,46.2,5527
"26597",2020-10-08 16:36:00,46.2,46.27,46.15,46.16,11549
"26598",2020-10-08 16:37:00,46.17,46.26,46.17,46.23,7861
"26599",2020-10-08 16:38:00,46.23,46.28,46.17,46.17,5528
"26600",2020-10-08 16:39:00,46.16,46.26,46.16,46.17,10573
"26601",2020-10-08 16:40:00,46.18,46.26,46.18,46.19,4526
"26602",2020-10-08 16:41:00,46.21,46.26,46.21,46.23,5112
"26603",2020-10-08 16:42:00,46.23,46.27,46.18,46.27,9060
"26604",2020-10-08 16:43:00,46.28,46.3,46.11,46.12,8606
"26605",2020-10-08 16:44:00,46.12,46.16,46.11,46.16,3984
"26606",2020-10-08 16:45:00,46.15,46.15,46.12,46.12,2608
"26607",2020-10-08 16:46:00,46.11,46.11,46.07,46.09,5674
"26608",2020-10-08 16:47:00,46.1,46.11,46.05,46.06,2618
"26609",2020-10-08 16:48:00,46.07,46.08,45.98,45.99,8790
"26610",2020-10-08 16:49:00,46,46.05,45.98,46.04,4750
"26611",2020-10-08 16:50:00,46.05,46.07,46.01,46.01,4072
"26612",2020-10-08 16:51:00,46.02,46.11,46.02,46.1,4683
"26613",2020-10-08 16:52:00,46.1,46.1,46.05,46.05,3200
"26614",2020-10-08 16:53:00,46.05,46.09,46.04,46.09,3133
"26615",2020-10-08 16:54:00,46.09,46.1,46.06,46.09,3036
"26616",2020-10-08 16:55:00,46.11,46.14,46.08,46.13,4462
"26617",2020-10-08 16:56:00,46.12,46.16,46.1,46.16,1915
"26618",2020-10-08 16:57:00,46.15,46.18,46.14,46.15,2934
"26619",2020-10-08 16:58:00,46.17,46.22,46.17,46.21,1405
"26620",2020-10-08 16:59:00,46.2,46.21,46.16,46.16,1593
"26621",2020-10-08 17:00:00,46.16,46.22,46.16,46.22,1103
"26622",2020-10-08 17:01:00,46.24,46.26,46.24,46.26,2135
"26623",2020-10-08 17:02:00,46.25,46.25,46.21,46.25,1850
"26624",2020-10-08 17:03:00,46.26,46.27,46.22,46.22,4116
"26625",2020-10-08 17:04:00,46.21,46.21,46.1,46.13,4006
"26626",2020-10-08 17:05:00,46.16,46.19,46.14,46.17,2927
"26627",2020-10-08 17:06:00,46.16,46.21,46.16,46.2,2014
"26628",2020-10-08 17:07:00,46.21,46.21,46.18,46.19,1913
"26629",2020-10-08 17:08:00,46.19,46.2,46.18,46.2,1065
"26630",2020-10-08 17:09:00,46.21,46.31,46.21,46.27,5293
"26631",2020-10-08 17:10:00,46.27,46.3,46.26,46.29,1221
"26632",2020-10-08 17:11:00,46.3,46.35,46.3,46.35,2794
"26633",2020-10-08 17:12:00,46.36,46.38,46.34,46.34,2471
"26634",2020-10-08 17:13:00,46.34,46.36,46.32,46.32,2685
"26635",2020-10-08 17:14:00,46.31,46.32,46.27,46.32,3699
"26636",2020-10-08 17:15:00,46.33,46.36,46.33,46.33,2443
"26637",2020-10-08 17:16:00,46.32,46.35,46.31,46.35,1512
"26638",2020-10-08 17:17:00,46.35,46.42,46.35,46.41,3579
"26639",2020-10-08 17:18:00,46.4,46.4,46.29,46.29,3074
"26640",2020-10-08 17:19:00,46.3,46.31,46.25,46.25,3258
"26641",2020-10-08 17:20:00,46.25,46.26,46.18,46.22,4183
"26642",2020-10-08 17:21:00,46.25,46.25,46.22,46.22,1312
"26643",2020-10-08 17:22:00,46.23,46.26,46.23,46.26,1401
"26644",2020-10-08 17:23:00,46.25,46.25,46.2,46.2,4275
"26645",2020-10-08 17:24:00,46.19,46.2,46.14,46.14,3257
"26646",2020-10-08 17:25:00,46.15,46.2,46.15,46.17,1952
"26647",2020-10-08 17:26:00,46.17,46.17,46.04,46.05,6345
"26648",2020-10-08 17:27:00,46.05,46.09,46.04,46.06,1960
"26649",2020-10-08 17:28:00,46.06,46.08,46.05,46.06,2704
"26650",2020-10-08 17:29:00,46.06,46.06,46.05,46.05,1519
"26651",2020-10-08 17:30:00,46.06,46.09,46.05,46.09,943
"26652",2020-10-08 17:31:00,46.1,46.12,46.1,46.11,602
"26653",2020-10-08 17:32:00,46.11,46.14,46.1,46.12,1849
"26654",2020-10-08 17:33:00,46.13,46.14,46.09,46.13,2956
"26655",2020-10-08 17:34:00,46.14,46.16,46.13,46.13,1939
"26656",2020-10-08 17:35:00,46.13,46.14,46.12,46.12,3728
"26657",2020-10-08 17:36:00,46.12,46.17,46.12,46.16,1260
"26658",2020-10-08 17:37:00,46.16,46.17,46.08,46.08,7190
"26659",2020-10-08 17:38:00,46.08,46.1,46.07,46.08,1817
"26660",2020-10-08 17:39:00,46.09,46.09,46.03,46.04,2637
"26661",2020-10-08 17:40:00,46.07,46.07,45.99,46,9368
"26662",2020-10-08 17:41:00,46,46.02,46,46.01,3267
"26663",2020-10-08 17:42:00,46,46,45.97,46,1682
"26664",2020-10-08 17:43:00,45.98,45.98,45.97,45.97,600
"26665",2020-10-08 17:44:00,45.96,45.96,45.94,45.95,1563
"26666",2020-10-08 17:45:00,45.94,45.95,45.92,45.95,1719
"26667",2020-10-08 17:46:00,45.96,45.96,45.94,45.96,685
"26668",2020-10-08 17:47:00,45.95,45.96,45.95,45.95,2297
"26669",2020-10-08 17:48:00,45.95,45.95,45.86,45.86,5144
"26670",2020-10-08 17:49:00,45.86,45.87,45.84,45.84,7086
"26671",2020-10-08 17:50:00,45.85,45.87,45.84,45.85,2681
"26672",2020-10-08 17:51:00,45.85,45.95,45.85,45.95,4625
"26673",2020-10-08 17:52:00,45.95,45.96,45.9,45.91,3505
"26674",2020-10-08 17:53:00,45.91,45.91,45.83,45.83,4824
"26675",2020-10-08 17:54:00,45.84,45.88,45.83,45.83,8645
"26676",2020-10-08 17:55:00,45.83,45.84,45.81,45.83,2975
"26677",2020-10-08 17:56:00,45.84,45.88,45.83,45.86,4635
"26678",2020-10-08 17:57:00,45.88,45.92,45.88,45.92,1920
"26679",2020-10-08 17:58:00,45.92,45.93,45.91,45.91,1009
"26680",2020-10-08 17:59:00,45.89,45.91,45.88,45.89,3530
"26681",2020-10-08 18:00:00,45.9,45.92,45.89,45.92,1787
"26682",2020-10-08 18:01:00,45.93,45.96,45.9,45.96,3388
"26683",2020-10-08 18:02:00,45.96,46,45.94,46,2003
"26684",2020-10-08 18:03:00,45.99,46.01,45.98,45.98,1384
"26685",2020-10-08 18:04:00,45.97,45.98,45.97,45.98,1352
"26686",2020-10-08 18:05:00,45.99,46.02,45.99,45.99,3914
"26687",2020-10-08 18:06:00,46,46.01,45.98,46,2059
"26688",2020-10-08 18:07:00,46.01,46.02,45.97,45.97,4177
"26689",2020-10-08 18:08:00,45.99,46.01,45.99,46,1509
"26690",2020-10-08 18:09:00,45.99,46.01,45.98,46,1760
"26691",2020-10-08 18:10:00,45.99,45.99,45.96,45.96,1034
"26692",2020-10-08 18:11:00,45.96,45.98,45.94,45.98,1741
"26693",2020-10-08 18:12:00,46,46,45.99,45.99,513
"26694",2020-10-08 18:13:00,46,46.02,46,46.02,678
"26695",2020-10-08 18:14:00,46.02,46.02,46,46.01,1938
"26696",2020-10-08 18:15:00,46.02,46.03,46,46.01,3123
"26697",2020-10-08 18:16:00,46,46.01,45.99,46.01,900
"26698",2020-10-08 18:17:00,46,46,45.97,45.97,2074
"26699",2020-10-08 18:18:00,45.97,45.98,45.97,45.98,637
"26700",2020-10-08 18:19:00,45.98,45.98,45.96,45.96,1105
"26701",2020-10-08 18:20:00,45.96,45.97,45.95,45.95,756
"26702",2020-10-08 18:21:00,45.97,46,45.9,45.94,4182
"26703",2020-10-08 18:22:00,45.95,45.97,45.94,45.95,1645
"26704",2020-10-08 18:23:00,45.96,45.98,45.96,45.97,1265
"26705",2020-10-08 18:24:00,45.98,46,45.97,45.98,1820
"26706",2020-10-08 18:25:00,45.99,45.99,45.98,45.99,954
"26707",2020-10-08 18:26:00,45.99,45.99,45.94,45.96,2303
"26708",2020-10-08 18:27:00,45.97,45.97,45.91,45.91,2326
"26709",2020-10-08 18:28:00,45.9,45.93,45.9,45.92,2323
"26710",2020-10-08 18:29:00,45.91,45.91,45.88,45.89,3370
"26711",2020-10-08 18:30:00,45.89,45.91,45.89,45.9,1850
"26712",2020-10-08 18:31:00,45.9,45.94,45.89,45.93,2452
"26713",2020-10-08 18:32:00,45.93,45.94,45.93,45.93,513
"26714",2020-10-08 18:33:00,45.92,45.92,45.88,45.88,2475
"26715",2020-10-08 18:34:00,45.87,45.87,45.78,45.8,12759
"26716",2020-10-08 18:35:00,45.8,45.86,45.79,45.86,4261
"26717",2020-10-08 18:36:00,45.86,45.9,45.85,45.9,2621
"26718",2020-10-08 18:37:00,45.9,45.93,45.9,45.92,3354
"26719",2020-10-08 18:38:00,45.92,45.94,45.92,45.94,879
"26720",2020-10-08 18:39:00,45.94,46.01,45.94,45.99,4558
"26721",2020-10-08 18:40:00,45.98,45.98,45.96,45.96,2127
"26722",2020-10-08 18:41:00,45.97,46,45.96,46,3943
"26723",2020-10-08 18:42:00,45.99,46.02,45.99,46.02,1196
"26724",2020-10-08 18:43:00,46.02,46.02,45.99,46.01,3989
"26725",2020-10-08 18:44:00,46.01,46.06,46.01,46.06,1997
"26726",2020-10-08 18:45:00,46.05,46.05,46.04,46.05,1731
"26727",2020-10-08 18:46:00,46.05,46.05,46.04,46.04,1594
"26728",2020-10-08 18:47:00,46.05,46.06,46.05,46.06,1425
"26729",2020-10-08 18:48:00,46.05,46.07,46.05,46.05,1639
"26730",2020-10-08 18:49:00,46.05,46.06,46.05,46.06,834
"26731",2020-10-08 18:50:00,46.06,46.09,46.06,46.09,2942
"26732",2020-10-08 18:51:00,46.08,46.08,46.01,46.02,6599
"26733",2020-10-08 18:52:00,46.02,46.03,46.02,46.02,1268
"26734",2020-10-08 18:53:00,46.03,46.07,46.03,46.05,1483
"26735",2020-10-08 18:54:00,46.06,46.07,46.06,46.07,618
"26736",2020-10-08 18:55:00,46.07,46.07,46.04,46.05,1463
"26737",2020-10-08 18:56:00,46.06,46.08,46.06,46.08,1064
"26738",2020-10-08 18:57:00,46.08,46.09,46.08,46.09,1130
"26739",2020-10-08 18:58:00,46.1,46.14,46.1,46.14,1812
"26740",2020-10-08 18:59:00,46.14,46.14,46.11,46.11,1622
"26741",2020-10-08 19:00:00,46.11,46.13,46.1,46.12,1699
"26742",2020-10-08 19:01:00,46.13,46.14,46.12,46.13,2706
"26743",2020-10-08 19:02:00,46.14,46.14,46.13,46.14,1663
"26744",2020-10-08 19:03:00,46.15,46.15,46.14,46.14,1045
"26745",2020-10-08 19:04:00,46.14,46.16,46.14,46.16,600
"26746",2020-10-08 19:05:00,46.17,46.18,46.17,46.18,421
"26747",2020-10-08 19:06:00,46.18,46.19,46.18,46.19,649
"26748",2020-10-08 19:07:00,46.2,46.21,46.19,46.2,1656
"26749",2020-10-08 19:08:00,46.2,46.2,46.19,46.2,2904
"26750",2020-10-08 19:09:00,46.2,46.24,46.19,46.24,2737
"26751",2020-10-08 19:10:00,46.24,46.25,46.24,46.24,4574
"26752",2020-10-08 19:11:00,46.25,46.26,46.21,46.25,5732
"26753",2020-10-08 19:12:00,46.25,46.25,46.25,46.25,486
"26754",2020-10-08 19:13:00,46.25,46.26,46.24,46.24,1611
"26755",2020-10-08 19:14:00,46.24,46.25,46.24,46.24,910
"26756",2020-10-08 19:15:00,46.24,46.25,46.23,46.24,2353
"26757",2020-10-08 19:16:00,46.24,46.24,46.23,46.23,1558
"26758",2020-10-08 19:17:00,46.24,46.24,46.23,46.23,1973
"26759",2020-10-08 19:18:00,46.23,46.23,46.21,46.21,5147
"26760",2020-10-08 19:19:00,46.21,46.22,46.2,46.2,1508
"26761",2020-10-08 19:20:00,46.19,46.2,46.19,46.2,902
"26762",2020-10-08 19:21:00,46.2,46.2,46.16,46.18,1912
"26763",2020-10-08 19:22:00,46.18,46.18,46.16,46.18,1514
"26764",2020-10-08 19:23:00,46.18,46.2,46.18,46.2,514
"26765",2020-10-08 19:24:00,46.2,46.2,46.19,46.19,145
"26766",2020-10-08 19:25:00,46.19,46.22,46.19,46.22,911
"26767",2020-10-08 19:26:00,46.21,46.21,46.21,46.21,255
"26768",2020-10-08 19:27:00,46.21,46.22,46.21,46.22,112
"26769",2020-10-08 19:28:00,46.22,46.26,46.22,46.26,1211
"26770",2020-10-08 19:29:00,46.25,46.25,46.22,46.22,1115
"26771",2020-10-08 19:30:00,46.22,46.23,46.22,46.22,561
"26772",2020-10-08 19:31:00,46.22,46.24,46.22,46.24,310
"26773",2020-10-08 19:32:00,46.25,46.25,46.24,46.25,444
"26774",2020-10-08 19:33:00,46.25,46.27,46.25,46.27,1062
"26775",2020-10-08 19:34:00,46.27,46.28,46.23,46.23,859
"26776",2020-10-08 19:35:00,46.23,46.24,46.23,46.24,861
"26777",2020-10-08 19:36:00,46.24,46.24,46.22,46.22,511
"26778",2020-10-08 19:37:00,46.21,46.21,46.2,46.21,440
"26779",2020-10-08 19:38:00,46.22,46.22,46.22,46.22,1284
"26780",2020-10-08 19:39:00,46.22,46.22,46.21,46.22,408
"26781",2020-10-08 19:40:00,46.22,46.22,46.21,46.21,565
"26782",2020-10-08 19:41:00,46.21,46.21,46.21,46.21,466
"26783",2020-10-08 19:42:00,46.2,46.21,46.2,46.21,486
"26784",2020-10-08 19:43:00,46.22,46.23,46.22,46.22,1562
"26785",2020-10-08 19:44:00,46.22,46.22,46.2,46.21,1952
"26786",2020-10-08 19:45:00,46.21,46.21,46.17,46.19,2459
"26787",2020-10-08 19:46:00,46.2,46.21,46.18,46.18,1551
"26788",2020-10-08 19:47:00,46.19,46.19,46.19,46.19,324
"26789",2020-10-08 19:48:00,46.19,46.19,46.18,46.18,903
"26790",2020-10-08 19:49:00,46.17,46.17,46.14,46.15,2175
"26791",2020-10-08 19:50:00,46.15,46.15,46.07,46.12,13679
"26792",2020-10-08 19:51:00,46.12,46.12,46.11,46.11,1153
"26793",2020-10-08 19:52:00,46.1,46.1,46.1,46.1,584
"26794",2020-10-08 19:53:00,46.1,46.11,46.1,46.1,1230
"26795",2020-10-08 19:54:00,46.09,46.1,46.09,46.09,1154
"26796",2020-10-08 19:55:00,46.08,46.1,46.08,46.1,920
"26797",2020-10-08 19:56:00,46.09,46.12,46.09,46.11,1868
"26798",2020-10-08 19:57:00,46.11,46.11,46.08,46.08,1423
"26799",2020-10-08 19:58:00,46.09,46.09,46.09,46.09,600
"26800",2020-10-08 19:59:00,46.1,46.1,46.07,46.07,3291
"26801",2020-10-08 20:00:00,46.07,46.08,46.05,46.05,2733
"26802",2020-10-08 20:01:00,46.04,46.04,45.99,46.02,7667
"26803",2020-10-08 20:02:00,46.02,46.03,46.02,46.02,1491
"26804",2020-10-08 20:03:00,46.01,46.01,46,46,810
"26805",2020-10-08 20:04:00,45.99,45.99,45.97,45.98,1228
"26806",2020-10-08 20:05:00,45.98,46,45.98,46,461
"26807",2020-10-08 20:06:00,46,46.01,46,46,1423
"26808",2020-10-08 20:07:00,46,46.02,45.98,45.98,2114
"26809",2020-10-08 20:08:00,45.99,46,45.98,46,2395
"26810",2020-10-08 20:09:00,46.01,46.03,46,46.02,1874
"26811",2020-10-08 20:10:00,46.03,46.03,46,46,1746
"26812",2020-10-08 20:11:00,46,46,45.96,45.97,1318
"26813",2020-10-08 20:12:00,45.96,45.96,45.94,45.94,1617
"26814",2020-10-08 20:13:00,45.94,45.94,45.92,45.92,764
"26815",2020-10-08 20:14:00,45.93,45.94,45.93,45.93,332
"26816",2020-10-08 20:15:00,45.92,45.93,45.91,45.93,1037
"26817",2020-10-08 20:16:00,45.92,45.93,45.9,45.92,3642
"26818",2020-10-08 20:17:00,45.92,45.92,45.9,45.9,1575
"26819",2020-10-08 20:18:00,45.91,45.92,45.89,45.89,1873
"26820",2020-10-08 20:19:00,45.89,45.89,45.88,45.88,1011
"26821",2020-10-08 20:20:00,45.88,45.9,45.88,45.9,285
"26822",2020-10-08 20:21:00,45.91,45.92,45.91,45.91,409
"26823",2020-10-08 20:22:00,45.93,45.93,45.93,45.93,800
"26824",2020-10-08 20:23:00,45.93,45.93,45.91,45.91,1781
"26825",2020-10-08 20:24:00,45.9,45.9,45.88,45.88,840
"26826",2020-10-08 20:25:00,45.87,45.87,45.85,45.85,2801
"26827",2020-10-08 20:26:00,45.86,45.88,45.86,45.88,917
"26828",2020-10-08 20:27:00,45.88,45.88,45.86,45.86,995
"26829",2020-10-08 20:28:00,45.86,45.88,45.86,45.88,1000
"26830",2020-10-08 20:29:00,45.87,45.89,45.87,45.88,812
"26831",2020-10-08 20:30:00,45.88,45.89,45.87,45.89,900
"26832",2020-10-08 20:31:00,45.88,45.88,45.88,45.88,1090
"26833",2020-10-08 20:32:00,45.88,45.9,45.88,45.9,543
"26834",2020-10-08 20:33:00,45.9,45.9,45.88,45.89,1906
"26835",2020-10-08 20:34:00,45.9,45.93,45.9,45.92,1283
"26836",2020-10-08 20:35:00,45.91,45.91,45.9,45.9,947
"26837",2020-10-08 20:36:00,45.89,45.92,45.88,45.92,1607
"26838",2020-10-08 20:37:00,45.92,45.94,45.92,45.94,1133
"26839",2020-10-08 20:38:00,45.94,45.98,45.94,45.98,2705
"26840",2020-10-08 20:39:00,45.98,45.98,45.96,45.96,730
"26841",2020-10-08 20:40:00,45.96,45.97,45.96,45.96,1413
"26842",2020-10-08 20:41:00,45.96,45.99,45.96,45.99,2068
"26843",2020-10-08 20:42:00,45.99,46,45.98,45.99,969
"26844",2020-10-08 20:43:00,46,46.01,45.96,45.96,3785
"26845",2020-10-08 20:44:00,45.96,45.97,45.95,45.97,1433
"26846",2020-10-08 20:45:00,45.96,45.99,45.95,45.99,1660
"26847",2020-10-08 20:46:00,45.97,45.97,45.93,45.93,1548
"26848",2020-10-08 20:47:00,45.94,45.94,45.94,45.94,209
"26849",2020-10-08 20:48:00,45.93,45.93,45.91,45.92,931
"26850",2020-10-08 20:49:00,45.91,45.91,45.9,45.91,685
"26851",2020-10-08 20:50:00,45.91,45.92,45.91,45.92,405
"26852",2020-10-08 20:51:00,45.91,45.92,45.9,45.92,712
"26853",2020-10-08 20:52:00,45.92,45.92,45.92,45.92,276
"26854",2020-10-08 20:53:00,45.92,45.93,45.92,45.93,706
"26855",2020-10-08 20:54:00,45.94,45.94,45.94,45.94,61
"26856",2020-10-08 20:55:00,45.93,45.93,45.92,45.93,1013
"26857",2020-10-08 20:56:00,45.94,45.94,45.92,45.92,924
"26858",2020-10-08 20:57:00,45.92,45.92,45.9,45.9,1097
"26859",2020-10-08 20:58:00,45.9,45.9,45.9,45.9,599
"26860",2020-10-08 20:59:00,45.89,45.9,45.88,45.88,1070
"26861",2020-10-08 21:00:00,45.89,45.89,45.85,45.86,1678
"26862",2020-10-08 21:01:00,45.86,45.87,45.82,45.87,3543
"26863",2020-10-08 21:02:00,45.87,45.88,45.86,45.86,1045
"26864",2020-10-08 21:03:00,45.86,45.88,45.86,45.88,574
"26865",2020-10-08 21:04:00,45.88,45.88,45.87,45.88,1477
"26866",2020-10-08 21:05:00,45.88,45.88,45.84,45.85,1998
"26867",2020-10-08 21:06:00,45.85,45.87,45.85,45.87,1049
"26868",2020-10-08 21:07:00,45.88,45.88,45.88,45.88,200
"26869",2020-10-08 21:08:00,45.88,45.89,45.88,45.89,933
"26870",2020-10-08 21:09:00,45.9,45.91,45.9,45.91,625
"26871",2020-10-08 21:10:00,45.91,45.92,45.91,45.92,300
"26872",2020-10-08 21:11:00,45.92,45.92,45.92,45.92,910
"26873",2020-10-08 21:12:00,45.92,45.94,45.92,45.93,2356
"26874",2020-10-08 21:13:00,45.93,45.96,45.93,45.96,1336
"26875",2020-10-08 21:14:00,45.96,45.96,45.96,45.96,66
"26876",2020-10-08 21:15:00,45.95,45.95,45.93,45.93,1095
"26877",2020-10-08 21:16:00,45.94,45.95,45.93,45.95,2049
"26878",2020-10-08 21:17:00,45.96,45.96,45.95,45.96,674
"26879",2020-10-08 21:18:00,45.96,45.96,45.96,45.96,471
"26880",2020-10-08 21:19:00,45.97,45.98,45.97,45.97,1214
"26881",2020-10-08 21:20:00,45.97,45.97,45.97,45.97,462
"26882",2020-10-08 21:21:00,45.97,45.97,45.97,45.97,568
"26883",2020-10-08 21:22:00,45.98,46.04,45.98,46.04,2094
"26884",2020-10-08 21:23:00,46.03,46.04,46.03,46.03,984
"26885",2020-10-08 21:24:00,46.03,46.03,46.02,46.02,1193
"26886",2020-10-08 21:25:00,46.03,46.03,46.02,46.02,913
"26887",2020-10-08 21:26:00,46.03,46.03,46.03,46.03,269
"26888",2020-10-08 21:27:00,46.02,46.03,46.01,46.02,4840
"26889",2020-10-08 21:28:00,46.02,46.02,46.01,46.01,817
"26890",2020-10-08 21:29:00,46.01,46.02,46.01,46.02,1871
"26891",2020-10-08 21:30:00,46.02,46.04,46.02,46.03,1372
"26892",2020-10-08 21:31:00,46.03,46.04,46.02,46.04,1119
"26893",2020-10-08 21:32:00,46.03,46.03,46.01,46.02,1260
"26894",2020-10-08 21:33:00,46.03,46.04,46.03,46.04,419
"26895",2020-10-08 21:34:00,46.04,46.07,46.04,46.07,1145
"26896",2020-10-08 21:35:00,46.08,46.1,46.08,46.1,592
"26897",2020-10-08 21:36:00,46.09,46.09,46.07,46.08,1230
"26898",2020-10-08 21:37:00,46.09,46.09,46.09,46.09,595
"26899",2020-10-08 21:38:00,46.09,46.09,46.09,46.09,589
"26900",2020-10-08 21:39:00,46.1,46.1,46.09,46.1,1241
"26901",2020-10-08 21:40:00,46.11,46.13,46.11,46.13,1623
"26902",2020-10-08 21:41:00,46.14,46.16,46.14,46.16,4993
"26903",2020-10-08 21:42:00,46.17,46.17,46.16,46.16,210
"26904",2020-10-08 21:43:00,46.16,46.17,46.14,46.15,2405
"26905",2020-10-08 21:44:00,46.15,46.18,46.15,46.17,2569
"26906",2020-10-08 21:45:00,46.17,46.17,46.16,46.17,1213
"26907",2020-10-08 21:46:00,46.17,46.18,46.16,46.16,853
"26908",2020-10-08 21:47:00,46.16,46.17,46.15,46.16,2288
"26909",2020-10-08 21:48:00,46.16,46.16,46.14,46.15,1338
"26910",2020-10-08 21:49:00,46.12,46.14,46.12,46.14,2171
"26911",2020-10-08 21:50:00,46.13,46.13,46.13,46.13,668
"26912",2020-10-08 21:51:00,46.12,46.12,46.11,46.11,1296
"26913",2020-10-08 21:52:00,46.11,46.12,46.11,46.12,887
"26914",2020-10-08 21:53:00,46.11,46.11,46.11,46.11,732
"26915",2020-10-08 21:54:00,46.1,46.12,46.1,46.11,2103
"26916",2020-10-08 21:55:00,46.12,46.12,46.1,46.1,1287
"26917",2020-10-08 21:56:00,46.1,46.13,46.1,46.12,3306
"26918",2020-10-08 21:57:00,46.13,46.13,46.13,46.13,662
"26919",2020-10-08 21:58:00,46.12,46.14,46.12,46.14,1847
"26920",2020-10-08 21:59:00,46.14,46.14,46.13,46.14,1598
"26921",2020-10-08 22:00:00,46.14,46.14,46.13,46.14,1722
"26922",2020-10-08 22:01:00,46.14,46.14,46.13,46.13,2391
"26923",2020-10-08 22:02:00,46.13,46.13,46.07,46.08,5372
"26924",2020-10-08 22:03:00,46.07,46.09,46.04,46.09,3927
"26925",2020-10-08 22:04:00,46.09,46.1,46.07,46.1,694
"26926",2020-10-08 22:05:00,46.1,46.1,46.04,46.06,4950
"26927",2020-10-08 22:06:00,46.07,46.08,46.05,46.05,7248
"26928",2020-10-08 22:07:00,46.04,46.04,46.03,46.04,1343
"26929",2020-10-08 22:08:00,46.04,46.06,46.04,46.06,2837
"26930",2020-10-08 22:09:00,46.05,46.07,46.05,46.06,3000
"26931",2020-10-08 22:10:00,46.05,46.06,46.04,46.04,1202
"26932",2020-10-08 22:11:00,46.06,46.06,46.04,46.06,1181
"26933",2020-10-08 22:12:00,46.04,46.08,46.04,46.08,326
"26934",2020-10-08 22:13:00,46.09,46.1,46.09,46.1,1544
"26935",2020-10-08 22:14:00,46.1,46.1,46.08,46.08,1072
"26936",2020-10-08 22:15:00,46.08,46.08,46.08,46.08,530
"26937",2020-10-08 22:16:00,46.08,46.1,46.08,46.1,895
"26938",2020-10-08 22:17:00,46.1,46.1,46.08,46.08,1860
"26939",2020-10-08 22:18:00,46.09,46.1,46.06,46.08,1903
"26940",2020-10-08 22:19:00,46.07,46.07,46.07,46.07,940
"26941",2020-10-08 22:20:00,46.07,46.08,46.07,46.08,848
"26942",2020-10-08 22:21:00,46.08,46.09,46.06,46.07,2935
"26943",2020-10-08 22:22:00,46.06,46.08,46.05,46.08,3904
"26944",2020-10-08 22:23:00,46.07,46.08,46.06,46.08,1857
"26945",2020-10-08 22:24:00,46.09,46.1,46.09,46.1,2141
"26946",2020-10-08 22:25:00,46.1,46.1,46.08,46.08,1684
"26947",2020-10-08 22:26:00,46.08,46.14,46.08,46.14,3137
"26948",2020-10-08 22:27:00,46.14,46.14,46.12,46.13,1288
"26949",2020-10-08 22:28:00,46.13,46.14,46.13,46.13,1606
"26950",2020-10-08 22:29:00,46.13,46.13,46.1,46.12,3243
"26951",2020-10-08 22:30:00,46.12,46.14,46.12,46.14,3282
"26952",2020-10-08 22:31:00,46.14,46.14,46.13,46.13,1724
"26953",2020-10-08 22:32:00,46.12,46.12,46.09,46.12,5271
"26954",2020-10-08 22:33:00,46.12,46.12,46.08,46.08,2065
"26955",2020-10-08 22:34:00,46.08,46.1,46.07,46.07,3351
"26956",2020-10-08 22:35:00,46.08,46.08,46.05,46.06,3349
"26957",2020-10-08 22:36:00,46.06,46.07,46.03,46.03,3754
"26958",2020-10-08 22:37:00,46.03,46.05,46.03,46.04,5990
"26959",2020-10-08 22:38:00,46.05,46.05,46.03,46.03,3726
"26960",2020-10-08 22:39:00,46.04,46.04,46.04,46.04,3554
"26961",2020-10-08 22:40:00,46.04,46.04,46.02,46.03,4500
"26962",2020-10-08 22:41:00,46.02,46.02,46,46,6609
"26963",2020-10-08 22:42:00,46,46.01,45.98,46.01,3702
"26964",2020-10-08 22:43:00,46.02,46.02,46,46,2950
"26965",2020-10-08 22:44:00,46,46,46,46,832
"26966",2020-10-08 22:45:00,46,46.01,45.99,45.99,6943
"26967",2020-10-08 22:46:00,45.98,46.01,45.98,46,3817
"26968",2020-10-08 22:47:00,46,46.02,45.99,46.01,1597
"26969",2020-10-08 22:48:00,46.01,46.01,46,46,1453
"26970",2020-10-08 22:49:00,46,46,45.98,46,2096
"26971",2020-10-08 22:50:00,46,46,45.98,46,2706
"26972",2020-10-08 22:51:00,46,46,45.97,45.99,5181
"26973",2020-10-08 22:52:00,45.99,46,45.99,45.99,6486
"26974",2020-10-08 22:53:00,45.98,46,45.97,45.97,5405
"26975",2020-10-08 22:54:00,45.98,45.98,45.96,45.96,3619
"26976",2020-10-08 22:55:00,45.96,45.97,45.96,45.97,6488
"26977",2020-10-08 22:56:00,45.96,46.01,45.96,46,17232
"26978",2020-10-08 22:57:00,46,46.01,45.98,46,11440
"26979",2020-10-08 22:58:00,46,46,45.98,46,13248
"26980",2020-10-08 22:59:00,46,46,45.98,45.99,22743
"26981",2020-10-08 23:00:00,45.99,46.05,45.99,45.99,59169
"26982",2020-10-08 23:01:00,45.96,45.96,45.96,45.96,5
"26983",2020-10-08 23:02:00,46.01,46.03,46.01,46.03,2
"26984",2020-10-08 23:03:00,46.01,46.01,46.01,46.01,2373
"26985",2020-10-08 23:09:00,45.96,45.96,45.96,45.96,1
"26986",2020-10-08 23:14:00,46.01,46.01,46.01,46.01,302
"26987",2020-10-08 23:15:00,46.03,46.03,46.01,46.03,182
"26988",2020-10-08 23:17:00,46.01,46.01,46.01,46.01,100
"26989",2020-10-08 23:18:00,46.01,46.01,46.01,46.01,201
"26990",2020-10-08 23:19:00,46.01,46.03,46.01,46.03,122
"26991",2020-10-08 23:28:00,45.96,45.96,45.96,45.96,2
"26992",2020-10-08 23:31:00,46,46,46,46,3
"26993",2020-10-08 23:33:00,46,46,45.9,45.9,5
"26994",2020-10-08 23:44:00,46.01,46.06,46.01,46.06,4
"26995",2020-10-08 23:46:00,46.01,46.01,46.01,46.01,1
"26996",2020-10-08 23:53:00,46.01,46.01,46,46,2
"26997",2020-10-09 00:02:00,46.06,46.06,46,46,2
"26998",2020-10-09 00:03:00,46,46,46,46,1
"26999",2020-10-09 00:15:00,46.05,46.06,46,46,705
"27000",2020-10-09 00:18:00,46,46.05,46,46.05,14
"27001",2020-10-09 00:23:00,46.06,46.06,46.06,46.06,2
"27002",2020-10-09 00:24:00,46.06,46.06,46.06,46.06,2
"27003",2020-10-09 00:25:00,46.01,46.01,46,46,250
"27004",2020-10-09 00:35:00,46.1,46.1,46.1,46.1,2
"27005",2020-10-09 00:43:00,46.15,46.15,46.15,46.15,2
"27006",2020-10-09 00:50:00,46.19,46.19,46.19,46.19,1
"27007",2020-10-09 00:54:00,46.1,46.15,46.1,46.15,2
"27008",2020-10-09 00:55:00,46.1,46.15,46.1,46.15,2
"27009",2020-10-09 00:59:00,46.1,46.1,46.1,46.1,2
"27010",2020-10-09 01:00:00,46.15,46.15,46.1,46.15,6
"27011",2020-10-09 01:03:00,46.05,46.05,46.05,46.05,2
"27012",2020-10-09 10:01:00,46.05,46.4,46.03,46.24,4
"27013",2020-10-09 10:04:00,46.22,46.22,46.14,46.14,3
"27014",2020-10-09 10:07:00,46.15,46.15,46.15,46.15,1
"27015",2020-10-09 10:13:00,46.2,46.2,46.2,46.2,18
"27016",2020-10-09 10:18:00,46.21,46.21,46.16,46.16,11
"27017",2020-10-09 10:19:00,46.15,46.15,46.15,46.15,20
"27018",2020-10-09 10:22:00,46.14,46.14,46.14,46.14,1
"27019",2020-10-09 10:24:00,46.21,46.22,46.17,46.17,15
"27020",2020-10-09 10:30:00,46.19,46.19,46.19,46.19,2
"27021",2020-10-09 10:34:00,46.2,46.2,46.2,46.2,3
"27022",2020-10-09 10:46:00,46.2,46.2,46.2,46.2,2
"27023",2020-10-09 10:52:00,46.2,46.2,46.2,46.2,1
"27024",2020-10-09 10:53:00,46.22,46.22,46.22,46.22,1
"27025",2020-10-09 11:18:00,46.25,46.25,46.25,46.25,2
"27026",2020-10-09 11:45:00,46.24,46.24,46.24,46.24,5
"27027",2020-10-09 11:46:00,46.2,46.2,46.2,46.2,1
"27028",2020-10-09 11:47:00,46.2,46.2,46.2,46.2,3
"27029",2020-10-09 11:49:00,46.24,46.24,46.24,46.24,5
"27030",2020-10-09 11:50:00,46.24,46.24,46.24,46.24,2
"27031",2020-10-09 11:55:00,46.25,46.25,46.25,46.25,8
"27032",2020-10-09 12:04:00,46.27,46.27,46.27,46.27,3
"27033",2020-10-09 12:06:00,46.25,46.25,46.09,46.09,10
"27034",2020-10-09 12:08:00,46.1,46.1,46.09,46.09,31
"27035",2020-10-09 12:10:00,46.09,46.09,46.09,46.09,31
"27036",2020-10-09 12:23:00,46.08,46.08,46.08,46.08,1
"27037",2020-10-09 12:29:00,46.02,46.02,46,46,13
"27038",2020-10-09 12:36:00,46.06,46.06,46,46,4
"27039",2020-10-09 12:42:00,45.97,45.97,45.97,45.97,14
"27040",2020-10-09 12:44:00,46.07,46.07,46.07,46.07,2
"27041",2020-10-09 12:48:00,46.06,46.06,45.98,45.98,10
"27042",2020-10-09 12:53:00,46.06,46.06,46.06,46.06,15
"27043",2020-10-09 12:54:00,46.06,46.06,46.06,46.06,1
"27044",2020-10-09 13:01:00,46.1,46.13,46.1,46.13,14
"27045",2020-10-09 13:06:00,46.14,46.14,46.14,46.14,4
"27046",2020-10-09 13:08:00,46.14,46.14,46.14,46.14,10
"27047",2020-10-09 13:11:00,46.11,46.11,46.1,46.1,7
"27048",2020-10-09 13:12:00,46.08,46.1,46.08,46.1,10
"27049",2020-10-09 13:13:00,46.02,46.02,46.02,46.02,10
"27050",2020-10-09 13:15:00,46.02,46.02,46.02,46.02,2
"27051",2020-10-09 13:21:00,46,46,46,46,1
"27052",2020-10-09 13:25:00,46.09,46.09,46.09,46.09,1
"27053",2020-10-09 13:26:00,46.09,46.09,46.09,46.09,1
"27054",2020-10-09 13:30:00,46.1,46.1,46.1,46.1,1
"27055",2020-10-09 13:39:00,46.02,46.02,46.02,46.02,2
"27056",2020-10-09 13:43:00,46.02,46.1,46.02,46.1,15
"27057",2020-10-09 13:46:00,46.02,46.02,46.02,46.02,1
"27058",2020-10-09 14:07:00,46.1,46.1,46.1,46.1,3
"27059",2020-10-09 14:09:00,46.06,46.06,46.06,46.06,1
"27060",2020-10-09 14:15:00,46.11,46.11,46.11,46.11,1
"27061",2020-10-09 14:17:00,46.13,46.14,46.13,46.14,10
"27062",2020-10-09 14:20:00,46.03,46.05,46.03,46.05,13
"27063",2020-10-09 14:24:00,46.07,46.07,46.07,46.07,4
"27064",2020-10-09 14:26:00,46.11,46.11,46.11,46.11,2
"27065",2020-10-09 14:27:00,46.12,46.25,46.12,46.25,6
"27066",2020-10-09 14:28:00,45.98,45.98,45.98,45.98,1
"27067",2020-10-09 14:32:00,46.05,46.05,46.04,46.04,8
"27068",2020-10-09 14:34:00,46.04,46.04,46.04,46.04,6
"27069",2020-10-09 14:36:00,46.1,46.15,46.1,46.1,14
"27070",2020-10-09 14:38:00,46.06,46.06,46.06,46.06,4
"27071",2020-10-09 14:43:00,46.15,46.15,46.15,46.15,2
"27072",2020-10-09 14:46:00,46.1,46.1,46.1,46.1,1
"27073",2020-10-09 14:47:00,46.1,46.15,46.1,46.15,2
"27074",2020-10-09 14:48:00,46.1,46.1,46.1,46.1,3
"27075",2020-10-09 14:49:00,46.1,46.1,46.1,46.1,2
"27076",2020-10-09 14:50:00,46.08,46.08,46.08,46.08,5
"27077",2020-10-09 14:56:00,46.14,46.14,46.14,46.14,1
"27078",2020-10-09 14:58:00,46.14,46.14,46.14,46.14,1
"27079",2020-10-09 15:00:00,46.09,46.09,46.08,46.08,5
"27080",2020-10-09 15:02:00,46.11,46.11,46.11,46.11,5
"27081",2020-10-09 15:04:00,46.11,46.11,46.11,46.11,1
"27082",2020-10-09 15:09:00,46.14,46.14,46.14,46.14,1
"27083",2020-10-09 15:10:00,46.14,46.15,46.14,46.15,31
"27084",2020-10-09 15:18:00,46.15,46.15,46.15,46.15,29
"27085",2020-10-09 15:19:00,46.1,46.15,46.1,46.15,2
"27086",2020-10-09 15:20:00,46.11,46.11,46.11,46.11,5
"27087",2020-10-09 15:25:00,46.15,46.17,46.13,46.13,123
"27088",2020-10-09 15:27:00,46.2,46.3,46.2,46.3,73
"27089",2020-10-09 15:33:00,46.21,46.25,46.21,46.25,203
"27090",2020-10-09 15:34:00,46.25,46.25,46.25,46.25,248
"27091",2020-10-09 15:37:00,46.25,46.25,46.25,46.25,152
"27092",2020-10-09 15:38:00,46.25,46.25,46.25,46.25,7
"27093",2020-10-09 15:39:00,46.25,46.3,46.25,46.3,24
"27094",2020-10-09 15:44:00,46.3,46.3,46.3,46.3,111
"27095",2020-10-09 15:45:00,46.25,46.25,46.25,46.25,2
"27096",2020-10-09 15:49:00,46.25,46.26,46.2,46.26,6
"27097",2020-10-09 15:52:00,46.15,46.15,46.15,46.15,78
"27098",2020-10-09 15:53:00,46.3,46.3,46.3,46.3,2
"27099",2020-10-09 15:54:00,46.31,46.31,46.31,46.31,1
"27100",2020-10-09 15:55:00,46.2,46.2,46.2,46.2,10
"27101",2020-10-09 15:59:00,46.28,46.28,46.18,46.18,27
"27102",2020-10-09 16:01:00,46.2,46.2,46.16,46.16,102
"27103",2020-10-09 16:02:00,46.25,46.25,46.25,46.25,1
"27104",2020-10-09 16:03:00,46.2,46.2,46.2,46.2,1
"27105",2020-10-09 16:10:00,46.25,46.35,46.25,46.25,8
"27106",2020-10-09 16:12:00,46.26,46.26,46.26,46.26,5
"27107",2020-10-09 16:18:00,46.25,46.25,46.21,46.21,3
"27108",2020-10-09 16:19:00,46.2,46.25,46.2,46.25,2
"27109",2020-10-09 16:21:00,46.3,46.3,46.25,46.25,2
"27110",2020-10-09 16:22:00,46.3,46.31,46.3,46.31,3
"27111",2020-10-09 16:24:00,46.25,46.3,46.25,46.25,4
"27112",2020-10-09 16:25:00,46.21,46.21,46.21,46.21,10
"27113",2020-10-09 16:26:00,46.3,46.3,46.25,46.25,2
"27114",2020-10-09 16:27:00,46.3,46.3,46.3,46.3,326
"27115",2020-10-09 16:28:00,46.25,46.3,46.25,46.3,2
"27116",2020-10-09 16:29:00,46.31,46.31,46.25,46.25,273
"27117",2020-10-09 16:30:00,46.26,46.46,46.21,46.46,3678
"27118",2020-10-09 16:31:00,46.35,46.35,46.14,46.27,2703
"27119",2020-10-09 16:32:00,46.24,46.24,46.2,46.21,573
"27120",2020-10-09 16:33:00,46.18,46.21,46.17,46.17,128
"27121",2020-10-09 16:34:00,46.15,46.2,46.14,46.17,1085
"27122",2020-10-09 16:35:00,46.16,46.23,46.16,46.2,1001
"27123",2020-10-09 16:36:00,46.17,46.18,46.11,46.17,5873
"27124",2020-10-09 16:37:00,46.18,46.24,46.11,46.23,3954
"27125",2020-10-09 16:38:00,46.23,46.28,46.2,46.23,3471
"27126",2020-10-09 16:39:00,46.23,46.32,46.23,46.28,20494
"27127",2020-10-09 16:40:00,46.28,46.34,46.24,46.24,3932
"27128",2020-10-09 16:41:00,46.26,46.3,46.23,46.28,5748
"27129",2020-10-09 16:42:00,46.27,46.27,46.22,46.24,1254
"27130",2020-10-09 16:43:00,46.21,46.28,46.21,46.26,927
"27131",2020-10-09 16:44:00,46.29,46.32,46.29,46.32,2053
"27132",2020-10-09 16:45:00,46.31,46.33,46.29,46.29,2130
"27133",2020-10-09 16:46:00,46.29,46.29,46.23,46.29,2709
"27134",2020-10-09 16:47:00,46.28,46.28,46.13,46.16,4974
"27135",2020-10-09 16:48:00,46.17,46.19,46.14,46.15,2786
"27136",2020-10-09 16:49:00,46.15,46.21,46.15,46.18,2195
"27137",2020-10-09 16:50:00,46.16,46.19,46.16,46.19,797
"27138",2020-10-09 16:51:00,46.19,46.22,46.19,46.22,2533
"27139",2020-10-09 16:52:00,46.21,46.22,46.19,46.2,1857
"27140",2020-10-09 16:53:00,46.21,46.24,46.18,46.18,3246
"27141",2020-10-09 16:54:00,46.18,46.18,46.11,46.12,2190
"27142",2020-10-09 16:55:00,46.13,46.18,46.13,46.18,2333
"27143",2020-10-09 16:56:00,46.19,46.2,46.19,46.2,2492
"27144",2020-10-09 16:57:00,46.2,46.21,46.2,46.2,1297
"27145",2020-10-09 16:58:00,46.2,46.28,46.18,46.27,4914
"27146",2020-10-09 16:59:00,46.26,46.26,46.22,46.22,3347
"27147",2020-10-09 17:00:00,46.21,46.21,46.1,46.1,2442
"27148",2020-10-09 17:01:00,46.09,46.09,46.02,46.04,4604
"27149",2020-10-09 17:02:00,46.02,46.02,45.98,46.01,4077
"27150",2020-10-09 17:03:00,46,46.04,45.99,45.99,1552
"27151",2020-10-09 17:04:00,45.97,46,45.97,45.97,2267
"27152",2020-10-09 17:05:00,45.97,45.99,45.95,45.98,2143
"27153",2020-10-09 17:06:00,45.98,45.99,45.93,45.93,1041
"27154",2020-10-09 17:07:00,45.91,45.92,45.88,45.92,2839
"27155",2020-10-09 17:08:00,45.91,45.91,45.85,45.85,3368
"27156",2020-10-09 17:09:00,45.85,45.94,45.85,45.92,7385
"27157",2020-10-09 17:10:00,45.95,46,45.93,45.94,5104
"27158",2020-10-09 17:11:00,45.95,46.01,45.94,46.01,2483
"27159",2020-10-09 17:12:00,45.98,45.98,45.91,45.94,1631
"27160",2020-10-09 17:13:00,45.93,45.97,45.93,45.95,2163
"27161",2020-10-09 17:14:00,45.95,45.99,45.93,45.99,1291
"27162",2020-10-09 17:15:00,45.99,46,45.98,45.98,1927
"27163",2020-10-09 17:16:00,45.99,46.04,45.99,46.01,3181
"27164",2020-10-09 17:17:00,46,46.06,46,46.03,3500
"27165",2020-10-09 17:18:00,46.03,46.03,45.99,46.01,2520
"27166",2020-10-09 17:19:00,46.03,46.04,46,46,1555
"27167",2020-10-09 17:20:00,45.99,46.02,45.98,46.01,1477
"27168",2020-10-09 17:21:00,46.02,46.04,46.02,46.03,1694
"27169",2020-10-09 17:22:00,46.02,46.04,46.01,46.04,861
"27170",2020-10-09 17:23:00,46.04,46.05,46.02,46.02,1643
"27171",2020-10-09 17:24:00,46.02,46.02,46,46,633
"27172",2020-10-09 17:25:00,46.01,46.05,46.01,46.04,560
"27173",2020-10-09 17:26:00,46.04,46.05,46.02,46.02,3047
"27174",2020-10-09 17:27:00,46.03,46.03,46.01,46.01,1287
"27175",2020-10-09 17:28:00,46.03,46.05,46.02,46.02,1166
"27176",2020-10-09 17:29:00,46.02,46.04,46.01,46.02,3099
"27177",2020-10-09 17:30:00,46.03,46.05,46.02,46.03,2658
"27178",2020-10-09 17:31:00,46.03,46.04,46.01,46.03,2376
"27179",2020-10-09 17:32:00,46.03,46.04,46.03,46.04,1169
"27180",2020-10-09 17:33:00,46.03,46.03,45.96,45.99,3597
"27181",2020-10-09 17:34:00,45.99,46.02,45.99,46,1363
"27182",2020-10-09 17:35:00,46,46,45.96,45.99,1727
"27183",2020-10-09 17:36:00,45.99,46,45.99,45.99,1889
"27184",2020-10-09 17:37:00,45.99,46.01,45.99,46.01,2927
"27185",2020-10-09 17:38:00,46.01,46.03,46.01,46.03,2871
"27186",2020-10-09 17:39:00,46.04,46.04,45.99,46,1862
"27187",2020-10-09 17:40:00,45.99,45.99,45.95,45.96,3852
"27188",2020-10-09 17:41:00,45.97,46,45.97,45.98,965
"27189",2020-10-09 17:42:00,45.97,46.01,45.97,45.99,7729
"27190",2020-10-09 17:43:00,45.98,46,45.97,46,3539
"27191",2020-10-09 17:44:00,45.99,46.02,45.99,46.02,1627
"27192",2020-10-09 17:45:00,46.02,46.07,46.01,46.06,1594
"27193",2020-10-09 17:46:00,46.09,46.13,46.09,46.13,1553
"27194",2020-10-09 17:47:00,46.13,46.13,46.12,46.12,368
"27195",2020-10-09 17:48:00,46.13,46.14,46.12,46.14,1822
"27196",2020-10-09 17:49:00,46.14,46.15,46.14,46.15,916
"27197",2020-10-09 17:50:00,46.15,46.16,46.14,46.15,3540
"27198",2020-10-09 17:51:00,46.14,46.14,46.12,46.12,2869
"27199",2020-10-09 17:52:00,46.12,46.13,46.11,46.11,2555
"27200",2020-10-09 17:53:00,46.11,46.12,46.09,46.1,3000
"27201",2020-10-09 17:54:00,46.1,46.1,46.08,46.08,864
"27202",2020-10-09 17:55:00,46.08,46.08,46.05,46.05,2064
"27203",2020-10-09 17:56:00,46.05,46.1,46.04,46.1,1545
"27204",2020-10-09 17:57:00,46.11,46.13,46.11,46.12,2979
"27205",2020-10-09 17:58:00,46.12,46.12,46.12,46.12,1265
"27206",2020-10-09 17:59:00,46.12,46.12,46.09,46.1,4199
"27207",2020-10-09 18:00:00,46.11,46.11,46.09,46.09,1445
"27208",2020-10-09 18:01:00,46.1,46.16,46.09,46.16,2701
"27209",2020-10-09 18:02:00,46.17,46.18,46.16,46.18,1140
"27210",2020-10-09 18:03:00,46.19,46.21,46.19,46.2,1071
"27211",2020-10-09 18:04:00,46.21,46.22,46.2,46.2,272
"27212",2020-10-09 18:05:00,46.2,46.22,46.2,46.22,673
"27213",2020-10-09 18:06:00,46.22,46.22,46.2,46.21,1340
"27214",2020-10-09 18:07:00,46.2,46.22,46.2,46.21,2117
"27215",2020-10-09 18:08:00,46.21,46.21,46.21,46.21,100
"27216",2020-10-09 18:09:00,46.22,46.24,46.19,46.19,5686
"27217",2020-10-09 18:10:00,46.21,46.21,46.21,46.21,676
"27218",2020-10-09 18:11:00,46.22,46.22,46.19,46.19,1463
"27219",2020-10-09 18:12:00,46.19,46.2,46.14,46.15,2794
"27220",2020-10-09 18:13:00,46.15,46.17,46.15,46.17,550
"27221",2020-10-09 18:14:00,46.18,46.19,46.18,46.19,641
"27222",2020-10-09 18:15:00,46.18,46.22,46.18,46.22,987
"27223",2020-10-09 18:16:00,46.23,46.23,46.22,46.22,861
"27224",2020-10-09 18:17:00,46.22,46.23,46.21,46.21,1268
"27225",2020-10-09 18:18:00,46.2,46.2,46.19,46.19,1599
"27226",2020-10-09 18:19:00,46.19,46.21,46.19,46.21,1555
"27227",2020-10-09 18:20:00,46.2,46.21,46.18,46.18,1553
"27228",2020-10-09 18:21:00,46.17,46.18,46.15,46.18,1459
"27229",2020-10-09 18:22:00,46.18,46.18,46.18,46.18,572
"27230",2020-10-09 18:23:00,46.18,46.18,46.17,46.17,714
"27231",2020-10-09 18:24:00,46.16,46.16,46.13,46.15,2052
"27232",2020-10-09 18:25:00,46.15,46.18,46.15,46.18,948
"27233",2020-10-09 18:26:00,46.17,46.17,46.15,46.15,1498
"27234",2020-10-09 18:27:00,46.14,46.15,46.14,46.15,587
"27235",2020-10-09 18:28:00,46.15,46.16,46.14,46.15,1329
"27236",2020-10-09 18:29:00,46.15,46.15,46.15,46.15,496
"27237",2020-10-09 18:30:00,46.16,46.16,46.12,46.12,1176
"27238",2020-10-09 18:31:00,46.12,46.14,46.11,46.14,1740
"27239",2020-10-09 18:32:00,46.14,46.14,46.14,46.14,683
"27240",2020-10-09 18:33:00,46.14,46.14,46.13,46.13,809
"27241",2020-10-09 18:35:00,46.13,46.13,46.12,46.12,1535
"27242",2020-10-09 18:36:00,46.13,46.13,46.1,46.1,2862
"27243",2020-10-09 18:37:00,46.1,46.12,46.09,46.11,2439
"27244",2020-10-09 18:38:00,46.12,46.17,46.12,46.17,1181
"27245",2020-10-09 18:39:00,46.16,46.18,46.16,46.18,1180
"27246",2020-10-09 18:40:00,46.18,46.19,46.18,46.18,679
"27247",2020-10-09 18:41:00,46.19,46.19,46.18,46.18,1087
"27248",2020-10-09 18:42:00,46.15,46.17,46.15,46.16,960
"27249",2020-10-09 18:43:00,46.18,46.18,46.18,46.18,287
"27250",2020-10-09 18:44:00,46.18,46.18,46.18,46.18,481
"27251",2020-10-09 18:45:00,46.18,46.24,46.12,46.15,10810
"27252",2020-10-09 18:46:00,46.16,46.21,46.16,46.21,4651
"27253",2020-10-09 18:47:00,46.21,46.22,46.21,46.21,2963
"27254",2020-10-09 18:48:00,46.21,46.22,46.16,46.16,2674
"27255",2020-10-09 18:49:00,46.16,46.16,46.14,46.15,1056
"27256",2020-10-09 18:50:00,46.16,46.18,46.16,46.17,876
"27257",2020-10-09 18:51:00,46.16,46.17,46.16,46.17,1020
"27258",2020-10-09 18:52:00,46.15,46.17,46.15,46.17,976
"27259",2020-10-09 18:53:00,46.17,46.19,46.12,46.16,5211
"27260",2020-10-09 18:54:00,46.15,46.17,46.15,46.16,2552
"27261",2020-10-09 18:55:00,46.16,46.19,46.16,46.18,859
"27262",2020-10-09 18:56:00,46.17,46.17,46.12,46.12,2165
"27263",2020-10-09 18:57:00,46.12,46.12,46.08,46.09,2888
"27264",2020-10-09 18:58:00,46.1,46.13,46.1,46.12,1609
"27265",2020-10-09 18:59:00,46.12,46.15,46.12,46.14,2947
"27266",2020-10-09 19:00:00,46.13,46.13,46.1,46.11,1274
"27267",2020-10-09 19:01:00,46.11,46.12,46.11,46.12,694
"27268",2020-10-09 19:02:00,46.11,46.13,46.09,46.1,3356
"27269",2020-10-09 19:03:00,46.11,46.14,46.11,46.14,929
"27270",2020-10-09 19:04:00,46.13,46.14,46.12,46.14,1537
"27271",2020-10-09 19:05:00,46.13,46.13,46.03,46.06,18333
"27272",2020-10-09 19:06:00,46.07,46.1,46.07,46.08,1244
"27273",2020-10-09 19:07:00,46.07,46.07,46.05,46.07,2118
"27274",2020-10-09 19:08:00,46.08,46.09,46.01,46.02,2595
"27275",2020-10-09 19:09:00,46.01,46.03,45.99,46,9837
"27276",2020-10-09 19:10:00,46.01,46.01,45.97,46,4891
"27277",2020-10-09 19:11:00,46,46.02,46,46,1524
"27278",2020-10-09 19:12:00,46,46,46,46,1222
"27279",2020-10-09 19:13:00,45.99,45.99,45.96,45.97,1929
"27280",2020-10-09 19:14:00,45.96,45.98,45.96,45.98,2397
"27281",2020-10-09 19:15:00,45.98,45.98,45.96,45.96,2065
"27282",2020-10-09 19:16:00,45.96,45.98,45.96,45.98,1646
"27283",2020-10-09 19:17:00,45.98,45.98,45.96,45.97,4197
"27284",2020-10-09 19:18:00,45.97,45.97,45.94,45.94,3099
"27285",2020-10-09 19:19:00,45.93,45.95,45.92,45.95,2650
"27286",2020-10-09 19:20:00,45.92,45.93,45.89,45.91,3895
"27287",2020-10-09 19:21:00,45.91,45.95,45.91,45.94,1562
"27288",2020-10-09 19:22:00,45.94,45.94,45.94,45.94,709
"27289",2020-10-09 19:23:00,45.94,45.94,45.94,45.94,1017
"27290",2020-10-09 19:24:00,45.95,45.95,45.93,45.93,1114
"27291",2020-10-09 19:25:00,45.92,45.92,45.91,45.91,1042
"27292",2020-10-09 19:26:00,45.9,45.9,45.88,45.88,3567
"27293",2020-10-09 19:27:00,45.88,45.88,45.87,45.87,1103
"27294",2020-10-09 19:28:00,45.86,45.88,45.8,45.85,15830
"27295",2020-10-09 19:29:00,45.83,45.83,45.8,45.8,1199
"27296",2020-10-09 19:30:00,45.79,45.8,45.74,45.78,4805
"27297",2020-10-09 19:31:00,45.77,45.81,45.77,45.81,2929
"27298",2020-10-09 19:32:00,45.82,45.88,45.82,45.87,6436
"27299",2020-10-09 19:33:00,45.87,45.89,45.87,45.87,633
"27300",2020-10-09 19:34:00,45.86,45.86,45.83,45.83,4794
"27301",2020-10-09 19:35:00,45.83,45.9,45.82,45.9,3344
"27302",2020-10-09 19:36:00,45.89,45.89,45.87,45.88,1342
"27303",2020-10-09 19:37:00,45.88,45.88,45.86,45.86,1456
"27304",2020-10-09 19:38:00,45.85,45.89,45.85,45.89,855
"27305",2020-10-09 19:39:00,45.89,45.9,45.86,45.86,2644
"27306",2020-10-09 19:40:00,45.86,45.86,45.82,45.83,2921
"27307",2020-10-09 19:41:00,45.83,45.84,45.83,45.84,1615
"27308",2020-10-09 19:42:00,45.86,45.86,45.83,45.83,3529
"27309",2020-10-09 19:43:00,45.83,45.83,45.77,45.78,4266
"27310",2020-10-09 19:44:00,45.78,45.81,45.78,45.81,6434
"27311",2020-10-09 19:45:00,45.81,45.83,45.81,45.83,957
"27312",2020-10-09 19:46:00,45.82,45.82,45.82,45.82,493
"27313",2020-10-09 19:47:00,45.8,45.8,45.79,45.8,1325
"27314",2020-10-09 19:48:00,45.8,45.8,45.77,45.79,4291
"27315",2020-10-09 19:49:00,45.79,45.8,45.77,45.8,2084
"27316",2020-10-09 19:50:00,45.8,45.82,45.8,45.81,1223
"27317",2020-10-09 19:51:00,45.8,45.8,45.78,45.8,2850
"27318",2020-10-09 19:52:00,45.8,45.8,45.79,45.79,360
"27319",2020-10-09 19:53:00,45.79,45.79,45.78,45.78,488
"27320",2020-10-09 19:54:00,45.78,45.79,45.78,45.79,2115
"27321",2020-10-09 19:55:00,45.8,45.8,45.78,45.78,2005
"27322",2020-10-09 19:56:00,45.77,45.79,45.77,45.78,1836
"27323",2020-10-09 19:57:00,45.77,45.77,45.72,45.72,4687
"27324",2020-10-09 19:58:00,45.72,45.72,45.67,45.72,8720
"27325",2020-10-09 19:59:00,45.75,45.81,45.75,45.8,1192
"27326",2020-10-09 20:00:00,45.8,45.8,45.78,45.8,2969
"27327",2020-10-09 20:01:00,45.8,45.8,45.72,45.74,5637
"27328",2020-10-09 20:02:00,45.74,45.74,45.71,45.74,2274
"27329",2020-10-09 20:03:00,45.76,45.76,45.76,45.76,402
"27330",2020-10-09 20:04:00,45.77,45.79,45.77,45.77,1193
"27331",2020-10-09 20:05:00,45.76,45.76,45.74,45.74,594
"27332",2020-10-09 20:06:00,45.75,45.76,45.75,45.75,1586
"27333",2020-10-09 20:07:00,45.76,45.78,45.76,45.77,1448
"27334",2020-10-09 20:08:00,45.79,45.82,45.79,45.82,1650
"27335",2020-10-09 20:09:00,45.81,45.81,45.8,45.8,489
"27336",2020-10-09 20:10:00,45.8,45.83,45.8,45.83,606
"27337",2020-10-09 20:11:00,45.83,45.83,45.81,45.81,1649
"27338",2020-10-09 20:12:00,45.81,45.81,45.81,45.81,1137
"27339",2020-10-09 20:13:00,45.8,45.8,45.77,45.77,1492
"27340",2020-10-09 20:14:00,45.77,45.77,45.77,45.77,894
"27341",2020-10-09 20:15:00,45.76,45.77,45.76,45.76,3946
"27342",2020-10-09 20:16:00,45.77,45.79,45.77,45.79,1306
"27343",2020-10-09 20:17:00,45.78,45.78,45.78,45.78,725
"27344",2020-10-09 20:18:00,45.77,45.8,45.77,45.8,1451
"27345",2020-10-09 20:19:00,45.8,45.82,45.8,45.81,698
"27346",2020-10-09 20:20:00,45.8,45.8,45.8,45.8,848
"27347",2020-10-09 20:21:00,45.8,45.8,45.77,45.78,5457
"27348",2020-10-09 20:22:00,45.78,45.78,45.78,45.78,2066
"27349",2020-10-09 20:23:00,45.78,45.78,45.78,45.78,1087
"27350",2020-10-09 20:24:00,45.78,45.78,45.74,45.74,5403
"27351",2020-10-09 20:25:00,45.74,45.74,45.72,45.73,1687
"27352",2020-10-09 20:26:00,45.72,45.73,45.72,45.72,4208
"27353",2020-10-09 20:27:00,45.72,45.73,45.72,45.73,1678
"27354",2020-10-09 20:28:00,45.74,45.74,45.72,45.72,2878
"27355",2020-10-09 20:29:00,45.71,45.71,45.71,45.71,3323
"27356",2020-10-09 20:30:00,45.72,45.75,45.72,45.75,1399
"27357",2020-10-09 20:31:00,45.74,45.74,45.72,45.72,1872
"27358",2020-10-09 20:32:00,45.72,45.72,45.71,45.72,1725
"27359",2020-10-09 20:33:00,45.71,45.71,45.7,45.71,2365
"27360",2020-10-09 20:34:00,45.71,45.72,45.71,45.72,2331
"27361",2020-10-09 20:35:00,45.73,45.77,45.73,45.77,2048
"27362",2020-10-09 20:36:00,45.78,45.8,45.78,45.8,2075
"27363",2020-10-09 20:37:00,45.8,45.8,45.76,45.76,2111
"27364",2020-10-09 20:38:00,45.76,45.78,45.74,45.77,3135
"27365",2020-10-09 20:39:00,45.76,45.78,45.76,45.78,443
"27366",2020-10-09 20:40:00,45.79,45.79,45.79,45.79,2532
"27367",2020-10-09 20:41:00,45.8,45.8,45.78,45.79,2803
"27368",2020-10-09 20:42:00,45.78,45.79,45.77,45.79,3280
"27369",2020-10-09 20:43:00,45.78,45.78,45.76,45.76,1757
"27370",2020-10-09 20:44:00,45.76,45.78,45.76,45.78,2307
"27371",2020-10-09 20:45:00,45.78,45.79,45.78,45.79,3352
"27372",2020-10-09 20:46:00,45.78,45.78,45.76,45.76,1140
"27373",2020-10-09 20:47:00,45.77,45.8,45.77,45.8,1937
"27374",2020-10-09 20:48:00,45.81,45.84,45.81,45.84,2848
"27375",2020-10-09 20:49:00,45.84,45.85,45.84,45.85,2034
"27376",2020-10-09 20:50:00,45.84,45.84,45.83,45.83,597
"27377",2020-10-09 20:51:00,45.82,45.82,45.81,45.81,706
"27378",2020-10-09 20:52:00,45.82,45.82,45.81,45.82,1186
"27379",2020-10-09 20:53:00,45.83,45.84,45.83,45.84,883
"27380",2020-10-09 20:54:00,45.84,45.84,45.84,45.84,2323
"27381",2020-10-09 20:56:00,45.85,45.86,45.84,45.84,2245
"27382",2020-10-09 20:57:00,45.85,45.85,45.84,45.84,2260
"27383",2020-10-09 20:58:00,45.84,45.84,45.82,45.82,1080
"27384",2020-10-09 20:59:00,45.82,45.84,45.81,45.84,2754
"27385",2020-10-09 21:00:00,45.85,45.86,45.85,45.85,1490
"27386",2020-10-09 21:01:00,45.84,45.84,45.81,45.81,3525
"27387",2020-10-09 21:02:00,45.81,45.81,45.79,45.79,4993
"27388",2020-10-09 21:03:00,45.78,45.8,45.78,45.8,3188
"27389",2020-10-09 21:04:00,45.82,45.82,45.8,45.82,2485
"27390",2020-10-09 21:05:00,45.82,45.82,45.81,45.82,677
"27391",2020-10-09 21:06:00,45.81,45.81,45.8,45.8,3532
"27392",2020-10-09 21:07:00,45.8,45.8,45.77,45.79,5757
"27393",2020-10-09 21:08:00,45.78,45.79,45.77,45.79,4549
"27394",2020-10-09 21:09:00,45.8,45.83,45.8,45.83,2657
"27395",2020-10-09 21:10:00,45.84,45.84,45.82,45.82,702
"27396",2020-10-09 21:11:00,45.82,45.82,45.81,45.81,2085
"27397",2020-10-09 21:12:00,45.8,45.8,45.79,45.79,2125
"27398",2020-10-09 21:13:00,45.8,45.82,45.8,45.82,2320
"27399",2020-10-09 21:14:00,45.81,45.81,45.81,45.81,13
"27400",2020-10-09 21:15:00,45.82,45.86,45.82,45.86,3157
"27401",2020-10-09 21:16:00,45.85,45.85,45.83,45.84,3139
"27402",2020-10-09 21:17:00,45.83,45.83,45.82,45.83,1352
"27403",2020-10-09 21:18:00,45.84,45.85,45.84,45.85,963
"27404",2020-10-09 21:19:00,45.85,45.88,45.85,45.88,3002
"27405",2020-10-09 21:20:00,45.88,45.9,45.88,45.89,2210
"27406",2020-10-09 21:21:00,45.89,45.89,45.88,45.88,2655
"27407",2020-10-09 21:22:00,45.88,45.89,45.88,45.88,1512
"27408",2020-10-09 21:23:00,45.88,45.88,45.88,45.88,1104
"27409",2020-10-09 21:24:00,45.88,45.88,45.85,45.85,1695
"27410",2020-10-09 21:25:00,45.86,45.86,45.86,45.86,889
"27411",2020-10-09 21:26:00,45.85,45.85,45.83,45.84,5061
"27412",2020-10-09 21:27:00,45.84,45.87,45.84,45.87,536
"27413",2020-10-09 21:28:00,45.86,45.86,45.85,45.86,2174
"27414",2020-10-09 21:29:00,45.87,45.88,45.87,45.88,974
"27415",2020-10-09 21:30:00,45.88,45.88,45.87,45.87,171
"27416",2020-10-09 21:31:00,45.88,45.89,45.86,45.88,7428
"27417",2020-10-09 21:32:00,45.88,45.88,45.88,45.88,1293
"27418",2020-10-09 21:33:00,45.89,45.92,45.89,45.92,5982
"27419",2020-10-09 21:34:00,45.92,45.92,45.91,45.91,1457
"27420",2020-10-09 21:36:00,45.91,45.91,45.88,45.88,2451
"27421",2020-10-09 21:37:00,45.88,45.88,45.87,45.87,1872
"27422",2020-10-09 21:38:00,45.86,45.86,45.81,45.84,7938
"27423",2020-10-09 21:39:00,45.84,45.86,45.84,45.86,2886
"27424",2020-10-09 21:40:00,45.86,45.86,45.79,45.84,6609
"27425",2020-10-09 21:41:00,45.85,45.86,45.82,45.86,3735
"27426",2020-10-09 21:42:00,45.86,45.86,45.84,45.84,1228
"27427",2020-10-09 21:43:00,45.84,45.84,45.82,45.82,2255
"27428",2020-10-09 21:44:00,45.83,45.85,45.83,45.85,1203
"27429",2020-10-09 21:45:00,45.86,45.87,45.86,45.87,488
"27430",2020-10-09 21:46:00,45.87,45.9,45.87,45.9,2455
"27431",2020-10-09 21:47:00,45.89,45.89,45.88,45.88,510
"27432",2020-10-09 21:48:00,45.88,45.88,45.88,45.88,200
"27433",2020-10-09 21:49:00,45.88,45.88,45.87,45.87,1309
"27434",2020-10-09 21:50:00,45.87,45.87,45.86,45.86,276
"27435",2020-10-09 21:51:00,45.86,45.87,45.85,45.86,3331
"27436",2020-10-09 21:52:00,45.86,45.87,45.86,45.86,1750
"27437",2020-10-09 21:53:00,45.85,45.85,45.85,45.85,1097
"27438",2020-10-09 21:54:00,45.84,45.84,45.82,45.82,651
"27439",2020-10-09 21:55:00,45.82,45.82,45.8,45.81,2845
"27440",2020-10-09 21:56:00,45.82,45.84,45.82,45.83,1541
"27441",2020-10-09 21:57:00,45.83,45.83,45.82,45.82,662
"27442",2020-10-09 21:58:00,45.82,45.84,45.82,45.84,2435
"27443",2020-10-09 21:59:00,45.84,45.84,45.84,45.84,2505
"27444",2020-10-09 22:00:00,45.84,45.84,45.83,45.83,1755
"27445",2020-10-09 22:01:00,45.83,45.83,45.81,45.83,3956
"27446",2020-10-09 22:02:00,45.83,45.83,45.79,45.8,3193
"27447",2020-10-09 22:03:00,45.81,45.82,45.81,45.81,2912
"27448",2020-10-09 22:04:00,45.82,45.82,45.8,45.8,4676
"27449",2020-10-09 22:05:00,45.81,45.81,45.8,45.81,1831
"27450",2020-10-09 22:06:00,45.81,45.82,45.81,45.81,6618
"27451",2020-10-09 22:07:00,45.8,45.8,45.79,45.79,1299
"27452",2020-10-09 22:09:00,45.78,45.79,45.78,45.79,1770
"27453",2020-10-09 22:10:00,45.8,45.8,45.8,45.8,1864
"27454",2020-10-09 22:11:00,45.8,45.81,45.8,45.8,1771
"27455",2020-10-09 22:12:00,45.81,45.82,45.8,45.8,2665
"27456",2020-10-09 22:13:00,45.8,45.82,45.8,45.82,1273
"27457",2020-10-09 22:14:00,45.82,45.83,45.82,45.83,1005
"27458",2020-10-09 22:15:00,45.84,45.85,45.84,45.84,1234
"27459",2020-10-09 22:16:00,45.84,45.84,45.84,45.84,978
"27460",2020-10-09 22:17:00,45.83,45.83,45.82,45.83,1764
"27461",2020-10-09 22:18:00,45.83,45.86,45.83,45.86,1615
"27462",2020-10-09 22:19:00,45.86,45.86,45.85,45.85,5064
"27463",2020-10-09 22:20:00,45.85,45.85,45.84,45.84,1942
"27464",2020-10-09 22:21:00,45.85,45.85,45.84,45.84,29
"27465",2020-10-09 22:22:00,45.85,45.85,45.85,45.85,1881
"27466",2020-10-09 22:23:00,45.85,45.86,45.85,45.86,1714
"27467",2020-10-09 22:24:00,45.86,45.88,45.85,45.85,3685
"27468",2020-10-09 22:25:00,45.85,45.86,45.84,45.85,1049
"27469",2020-10-09 22:26:00,45.85,45.86,45.84,45.84,2459
"27470",2020-10-09 22:27:00,45.85,45.86,45.85,45.86,890
"27471",2020-10-09 22:28:00,45.87,45.87,45.86,45.86,614
"27472",2020-10-09 22:29:00,45.87,45.88,45.85,45.85,1489
"27473",2020-10-09 22:30:00,45.85,45.86,45.84,45.85,1912
"27474",2020-10-09 22:31:00,45.85,45.86,45.85,45.85,1668
"27475",2020-10-09 22:32:00,45.84,45.85,45.84,45.84,3674
"27476",2020-10-09 22:33:00,45.84,45.84,45.82,45.82,3914
"27477",2020-10-09 22:34:00,45.82,45.82,45.81,45.82,2162
"27478",2020-10-09 22:35:00,45.82,45.82,45.82,45.82,1394
"27479",2020-10-09 22:36:00,45.83,45.84,45.83,45.84,5843
"27480",2020-10-09 22:37:00,45.84,45.87,45.84,45.86,2754
"27481",2020-10-09 22:38:00,45.86,45.86,45.86,45.86,30
"27482",2020-10-09 22:39:00,45.87,45.87,45.84,45.85,3452
"27483",2020-10-09 22:40:00,45.86,45.88,45.86,45.87,5574
"27484",2020-10-09 22:41:00,45.87,45.88,45.84,45.84,2265
"27485",2020-10-09 22:42:00,45.85,45.87,45.85,45.87,8699
"27486",2020-10-09 22:43:00,45.88,45.9,45.88,45.9,2317
"27487",2020-10-09 22:44:00,45.9,45.9,45.87,45.87,4150
"27488",2020-10-09 22:45:00,45.86,45.86,45.85,45.85,3536
"27489",2020-10-09 22:46:00,45.84,45.86,45.84,45.86,3276
"27490",2020-10-09 22:47:00,45.86,45.87,45.86,45.86,4054
"27491",2020-10-09 22:48:00,45.85,45.86,45.84,45.86,6351
"27492",2020-10-09 22:49:00,45.86,45.9,45.86,45.88,4477
"27493",2020-10-09 22:50:00,45.88,45.88,45.84,45.84,4118
"27494",2020-10-09 22:51:00,45.84,45.86,45.83,45.86,10478
"27495",2020-10-09 22:52:00,45.84,45.85,45.84,45.85,6813
"27496",2020-10-09 22:53:00,45.86,45.86,45.84,45.84,6179
"27497",2020-10-09 22:54:00,45.84,45.84,45.82,45.83,2849
"27498",2020-10-09 22:55:00,45.84,45.89,45.83,45.88,8078
"27499",2020-10-09 22:56:00,45.87,45.88,45.81,45.82,12615
"27500",2020-10-09 22:57:00,45.82,45.82,45.78,45.79,12407
"27501",2020-10-09 22:58:00,45.79,45.8,45.76,45.78,12314
"27502",2020-10-09 22:59:00,45.78,45.8,45.76,45.78,17319
"27503",2020-10-09 23:00:00,45.78,45.92,45.78,45.91,27085
"27504",2020-10-09 23:01:00,45.81,45.93,45.81,45.81,226
"27505",2020-10-09 23:03:00,45.9,45.9,45.9,45.9,2950
"27506",2020-10-09 23:05:00,45.9,45.94,45.9,45.94,181
"27507",2020-10-09 23:08:00,45.99,45.99,45.99,45.99,7
"27508",2020-10-09 23:09:00,46,46,46,46,8
"27509",2020-10-09 23:11:00,45.9,45.9,45.9,45.9,1
"27510",2020-10-09 23:15:00,46,46,46,46,5
"27511",2020-10-09 23:19:00,45.91,45.91,45.91,45.91,65
"27512",2020-10-09 23:20:00,45.91,45.91,45.91,45.91,84
"27513",2020-10-09 23:21:00,45.91,46,45.91,46,104
"27514",2020-10-09 23:22:00,45.91,45.91,45.91,45.91,1
"27515",2020-10-09 23:26:00,45.91,45.91,45.91,45.91,42
"27516",2020-10-09 23:27:00,45.91,45.91,45.91,45.91,3
"27517",2020-10-09 23:28:00,45.9,45.9,45.9,45.9,1
"27518",2020-10-09 23:29:00,45.91,45.91,45.91,45.91,102
"27519",2020-10-09 23:35:00,45.91,45.91,45.91,45.91,1
"27520",2020-10-09 23:42:00,45.95,45.98,45.95,45.98,20
"27521",2020-10-09 23:44:00,45.97,45.97,45.97,45.97,13
"27522",2020-10-09 23:52:00,45.9,45.9,45.9,45.9,20
"27523",2020-10-09 23:56:00,45.9,45.9,45.9,45.9,12
